part,step_id,variant,model,seed,cv,subset,target,train_mode,test_domain,n_added,n,n_total,n_groups,n_test,R2,RMSE,MAE
ofatseq,n=6,,Ridge,42,LOCO,OFAT,Thickness_mean,,all,,6,6,6,6,-0.6753174968898208,9.60906974279778,7.440852157911984
ofatseq,n=6,,Ridge,43,LOCO,OFAT,Thickness_mean,,all,,6,6,6,6,-0.6753174968898208,9.60906974279778,7.440852157911984
ofatseq,n=6,,Ridge,44,LOCO,OFAT,Thickness_mean,,all,,6,6,6,6,-0.6753174968898208,9.60906974279778,7.440852157911984
ofatseq,n=6,,Ridge,45,LOCO,OFAT,Thickness_mean,,all,,6,6,6,6,-0.6753174968898208,9.60906974279778,7.440852157911984
ofatseq,n=6,,Ridge,46,LOCO,OFAT,Thickness_mean,,all,,6,6,6,6,-0.6753174968898208,9.60906974279778,7.440852157911984
ofatseq,n=6,,Ridge,47,LOCO,OFAT,Thickness_mean,,all,,6,6,6,6,-0.6753174968898208,9.60906974279778,7.440852157911984
ofatseq,n=6,,Ridge,48,LOCO,OFAT,Thickness_mean,,all,,6,6,6,6,-0.6753174968898208,9.60906974279778,7.440852157911984
ofatseq,n=6,,Ridge,49,LOCO,OFAT,Thickness_mean,,all,,6,6,6,6,-0.6753174968898208,9.60906974279778,7.440852157911984
ofatseq,n=6,,Ridge,50,LOCO,OFAT,Thickness_mean,,all,,6,6,6,6,-0.6753174968898208,9.60906974279778,7.440852157911984
ofatseq,n=6,,Ridge,51,LOCO,OFAT,Thickness_mean,,all,,6,6,6,6,-0.6753174968898208,9.60906974279778,7.440852157911984
ofatseq,n=6,,Random Forest,42,LOCO,OFAT,Thickness_mean,,all,,6,6,6,6,0.052391591895320055,7.226819972959245,5.657037500000004
ofatseq,n=6,,Random Forest,43,LOCO,OFAT,Thickness_mean,,all,,6,6,6,6,0.10090536820031848,7.039397436970379,5.611975000000005
ofatseq,n=6,,Random Forest,44,LOCO,OFAT,Thickness_mean,,all,,6,6,6,6,0.08824293836636088,7.088793922415809,5.483204166666671
ofatseq,n=6,,Random Forest,45,LOCO,OFAT,Thickness_mean,,all,,6,6,6,6,0.04290330751409421,7.2629104774704585,5.626008333333339
ofatseq,n=6,,Random Forest,46,LOCO,OFAT,Thickness_mean,,all,,6,6,6,6,0.05433882556099523,7.21939098450025,5.707891666666671
ofatseq,n=6,,Random Forest,47,LOCO,OFAT,Thickness_mean,,all,,6,6,6,6,0.05958827063867389,7.199325374615562,5.650066666666672
ofatseq,n=6,,Random Forest,48,LOCO,OFAT,Thickness_mean,,all,,6,6,6,6,0.08218873431701412,7.112290311085933,5.7381500000000045
ofatseq,n=6,,Random Forest,49,LOCO,OFAT,Thickness_mean,,all,,6,6,6,6,0.04982434424089088,7.236602752191182,5.740887500000007
ofatseq,n=6,,Random Forest,50,LOCO,OFAT,Thickness_mean,,all,,6,6,6,6,0.03909035014211304,7.277363375234778,5.719000000000007
ofatseq,n=6,,Random Forest,51,LOCO,OFAT,Thickness_mean,,all,,6,6,6,6,0.06313795673213285,7.185725211334805,5.711870833333339
ofatseq,n=6,,XGBoost,42,LOCO,OFAT,Thickness_mean,,all,,6,6,6,6,-0.061500565891983605,7.6487928356417445,6.046215381622314
ofatseq,n=6,,XGBoost,43,LOCO,OFAT,Thickness_mean,,all,,6,6,6,6,-0.06374737464795444,7.656883406240401,5.971074905395508
ofatseq,n=6,,XGBoost,44,LOCO,OFAT,Thickness_mean,,all,,6,6,6,6,-0.0670140776102599,7.66863130360981,6.113260116577148
ofatseq,n=6,,XGBoost,45,LOCO,OFAT,Thickness_mean,,all,,6,6,6,6,-0.05421792812008386,7.622509638238213,5.928392575581868
ofatseq,n=6,,XGBoost,46,LOCO,OFAT,Thickness_mean,,all,,6,6,6,6,-0.07556577301287715,7.699300497830343,6.241717535654704
ofatseq,n=6,,XGBoost,47,LOCO,OFAT,Thickness_mean,,all,,6,6,6,6,-0.08573510815646457,7.7356128124378865,6.379475631713869
ofatseq,n=6,,XGBoost,48,LOCO,OFAT,Thickness_mean,,all,,6,6,6,6,-0.06328463724141531,7.655217826677561,6.052974548339844
ofatseq,n=6,,XGBoost,49,LOCO,OFAT,Thickness_mean,,all,,6,6,6,6,-0.06779161565433722,7.671424878152166,6.078818359375
ofatseq,n=6,,XGBoost,50,LOCO,OFAT,Thickness_mean,,all,,6,6,6,6,-0.07583850562101091,7.700276596763433,6.252222385406495
ofatseq,n=6,,XGBoost,51,LOCO,OFAT,Thickness_mean,,all,,6,6,6,6,-0.08691272388000981,7.739806796048387,6.3883002980550145
ofatseq,n=6,,GPR,42,LOCO,OFAT,Thickness_mean,,all,,6,6,6,6,-0.43931495300632917,8.906574439928582,6.516015325354025
ofatseq,n=6,,GPR,43,LOCO,OFAT,Thickness_mean,,all,,6,6,6,6,-0.43931479223410697,8.90657394249409,6.516014959889237
ofatseq,n=6,,GPR,44,LOCO,OFAT,Thickness_mean,,all,,6,6,6,6,-0.43931501809776297,8.90657464132359,6.51601538578533
ofatseq,n=6,,GPR,45,LOCO,OFAT,Thickness_mean,,all,,6,6,6,6,-0.43931482995499604,8.906574059203752,6.516015362407351
ofatseq,n=6,,GPR,46,LOCO,OFAT,Thickness_mean,,all,,6,6,6,6,-0.4393148211712292,8.90657403202649,6.516015094005481
ofatseq,n=6,,GPR,47,LOCO,OFAT,Thickness_mean,,all,,6,6,6,6,-0.439314833242219,8.906574069374527,6.51601501926113
ofatseq,n=6,,GPR,48,LOCO,OFAT,Thickness_mean,,all,,6,6,6,6,-0.4393148029005416,8.906573975496388,6.516015008762189
ofatseq,n=6,,GPR,49,LOCO,OFAT,Thickness_mean,,all,,6,6,6,6,-0.43931483347129174,8.906574070083286,6.5160149363765525
ofatseq,n=6,,GPR,50,LOCO,OFAT,Thickness_mean,,all,,6,6,6,6,-0.43931485486105926,8.906574136263924,6.516015005537148
ofatseq,n=6,,GPR,51,LOCO,OFAT,Thickness_mean,,all,,6,6,6,6,-0.4393148099676154,8.906573997362145,6.516015069021999
ofatseq,n=7,,Ridge,42,LOCO,OFAT,Thickness_mean,,all,,7,7,7,7,-0.3234503495932701,8.70336796455908,6.092736249722203
ofatseq,n=7,,Ridge,43,LOCO,OFAT,Thickness_mean,,all,,7,7,7,7,-0.3234503495932701,8.70336796455908,6.092736249722203
ofatseq,n=7,,Ridge,44,LOCO,OFAT,Thickness_mean,,all,,7,7,7,7,-0.3234503495932701,8.70336796455908,6.092736249722203
ofatseq,n=7,,Ridge,45,LOCO,OFAT,Thickness_mean,,all,,7,7,7,7,-0.3234503495932701,8.70336796455908,6.092736249722203
ofatseq,n=7,,Ridge,46,LOCO,OFAT,Thickness_mean,,all,,7,7,7,7,-0.3234503495932701,8.70336796455908,6.092736249722203
ofatseq,n=7,,Ridge,47,LOCO,OFAT,Thickness_mean,,all,,7,7,7,7,-0.3234503495932701,8.70336796455908,6.092736249722203
ofatseq,n=7,,Ridge,48,LOCO,OFAT,Thickness_mean,,all,,7,7,7,7,-0.3234503495932701,8.70336796455908,6.092736249722203
ofatseq,n=7,,Ridge,49,LOCO,OFAT,Thickness_mean,,all,,7,7,7,7,-0.3234503495932701,8.70336796455908,6.092736249722203
ofatseq,n=7,,Ridge,50,LOCO,OFAT,Thickness_mean,,all,,7,7,7,7,-0.3234503495932701,8.70336796455908,6.092736249722203
ofatseq,n=7,,Ridge,51,LOCO,OFAT,Thickness_mean,,all,,7,7,7,7,-0.3234503495932701,8.70336796455908,6.092736249722203
ofatseq,n=7,,Random Forest,42,LOCO,OFAT,Thickness_mean,,all,,7,7,7,7,-0.33188833864537326,8.731069131529866,6.567760714285712
ofatseq,n=7,,Random Forest,43,LOCO,OFAT,Thickness_mean,,all,,7,7,7,7,-0.1768488335646916,8.207178125737824,6.302832142857146
ofatseq,n=7,,Random Forest,44,LOCO,OFAT,Thickness_mean,,all,,7,7,7,7,-0.27740952043818523,8.550639426752795,6.328296428571425
ofatseq,n=7,,Random Forest,45,LOCO,OFAT,Thickness_mean,,all,,7,7,7,7,-0.45045465524869543,9.111410149460765,6.645267857142857
ofatseq,n=7,,Random Forest,46,LOCO,OFAT,Thickness_mean,,all,,7,7,7,7,-0.37753424703799854,8.879422499883017,6.743471428571435
ofatseq,n=7,,Random Forest,47,LOCO,OFAT,Thickness_mean,,all,,7,7,7,7,-0.3440590603614071,8.770870425366663,6.6561214285714305
ofatseq,n=7,,Random Forest,48,LOCO,OFAT,Thickness_mean,,all,,7,7,7,7,-0.21871841562600647,8.351898457189032,6.371482142857144
ofatseq,n=7,,Random Forest,49,LOCO,OFAT,Thickness_mean,,all,,7,7,7,7,-0.5057622588752739,9.283499588127746,6.944503571428576
ofatseq,n=7,,Random Forest,50,LOCO,OFAT,Thickness_mean,,all,,7,7,7,7,-0.4250228647772081,9.031178685645285,6.831682142857142
ofatseq,n=7,,Random Forest,51,LOCO,OFAT,Thickness_mean,,all,,7,7,7,7,-0.309433336327799,8.657155438643766,6.548924999999998
ofatseq,n=7,,XGBoost,42,LOCO,OFAT,Thickness_mean,,all,,7,7,7,7,0.10481332243760744,7.157977416018914,5.497113009861538
ofatseq,n=7,,XGBoost,43,LOCO,OFAT,Thickness_mean,,all,,7,7,7,7,0.11646440123842028,7.111243419956376,5.238160596575057
ofatseq,n=7,,XGBoost,44,LOCO,OFAT,Thickness_mean,,all,,7,7,7,7,0.08541162082365006,7.23513032089202,5.529595020839147
ofatseq,n=7,,XGBoost,45,LOCO,OFAT,Thickness_mean,,all,,7,7,7,7,0.04466025257247075,7.3945617893165405,5.888986233302526
ofatseq,n=7,,XGBoost,46,LOCO,OFAT,Thickness_mean,,all,,7,7,7,7,0.07358540853191042,7.281757504853839,5.630163519723076
ofatseq,n=7,,XGBoost,47,LOCO,OFAT,Thickness_mean,,all,,7,7,7,7,0.07715065557947753,7.2677323100720175,5.7511708940778465
ofatseq,n=7,,XGBoost,48,LOCO,OFAT,Thickness_mean,,all,,7,7,7,7,0.0884243840041119,7.223203799931985,5.489429255894253
ofatseq,n=7,,XGBoost,49,LOCO,OFAT,Thickness_mean,,all,,7,7,7,7,0.08334609673256765,7.2432956924351375,5.4978733607700905
ofatseq,n=7,,XGBoost,50,LOCO,OFAT,Thickness_mean,,all,,7,7,7,7,0.10616348637605233,7.152577374850032,5.437296513148717
ofatseq,n=7,,XGBoost,51,LOCO,OFAT,Thickness_mean,,all,,7,7,7,7,0.08407013059043977,7.240434510419686,5.662936810084752
ofatseq,n=7,,GPR,42,LOCO,OFAT,Thickness_mean,,all,,7,7,7,7,-0.5739725526850981,9.491439767716523,7.136717918391154
ofatseq,n=7,,GPR,43,LOCO,OFAT,Thickness_mean,,all,,7,7,7,7,-0.573972345394955,9.491439142711352,7.136716982853512
ofatseq,n=7,,GPR,44,LOCO,OFAT,Thickness_mean,,all,,7,7,7,7,-0.5739727070191691,9.491440233052625,7.136716563304872
ofatseq,n=7,,GPR,45,LOCO,OFAT,Thickness_mean,,all,,7,7,7,7,-0.5739722139568113,9.491438746409228,7.136716576483188
ofatseq,n=7,,GPR,46,LOCO,OFAT,Thickness_mean,,all,,7,7,7,7,-0.5739715323662791,9.49143669132991,7.136711250813249
ofatseq,n=7,,GPR,47,LOCO,OFAT,Thickness_mean,,all,,7,7,7,7,-0.5739853143023632,9.491478245476472,7.13673466495701
ofatseq,n=7,,GPR,48,LOCO,OFAT,Thickness_mean,,all,,7,7,7,7,-0.5739711081947212,9.491435412400248,7.1367127746817385
ofatseq,n=7,,GPR,49,LOCO,OFAT,Thickness_mean,,all,,7,7,7,7,-0.5739734080642862,9.491442346789116,7.136716872548845
ofatseq,n=7,,GPR,50,LOCO,OFAT,Thickness_mean,,all,,7,7,7,7,-0.5739714014512316,9.491436296604883,7.136711325617407
ofatseq,n=7,,GPR,51,LOCO,OFAT,Thickness_mean,,all,,7,7,7,7,-0.5739719854108563,9.491438057315102,7.136715051998935
ofatseq,n=8,,Ridge,42,LOCO,OFAT,Thickness_mean,,all,,8,8,8,8,-0.09337710997725823,7.828585339756903,5.47661742443111
ofatseq,n=8,,Ridge,43,LOCO,OFAT,Thickness_mean,,all,,8,8,8,8,-0.09337710997725823,7.828585339756903,5.47661742443111
ofatseq,n=8,,Ridge,44,LOCO,OFAT,Thickness_mean,,all,,8,8,8,8,-0.09337710997725823,7.828585339756903,5.47661742443111
ofatseq,n=8,,Ridge,45,LOCO,OFAT,Thickness_mean,,all,,8,8,8,8,-0.09337710997725823,7.828585339756903,5.47661742443111
ofatseq,n=8,,Ridge,46,LOCO,OFAT,Thickness_mean,,all,,8,8,8,8,-0.09337710997725823,7.828585339756903,5.47661742443111
ofatseq,n=8,,Ridge,47,LOCO,OFAT,Thickness_mean,,all,,8,8,8,8,-0.09337710997725823,7.828585339756903,5.47661742443111
ofatseq,n=8,,Ridge,48,LOCO,OFAT,Thickness_mean,,all,,8,8,8,8,-0.09337710997725823,7.828585339756903,5.47661742443111
ofatseq,n=8,,Ridge,49,LOCO,OFAT,Thickness_mean,,all,,8,8,8,8,-0.09337710997725823,7.828585339756903,5.47661742443111
ofatseq,n=8,,Ridge,50,LOCO,OFAT,Thickness_mean,,all,,8,8,8,8,-0.09337710997725823,7.828585339756903,5.47661742443111
ofatseq,n=8,,Ridge,51,LOCO,OFAT,Thickness_mean,,all,,8,8,8,8,-0.09337710997725823,7.828585339756903,5.47661742443111
ofatseq,n=8,,Random Forest,42,LOCO,OFAT,Thickness_mean,,all,,8,8,8,8,0.12870188253318704,6.988463306876737,5.259931249999994
ofatseq,n=8,,Random Forest,43,LOCO,OFAT,Thickness_mean,,all,,8,8,8,8,0.18580742011457874,6.755568024970221,5.097562499999997
ofatseq,n=8,,Random Forest,44,LOCO,OFAT,Thickness_mean,,all,,8,8,8,8,0.14395380484573994,6.9270273448407815,5.103446874999994
ofatseq,n=8,,Random Forest,45,LOCO,OFAT,Thickness_mean,,all,,8,8,8,8,0.17899126359086381,6.783786801977756,4.760081250000002
ofatseq,n=8,,Random Forest,46,LOCO,OFAT,Thickness_mean,,all,,8,8,8,8,0.027761418492587953,7.382181642163153,5.701234374999996
ofatseq,n=8,,Random Forest,47,LOCO,OFAT,Thickness_mean,,all,,8,8,8,8,0.18970468131387874,6.739380334575468,4.942093749999995
ofatseq,n=8,,Random Forest,48,LOCO,OFAT,Thickness_mean,,all,,8,8,8,8,0.17490939242027326,6.800629625963416,5.1441874999999975
ofatseq,n=8,,Random Forest,49,LOCO,OFAT,Thickness_mean,,all,,8,8,8,8,0.10206842236755942,7.09446946363636,5.460099999999995
ofatseq,n=8,,Random Forest,50,LOCO,OFAT,Thickness_mean,,all,,8,8,8,8,0.09522318640883642,7.121459891500482,5.509281249999996
ofatseq,n=8,,Random Forest,51,LOCO,OFAT,Thickness_mean,,all,,8,8,8,8,0.13226705754132484,6.974150964532803,5.342618749999998
ofatseq,n=8,,XGBoost,42,LOCO,OFAT,Thickness_mean,,all,,8,8,8,8,0.12192487576269573,7.0155889971224035,5.118918128013611
ofatseq,n=8,,XGBoost,43,LOCO,OFAT,Thickness_mean,,all,,8,8,8,8,0.15750533091926588,6.8719799254287235,5.0962403726577765
ofatseq,n=8,,XGBoost,44,LOCO,OFAT,Thickness_mean,,all,,8,8,8,8,0.15174827008467318,6.895419272839837,5.064922602176667
ofatseq,n=8,,XGBoost,45,LOCO,OFAT,Thickness_mean,,all,,8,8,8,8,0.18826728662379522,6.745355228571705,4.865374512672425
ofatseq,n=8,,XGBoost,46,LOCO,OFAT,Thickness_mean,,all,,8,8,8,8,0.10135396992732848,7.09729131181998,5.359421403408051
ofatseq,n=8,,XGBoost,47,LOCO,OFAT,Thickness_mean,,all,,8,8,8,8,0.0700849022835186,7.219713283671207,5.423349381685258
ofatseq,n=8,,XGBoost,48,LOCO,OFAT,Thickness_mean,,all,,8,8,8,8,0.22067818225778169,6.609319077980006,4.841415197849274
ofatseq,n=8,,XGBoost,49,LOCO,OFAT,Thickness_mean,,all,,8,8,8,8,0.15134344023438728,6.897064502949038,5.053111703395844
ofatseq,n=8,,XGBoost,50,LOCO,OFAT,Thickness_mean,,all,,8,8,8,8,0.1884687649835065,6.744518051859189,4.986893303394318
ofatseq,n=8,,XGBoost,51,LOCO,OFAT,Thickness_mean,,all,,8,8,8,8,-0.014830318761637873,7.542147441580813,5.633397997617722
ofatseq,n=8,,GPR,42,LOCO,OFAT,Thickness_mean,,all,,8,8,8,8,-0.521128095031048,9.233815554579468,6.977691575316956
ofatseq,n=8,,GPR,43,LOCO,OFAT,Thickness_mean,,all,,8,8,8,8,-0.5211224432562946,9.233798400371919,6.977662410780222
ofatseq,n=8,,GPR,44,LOCO,OFAT,Thickness_mean,,all,,8,8,8,8,-0.5211221993239992,9.233797659990453,6.977660227939153
ofatseq,n=8,,GPR,45,LOCO,OFAT,Thickness_mean,,all,,8,8,8,8,-0.5211223242129168,9.233798039052363,6.977660997405177
ofatseq,n=8,,GPR,46,LOCO,OFAT,Thickness_mean,,all,,8,8,8,8,-0.5211226128517119,9.233798915126618,6.9776624393763935
ofatseq,n=8,,GPR,47,LOCO,OFAT,Thickness_mean,,all,,8,8,8,8,-0.5211233593875702,9.233801181006138,6.9776623124294455
ofatseq,n=8,,GPR,48,LOCO,OFAT,Thickness_mean,,all,,8,8,8,8,-0.5211240640608403,9.233803319824164,6.97766325363341
ofatseq,n=8,,GPR,49,LOCO,OFAT,Thickness_mean,,all,,8,8,8,8,-0.5211222589161135,9.233797840863994,6.977660015784063
ofatseq,n=8,,GPR,50,LOCO,OFAT,Thickness_mean,,all,,8,8,8,8,-0.5211249212486408,9.233805921552264,6.977665492647691
ofatseq,n=8,,GPR,51,LOCO,OFAT,Thickness_mean,,all,,8,8,8,8,-0.5211238535970732,9.233802681026466,6.977663519837945
ofatseq,n=9,,Ridge,42,LOCO,OFAT,Thickness_mean,,all,,9,9,9,9,0.019726443055042342,7.12229449942624,4.5670394284390206
ofatseq,n=9,,Ridge,43,LOCO,OFAT,Thickness_mean,,all,,9,9,9,9,0.019726443055042342,7.12229449942624,4.5670394284390206
ofatseq,n=9,,Ridge,44,LOCO,OFAT,Thickness_mean,,all,,9,9,9,9,0.019726443055042342,7.12229449942624,4.5670394284390206
ofatseq,n=9,,Ridge,45,LOCO,OFAT,Thickness_mean,,all,,9,9,9,9,0.019726443055042342,7.12229449942624,4.5670394284390206
ofatseq,n=9,,Ridge,46,LOCO,OFAT,Thickness_mean,,all,,9,9,9,9,0.019726443055042342,7.12229449942624,4.5670394284390206
ofatseq,n=9,,Ridge,47,LOCO,OFAT,Thickness_mean,,all,,9,9,9,9,0.019726443055042342,7.12229449942624,4.5670394284390206
ofatseq,n=9,,Ridge,48,LOCO,OFAT,Thickness_mean,,all,,9,9,9,9,0.019726443055042342,7.12229449942624,4.5670394284390206
ofatseq,n=9,,Ridge,49,LOCO,OFAT,Thickness_mean,,all,,9,9,9,9,0.019726443055042342,7.12229449942624,4.5670394284390206
ofatseq,n=9,,Ridge,50,LOCO,OFAT,Thickness_mean,,all,,9,9,9,9,0.019726443055042342,7.12229449942624,4.5670394284390206
ofatseq,n=9,,Ridge,51,LOCO,OFAT,Thickness_mean,,all,,9,9,9,9,0.019726443055042342,7.12229449942624,4.5670394284390206
ofatseq,n=9,,Random Forest,42,LOCO,OFAT,Thickness_mean,,all,,9,9,9,9,0.18082774046381922,6.510793211345516,4.715052777777777
ofatseq,n=9,,Random Forest,43,LOCO,OFAT,Thickness_mean,,all,,9,9,9,9,0.2087284621828568,6.39895499483879,4.557683333333333
ofatseq,n=9,,Random Forest,44,LOCO,OFAT,Thickness_mean,,all,,9,9,9,9,0.18263235089552932,6.503617722147682,4.604666666666665
ofatseq,n=9,,Random Forest,45,LOCO,OFAT,Thickness_mean,,all,,9,9,9,9,0.15974758175012593,6.594033801559649,4.404777777777778
ofatseq,n=9,,Random Forest,46,LOCO,OFAT,Thickness_mean,,all,,9,9,9,9,0.1523714352176626,6.62291338655681,4.706138888888887
ofatseq,n=9,,Random Forest,47,LOCO,OFAT,Thickness_mean,,all,,9,9,9,9,0.2465423620650694,6.244184162204685,4.404699999999996
ofatseq,n=9,,Random Forest,48,LOCO,OFAT,Thickness_mean,,all,,9,9,9,9,0.18954760238435897,6.476047704254333,4.756294444444442
ofatseq,n=9,,Random Forest,49,LOCO,OFAT,Thickness_mean,,all,,9,9,9,9,0.18563919566593035,6.491644293382501,4.6390499999999975
ofatseq,n=9,,Random Forest,50,LOCO,OFAT,Thickness_mean,,all,,9,9,9,9,0.17969932799045818,6.515275987614933,4.670197222222218
ofatseq,n=9,,Random Forest,51,LOCO,OFAT,Thickness_mean,,all,,9,9,9,9,0.21329579503980634,6.38046042467418,4.449733333333332
ofatseq,n=9,,XGBoost,42,LOCO,OFAT,Thickness_mean,,all,,9,9,9,9,-0.26586065949189286,8.09355337335606,5.981843647427031
ofatseq,n=9,,XGBoost,43,LOCO,OFAT,Thickness_mean,,all,,9,9,9,9,-0.1707829495475277,7.783671128051757,5.671681391398113
ofatseq,n=9,,XGBoost,44,LOCO,OFAT,Thickness_mean,,all,,9,9,9,9,-0.3146721767867888,8.248120923827136,6.2630600272284624
ofatseq,n=9,,XGBoost,45,LOCO,OFAT,Thickness_mean,,all,,9,9,9,9,-0.42645331347438953,8.591620084928637,6.5388772625393345
ofatseq,n=9,,XGBoost,46,LOCO,OFAT,Thickness_mean,,all,,9,9,9,9,-0.3260580996605109,8.283760990694935,6.2283274205525725
ofatseq,n=9,,XGBoost,47,LOCO,OFAT,Thickness_mean,,all,,9,9,9,9,-0.29558807639124396,8.188036213054758,5.838930244445802
ofatseq,n=9,,XGBoost,48,LOCO,OFAT,Thickness_mean,,all,,9,9,9,9,-0.12612214135495559,7.633769322019281,5.8241675567626965
ofatseq,n=9,,XGBoost,49,LOCO,OFAT,Thickness_mean,,all,,9,9,9,9,-0.4227697868456499,8.580519855331724,6.566068318684897
ofatseq,n=9,,XGBoost,50,LOCO,OFAT,Thickness_mean,,all,,9,9,9,9,-0.1874369274507779,7.83883564625377,5.886411654154461
ofatseq,n=9,,XGBoost,51,LOCO,OFAT,Thickness_mean,,all,,9,9,9,9,-0.24176054068438546,8.01613848046163,5.820331242879232
ofatseq,n=9,,GPR,42,LOCO,OFAT,Thickness_mean,,all,,9,9,9,9,-0.4864868747158553,8.770549882430243,5.962443252408286
ofatseq,n=9,,GPR,43,LOCO,OFAT,Thickness_mean,,all,,9,9,9,9,-0.4864869873757218,8.770550214787354,5.962442807697115
ofatseq,n=9,,GPR,44,LOCO,OFAT,Thickness_mean,,all,,9,9,9,9,-0.48648732771274683,8.77055121881323,5.9624446717054225
ofatseq,n=9,,GPR,45,LOCO,OFAT,Thickness_mean,,all,,9,9,9,9,-0.48648745844743346,8.770551604492683,5.962445990322438
ofatseq,n=9,,GPR,46,LOCO,OFAT,Thickness_mean,,all,,9,9,9,9,-0.48648712127512317,8.770550609803054,5.962445022975662
ofatseq,n=9,,GPR,47,LOCO,OFAT,Thickness_mean,,all,,9,9,9,9,-0.48648766548985445,8.770552215286996,5.962451559970912
ofatseq,n=9,,GPR,48,LOCO,OFAT,Thickness_mean,,all,,9,9,9,9,-0.48648691552021606,8.770550002806914,5.96244182689728
ofatseq,n=9,,GPR,49,LOCO,OFAT,Thickness_mean,,all,,9,9,9,9,-0.4864875247170617,8.770551799994227,5.96245184985525
ofatseq,n=9,,GPR,50,LOCO,OFAT,Thickness_mean,,all,,9,9,9,9,-0.4864871452381543,8.770550680496225,5.962442850790063
ofatseq,n=9,,GPR,51,LOCO,OFAT,Thickness_mean,,all,,9,9,9,9,-0.48648708646680316,8.77055050711527,5.962443981954617
ofatseq,n=10,,Ridge,42,LOCO,OFAT,Thickness_mean,,all,,10,10,10,10,-0.2686344477306004,8.597451835059614,5.855193690543008
ofatseq,n=10,,Ridge,43,LOCO,OFAT,Thickness_mean,,all,,10,10,10,10,-0.2686344477306004,8.597451835059614,5.855193690543008
ofatseq,n=10,,Ridge,44,LOCO,OFAT,Thickness_mean,,all,,10,10,10,10,-0.2686344477306004,8.597451835059614,5.855193690543008
ofatseq,n=10,,Ridge,45,LOCO,OFAT,Thickness_mean,,all,,10,10,10,10,-0.2686344477306004,8.597451835059614,5.855193690543008
ofatseq,n=10,,Ridge,46,LOCO,OFAT,Thickness_mean,,all,,10,10,10,10,-0.2686344477306004,8.597451835059614,5.855193690543008
ofatseq,n=10,,Ridge,47,LOCO,OFAT,Thickness_mean,,all,,10,10,10,10,-0.2686344477306004,8.597451835059614,5.855193690543008
ofatseq,n=10,,Ridge,48,LOCO,OFAT,Thickness_mean,,all,,10,10,10,10,-0.2686344477306004,8.597451835059614,5.855193690543008
ofatseq,n=10,,Ridge,49,LOCO,OFAT,Thickness_mean,,all,,10,10,10,10,-0.2686344477306004,8.597451835059614,5.855193690543008
ofatseq,n=10,,Ridge,50,LOCO,OFAT,Thickness_mean,,all,,10,10,10,10,-0.2686344477306004,8.597451835059614,5.855193690543008
ofatseq,n=10,,Ridge,51,LOCO,OFAT,Thickness_mean,,all,,10,10,10,10,-0.2686344477306004,8.597451835059614,5.855193690543008
ofatseq,n=10,,Random Forest,42,LOCO,OFAT,Thickness_mean,,all,,10,10,10,10,-0.7015103169673482,9.956777333172369,6.5500099999999986
ofatseq,n=10,,Random Forest,43,LOCO,OFAT,Thickness_mean,,all,,10,10,10,10,-0.9274411053262097,10.597222671167792,6.970202500000001
ofatseq,n=10,,Random Forest,44,LOCO,OFAT,Thickness_mean,,all,,10,10,10,10,-0.8714308529990391,10.442113132192167,7.118294999999999
ofatseq,n=10,,Random Forest,45,LOCO,OFAT,Thickness_mean,,all,,10,10,10,10,-0.8794054147371733,10.46433750535002,7.0546250000000015
ofatseq,n=10,,Random Forest,46,LOCO,OFAT,Thickness_mean,,all,,10,10,10,10,-0.9484748292939447,10.654888308758808,7.161094999999998
ofatseq,n=10,,Random Forest,47,LOCO,OFAT,Thickness_mean,,all,,10,10,10,10,-0.8540605550782165,10.393539210535435,6.874297499999995
ofatseq,n=10,,Random Forest,48,LOCO,OFAT,Thickness_mean,,all,,10,10,10,10,-0.9143397928932773,10.561145237052893,7.050484999999997
ofatseq,n=10,,Random Forest,49,LOCO,OFAT,Thickness_mean,,all,,10,10,10,10,-0.8563085618752198,10.399838268219613,6.9865299999999975
ofatseq,n=10,,Random Forest,50,LOCO,OFAT,Thickness_mean,,all,,10,10,10,10,-0.8238408610553241,10.308488060659045,7.099144999999997
ofatseq,n=10,,Random Forest,51,LOCO,OFAT,Thickness_mean,,all,,10,10,10,10,-0.8253921124013324,10.312871024519557,6.996379999999998
ofatseq,n=10,,XGBoost,42,LOCO,OFAT,Thickness_mean,,all,,10,10,10,10,-1.4992173542559146,12.067116776615173,9.109580163955687
ofatseq,n=10,,XGBoost,43,LOCO,OFAT,Thickness_mean,,all,,10,10,10,10,-1.5732334898051827,12.244501226860697,8.938925218582153
ofatseq,n=10,,XGBoost,44,LOCO,OFAT,Thickness_mean,,all,,10,10,10,10,-1.7356306282623328,12.624966381340252,8.946991586685181
ofatseq,n=10,,XGBoost,45,LOCO,OFAT,Thickness_mean,,all,,10,10,10,10,-1.6787849288647574,12.49310600538271,9.18373782634735
ofatseq,n=10,,XGBoost,46,LOCO,OFAT,Thickness_mean,,all,,10,10,10,10,-1.8554380620030515,12.898460371184898,10.028363662958146
ofatseq,n=10,,XGBoost,47,LOCO,OFAT,Thickness_mean,,all,,10,10,10,10,-1.729101128900571,12.609890523257588,9.6434246301651
ofatseq,n=10,,XGBoost,48,LOCO,OFAT,Thickness_mean,,all,,10,10,10,10,-1.654049791777242,12.435293348130628,9.5119393825531
ofatseq,n=10,,XGBoost,49,LOCO,OFAT,Thickness_mean,,all,,10,10,10,10,-2.0329902764042074,13.293428701032967,10.133697794675827
ofatseq,n=10,,XGBoost,50,LOCO,OFAT,Thickness_mean,,all,,10,10,10,10,-1.7390849477634625,12.632934728538705,9.170337820053101
ofatseq,n=10,,XGBoost,51,LOCO,OFAT,Thickness_mean,,all,,10,10,10,10,-2.001021600505197,13.223184642522378,10.025951391458511
ofatseq,n=10,,GPR,42,LOCO,OFAT,Thickness_mean,,all,,10,10,10,10,-0.5776644737462735,9.587576111257784,6.883449306900604
ofatseq,n=10,,GPR,43,LOCO,OFAT,Thickness_mean,,all,,10,10,10,10,-0.55976296059488,9.533026561776696,6.8370056253007165
ofatseq,n=10,,GPR,44,LOCO,OFAT,Thickness_mean,,all,,10,10,10,10,-0.5597568018433208,9.53300774109636,6.836854949869284
ofatseq,n=10,,GPR,45,LOCO,OFAT,Thickness_mean,,all,,10,10,10,10,-1.365096020494879,11.738859110483762,8.169803031144102
ofatseq,n=10,,GPR,46,LOCO,OFAT,Thickness_mean,,all,,10,10,10,10,-0.5598075633158441,9.533162863219522,6.83814375205596
ofatseq,n=10,,GPR,47,LOCO,OFAT,Thickness_mean,,all,,10,10,10,10,-0.5597566303316277,9.533007216969029,6.836855645942459
ofatseq,n=10,,GPR,48,LOCO,OFAT,Thickness_mean,,all,,10,10,10,10,-0.5629412223837924,9.542734137882961,6.844965444713912
ofatseq,n=10,,GPR,49,LOCO,OFAT,Thickness_mean,,all,,10,10,10,10,-0.5595603585348119,9.532407405663848,6.834166336007963
ofatseq,n=10,,GPR,50,LOCO,OFAT,Thickness_mean,,all,,10,10,10,10,-0.5597627802895371,9.533026010777693,6.836873440132254
ofatseq,n=10,,GPR,51,LOCO,OFAT,Thickness_mean,,all,,10,10,10,10,-0.5597714794863808,9.53305259480547,6.836895668448636
ofatseq,n=11,,Ridge,42,LOCO,OFAT,Thickness_mean,,all,,11,11,11,11,0.21273841594023213,7.5458860875057585,5.348024421900629
ofatseq,n=11,,Ridge,43,LOCO,OFAT,Thickness_mean,,all,,11,11,11,11,0.21273841594023213,7.5458860875057585,5.348024421900629
ofatseq,n=11,,Ridge,44,LOCO,OFAT,Thickness_mean,,all,,11,11,11,11,0.21273841594023213,7.5458860875057585,5.348024421900629
ofatseq,n=11,,Ridge,45,LOCO,OFAT,Thickness_mean,,all,,11,11,11,11,0.21273841594023213,7.5458860875057585,5.348024421900629
ofatseq,n=11,,Ridge,46,LOCO,OFAT,Thickness_mean,,all,,11,11,11,11,0.21273841594023213,7.5458860875057585,5.348024421900629
ofatseq,n=11,,Ridge,47,LOCO,OFAT,Thickness_mean,,all,,11,11,11,11,0.21273841594023213,7.5458860875057585,5.348024421900629
ofatseq,n=11,,Ridge,48,LOCO,OFAT,Thickness_mean,,all,,11,11,11,11,0.21273841594023213,7.5458860875057585,5.348024421900629
ofatseq,n=11,,Ridge,49,LOCO,OFAT,Thickness_mean,,all,,11,11,11,11,0.21273841594023213,7.5458860875057585,5.348024421900629
ofatseq,n=11,,Ridge,50,LOCO,OFAT,Thickness_mean,,all,,11,11,11,11,0.21273841594023213,7.5458860875057585,5.348024421900629
ofatseq,n=11,,Ridge,51,LOCO,OFAT,Thickness_mean,,all,,11,11,11,11,0.21273841594023213,7.5458860875057585,5.348024421900629
ofatseq,n=11,,Random Forest,42,LOCO,OFAT,Thickness_mean,,all,,11,11,11,11,-0.14552443190541053,9.102336634485676,6.482254545454546
ofatseq,n=11,,Random Forest,43,LOCO,OFAT,Thickness_mean,,all,,11,11,11,11,-0.22189926684816452,9.40087800882849,6.503061363636365
ofatseq,n=11,,Random Forest,44,LOCO,OFAT,Thickness_mean,,all,,11,11,11,11,-0.3297293776451997,9.806913547464523,7.01053409090909
ofatseq,n=11,,Random Forest,45,LOCO,OFAT,Thickness_mean,,all,,11,11,11,11,-0.24251704140787922,9.479859306781073,6.576286363636367
ofatseq,n=11,,Random Forest,46,LOCO,OFAT,Thickness_mean,,all,,11,11,11,11,-0.25767775782122326,9.537518759209485,6.589168181818186
ofatseq,n=11,,Random Forest,47,LOCO,OFAT,Thickness_mean,,all,,11,11,11,11,-0.177727425413144,9.229392361646966,6.474836363636363
ofatseq,n=11,,Random Forest,48,LOCO,OFAT,Thickness_mean,,all,,11,11,11,11,-0.16222725647020741,9.16845680149659,6.664813636363632
ofatseq,n=11,,Random Forest,49,LOCO,OFAT,Thickness_mean,,all,,11,11,11,11,-0.1857314691408598,9.260701546853047,6.611249999999998
ofatseq,n=11,,Random Forest,50,LOCO,OFAT,Thickness_mean,,all,,11,11,11,11,-0.23584864400246652,9.454386612089243,6.6526204545454535
ofatseq,n=11,,Random Forest,51,LOCO,OFAT,Thickness_mean,,all,,11,11,11,11,-0.23090890933668007,9.435472919622624,6.783981818181818
ofatseq,n=11,,XGBoost,42,LOCO,OFAT,Thickness_mean,,all,,11,11,11,11,-0.2654773348604196,9.56704684641196,6.827056326432662
ofatseq,n=11,,XGBoost,43,LOCO,OFAT,Thickness_mean,,all,,11,11,11,11,-0.2673344014153285,9.574064012565334,6.982834014892578
ofatseq,n=11,,XGBoost,44,LOCO,OFAT,Thickness_mean,,all,,11,11,11,11,-0.29765421724228336,9.687912467374677,6.890332201177424
ofatseq,n=11,,XGBoost,45,LOCO,OFAT,Thickness_mean,,all,,11,11,11,11,-0.15362691337209977,9.13447106867949,6.734585134332831
ofatseq,n=11,,XGBoost,46,LOCO,OFAT,Thickness_mean,,all,,11,11,11,11,-0.20874462991148257,9.350137419743703,7.205424201271751
ofatseq,n=11,,XGBoost,47,LOCO,OFAT,Thickness_mean,,all,,11,11,11,11,-0.16952182450659437,9.19718410882692,6.963413131020286
ofatseq,n=11,,XGBoost,48,LOCO,OFAT,Thickness_mean,,all,,11,11,11,11,-0.17761699213694215,9.228959640158171,6.782041788968173
ofatseq,n=11,,XGBoost,49,LOCO,OFAT,Thickness_mean,,all,,11,11,11,11,-0.1753583948391897,9.220105102706723,6.407163685885343
ofatseq,n=11,,XGBoost,50,LOCO,OFAT,Thickness_mean,,all,,11,11,11,11,-0.20503343446192113,9.335772572755198,6.8257279621471065
ofatseq,n=11,,XGBoost,51,LOCO,OFAT,Thickness_mean,,all,,11,11,11,11,-0.22254379520204126,9.403357073095128,7.1525754685835405
ofatseq,n=11,,GPR,42,LOCO,OFAT,Thickness_mean,,all,,11,11,11,11,-1.1065852239304963,12.343554296952304,9.318282395021333
ofatseq,n=11,,GPR,43,LOCO,OFAT,Thickness_mean,,all,,11,11,11,11,-1.422080431350794,13.235641501160368,9.642406072083984
ofatseq,n=11,,GPR,44,LOCO,OFAT,Thickness_mean,,all,,11,11,11,11,-1.4629958095506073,13.346965916340416,9.711115204161217
ofatseq,n=11,,GPR,45,LOCO,OFAT,Thickness_mean,,all,,11,11,11,11,-1.0915233622174139,12.299347582530999,9.177832515876506
ofatseq,n=11,,GPR,46,LOCO,OFAT,Thickness_mean,,all,,11,11,11,11,-0.8891588962025898,11.689204560388596,8.816467285470997
ofatseq,n=11,,GPR,47,LOCO,OFAT,Thickness_mean,,all,,11,11,11,11,-0.8978898193253628,11.716184795132465,8.833994977380973
ofatseq,n=11,,GPR,48,LOCO,OFAT,Thickness_mean,,all,,11,11,11,11,-1.0884456069858368,12.290294774816015,9.162685078933903
ofatseq,n=11,,GPR,49,LOCO,OFAT,Thickness_mean,,all,,11,11,11,11,-1.071617449783267,12.240678608000058,9.135244647174142
ofatseq,n=11,,GPR,50,LOCO,OFAT,Thickness_mean,,all,,11,11,11,11,-1.1716970070744082,12.532864127119142,9.292042449985496
ofatseq,n=11,,GPR,51,LOCO,OFAT,Thickness_mean,,all,,11,11,11,11,-0.8920121383564101,11.698028473409517,8.822102937330259
ofatseq,n=12,,Ridge,42,LOCO,OFAT,Thickness_mean,,all,,12,12,12,12,0.2978320000717759,7.129846661950858,5.31338126146676
ofatseq,n=12,,Ridge,43,LOCO,OFAT,Thickness_mean,,all,,12,12,12,12,0.2978320000717759,7.129846661950858,5.31338126146676
ofatseq,n=12,,Ridge,44,LOCO,OFAT,Thickness_mean,,all,,12,12,12,12,0.2978320000717759,7.129846661950858,5.31338126146676
ofatseq,n=12,,Ridge,45,LOCO,OFAT,Thickness_mean,,all,,12,12,12,12,0.2978320000717759,7.129846661950858,5.31338126146676
ofatseq,n=12,,Ridge,46,LOCO,OFAT,Thickness_mean,,all,,12,12,12,12,0.2978320000717759,7.129846661950858,5.31338126146676
ofatseq,n=12,,Ridge,47,LOCO,OFAT,Thickness_mean,,all,,12,12,12,12,0.2978320000717759,7.129846661950858,5.31338126146676
ofatseq,n=12,,Ridge,48,LOCO,OFAT,Thickness_mean,,all,,12,12,12,12,0.2978320000717759,7.129846661950858,5.31338126146676
ofatseq,n=12,,Ridge,49,LOCO,OFAT,Thickness_mean,,all,,12,12,12,12,0.2978320000717759,7.129846661950858,5.31338126146676
ofatseq,n=12,,Ridge,50,LOCO,OFAT,Thickness_mean,,all,,12,12,12,12,0.2978320000717759,7.129846661950858,5.31338126146676
ofatseq,n=12,,Ridge,51,LOCO,OFAT,Thickness_mean,,all,,12,12,12,12,0.2978320000717759,7.129846661950858,5.31338126146676
ofatseq,n=12,,Random Forest,42,LOCO,OFAT,Thickness_mean,,all,,12,12,12,12,0.20440726002504783,7.589358686084199,5.7071499999999995
ofatseq,n=12,,Random Forest,43,LOCO,OFAT,Thickness_mean,,all,,12,12,12,12,0.25899280916000267,7.324380274314031,5.417077083333333
ofatseq,n=12,,Random Forest,44,LOCO,OFAT,Thickness_mean,,all,,12,12,12,12,0.12351970028499237,7.965824842697161,5.936239583333333
ofatseq,n=12,,Random Forest,45,LOCO,OFAT,Thickness_mean,,all,,12,12,12,12,0.1310871625269916,7.931362140555394,5.822868750000002
ofatseq,n=12,,Random Forest,46,LOCO,OFAT,Thickness_mean,,all,,12,12,12,12,0.17985784301756536,7.705560615565638,5.70424791666667
ofatseq,n=12,,Random Forest,47,LOCO,OFAT,Thickness_mean,,all,,12,12,12,12,0.17497573958409574,7.728461234055723,5.651393749999998
ofatseq,n=12,,Random Forest,48,LOCO,OFAT,Thickness_mean,,all,,12,12,12,12,0.1549736541147042,7.821585513620302,5.717879166666662
ofatseq,n=12,,Random Forest,49,LOCO,OFAT,Thickness_mean,,all,,12,12,12,12,0.1489369343856909,7.849473811242727,5.824797916666669
ofatseq,n=12,,Random Forest,50,LOCO,OFAT,Thickness_mean,,all,,12,12,12,12,0.14858938599257077,7.851076391393067,5.895131249999996
ofatseq,n=12,,Random Forest,51,LOCO,OFAT,Thickness_mean,,all,,12,12,12,12,0.12196379867848317,7.9728920546861195,6.055147916666665
ofatseq,n=12,,XGBoost,42,LOCO,OFAT,Thickness_mean,,all,,12,12,12,12,0.2895457121842805,7.1717929499127315,4.934036701520284
ofatseq,n=12,,XGBoost,43,LOCO,OFAT,Thickness_mean,,all,,12,12,12,12,0.38874358301904355,6.652293296418601,4.585202253659567
ofatseq,n=12,,XGBoost,44,LOCO,OFAT,Thickness_mean,,all,,12,12,12,12,0.40986594348462513,6.536345682465147,4.510432252883912
ofatseq,n=12,,XGBoost,45,LOCO,OFAT,Thickness_mean,,all,,12,12,12,12,0.4267934081340683,6.441919021244754,4.220480633576712
ofatseq,n=12,,XGBoost,46,LOCO,OFAT,Thickness_mean,,all,,12,12,12,12,0.36092410878777526,6.801988452012396,4.8580633529027315
ofatseq,n=12,,XGBoost,47,LOCO,OFAT,Thickness_mean,,all,,12,12,12,12,0.3107315282731141,7.064051876346433,5.001039355595907
ofatseq,n=12,,XGBoost,48,LOCO,OFAT,Thickness_mean,,all,,12,12,12,12,0.3567340198521357,6.824250575341778,4.538461558024089
ofatseq,n=12,,XGBoost,49,LOCO,OFAT,Thickness_mean,,all,,12,12,12,12,0.43706572227233986,6.383935936828715,4.222144596576691
ofatseq,n=12,,XGBoost,50,LOCO,OFAT,Thickness_mean,,all,,12,12,12,12,0.41532784364083686,6.506027267810846,4.5754391876856495
ofatseq,n=12,,XGBoost,51,LOCO,OFAT,Thickness_mean,,all,,12,12,12,12,0.21892435395508314,7.519798812388888,5.3386075989405315
ofatseq,n=12,,GPR,42,LOCO,OFAT,Thickness_mean,,all,,12,12,12,12,-0.8967247619507204,11.718224933407937,7.870440093117865
ofatseq,n=12,,GPR,43,LOCO,OFAT,Thickness_mean,,all,,12,12,12,12,-0.15922760068181363,9.161024183019453,6.359743207239305
ofatseq,n=12,,GPR,44,LOCO,OFAT,Thickness_mean,,all,,12,12,12,12,-0.15161130098144193,9.130879934949437,6.343770862818462
ofatseq,n=12,,GPR,45,LOCO,OFAT,Thickness_mean,,all,,12,12,12,12,-0.8169702000631112,11.469211866811275,7.720500362518472
ofatseq,n=12,,GPR,46,LOCO,OFAT,Thickness_mean,,all,,12,12,12,12,-0.9882851557525207,11.99772789899629,7.974726574983253
ofatseq,n=12,,GPR,47,LOCO,OFAT,Thickness_mean,,all,,12,12,12,12,-0.12410117343457006,9.021159753353244,6.189604250021837
ofatseq,n=12,,GPR,48,LOCO,OFAT,Thickness_mean,,all,,12,12,12,12,-0.14878405132037176,9.119664718048123,6.257532584581406
ofatseq,n=12,,GPR,49,LOCO,OFAT,Thickness_mean,,all,,12,12,12,12,-0.06337630398750949,8.774111767708957,5.64597488051463
ofatseq,n=12,,GPR,50,LOCO,OFAT,Thickness_mean,,all,,12,12,12,12,-0.10220146353423876,8.932852538030913,6.032475469386909
ofatseq,n=12,,GPR,51,LOCO,OFAT,Thickness_mean,,all,,12,12,12,12,-0.08523806529552469,8.863845597993503,5.935100544090134
ofatseq,n=13,,Ridge,42,LOCO,OFAT,Thickness_mean,,all,,13,13,12,13,0.3350679356160864,6.831217385153823,5.114589707822097
ofatseq,n=13,,Ridge,43,LOCO,OFAT,Thickness_mean,,all,,13,13,12,13,0.3350679356160864,6.831217385153823,5.114589707822097
ofatseq,n=13,,Ridge,44,LOCO,OFAT,Thickness_mean,,all,,13,13,12,13,0.3350679356160864,6.831217385153823,5.114589707822097
ofatseq,n=13,,Ridge,45,LOCO,OFAT,Thickness_mean,,all,,13,13,12,13,0.3350679356160864,6.831217385153823,5.114589707822097
ofatseq,n=13,,Ridge,46,LOCO,OFAT,Thickness_mean,,all,,13,13,12,13,0.3350679356160864,6.831217385153823,5.114589707822097
ofatseq,n=13,,Ridge,47,LOCO,OFAT,Thickness_mean,,all,,13,13,12,13,0.3350679356160864,6.831217385153823,5.114589707822097
ofatseq,n=13,,Ridge,48,LOCO,OFAT,Thickness_mean,,all,,13,13,12,13,0.3350679356160864,6.831217385153823,5.114589707822097
ofatseq,n=13,,Ridge,49,LOCO,OFAT,Thickness_mean,,all,,13,13,12,13,0.3350679356160864,6.831217385153823,5.114589707822097
ofatseq,n=13,,Ridge,50,LOCO,OFAT,Thickness_mean,,all,,13,13,12,13,0.3350679356160864,6.831217385153823,5.114589707822097
ofatseq,n=13,,Ridge,51,LOCO,OFAT,Thickness_mean,,all,,13,13,12,13,0.3350679356160864,6.831217385153823,5.114589707822097
ofatseq,n=13,,Random Forest,42,LOCO,OFAT,Thickness_mean,,all,,13,13,12,13,0.26414338271816007,7.186311984873146,5.57586891025641
ofatseq,n=13,,Random Forest,43,LOCO,OFAT,Thickness_mean,,all,,13,13,12,13,0.3043490384955997,6.987231985665822,5.277440064102567
ofatseq,n=13,,Random Forest,44,LOCO,OFAT,Thickness_mean,,all,,13,13,12,13,0.1609249179610971,7.673789463842025,5.776977532051284
ofatseq,n=13,,Random Forest,45,LOCO,OFAT,Thickness_mean,,all,,13,13,12,13,0.15839941827814719,7.685329308299418,5.783444807692309
ofatseq,n=13,,Random Forest,46,LOCO,OFAT,Thickness_mean,,all,,13,13,12,13,0.2451363711226201,7.278530698640081,5.429964455128208
ofatseq,n=13,,Random Forest,47,LOCO,OFAT,Thickness_mean,,all,,13,13,12,13,0.25434441901262317,7.234001661561684,5.317734615384617
ofatseq,n=13,,Random Forest,48,LOCO,OFAT,Thickness_mean,,all,,13,13,12,13,0.24981129098248167,7.255957486515768,5.288070563186816
ofatseq,n=13,,Random Forest,49,LOCO,OFAT,Thickness_mean,,all,,13,13,12,13,0.1762245029763283,7.603506170426859,5.736395961538464
ofatseq,n=13,,Random Forest,50,LOCO,OFAT,Thickness_mean,,all,,13,13,12,13,0.2563045174064177,7.224487426066106,5.417653493589745
ofatseq,n=13,,Random Forest,51,LOCO,OFAT,Thickness_mean,,all,,13,13,12,13,0.20029565300237695,7.4915933620261415,5.745879038461542
ofatseq,n=13,,XGBoost,42,LOCO,OFAT,Thickness_mean,,all,,13,13,12,13,0.2764033095533125,7.12619584632448,5.052169223198525
ofatseq,n=13,,XGBoost,43,LOCO,OFAT,Thickness_mean,,all,,13,13,12,13,0.32902764277529084,6.862174885070495,4.772834931887114
ofatseq,n=13,,XGBoost,44,LOCO,OFAT,Thickness_mean,,all,,13,13,12,13,0.36476547529526393,6.676925257165504,4.704272130819468
ofatseq,n=13,,XGBoost,45,LOCO,OFAT,Thickness_mean,,all,,13,13,12,13,0.3725963850593389,6.635642440021691,4.379556776193473
ofatseq,n=13,,XGBoost,46,LOCO,OFAT,Thickness_mean,,all,,13,13,12,13,0.35936656223455454,6.705239106056816,4.623150652371921
ofatseq,n=13,,XGBoost,47,LOCO,OFAT,Thickness_mean,,all,,13,13,12,13,0.40791701710946227,6.446155197705695,4.342731045943041
ofatseq,n=13,,XGBoost,48,LOCO,OFAT,Thickness_mean,,all,,13,13,12,13,0.4376262149408614,6.282348174037744,3.9855163361476027
ofatseq,n=13,,XGBoost,49,LOCO,OFAT,Thickness_mean,,all,,13,13,12,13,0.4281681549484666,6.334956491236024,4.241657081017128
ofatseq,n=13,,XGBoost,50,LOCO,OFAT,Thickness_mean,,all,,13,13,12,13,0.46068246996518014,6.152218286364069,4.207586702200084
ofatseq,n=13,,XGBoost,51,LOCO,OFAT,Thickness_mean,,all,,13,13,12,13,0.29601965700542676,7.028938348998063,4.818858337402345
ofatseq,n=13,,GPR,42,LOCO,OFAT,Thickness_mean,,all,,13,13,12,13,-0.9106172149447487,11.579673415382024,7.88756509106529
ofatseq,n=13,,GPR,43,LOCO,OFAT,Thickness_mean,,all,,13,13,12,13,-0.16794067575777905,9.053569914857887,6.401971098502228
ofatseq,n=13,,GPR,44,LOCO,OFAT,Thickness_mean,,all,,13,13,12,13,-0.7106500803173839,10.956959562505613,7.631849665450989
ofatseq,n=13,,GPR,45,LOCO,OFAT,Thickness_mean,,all,,13,13,12,13,-0.8647511853225258,11.43983903521499,7.851304635937093
ofatseq,n=13,,GPR,46,LOCO,OFAT,Thickness_mean,,all,,13,13,12,13,-0.10303067967504242,8.798391116285508,5.89565053143114
ofatseq,n=13,,GPR,47,LOCO,OFAT,Thickness_mean,,all,,13,13,12,13,-0.9307517645831422,11.640528219503981,8.812572406571439
ofatseq,n=13,,GPR,48,LOCO,OFAT,Thickness_mean,,all,,13,13,12,13,-0.04756886208024658,8.574341137380884,5.890257670318216
ofatseq,n=13,,GPR,49,LOCO,OFAT,Thickness_mean,,all,,13,13,12,13,-0.10229902932720325,8.79547260554909,5.872851073087667
ofatseq,n=13,,GPR,50,LOCO,OFAT,Thickness_mean,,all,,13,13,12,13,-0.10196924626021175,8.794156803377815,5.860075156452438
ofatseq,n=13,,GPR,51,LOCO,OFAT,Thickness_mean,,all,,13,13,12,13,-0.17540988017856063,9.082473434836821,6.430010674729392
ofatseq,n=14,,Ridge,42,LOCO,OFAT,Thickness_mean,,all,,14,14,13,14,0.32594967788314533,6.8254189418604385,5.091226426479536
ofatseq,n=14,,Ridge,43,LOCO,OFAT,Thickness_mean,,all,,14,14,13,14,0.32594967788314533,6.8254189418604385,5.091226426479536
ofatseq,n=14,,Ridge,44,LOCO,OFAT,Thickness_mean,,all,,14,14,13,14,0.32594967788314533,6.8254189418604385,5.091226426479536
ofatseq,n=14,,Ridge,45,LOCO,OFAT,Thickness_mean,,all,,14,14,13,14,0.32594967788314533,6.8254189418604385,5.091226426479536
ofatseq,n=14,,Ridge,46,LOCO,OFAT,Thickness_mean,,all,,14,14,13,14,0.32594967788314533,6.8254189418604385,5.091226426479536
ofatseq,n=14,,Ridge,47,LOCO,OFAT,Thickness_mean,,all,,14,14,13,14,0.32594967788314533,6.8254189418604385,5.091226426479536
ofatseq,n=14,,Ridge,48,LOCO,OFAT,Thickness_mean,,all,,14,14,13,14,0.32594967788314533,6.8254189418604385,5.091226426479536
ofatseq,n=14,,Ridge,49,LOCO,OFAT,Thickness_mean,,all,,14,14,13,14,0.32594967788314533,6.8254189418604385,5.091226426479536
ofatseq,n=14,,Ridge,50,LOCO,OFAT,Thickness_mean,,all,,14,14,13,14,0.32594967788314533,6.8254189418604385,5.091226426479536
ofatseq,n=14,,Ridge,51,LOCO,OFAT,Thickness_mean,,all,,14,14,13,14,0.32594967788314533,6.8254189418604385,5.091226426479536
ofatseq,n=14,,Random Forest,42,LOCO,OFAT,Thickness_mean,,all,,14,14,13,14,0.2918683793125807,6.99584448844442,5.333499166666668
ofatseq,n=14,,Random Forest,43,LOCO,OFAT,Thickness_mean,,all,,14,14,13,14,0.3574487468054055,6.664031489366798,4.892751845238096
ofatseq,n=14,,Random Forest,44,LOCO,OFAT,Thickness_mean,,all,,14,14,13,14,0.23901006648501444,7.252247367108055,5.453701250000002
ofatseq,n=14,,Random Forest,45,LOCO,OFAT,Thickness_mean,,all,,14,14,13,14,0.25484779232054133,7.176383670823572,5.3821532440476165
ofatseq,n=14,,Random Forest,46,LOCO,OFAT,Thickness_mean,,all,,14,14,13,14,0.30177339382720436,6.946744884899981,5.199938125000004
ofatseq,n=14,,Random Forest,47,LOCO,OFAT,Thickness_mean,,all,,14,14,13,14,0.2898766090924769,7.005676227278566,5.179000029761904
ofatseq,n=14,,Random Forest,48,LOCO,OFAT,Thickness_mean,,all,,14,14,13,14,0.2586870266034632,7.1578724201452015,5.2423081335034
ofatseq,n=14,,Random Forest,49,LOCO,OFAT,Thickness_mean,,all,,14,14,13,14,0.2639323596238382,7.132503866458636,5.3358275000000015
ofatseq,n=14,,Random Forest,50,LOCO,OFAT,Thickness_mean,,all,,14,14,13,14,0.3280628787189821,6.814711430134859,5.083490744047618
ofatseq,n=14,,Random Forest,51,LOCO,OFAT,Thickness_mean,,all,,14,14,13,14,0.26285988033091345,7.137698143397784,5.312564494047619
ofatseq,n=14,,XGBoost,42,LOCO,OFAT,Thickness_mean,,all,,14,14,13,14,0.2658305273046858,7.123301296458097,5.121496302740915
ofatseq,n=14,,XGBoost,43,LOCO,OFAT,Thickness_mean,,all,,14,14,13,14,0.2986713506546099,6.962159093608466,5.012215597288949
ofatseq,n=14,,XGBoost,44,LOCO,OFAT,Thickness_mean,,all,,14,14,13,14,0.2537257752693691,7.181784578145692,5.422611954552787
ofatseq,n=14,,XGBoost,45,LOCO,OFAT,Thickness_mean,,all,,14,14,13,14,0.4008481101997252,6.4350454678210545,4.6755591998781485
ofatseq,n=14,,XGBoost,46,LOCO,OFAT,Thickness_mean,,all,,14,14,13,14,0.3131256911334672,6.8900407341676875,5.184409740311759
ofatseq,n=14,,XGBoost,47,LOCO,OFAT,Thickness_mean,,all,,14,14,13,14,0.2025503621012077,7.4239456822322065,5.851375562804086
ofatseq,n=14,,XGBoost,48,LOCO,OFAT,Thickness_mean,,all,,14,14,13,14,0.32995785139372624,6.8050953447308755,4.983856629644122
ofatseq,n=14,,XGBoost,49,LOCO,OFAT,Thickness_mean,,all,,14,14,13,14,0.3815332638069461,6.537945955691753,4.664083500589643
ofatseq,n=14,,XGBoost,50,LOCO,OFAT,Thickness_mean,,all,,14,14,13,14,0.4339821618904596,6.254580870131963,4.684902432305472
ofatseq,n=14,,XGBoost,51,LOCO,OFAT,Thickness_mean,,all,,14,14,13,14,0.20741021228749734,7.4012894547049,5.503285561289106
ofatseq,n=14,,GPR,42,LOCO,OFAT,Thickness_mean,,all,,14,14,13,14,-0.7957379823141082,11.140498831632303,8.093963892379648
ofatseq,n=14,,GPR,43,LOCO,OFAT,Thickness_mean,,all,,14,14,13,14,-0.062357700899330126,8.568771035480896,6.650044898504346
ofatseq,n=14,,GPR,44,LOCO,OFAT,Thickness_mean,,all,,14,14,13,14,-0.028341194836508876,8.430469664031012,6.235349856044854
ofatseq,n=14,,GPR,45,LOCO,OFAT,Thickness_mean,,all,,14,14,13,14,-0.027335585035792587,8.42634659837632,6.201117543196647
ofatseq,n=14,,GPR,46,LOCO,OFAT,Thickness_mean,,all,,14,14,13,14,-0.8523872722522903,11.314856417307208,8.16447340096427
ofatseq,n=14,,GPR,47,LOCO,OFAT,Thickness_mean,,all,,14,14,13,14,-0.7051140208802023,10.855750814415929,7.9755591847412335
ofatseq,n=14,,GPR,48,LOCO,OFAT,Thickness_mean,,all,,14,14,13,14,-0.07919504561472501,8.636407473294076,6.643497194393604
ofatseq,n=14,,GPR,49,LOCO,OFAT,Thickness_mean,,all,,14,14,13,14,-0.6568055139631435,10.700865827777838,7.909200807550479
ofatseq,n=14,,GPR,50,LOCO,OFAT,Thickness_mean,,all,,14,14,13,14,-0.05509666517297096,8.53943777508944,6.519875920598162
ofatseq,n=14,,GPR,51,LOCO,OFAT,Thickness_mean,,all,,14,14,13,14,-0.08616377583072232,8.664246716979438,6.687284209991587
ofatseq,n=15,,Ridge,42,LOCO,OFAT,Thickness_mean,,all,,15,15,13,15,0.31005236533961267,6.877879404947616,5.177117959969639
ofatseq,n=15,,Ridge,43,LOCO,OFAT,Thickness_mean,,all,,15,15,13,15,0.31005236533961267,6.877879404947616,5.177117959969639
ofatseq,n=15,,Ridge,44,LOCO,OFAT,Thickness_mean,,all,,15,15,13,15,0.31005236533961267,6.877879404947616,5.177117959969639
ofatseq,n=15,,Ridge,45,LOCO,OFAT,Thickness_mean,,all,,15,15,13,15,0.31005236533961267,6.877879404947616,5.177117959969639
ofatseq,n=15,,Ridge,46,LOCO,OFAT,Thickness_mean,,all,,15,15,13,15,0.31005236533961267,6.877879404947616,5.177117959969639
ofatseq,n=15,,Ridge,47,LOCO,OFAT,Thickness_mean,,all,,15,15,13,15,0.31005236533961267,6.877879404947616,5.177117959969639
ofatseq,n=15,,Ridge,48,LOCO,OFAT,Thickness_mean,,all,,15,15,13,15,0.31005236533961267,6.877879404947616,5.177117959969639
ofatseq,n=15,,Ridge,49,LOCO,OFAT,Thickness_mean,,all,,15,15,13,15,0.31005236533961267,6.877879404947616,5.177117959969639
ofatseq,n=15,,Ridge,50,LOCO,OFAT,Thickness_mean,,all,,15,15,13,15,0.31005236533961267,6.877879404947616,5.177117959969639
ofatseq,n=15,,Ridge,51,LOCO,OFAT,Thickness_mean,,all,,15,15,13,15,0.31005236533961267,6.877879404947616,5.177117959969639
ofatseq,n=15,,Random Forest,42,LOCO,OFAT,Thickness_mean,,all,,15,15,13,15,0.3321825347376568,6.766675936139275,5.160963722222221
ofatseq,n=15,,Random Forest,43,LOCO,OFAT,Thickness_mean,,all,,15,15,13,15,0.39730647167436817,6.428279562305156,4.695737861111113
ofatseq,n=15,,Random Forest,44,LOCO,OFAT,Thickness_mean,,all,,15,15,13,15,0.2855848313014451,6.998771670467624,5.2045240555555585
ofatseq,n=15,,Random Forest,45,LOCO,OFAT,Thickness_mean,,all,,15,15,13,15,0.32200686955584257,6.818033620568575,4.995201250000002
ofatseq,n=15,,Random Forest,46,LOCO,OFAT,Thickness_mean,,all,,15,15,13,15,0.3524659715493198,6.663122375535931,4.91713766666667
ofatseq,n=15,,Random Forest,47,LOCO,OFAT,Thickness_mean,,all,,15,15,13,15,0.3568356542938287,6.6406023104535725,4.83692513888889
ofatseq,n=15,,Random Forest,48,LOCO,OFAT,Thickness_mean,,all,,15,15,13,15,0.3780785758882368,6.530016077828689,4.785345869047619
ofatseq,n=15,,Random Forest,49,LOCO,OFAT,Thickness_mean,,all,,15,15,13,15,0.3201701980962812,6.827262341234993,5.067664297619051
ofatseq,n=15,,Random Forest,50,LOCO,OFAT,Thickness_mean,,all,,15,15,13,15,0.3315559130825547,6.769849821007381,5.0056876666666685
ofatseq,n=15,,Random Forest,51,LOCO,OFAT,Thickness_mean,,all,,15,15,13,15,0.29949746954597045,6.930289006512395,5.155423412698412
ofatseq,n=15,,XGBoost,42,LOCO,OFAT,Thickness_mean,,all,,15,15,13,15,0.3018923154547718,6.918432387088993,4.614354562123617
ofatseq,n=15,,XGBoost,43,LOCO,OFAT,Thickness_mean,,all,,15,15,13,15,0.3608670930115888,6.619757510240731,4.613761917114258
ofatseq,n=15,,XGBoost,44,LOCO,OFAT,Thickness_mean,,all,,15,15,13,15,0.3989058718744023,6.419744360523156,4.415105679829916
ofatseq,n=15,,XGBoost,45,LOCO,OFAT,Thickness_mean,,all,,15,15,13,15,0.4193842419651007,6.309441252052594,4.496353485107422
ofatseq,n=15,,XGBoost,46,LOCO,OFAT,Thickness_mean,,all,,15,15,13,15,0.4043677220927132,6.390511253677945,4.513847465515138
ofatseq,n=15,,XGBoost,47,LOCO,OFAT,Thickness_mean,,all,,15,15,13,15,0.2972489993314724,6.9414025025809645,4.9969954020182294
ofatseq,n=15,,XGBoost,48,LOCO,OFAT,Thickness_mean,,all,,15,15,13,15,0.4083612670437158,6.369051943694135,4.369530220031739
ofatseq,n=15,,XGBoost,49,LOCO,OFAT,Thickness_mean,,all,,15,15,13,15,0.4316015040644382,6.24270699736983,4.1582925987243655
ofatseq,n=15,,XGBoost,50,LOCO,OFAT,Thickness_mean,,all,,15,15,13,15,0.44486459148707813,6.169443001735733,4.216042207082113
ofatseq,n=15,,XGBoost,51,LOCO,OFAT,Thickness_mean,,all,,15,15,13,15,0.30871156121121957,6.884559196764418,4.94912155532837
ofatseq,n=15,,GPR,42,LOCO,OFAT,Thickness_mean,,all,,15,15,13,15,-0.04092098801309341,8.448028578051987,5.620670010743782
ofatseq,n=15,,GPR,43,LOCO,OFAT,Thickness_mean,,all,,15,15,13,15,-0.3039949365492838,9.455498807647688,6.653957027555096
ofatseq,n=15,,GPR,44,LOCO,OFAT,Thickness_mean,,all,,15,15,13,15,-0.08729570106651652,8.63416466862533,6.0222302608946325
ofatseq,n=15,,GPR,45,LOCO,OFAT,Thickness_mean,,all,,15,15,13,15,-0.0956047180487205,8.667092639192028,6.037694440191957
ofatseq,n=15,,GPR,46,LOCO,OFAT,Thickness_mean,,all,,15,15,13,15,-0.7837045237704561,11.05879859228262,7.401181835251754
ofatseq,n=15,,GPR,47,LOCO,OFAT,Thickness_mean,,all,,15,15,13,15,-0.04606198668858741,8.468864842568788,5.723282172487008
ofatseq,n=15,,GPR,48,LOCO,OFAT,Thickness_mean,,all,,15,15,13,15,-0.0872652330006034,8.6340436950296,6.022070805335943
ofatseq,n=15,,GPR,49,LOCO,OFAT,Thickness_mean,,all,,15,15,13,15,-0.7840892202537166,11.059991068814593,7.401658480678104
ofatseq,n=15,,GPR,50,LOCO,OFAT,Thickness_mean,,all,,15,15,13,15,-0.04071368231459638,8.447187298218621,5.612649282976375
ofatseq,n=15,,GPR,51,LOCO,OFAT,Thickness_mean,,all,,15,15,13,15,-0.08884334842190267,8.640307381419987,6.0297655677031425
ofatseq,n=16,,Ridge,42,LOCO,OFAT,Thickness_mean,,all,,16,16,13,16,0.13429028352276828,7.461022135708566,5.643043896402542
ofatseq,n=16,,Ridge,43,LOCO,OFAT,Thickness_mean,,all,,16,16,13,16,-0.046791820789848115,8.204315307732536,6.146259841543495
ofatseq,n=16,,Ridge,44,LOCO,OFAT,Thickness_mean,,all,,16,16,13,16,0.07622158940569956,7.707190375266028,5.734351235388898
ofatseq,n=16,,Ridge,45,LOCO,OFAT,Thickness_mean,,all,,16,16,13,16,0.14618386605533362,7.4095931312012775,5.502910691201041
ofatseq,n=16,,Ridge,46,LOCO,OFAT,Thickness_mean,,all,,16,16,13,16,0.09638379461996638,7.622618559749885,5.664015181906155
ofatseq,n=16,,Ridge,47,LOCO,OFAT,Thickness_mean,,all,,16,16,13,16,0.10388909839139282,7.590896376142316,5.5957250560532925
ofatseq,n=16,,Ridge,48,LOCO,OFAT,Thickness_mean,,all,,16,16,13,16,-0.08615127276249068,8.357133508144326,6.108315842411285
ofatseq,n=16,,Ridge,49,LOCO,OFAT,Thickness_mean,,all,,16,16,13,16,-0.07801828579902548,8.32578604607455,6.108602729067901
ofatseq,n=16,,Ridge,50,LOCO,OFAT,Thickness_mean,,all,,16,16,13,16,0.11444124056768157,7.546070774149668,5.671396632022398
ofatseq,n=16,,Ridge,51,LOCO,OFAT,Thickness_mean,,all,,16,16,13,16,0.10109939780009314,7.602702879424154,5.753454291639777
ofatseq,n=16,,Random Forest,42,LOCO,OFAT,Thickness_mean,,all,,16,16,13,16,0.316390507376355,6.630041164664626,4.978076572420632
ofatseq,n=16,,Random Forest,43,LOCO,OFAT,Thickness_mean,,all,,16,16,13,16,0.30141277292243396,6.70227900557517,4.839299686034453
ofatseq,n=16,,Random Forest,44,LOCO,OFAT,Thickness_mean,,all,,16,16,13,16,0.2756297989908344,6.824839940627073,5.200912342509919
ofatseq,n=16,,Random Forest,45,LOCO,OFAT,Thickness_mean,,all,,16,16,13,16,0.26475912875268737,6.875859645600122,5.2210544070296
ofatseq,n=16,,Random Forest,46,LOCO,OFAT,Thickness_mean,,all,,16,16,13,16,0.27982251680943193,6.805059892908322,5.042861826242333
ofatseq,n=16,,Random Forest,47,LOCO,OFAT,Thickness_mean,,all,,16,16,13,16,0.4104947065012249,6.156814050337724,4.627472230339107
ofatseq,n=16,,Random Forest,48,LOCO,OFAT,Thickness_mean,,all,,16,16,13,16,0.36798209329694087,6.374951338952505,4.598760427263709
ofatseq,n=16,,Random Forest,49,LOCO,OFAT,Thickness_mean,,all,,16,16,13,16,0.3398331028694056,6.515369557643906,5.009085421626985
ofatseq,n=16,,Random Forest,50,LOCO,OFAT,Thickness_mean,,all,,16,16,13,16,0.3434796605017644,6.497350197309071,4.997389575216452
ofatseq,n=16,,Random Forest,51,LOCO,OFAT,Thickness_mean,,all,,16,16,13,16,0.34170315942685636,6.5061349607933385,4.843988294890871
ofatseq,n=16,,XGBoost,42,LOCO,OFAT,Thickness_mean,,all,,16,16,13,16,0.45901600681039856,5.897994865368686,3.51092071056366
ofatseq,n=16,,XGBoost,43,LOCO,OFAT,Thickness_mean,,all,,16,16,13,16,0.42990198560185644,6.054620774521705,4.023285936117173
ofatseq,n=16,,XGBoost,44,LOCO,OFAT,Thickness_mean,,all,,16,16,13,16,0.38975973656938534,6.26415668151834,4.092120317220688
ofatseq,n=16,,XGBoost,45,LOCO,OFAT,Thickness_mean,,all,,16,16,13,16,0.4241793705375023,6.0849328853143865,4.042094492912293
ofatseq,n=16,,XGBoost,46,LOCO,OFAT,Thickness_mean,,all,,16,16,13,16,0.34980186221635345,6.465990216547158,4.5350116312503825
ofatseq,n=16,,XGBoost,47,LOCO,OFAT,Thickness_mean,,all,,16,16,13,16,0.42114629828532646,6.100937696666714,3.9029418218135836
ofatseq,n=16,,XGBoost,48,LOCO,OFAT,Thickness_mean,,all,,16,16,13,16,0.4053193881548568,6.18378059780531,3.999786521196366
ofatseq,n=16,,XGBoost,49,LOCO,OFAT,Thickness_mean,,all,,16,16,13,16,0.3593319122145129,6.418428808462368,4.1057594513893125
ofatseq,n=16,,XGBoost,50,LOCO,OFAT,Thickness_mean,,all,,16,16,13,16,0.41442568485670006,6.136252076616959,3.943879927396775
ofatseq,n=16,,XGBoost,51,LOCO,OFAT,Thickness_mean,,all,,16,16,13,16,0.27529105995893344,6.8264355125193825,4.8482043373584744
ofatseq,n=16,,GPR,42,LOCO,OFAT,Thickness_mean,,all,,16,16,13,16,0.13981263759228735,7.437187169425714,4.94962715049668
ofatseq,n=16,,GPR,43,LOCO,OFAT,Thickness_mean,,all,,16,16,13,16,0.09414995399105042,7.632034727985049,5.303392756826585
ofatseq,n=16,,GPR,44,LOCO,OFAT,Thickness_mean,,all,,16,16,13,16,-0.15759486943932277,8.62760948342735,5.963521197131621
ofatseq,n=16,,GPR,45,LOCO,OFAT,Thickness_mean,,all,,16,16,13,16,0.09415079094542556,7.632031202199319,5.303388433120368
ofatseq,n=16,,GPR,46,LOCO,OFAT,Thickness_mean,,all,,16,16,13,16,0.13877771903031677,7.441659781839978,4.971858494415798
ofatseq,n=16,,GPR,47,LOCO,OFAT,Thickness_mean,,all,,16,16,13,16,0.1397839144623656,7.437311338600598,4.950313057901157
ofatseq,n=16,,GPR,48,LOCO,OFAT,Thickness_mean,,all,,16,16,13,16,-0.15966324856437386,8.635313907292213,5.967308445250042
ofatseq,n=16,,GPR,49,LOCO,OFAT,Thickness_mean,,all,,16,16,13,16,-0.1552616148396031,8.618910169003803,5.959236673638698
ofatseq,n=16,,GPR,50,LOCO,OFAT,Thickness_mean,,all,,16,16,13,16,0.12396597452650071,7.505379727179841,5.132637377904444
ofatseq,n=16,,GPR,51,LOCO,OFAT,Thickness_mean,,all,,16,16,13,16,-0.13365486373026858,8.537930402790291,5.918728976535708
ofatseq,n=17,,Ridge,42,LOCO,OFAT,Thickness_mean,,all,,17,17,14,17,0.1234704132047485,7.283812374208712,5.491007881026326
ofatseq,n=17,,Ridge,43,LOCO,OFAT,Thickness_mean,,all,,17,17,14,17,0.03136798311762834,7.656933408835578,5.855720071706926
ofatseq,n=17,,Ridge,44,LOCO,OFAT,Thickness_mean,,all,,17,17,14,17,-0.0012828616080444721,7.784914576736444,5.77708998285116
ofatseq,n=17,,Ridge,45,LOCO,OFAT,Thickness_mean,,all,,17,17,14,17,0.22608430983472838,6.844193600961172,5.114341752077294
ofatseq,n=17,,Ridge,46,LOCO,OFAT,Thickness_mean,,all,,17,17,14,17,-0.24106604590074987,8.667082032716351,6.526896500851754
ofatseq,n=17,,Ridge,47,LOCO,OFAT,Thickness_mean,,all,,17,17,14,17,0.22460557193828257,6.850729156898224,5.0632387205506335
ofatseq,n=17,,Ridge,48,LOCO,OFAT,Thickness_mean,,all,,17,17,14,17,-0.014998171667906846,7.8380510922800415,5.675453569303391
ofatseq,n=17,,Ridge,49,LOCO,OFAT,Thickness_mean,,all,,17,17,14,17,-0.002139157005288217,7.7882426881806746,5.689561043959281
ofatseq,n=17,,Ridge,50,LOCO,OFAT,Thickness_mean,,all,,17,17,14,17,0.006366682375771648,7.755120187966867,5.6723055323163685
ofatseq,n=17,,Ridge,51,LOCO,OFAT,Thickness_mean,,all,,17,17,14,17,0.09254956039130968,7.411172430515625,5.546311884314351
ofatseq,n=17,,Random Forest,42,LOCO,OFAT,Thickness_mean,,all,,17,17,14,17,0.3082191617231901,6.470826036083435,4.841039963712757
ofatseq,n=17,,Random Forest,43,LOCO,OFAT,Thickness_mean,,all,,17,17,14,17,0.3337584910770761,6.350257025991507,4.690429831614464
ofatseq,n=17,,Random Forest,44,LOCO,OFAT,Thickness_mean,,all,,17,17,14,17,0.3569272698018522,6.238863831358815,4.706633021973939
ofatseq,n=17,,Random Forest,45,LOCO,OFAT,Thickness_mean,,all,,17,17,14,17,0.29168746407582336,6.5476872049754355,4.842569850211064
ofatseq,n=17,,Random Forest,46,LOCO,OFAT,Thickness_mean,,all,,17,17,14,17,0.28459944615340016,6.5803667029217,4.7655487359943995
ofatseq,n=17,,Random Forest,47,LOCO,OFAT,Thickness_mean,,all,,17,17,14,17,0.3558060173594638,6.244300459590247,4.688195592001954
ofatseq,n=17,,Random Forest,48,LOCO,OFAT,Thickness_mean,,all,,17,17,14,17,0.3306418162382032,6.365092932832148,4.738019747262544
ofatseq,n=17,,Random Forest,49,LOCO,OFAT,Thickness_mean,,all,,17,17,14,17,0.2911454440183401,6.550191960243256,5.038439873312961
ofatseq,n=17,,Random Forest,50,LOCO,OFAT,Thickness_mean,,all,,17,17,14,17,0.2761701588780755,6.619020131175431,5.124172452731095
ofatseq,n=17,,Random Forest,51,LOCO,OFAT,Thickness_mean,,all,,17,17,14,17,0.3185612512786945,6.422274626751339,4.899337907913164
ofatseq,n=17,,XGBoost,42,LOCO,OFAT,Thickness_mean,,all,,17,17,14,17,0.4071212941106076,5.990435360197843,3.953295319501092
ofatseq,n=17,,XGBoost,43,LOCO,OFAT,Thickness_mean,,all,,17,17,14,17,0.3820330096987642,6.115867934254777,4.427853999418371
ofatseq,n=17,,XGBoost,44,LOCO,OFAT,Thickness_mean,,all,,17,17,14,17,0.34881380583697463,6.278097446100888,4.3209086474250356
ofatseq,n=17,,XGBoost,45,LOCO,OFAT,Thickness_mean,,all,,17,17,14,17,0.46677350882950264,5.681085413645227,3.748917140960694
ofatseq,n=17,,XGBoost,46,LOCO,OFAT,Thickness_mean,,all,,17,17,14,17,0.3450728296492207,6.296105028670394,4.491214397654814
ofatseq,n=17,,XGBoost,47,LOCO,OFAT,Thickness_mean,,all,,17,17,14,17,0.44235986935254346,5.809683456190681,3.857436535779168
ofatseq,n=17,,XGBoost,48,LOCO,OFAT,Thickness_mean,,all,,17,17,14,17,0.3885329274522451,6.083618862374875,4.124854672375848
ofatseq,n=17,,XGBoost,49,LOCO,OFAT,Thickness_mean,,all,,17,17,14,17,0.3157386414500043,6.4355618389832525,4.396367538676543
ofatseq,n=17,,XGBoost,50,LOCO,OFAT,Thickness_mean,,all,,17,17,14,17,0.38156810112731,6.118168044858652,4.0558361513474415
ofatseq,n=17,,XGBoost,51,LOCO,OFAT,Thickness_mean,,all,,17,17,14,17,0.3656808099704534,6.196256468169098,4.270835995393641
ofatseq,n=17,,GPR,42,LOCO,OFAT,Thickness_mean,,all,,17,17,14,17,0.05309009034291279,7.570591118297008,5.1713417959822685
ofatseq,n=17,,GPR,43,LOCO,OFAT,Thickness_mean,,all,,17,17,14,17,0.051056639961004735,7.578715526639942,5.252641272623725
ofatseq,n=17,,GPR,44,LOCO,OFAT,Thickness_mean,,all,,17,17,14,17,0.04610092528822718,7.598479110929252,5.325279933405165
ofatseq,n=17,,GPR,45,LOCO,OFAT,Thickness_mean,,all,,17,17,14,17,0.05302260532205627,7.570860886514559,5.183126589268433
ofatseq,n=17,,GPR,46,LOCO,OFAT,Thickness_mean,,all,,17,17,14,17,0.05277514609669398,7.5718500109671805,5.202292807490899
ofatseq,n=17,,GPR,47,LOCO,OFAT,Thickness_mean,,all,,17,17,14,17,0.05302199151588849,7.570863340131921,5.183135381304526
ofatseq,n=17,,GPR,48,LOCO,OFAT,Thickness_mean,,all,,17,17,14,17,0.035766126365545325,7.639530203169341,5.415879202352062
ofatseq,n=17,,GPR,49,LOCO,OFAT,Thickness_mean,,all,,17,17,14,17,0.05220712135042982,7.5741199860206905,5.223570607831649
ofatseq,n=17,,GPR,50,LOCO,OFAT,Thickness_mean,,all,,17,17,14,17,0.053025241438116266,7.5708503489441945,5.183121258410351
ofatseq,n=17,,GPR,51,LOCO,OFAT,Thickness_mean,,all,,17,17,14,17,0.05306128446365521,7.570706269629216,5.1782231077343495
ofatseq,n=18,,Ridge,42,LOCO,OFAT,Thickness_mean,,all,,18,18,14,18,0.026082135353866498,7.558105502597908,5.82793645401976
ofatseq,n=18,,Ridge,43,LOCO,OFAT,Thickness_mean,,all,,18,18,14,18,0.03441719720353209,7.525693814670513,5.52572172684658
ofatseq,n=18,,Ridge,44,LOCO,OFAT,Thickness_mean,,all,,18,18,14,18,0.06689082692793791,7.39806279337325,5.642080775121951
ofatseq,n=18,,Ridge,45,LOCO,OFAT,Thickness_mean,,all,,18,18,14,18,0.2203169743608936,6.762555205679912,5.04855977388962
ofatseq,n=18,,Ridge,46,LOCO,OFAT,Thickness_mean,,all,,18,18,14,18,0.06399366346768376,7.4095388278660606,5.332325666323298
ofatseq,n=18,,Ridge,47,LOCO,OFAT,Thickness_mean,,all,,18,18,14,18,0.25981479210116776,6.589037582253693,5.045538323221399
ofatseq,n=18,,Ridge,48,LOCO,OFAT,Thickness_mean,,all,,18,18,14,18,0.18888616111320145,6.897515568243322,5.177127318743249
ofatseq,n=18,,Ridge,49,LOCO,OFAT,Thickness_mean,,all,,18,18,14,18,-0.12887756187975863,8.137204005799354,6.118345631664474
ofatseq,n=18,,Ridge,50,LOCO,OFAT,Thickness_mean,,all,,18,18,14,18,-0.14298453567126157,8.187889274778394,6.146084139374548
ofatseq,n=18,,Ridge,51,LOCO,OFAT,Thickness_mean,,all,,18,18,14,18,0.011937461049114528,7.612792644525827,5.629941661175645
ofatseq,n=18,,Random Forest,42,LOCO,OFAT,Thickness_mean,,all,,18,18,14,18,0.3784312760789319,6.038045210761873,4.319313596095262
ofatseq,n=18,,Random Forest,43,LOCO,OFAT,Thickness_mean,,all,,18,18,14,18,0.32727607767629063,6.281599156473852,4.511350130802838
ofatseq,n=18,,Random Forest,44,LOCO,OFAT,Thickness_mean,,all,,18,18,14,18,0.30360031577026736,6.391180256552342,4.952001222281035
ofatseq,n=18,,Random Forest,45,LOCO,OFAT,Thickness_mean,,all,,18,18,14,18,0.3966610276965541,5.948842535247136,4.270707487863215
ofatseq,n=18,,Random Forest,46,LOCO,OFAT,Thickness_mean,,all,,18,18,14,18,0.3072848172215772,6.374250651754944,4.885791111912777
ofatseq,n=18,,Random Forest,47,LOCO,OFAT,Thickness_mean,,all,,18,18,14,18,0.4055579700282561,5.904818297368053,4.553558906036094
ofatseq,n=18,,Random Forest,48,LOCO,OFAT,Thickness_mean,,all,,18,18,14,18,0.4083601651241072,5.890884222976282,4.264086820737134
ofatseq,n=18,,Random Forest,49,LOCO,OFAT,Thickness_mean,,all,,18,18,14,18,0.31733834117742377,6.327826160844437,4.666834146574875
ofatseq,n=18,,Random Forest,50,LOCO,OFAT,Thickness_mean,,all,,18,18,14,18,0.2949678020631723,6.430670528611718,4.945033049791758
ofatseq,n=18,,Random Forest,51,LOCO,OFAT,Thickness_mean,,all,,18,18,14,18,0.43382746219101365,5.762702289775042,4.312876087762546
ofatseq,n=18,,XGBoost,42,LOCO,OFAT,Thickness_mean,,all,,18,18,14,18,0.4223377959901127,5.8208815284341195,3.922328760359023
ofatseq,n=18,,XGBoost,43,LOCO,OFAT,Thickness_mean,,all,,18,18,14,18,0.41428730620455,5.861302043610611,4.202041878170437
ofatseq,n=18,,XGBoost,44,LOCO,OFAT,Thickness_mean,,all,,18,18,14,18,0.3734309375695789,6.062283713970546,4.079093812306723
ofatseq,n=18,,XGBoost,45,LOCO,OFAT,Thickness_mean,,all,,18,18,14,18,0.3828702143532299,6.0164462039435955,4.13758721669515
ofatseq,n=18,,XGBoost,46,LOCO,OFAT,Thickness_mean,,all,,18,18,14,18,0.3398223454578244,6.222747714587942,4.386028103298611
ofatseq,n=18,,XGBoost,47,LOCO,OFAT,Thickness_mean,,all,,18,18,14,18,0.4274384697259659,5.795125776359672,3.845223142835829
ofatseq,n=18,,XGBoost,48,LOCO,OFAT,Thickness_mean,,all,,18,18,14,18,0.35749224898010246,6.138905801536247,4.199176097446019
ofatseq,n=18,,XGBoost,49,LOCO,OFAT,Thickness_mean,,all,,18,18,14,18,0.3984781514228797,5.939877480061712,3.8890814484490295
ofatseq,n=18,,XGBoost,50,LOCO,OFAT,Thickness_mean,,all,,18,18,14,18,0.3786867978184696,6.036803988068171,4.051093338860406
ofatseq,n=18,,XGBoost,51,LOCO,OFAT,Thickness_mean,,all,,18,18,14,18,0.4189838381230644,5.8377553477489155,3.9034494315253365
ofatseq,n=18,,GPR,42,LOCO,OFAT,Thickness_mean,,all,,18,18,14,18,0.07502425670820434,7.365749682647373,4.9783099597729965
ofatseq,n=18,,GPR,43,LOCO,OFAT,Thickness_mean,,all,,18,18,14,18,0.07122655112545673,7.380855103143308,4.994466876524784
ofatseq,n=18,,GPR,44,LOCO,OFAT,Thickness_mean,,all,,18,18,14,18,0.0712337588737092,7.380826463517169,4.992637703113876
ofatseq,n=18,,GPR,45,LOCO,OFAT,Thickness_mean,,all,,18,18,14,18,0.07123690888352963,7.380813947076257,4.992629737489365
ofatseq,n=18,,GPR,46,LOCO,OFAT,Thickness_mean,,all,,18,18,14,18,0.06824181799428952,7.392705254654823,5.087186917706877
ofatseq,n=18,,GPR,47,LOCO,OFAT,Thickness_mean,,all,,18,18,14,18,0.06728764823597799,7.39648954705793,5.108805941316821
ofatseq,n=18,,GPR,48,LOCO,OFAT,Thickness_mean,,all,,18,18,14,18,0.05595742370300738,7.441278766978174,5.213194412984933
ofatseq,n=18,,GPR,49,LOCO,OFAT,Thickness_mean,,all,,18,18,14,18,0.06604202241308565,7.401426859384321,5.010125849287947
ofatseq,n=18,,GPR,50,LOCO,OFAT,Thickness_mean,,all,,18,18,14,18,0.06983151826269296,7.386396105605535,5.057643030097781
ofatseq,n=18,,GPR,51,LOCO,OFAT,Thickness_mean,,all,,18,18,14,18,0.07123763454203891,7.380811063697523,4.992617860441012
ofatseq,n=19,,Ridge,42,LOCO,OFAT,Thickness_mean,,all,,19,19,15,19,0.05293854325087666,7.467144578234687,5.778428855309499
ofatseq,n=19,,Ridge,43,LOCO,OFAT,Thickness_mean,,all,,19,19,15,19,0.013484450610520504,7.6210962505413455,5.900767298606586
ofatseq,n=19,,Ridge,44,LOCO,OFAT,Thickness_mean,,all,,19,19,15,19,0.15386639052583395,7.058053600195422,5.537922132017014
ofatseq,n=19,,Ridge,45,LOCO,OFAT,Thickness_mean,,all,,19,19,15,19,0.03409344377374812,7.541071109676845,6.037537278316532
ofatseq,n=19,,Ridge,46,LOCO,OFAT,Thickness_mean,,all,,19,19,15,19,0.20783802454501488,6.829241567838813,5.183833376830653
ofatseq,n=19,,Ridge,47,LOCO,OFAT,Thickness_mean,,all,,19,19,15,19,0.18185405510246655,6.940341974779494,5.482265151586097
ofatseq,n=19,,Ridge,48,LOCO,OFAT,Thickness_mean,,all,,19,19,15,19,0.16145058148237357,7.026350499479537,5.030691068319585
ofatseq,n=19,,Ridge,49,LOCO,OFAT,Thickness_mean,,all,,19,19,15,19,-0.04670815937855255,7.850155940086321,6.0929762760719255
ofatseq,n=19,,Ridge,50,LOCO,OFAT,Thickness_mean,,all,,19,19,15,19,-0.0065948297664357725,7.698264466475758,5.862940407854648
ofatseq,n=19,,Ridge,51,LOCO,OFAT,Thickness_mean,,all,,19,19,15,19,0.16698118813579943,7.003141212790296,5.386750108864274
ofatseq,n=19,,Random Forest,42,LOCO,OFAT,Thickness_mean,,all,,19,19,15,19,0.4057892864201583,5.914740808159941,4.5869711771379205
ofatseq,n=19,,Random Forest,43,LOCO,OFAT,Thickness_mean,,all,,19,19,15,19,0.3199656814150438,6.327481648742777,4.673763297303939
ofatseq,n=19,,Random Forest,44,LOCO,OFAT,Thickness_mean,,all,,19,19,15,19,0.39692891372904204,5.958675466545826,4.777218751997271
ofatseq,n=19,,Random Forest,45,LOCO,OFAT,Thickness_mean,,all,,19,19,15,19,0.37597528563381255,6.061308297540011,4.672200076184781
ofatseq,n=19,,Random Forest,46,LOCO,OFAT,Thickness_mean,,all,,19,19,15,19,0.3393565673938209,6.236616510828056,4.705285340700965
ofatseq,n=19,,Random Forest,47,LOCO,OFAT,Thickness_mean,,all,,19,19,15,19,0.4065439705166741,5.910983572776743,4.774417731212502
ofatseq,n=19,,Random Forest,48,LOCO,OFAT,Thickness_mean,,all,,19,19,15,19,0.3066991766025907,6.388903626950042,5.126001759037746
ofatseq,n=19,,Random Forest,49,LOCO,OFAT,Thickness_mean,,all,,19,19,15,19,0.4356636533587068,5.764139599287586,4.5106536878654975
ofatseq,n=19,,Random Forest,50,LOCO,OFAT,Thickness_mean,,all,,19,19,15,19,0.31481651468260496,6.351392070492495,5.1756269977025875
ofatseq,n=19,,Random Forest,51,LOCO,OFAT,Thickness_mean,,all,,19,19,15,19,0.4213666327834915,5.836697908938185,4.689664078425232
ofatseq,n=19,,XGBoost,42,LOCO,OFAT,Thickness_mean,,all,,19,19,15,19,0.34572787643357683,6.206470385859109,4.659237241243062
ofatseq,n=19,,XGBoost,43,LOCO,OFAT,Thickness_mean,,all,,19,19,15,19,0.38562858557417323,6.014243110652792,4.8123491367540865
ofatseq,n=19,,XGBoost,44,LOCO,OFAT,Thickness_mean,,all,,19,19,15,19,0.29607410396207756,6.437673551911695,4.97947068666157
ofatseq,n=19,,XGBoost,45,LOCO,OFAT,Thickness_mean,,all,,19,19,15,19,0.2493887612168172,6.647724464504624,5.071428317019815
ofatseq,n=19,,XGBoost,46,LOCO,OFAT,Thickness_mean,,all,,19,19,15,19,0.30697817845668407,6.3876179690754995,4.742953282406456
ofatseq,n=19,,XGBoost,47,LOCO,OFAT,Thickness_mean,,all,,19,19,15,19,0.34737844838662846,6.198636722562021,4.814551321330824
ofatseq,n=19,,XGBoost,48,LOCO,OFAT,Thickness_mean,,all,,19,19,15,19,0.29045273203734445,6.4633272439243115,5.022632042734247
ofatseq,n=19,,XGBoost,49,LOCO,OFAT,Thickness_mean,,all,,19,19,15,19,0.33662290562829333,6.249506368800841,4.738316819040399
ofatseq,n=19,,XGBoost,50,LOCO,OFAT,Thickness_mean,,all,,19,19,15,19,0.3444559340626494,6.212500323074179,4.857374097924485
ofatseq,n=19,,XGBoost,51,LOCO,OFAT,Thickness_mean,,all,,19,19,15,19,0.38951905588264246,5.995170450833857,4.649121955068488
ofatseq,n=19,,GPR,42,LOCO,OFAT,Thickness_mean,,all,,19,19,15,19,0.08608096508634966,7.335324661915461,5.128947310755883
ofatseq,n=19,,GPR,43,LOCO,OFAT,Thickness_mean,,all,,19,19,15,19,0.08608269909802835,7.335317703123612,5.1291406622729925
ofatseq,n=19,,GPR,44,LOCO,OFAT,Thickness_mean,,all,,19,19,15,19,0.08605883712451379,7.335413463436974,5.131544150505756
ofatseq,n=19,,GPR,45,LOCO,OFAT,Thickness_mean,,all,,19,19,15,19,0.08605628650017305,7.335423699255119,5.131548671631493
ofatseq,n=19,,GPR,46,LOCO,OFAT,Thickness_mean,,all,,19,19,15,19,0.08605671228549028,7.335421990552479,5.131549171718981
ofatseq,n=19,,GPR,47,LOCO,OFAT,Thickness_mean,,all,,19,19,15,19,0.08608568394651228,7.335305724561776,5.129083814938698
ofatseq,n=19,,GPR,48,LOCO,OFAT,Thickness_mean,,all,,19,19,15,19,0.08605203303939113,7.33544076863273,5.13155359012968
ofatseq,n=19,,GPR,49,LOCO,OFAT,Thickness_mean,,all,,19,19,15,19,0.08605624241502385,7.335423876171508,5.131549626612324
ofatseq,n=19,,GPR,50,LOCO,OFAT,Thickness_mean,,all,,19,19,15,19,0.0860563478284182,7.335423453141128,5.13155028697763
ofatseq,n=19,,GPR,51,LOCO,OFAT,Thickness_mean,,all,,19,19,15,19,0.08605554411605953,7.335426678487228,5.131552446316009
ofatseq,n=20,,Ridge,42,LOCO,OFAT,Thickness_mean,,all,,20,20,15,20,0.014514022042437125,7.824984724180418,6.181944752362347
ofatseq,n=20,,Ridge,43,LOCO,OFAT,Thickness_mean,,all,,20,20,15,20,0.013585006176854098,7.828672154890714,6.103844128866546
ofatseq,n=20,,Ridge,44,LOCO,OFAT,Thickness_mean,,all,,20,20,15,20,-0.011526011362093858,7.927692590632449,6.200627161519353
ofatseq,n=20,,Ridge,45,LOCO,OFAT,Thickness_mean,,all,,20,20,15,20,0.11787382852752104,7.403270661432977,5.935309788116909
ofatseq,n=20,,Ridge,46,LOCO,OFAT,Thickness_mean,,all,,20,20,15,20,0.08571216186920017,7.53702134432602,5.818660474349307
ofatseq,n=20,,Ridge,47,LOCO,OFAT,Thickness_mean,,all,,20,20,15,20,0.15390616900164755,7.250493007395545,5.8123377079244305
ofatseq,n=20,,Ridge,48,LOCO,OFAT,Thickness_mean,,all,,20,20,15,20,0.13762442617752457,7.319922740242612,5.553373200359205
ofatseq,n=20,,Ridge,49,LOCO,OFAT,Thickness_mean,,all,,20,20,15,20,0.037616286772981566,7.732722160352399,6.044272732269805
ofatseq,n=20,,Ridge,50,LOCO,OFAT,Thickness_mean,,all,,20,20,15,20,0.04771491233163194,7.692044101027228,6.155225081073284
ofatseq,n=20,,Ridge,51,LOCO,OFAT,Thickness_mean,,all,,20,20,15,20,-0.035476376698067025,8.020997323907306,6.317521327020508
ofatseq,n=20,,Random Forest,42,LOCO,OFAT,Thickness_mean,,all,,20,20,15,20,0.2490685182609409,6.830593329945039,4.9361542624007955
ofatseq,n=20,,Random Forest,43,LOCO,OFAT,Thickness_mean,,all,,20,20,15,20,0.3315883967359903,6.444366983521025,4.845703609532832
ofatseq,n=20,,Random Forest,44,LOCO,OFAT,Thickness_mean,,all,,20,20,15,20,0.29909989243856816,6.599124730571681,5.250209558219555
ofatseq,n=20,,Random Forest,45,LOCO,OFAT,Thickness_mean,,all,,20,20,15,20,0.3511661097120998,6.349288145577117,4.949394236669582
ofatseq,n=20,,Random Forest,46,LOCO,OFAT,Thickness_mean,,all,,20,20,15,20,0.36786096713892413,6.267070461906063,4.771925215097403
ofatseq,n=20,,Random Forest,47,LOCO,OFAT,Thickness_mean,,all,,20,20,15,20,0.3482243057717449,6.363665659735499,5.024012193407289
ofatseq,n=20,,Random Forest,48,LOCO,OFAT,Thickness_mean,,all,,20,20,15,20,0.3313951810140753,6.445298343062642,4.895334038645382
ofatseq,n=20,,Random Forest,49,LOCO,OFAT,Thickness_mean,,all,,20,20,15,20,0.34210758554425513,6.393456479274221,5.099481596816379
ofatseq,n=20,,Random Forest,50,LOCO,OFAT,Thickness_mean,,all,,20,20,15,20,0.35111962288706255,6.349515594362517,4.940194681051588
ofatseq,n=20,,Random Forest,51,LOCO,OFAT,Thickness_mean,,all,,20,20,15,20,0.33887702515218965,6.409134691337888,5.106980887192668
ofatseq,n=20,,XGBoost,42,LOCO,OFAT,Thickness_mean,,all,,20,20,15,20,0.24733464387991977,6.838474583067226,5.206144008636476
ofatseq,n=20,,XGBoost,43,LOCO,OFAT,Thickness_mean,,all,,20,20,15,20,0.2500873095765559,6.825958212597882,5.380350597381593
ofatseq,n=20,,XGBoost,44,LOCO,OFAT,Thickness_mean,,all,,20,20,15,20,0.22592499405973832,6.935053186828347,5.4485210380554205
ofatseq,n=20,,XGBoost,45,LOCO,OFAT,Thickness_mean,,all,,20,20,15,20,0.20889137080805886,7.0109413592093786,5.410535450935365
ofatseq,n=20,,XGBoost,46,LOCO,OFAT,Thickness_mean,,all,,20,20,15,20,0.2571376887358998,6.793794973190724,5.089944610595704
ofatseq,n=20,,XGBoost,47,LOCO,OFAT,Thickness_mean,,all,,20,20,15,20,0.16704430637126566,7.193979970608595,5.691046546936036
ofatseq,n=20,,XGBoost,48,LOCO,OFAT,Thickness_mean,,all,,20,20,15,20,0.25533413363400626,6.802037116670946,5.133435640335084
ofatseq,n=20,,XGBoost,49,LOCO,OFAT,Thickness_mean,,all,,20,20,15,20,0.2629163846934538,6.767319055351228,4.939421112060548
ofatseq,n=20,,XGBoost,50,LOCO,OFAT,Thickness_mean,,all,,20,20,15,20,0.22918532323974017,6.920432888577033,5.394362424850465
ofatseq,n=20,,XGBoost,51,LOCO,OFAT,Thickness_mean,,all,,20,20,15,20,0.2987821363058941,6.600620432115709,4.898870284080506
ofatseq,n=20,,GPR,42,LOCO,OFAT,Thickness_mean,,all,,20,20,15,20,0.10648486690722059,7.450908496805546,5.435111538248297
ofatseq,n=20,,GPR,43,LOCO,OFAT,Thickness_mean,,all,,20,20,15,20,0.10640778130090811,7.451229893383245,5.438297405884852
ofatseq,n=20,,GPR,44,LOCO,OFAT,Thickness_mean,,all,,20,20,15,20,0.10636557432947114,7.451405862985023,5.43837428762718
ofatseq,n=20,,GPR,45,LOCO,OFAT,Thickness_mean,,all,,20,20,15,20,0.10644656020430698,7.45106821244359,5.438237787429849
ofatseq,n=20,,GPR,46,LOCO,OFAT,Thickness_mean,,all,,20,20,15,20,0.10636602784887406,7.45140397219083,5.438374688186473
ofatseq,n=20,,GPR,47,LOCO,OFAT,Thickness_mean,,all,,20,20,15,20,0.10643515286610472,7.45111577343995,5.438247804580422
ofatseq,n=20,,GPR,48,LOCO,OFAT,Thickness_mean,,all,,20,20,15,20,0.10636527167721854,7.451407124789915,5.438377977044746
ofatseq,n=20,,GPR,49,LOCO,OFAT,Thickness_mean,,all,,20,20,15,20,0.10643014545965679,7.451136650891104,5.438252333577016
ofatseq,n=20,,GPR,50,LOCO,OFAT,Thickness_mean,,all,,20,20,15,20,0.10643600764031791,7.4511122096117814,5.438246446734523
ofatseq,n=20,,GPR,51,LOCO,OFAT,Thickness_mean,,all,,20,20,15,20,0.10644947434057572,7.45105606238918,5.438225327748078
ofatseq,n=21,,Ridge,42,LOCO,OFAT,Thickness_mean,,all,,21,21,16,21,0.14666846733704197,7.280305512877549,5.645166796710261
ofatseq,n=21,,Ridge,43,LOCO,OFAT,Thickness_mean,,all,,21,21,16,21,0.02998165674088149,7.76212587009472,6.0803966967143595
ofatseq,n=21,,Ridge,44,LOCO,OFAT,Thickness_mean,,all,,21,21,16,21,0.14571843891047864,7.284357029160591,5.839308536896019
ofatseq,n=21,,Ridge,45,LOCO,OFAT,Thickness_mean,,all,,21,21,16,21,0.16490880462716928,7.202075335373244,5.600356603224438
ofatseq,n=21,,Ridge,46,LOCO,OFAT,Thickness_mean,,all,,21,21,16,21,0.08109796620324095,7.5548407440637755,5.790020212287676
ofatseq,n=21,,Ridge,47,LOCO,OFAT,Thickness_mean,,all,,21,21,16,21,0.19072163818253418,7.089892850586912,5.764641737512097
ofatseq,n=21,,Ridge,48,LOCO,OFAT,Thickness_mean,,all,,21,21,16,21,0.1076846740726134,7.44474597484987,5.807963221483595
ofatseq,n=21,,Ridge,49,LOCO,OFAT,Thickness_mean,,all,,21,21,16,21,0.06017762193490439,7.640356061594369,6.026097692857711
ofatseq,n=21,,Ridge,50,LOCO,OFAT,Thickness_mean,,all,,21,21,16,21,0.037529148188007455,7.731869234823847,5.9452885398237765
ofatseq,n=21,,Ridge,51,LOCO,OFAT,Thickness_mean,,all,,21,21,16,21,-8.740746739732685e-07,7.8811736614665175,6.014087868940105
ofatseq,n=21,,Random Forest,42,LOCO,OFAT,Thickness_mean,,all,,21,21,16,21,0.3932815947596314,6.138811420065017,4.505001691017316
ofatseq,n=21,,Random Forest,43,LOCO,OFAT,Thickness_mean,,all,,21,21,16,21,0.4094746214232461,6.056336410093367,4.485072474489796
ofatseq,n=21,,Random Forest,44,LOCO,OFAT,Thickness_mean,,all,,21,21,16,21,0.3582469925030922,6.313565112942557,4.832917356106193
ofatseq,n=21,,Random Forest,45,LOCO,OFAT,Thickness_mean,,all,,21,21,16,21,0.41926440019605604,6.00592538336944,4.5424155248488285
ofatseq,n=21,,Random Forest,46,LOCO,OFAT,Thickness_mean,,all,,21,21,16,21,0.3982102570788518,6.113826331962903,4.557251918118256
ofatseq,n=21,,Random Forest,47,LOCO,OFAT,Thickness_mean,,all,,21,21,16,21,0.324720939244583,6.476380389619092,5.004584912385896
ofatseq,n=21,,Random Forest,48,LOCO,OFAT,Thickness_mean,,all,,21,21,16,21,0.26931587183574823,6.736829317959201,5.0039455535767114
ofatseq,n=21,,Random Forest,49,LOCO,OFAT,Thickness_mean,,all,,21,21,16,21,0.3500278546915261,6.353866418173672,4.898633040563934
ofatseq,n=21,,Random Forest,50,LOCO,OFAT,Thickness_mean,,all,,21,21,16,21,0.37694792006775835,6.220895163805253,4.553975274973044
ofatseq,n=21,,Random Forest,51,LOCO,OFAT,Thickness_mean,,all,,21,21,16,21,0.4208394374860923,5.997775393020768,4.586124503958344
ofatseq,n=21,,XGBoost,42,LOCO,OFAT,Thickness_mean,,all,,21,21,16,21,0.3154627281370037,6.520625489414564,4.760142696017311
ofatseq,n=21,,XGBoost,43,LOCO,OFAT,Thickness_mean,,all,,21,21,16,21,0.31534124415447906,6.521204067413997,4.875330646151589
ofatseq,n=21,,XGBoost,44,LOCO,OFAT,Thickness_mean,,all,,21,21,16,21,0.27981930707808367,6.6882337746776335,4.940126798720588
ofatseq,n=21,,XGBoost,45,LOCO,OFAT,Thickness_mean,,all,,21,21,16,21,0.31738263867352756,6.511474922747631,4.873312401544481
ofatseq,n=21,,XGBoost,46,LOCO,OFAT,Thickness_mean,,all,,21,21,16,21,0.26867841156422223,6.739767334983482,4.799826660156252
ofatseq,n=21,,XGBoost,47,LOCO,OFAT,Thickness_mean,,all,,21,21,16,21,0.2829034543474692,6.673897352113698,5.1657800837925505
ofatseq,n=21,,XGBoost,48,LOCO,OFAT,Thickness_mean,,all,,21,21,16,21,0.26144184242585355,6.7730309034900635,5.196581960405623
ofatseq,n=21,,XGBoost,49,LOCO,OFAT,Thickness_mean,,all,,21,21,16,21,0.29645721458126706,6.61052518879233,4.870142671494258
ofatseq,n=21,,XGBoost,50,LOCO,OFAT,Thickness_mean,,all,,21,21,16,21,0.3305587769102505,6.448325228372928,4.925927658081055
ofatseq,n=21,,XGBoost,51,LOCO,OFAT,Thickness_mean,,all,,21,21,16,21,0.37475493057568654,6.231833554681189,4.605091111319406
ofatseq,n=21,,GPR,42,LOCO,OFAT,Thickness_mean,,all,,21,21,16,21,-0.0012985140930705796,7.886285462384215,5.914506148743954
ofatseq,n=21,,GPR,43,LOCO,OFAT,Thickness_mean,,all,,21,21,16,21,-0.03880686429700919,8.03263647246575,6.19412197199061
ofatseq,n=21,,GPR,44,LOCO,OFAT,Thickness_mean,,all,,21,21,16,21,-0.03880926422771114,8.03264575126454,6.194129954135347
ofatseq,n=21,,GPR,45,LOCO,OFAT,Thickness_mean,,all,,21,21,16,21,-0.038809335753616114,8.032646027803395,6.194129769342337
ofatseq,n=21,,GPR,46,LOCO,OFAT,Thickness_mean,,all,,21,21,16,21,-0.03881030911020367,8.032649791067174,6.1941339485602676
ofatseq,n=21,,GPR,47,LOCO,OFAT,Thickness_mean,,all,,21,21,16,21,-0.010551922392278534,7.922641851067463,6.1042275720192185
ofatseq,n=21,,GPR,48,LOCO,OFAT,Thickness_mean,,all,,21,21,16,21,-0.038167869620747696,8.030165560070934,6.198182972983264
ofatseq,n=21,,GPR,49,LOCO,OFAT,Thickness_mean,,all,,21,21,16,21,-0.038834967920143404,8.03274512820781,6.1942987654558905
ofatseq,n=21,,GPR,50,LOCO,OFAT,Thickness_mean,,all,,21,21,16,21,-0.038809929458354375,8.032648323229111,6.194132592617041
ofatseq,n=21,,GPR,51,LOCO,OFAT,Thickness_mean,,all,,21,21,16,21,-0.03881130105603625,8.032653626200265,6.194133452122984
ofatseq,n=22,,Ridge,42,LOCO,OFAT,Thickness_mean,,all,,22,22,17,22,0.12827429039048943,7.192741008993109,5.691281411406752
ofatseq,n=22,,Ridge,43,LOCO,OFAT,Thickness_mean,,all,,22,22,17,22,-0.07475754498802889,7.986559780659633,6.063516788547591
ofatseq,n=22,,Ridge,44,LOCO,OFAT,Thickness_mean,,all,,22,22,17,22,0.08888264526253198,7.3534586558940385,5.911144633780841
ofatseq,n=22,,Ridge,45,LOCO,OFAT,Thickness_mean,,all,,22,22,17,22,-0.010821666546713349,7.745362822574663,6.15192109541021
ofatseq,n=22,,Ridge,46,LOCO,OFAT,Thickness_mean,,all,,22,22,17,22,0.13994633275440382,7.144424834932895,5.041046442491848
ofatseq,n=22,,Ridge,47,LOCO,OFAT,Thickness_mean,,all,,22,22,17,22,0.13917548599953267,7.147625811484851,5.705272743851854
ofatseq,n=22,,Ridge,48,LOCO,OFAT,Thickness_mean,,all,,22,22,17,22,0.033652878396955965,7.573054358527355,5.919528574338381
ofatseq,n=22,,Ridge,49,LOCO,OFAT,Thickness_mean,,all,,22,22,17,22,-0.10261666009738657,8.089408565841511,6.277559328870805
ofatseq,n=22,,Ridge,50,LOCO,OFAT,Thickness_mean,,all,,22,22,17,22,0.0529082533941031,7.497224598702084,5.80162082757804
ofatseq,n=22,,Ridge,51,LOCO,OFAT,Thickness_mean,,all,,22,22,17,22,0.0002599037101757018,7.702789872878598,5.714692024689751
ofatseq,n=22,,Random Forest,42,LOCO,OFAT,Thickness_mean,,all,,22,22,17,22,0.4266863297715182,5.833116416713816,4.222794565459794
ofatseq,n=22,,Random Forest,43,LOCO,OFAT,Thickness_mean,,all,,22,22,17,22,0.4150853834222552,5.891837124098102,4.474245923889875
ofatseq,n=22,,Random Forest,44,LOCO,OFAT,Thickness_mean,,all,,22,22,17,22,0.40162268678513835,5.959256174850522,4.609237541732257
ofatseq,n=22,,Random Forest,45,LOCO,OFAT,Thickness_mean,,all,,22,22,17,22,0.39757798683662826,5.979362893699239,4.5661069997458315
ofatseq,n=22,,Random Forest,46,LOCO,OFAT,Thickness_mean,,all,,22,22,17,22,0.4254391057146435,5.839457841189557,4.331348268675767
ofatseq,n=22,,Random Forest,47,LOCO,OFAT,Thickness_mean,,all,,22,22,17,22,0.4213261663342214,5.860321171826571,4.308172425465949
ofatseq,n=22,,Random Forest,48,LOCO,OFAT,Thickness_mean,,all,,22,22,17,22,0.3850369275061324,6.041280690272492,4.576792907032992
ofatseq,n=22,,Random Forest,49,LOCO,OFAT,Thickness_mean,,all,,22,22,17,22,0.4217017718638595,5.858418954887509,4.589758017430801
ofatseq,n=22,,Random Forest,50,LOCO,OFAT,Thickness_mean,,all,,22,22,17,22,0.41074868509310714,5.913638540668681,4.407816412993572
ofatseq,n=22,,Random Forest,51,LOCO,OFAT,Thickness_mean,,all,,22,22,17,22,0.4377342165391501,5.776640266142427,4.4495817830386155
ofatseq,n=22,,XGBoost,42,LOCO,OFAT,Thickness_mean,,all,,22,22,17,22,0.3169813282965297,6.366793783201501,4.461754727797075
ofatseq,n=22,,XGBoost,43,LOCO,OFAT,Thickness_mean,,all,,22,22,17,22,0.3341335673355581,6.286342751642725,4.645035780993376
ofatseq,n=22,,XGBoost,44,LOCO,OFAT,Thickness_mean,,all,,22,22,17,22,0.24513145182411566,6.693297994944529,4.978937913721259
ofatseq,n=22,,XGBoost,45,LOCO,OFAT,Thickness_mean,,all,,22,22,17,22,0.30198226285175533,6.436321431056115,4.727863122766669
ofatseq,n=22,,XGBoost,46,LOCO,OFAT,Thickness_mean,,all,,22,22,17,22,0.24381117838584287,6.699148763901866,5.086700792312623
ofatseq,n=22,,XGBoost,47,LOCO,OFAT,Thickness_mean,,all,,22,22,17,22,0.3104433608381031,6.3971932098467885,4.6059419735995215
ofatseq,n=22,,XGBoost,48,LOCO,OFAT,Thickness_mean,,all,,22,22,17,22,0.3192130602403822,6.35638367038164,4.625280494689942
ofatseq,n=22,,XGBoost,49,LOCO,OFAT,Thickness_mean,,all,,22,22,17,22,0.26037078017153703,6.6253911843009154,4.8998499844291
ofatseq,n=22,,XGBoost,50,LOCO,OFAT,Thickness_mean,,all,,22,22,17,22,0.3199826600275465,6.352789847903829,4.706188836531206
ofatseq,n=22,,XGBoost,51,LOCO,OFAT,Thickness_mean,,all,,22,22,17,22,0.36757385371755713,6.1264571988518775,4.573870209780607
ofatseq,n=22,,GPR,42,LOCO,OFAT,Thickness_mean,,all,,22,22,17,22,-0.0493003941237804,7.8914064679152185,6.073589393069908
ofatseq,n=22,,GPR,43,LOCO,OFAT,Thickness_mean,,all,,22,22,17,22,-0.049032764664295625,7.890400031844113,6.071802152548372
ofatseq,n=22,,GPR,44,LOCO,OFAT,Thickness_mean,,all,,22,22,17,22,-0.04073681047377464,7.859138698500588,5.979729943034104
ofatseq,n=22,,GPR,45,LOCO,OFAT,Thickness_mean,,all,,22,22,17,22,-0.04781765704421015,7.885828933819361,6.0268514223152385
ofatseq,n=22,,GPR,46,LOCO,OFAT,Thickness_mean,,all,,22,22,17,22,-0.04903439431073142,7.890406160612312,6.071808645894942
ofatseq,n=22,,GPR,47,LOCO,OFAT,Thickness_mean,,all,,22,22,17,22,-0.01655821084647746,7.767309698993474,5.9728721553359145
ofatseq,n=22,,GPR,48,LOCO,OFAT,Thickness_mean,,all,,22,22,17,22,-0.015443405811901734,7.763049534084487,5.92843197459791
ofatseq,n=22,,GPR,49,LOCO,OFAT,Thickness_mean,,all,,22,22,17,22,-0.04913602264502992,7.890788354665714,6.072321139230129
ofatseq,n=22,,GPR,50,LOCO,OFAT,Thickness_mean,,all,,22,22,17,22,-0.04903510498533303,7.890408833313196,6.071808890537537
ofatseq,n=22,,GPR,51,LOCO,OFAT,Thickness_mean,,all,,22,22,17,22,-0.049035698206171485,7.890411064293961,6.071809995950124
ofatseq,n=23,,Ridge,42,LOCO,OFAT,Thickness_mean,,all,,23,23,17,23,0.10039209611585087,7.43700096728714,6.002617484441749
ofatseq,n=23,,Ridge,43,LOCO,OFAT,Thickness_mean,,all,,23,23,17,23,-0.03565780198341573,7.979567399537223,6.061339726747301
ofatseq,n=23,,Ridge,44,LOCO,OFAT,Thickness_mean,,all,,23,23,17,23,0.09182263892739473,7.472338589309808,5.996045514977004
ofatseq,n=23,,Ridge,45,LOCO,OFAT,Thickness_mean,,all,,23,23,17,23,0.05528518806711613,7.621168592828083,5.994765086294563
ofatseq,n=23,,Ridge,46,LOCO,OFAT,Thickness_mean,,all,,23,23,17,23,0.1919841815251616,7.048247374719965,5.049623329711103
ofatseq,n=23,,Ridge,47,LOCO,OFAT,Thickness_mean,,all,,23,23,17,23,0.014114430683266566,7.785463296650704,6.280275002378729
ofatseq,n=23,,Ridge,48,LOCO,OFAT,Thickness_mean,,all,,23,23,17,23,0.016407019746990104,7.776405827337717,6.194683693212466
ofatseq,n=23,,Ridge,49,LOCO,OFAT,Thickness_mean,,all,,23,23,17,23,-0.09388067642923525,8.20079927291379,6.475648666207042
ofatseq,n=23,,Ridge,50,LOCO,OFAT,Thickness_mean,,all,,23,23,17,23,-0.014976980558044639,7.899494536824964,6.0276030392627
ofatseq,n=23,,Ridge,51,LOCO,OFAT,Thickness_mean,,all,,23,23,17,23,0.05844052640583797,7.608430633055643,6.103362334495517
ofatseq,n=23,,Random Forest,42,LOCO,OFAT,Thickness_mean,,all,,23,23,17,23,0.3538821506121068,6.302706391041795,4.605363291533347
ofatseq,n=23,,Random Forest,43,LOCO,OFAT,Thickness_mean,,all,,23,23,17,23,0.3978995320573048,6.084230923776647,4.415021885469603
ofatseq,n=23,,Random Forest,44,LOCO,OFAT,Thickness_mean,,all,,23,23,17,23,0.35302030963359576,6.306908504073728,4.944974417846645
ofatseq,n=23,,Random Forest,45,LOCO,OFAT,Thickness_mean,,all,,23,23,17,23,0.4038030456691897,6.054329918960471,4.5247152996716435
ofatseq,n=23,,Random Forest,46,LOCO,OFAT,Thickness_mean,,all,,23,23,17,23,0.3921414977200224,6.11325419544101,4.464925570220842
ofatseq,n=23,,Random Forest,47,LOCO,OFAT,Thickness_mean,,all,,23,23,17,23,0.42163480853108515,5.963102581038007,4.07768046428662
ofatseq,n=23,,Random Forest,48,LOCO,OFAT,Thickness_mean,,all,,23,23,17,23,0.2828294805842477,6.640219277423005,4.761946096672048
ofatseq,n=23,,Random Forest,49,LOCO,OFAT,Thickness_mean,,all,,23,23,17,23,0.4158025312983695,5.993093346456501,4.4254625698757755
ofatseq,n=23,,Random Forest,50,LOCO,OFAT,Thickness_mean,,all,,23,23,17,23,0.357667461246975,6.2842169257357625,4.559279789000251
ofatseq,n=23,,Random Forest,51,LOCO,OFAT,Thickness_mean,,all,,23,23,17,23,0.4159413191540339,5.992381414254102,4.368093830315218
ofatseq,n=23,,XGBoost,42,LOCO,OFAT,Thickness_mean,,all,,23,23,17,23,0.2752594935171202,6.675172209364052,4.709809319869332
ofatseq,n=23,,XGBoost,43,LOCO,OFAT,Thickness_mean,,all,,23,23,17,23,0.25524963647106647,6.766694486120547,5.282853362041971
ofatseq,n=23,,XGBoost,44,LOCO,OFAT,Thickness_mean,,all,,23,23,17,23,0.2796409706526386,6.654963974677282,4.691739057457966
ofatseq,n=23,,XGBoost,45,LOCO,OFAT,Thickness_mean,,all,,23,23,17,23,0.2298389609930651,6.88116511719479,5.282422817064369
ofatseq,n=23,,XGBoost,46,LOCO,OFAT,Thickness_mean,,all,,23,23,17,23,0.24924722293209467,6.793908295083391,4.9317128189750346
ofatseq,n=23,,XGBoost,47,LOCO,OFAT,Thickness_mean,,all,,23,23,17,23,0.24495926180064442,6.813282539659966,5.148352340200673
ofatseq,n=23,,XGBoost,48,LOCO,OFAT,Thickness_mean,,all,,23,23,17,23,0.2788224771069405,6.658743686211857,5.073840696915337
ofatseq,n=23,,XGBoost,49,LOCO,OFAT,Thickness_mean,,all,,23,23,17,23,0.22947971694322655,6.882769800693582,5.097880308731743
ofatseq,n=23,,XGBoost,50,LOCO,OFAT,Thickness_mean,,all,,23,23,17,23,0.31915111559692355,6.469885157010946,4.632982922429624
ofatseq,n=23,,XGBoost,51,LOCO,OFAT,Thickness_mean,,all,,23,23,17,23,0.31395176490824683,6.494542040963775,4.7566051532911215
ofatseq,n=23,,GPR,42,LOCO,OFAT,Thickness_mean,,all,,23,23,17,23,-0.13515437649287487,8.35408078596503,6.464348495996133
ofatseq,n=23,,GPR,43,LOCO,OFAT,Thickness_mean,,all,,23,23,17,23,-0.13575182008117626,8.356278916704728,6.465403475425032
ofatseq,n=23,,GPR,44,LOCO,OFAT,Thickness_mean,,all,,23,23,17,23,-0.12305311253105211,8.309432316049236,6.425667496743051
ofatseq,n=23,,GPR,45,LOCO,OFAT,Thickness_mean,,all,,23,23,17,23,-0.13388763514677637,8.349418242392932,6.419772755731467
ofatseq,n=23,,GPR,46,LOCO,OFAT,Thickness_mean,,all,,23,23,17,23,-0.12365908063378739,8.311673782566789,6.419685460611674
ofatseq,n=23,,GPR,47,LOCO,OFAT,Thickness_mean,,all,,23,23,17,23,-0.08831607585547396,8.179913834046335,6.322406924874064
ofatseq,n=23,,GPR,48,LOCO,OFAT,Thickness_mean,,all,,23,23,17,23,-0.09313316310935149,8.19799674862415,6.395320851371416
ofatseq,n=23,,GPR,49,LOCO,OFAT,Thickness_mean,,all,,23,23,17,23,-0.13512394061005528,8.3539687899522,6.463491797880112
ofatseq,n=23,,GPR,50,LOCO,OFAT,Thickness_mean,,all,,23,23,17,23,-0.13515361432120176,8.354077981392837,6.464345599109264
ofatseq,n=23,,GPR,51,LOCO,OFAT,Thickness_mean,,all,,23,23,17,23,-0.13574618646152925,8.3562581920382,6.465398920520852
ofatseq,n=24,,Ridge,42,LOCO,OFAT,Thickness_mean,,all,,24,24,17,24,0.12823521489451517,7.280181934145467,5.804854667949705
ofatseq,n=24,,Ridge,43,LOCO,OFAT,Thickness_mean,,all,,24,24,17,24,-0.06930407769714475,8.06293545516284,6.396910118155533
ofatseq,n=24,,Ridge,44,LOCO,OFAT,Thickness_mean,,all,,24,24,17,24,-0.019037459420711444,7.871140164942408,6.214951146956864
ofatseq,n=24,,Ridge,45,LOCO,OFAT,Thickness_mean,,all,,24,24,17,24,0.04483049726361843,7.62048821052491,6.170626245250834
ofatseq,n=24,,Ridge,46,LOCO,OFAT,Thickness_mean,,all,,24,24,17,24,0.16755077417136233,7.11412429325366,4.976863941706416
ofatseq,n=24,,Ridge,47,LOCO,OFAT,Thickness_mean,,all,,24,24,17,24,0.1200569699460694,7.3142508283397305,5.919172812587103
ofatseq,n=24,,Ridge,48,LOCO,OFAT,Thickness_mean,,all,,24,24,17,24,0.05590313257068957,7.576189868098241,6.023601041319665
ofatseq,n=24,,Ridge,49,LOCO,OFAT,Thickness_mean,,all,,24,24,17,24,-0.2608378630917918,8.755323407849524,7.0258393733745335
ofatseq,n=24,,Ridge,50,LOCO,OFAT,Thickness_mean,,all,,24,24,17,24,-0.12072790212391027,8.25453596269215,6.395331087029304
ofatseq,n=24,,Ridge,51,LOCO,OFAT,Thickness_mean,,all,,24,24,17,24,0.04611315770012392,7.615369861184123,6.180449885884137
ofatseq,n=24,,Random Forest,42,LOCO,OFAT,Thickness_mean,,all,,24,24,17,24,0.36621922261117534,6.207433893218008,4.595580406633299
ofatseq,n=24,,Random Forest,43,LOCO,OFAT,Thickness_mean,,all,,24,24,17,24,0.3782856193417069,6.148059023761256,4.392966920770202
ofatseq,n=24,,Random Forest,44,LOCO,OFAT,Thickness_mean,,all,,24,24,17,24,0.343294029049667,6.318704625120219,4.846675021607443
ofatseq,n=24,,Random Forest,45,LOCO,OFAT,Thickness_mean,,all,,24,24,17,24,0.38291808019463247,6.1251112721097085,4.615063596681096
ofatseq,n=24,,Random Forest,46,LOCO,OFAT,Thickness_mean,,all,,24,24,17,24,0.3724996927501144,6.1766009393117685,4.610439017443785
ofatseq,n=24,,Random Forest,47,LOCO,OFAT,Thickness_mean,,all,,24,24,17,24,0.320105693498397,6.4292938254674,5.135136380787328
ofatseq,n=24,,Random Forest,48,LOCO,OFAT,Thickness_mean,,all,,24,24,17,24,0.35922910800520425,6.241571634284791,4.733875247489779
ofatseq,n=24,,Random Forest,49,LOCO,OFAT,Thickness_mean,,all,,24,24,17,24,0.3862322127507559,6.108641206501412,4.5413424437830665
ofatseq,n=24,,Random Forest,50,LOCO,OFAT,Thickness_mean,,all,,24,24,17,24,0.3369833113179015,6.348992320853607,4.720852647644602
ofatseq,n=24,,Random Forest,51,LOCO,OFAT,Thickness_mean,,all,,24,24,17,24,0.26567991439583394,6.681673891771776,4.8361107007749204
ofatseq,n=24,,XGBoost,42,LOCO,OFAT,Thickness_mean,,all,,24,24,17,24,0.2597926918911718,6.708404723175185,4.727347403367361
ofatseq,n=24,,XGBoost,43,LOCO,OFAT,Thickness_mean,,all,,24,24,17,24,0.24805260138469887,6.761394910274099,5.356243023872376
ofatseq,n=24,,XGBoost,44,LOCO,OFAT,Thickness_mean,,all,,24,24,17,24,0.23831511784571824,6.805033063869138,4.896760314305624
ofatseq,n=24,,XGBoost,45,LOCO,OFAT,Thickness_mean,,all,,24,24,17,24,0.18508978885552718,7.038780976387629,5.387307006518046
ofatseq,n=24,,XGBoost,46,LOCO,OFAT,Thickness_mean,,all,,24,24,17,24,0.23864594870819544,6.803555051423915,4.988741606076559
ofatseq,n=24,,XGBoost,47,LOCO,OFAT,Thickness_mean,,all,,24,24,17,24,0.20355426089043638,6.958580702186406,5.5001627524693815
ofatseq,n=24,,XGBoost,48,LOCO,OFAT,Thickness_mean,,all,,24,24,17,24,0.27249782686547463,6.650583020623054,5.121791372299195
ofatseq,n=24,,XGBoost,49,LOCO,OFAT,Thickness_mean,,all,,24,24,17,24,0.20590809087083684,6.948290336553233,5.167173097133637
ofatseq,n=24,,XGBoost,50,LOCO,OFAT,Thickness_mean,,all,,24,24,17,24,0.2549057060889346,6.730513357379206,4.827585179011027
ofatseq,n=24,,XGBoost,51,LOCO,OFAT,Thickness_mean,,all,,24,24,17,24,0.2888512543802304,6.575409365804461,4.922981243133545
ofatseq,n=24,,GPR,42,LOCO,OFAT,Thickness_mean,,all,,24,24,17,24,-0.14873329293147597,8.357034129479615,6.537806824208221
ofatseq,n=24,,GPR,43,LOCO,OFAT,Thickness_mean,,all,,24,24,17,24,-0.1816654092230614,8.4759782395441,6.891576620414509
ofatseq,n=24,,GPR,44,LOCO,OFAT,Thickness_mean,,all,,24,24,17,24,-0.13903171814849746,8.32166982842406,6.503346090979455
ofatseq,n=24,,GPR,45,LOCO,OFAT,Thickness_mean,,all,,24,24,17,24,-0.14862725347473305,8.356648402080506,6.536800951346232
ofatseq,n=24,,GPR,46,LOCO,OFAT,Thickness_mean,,all,,24,24,17,24,-0.14980983134147574,8.360949120654551,6.533291069860719
ofatseq,n=24,,GPR,47,LOCO,OFAT,Thickness_mean,,all,,24,24,17,24,-0.09193921908405889,8.147827092627034,6.355864597717852
ofatseq,n=24,,GPR,48,LOCO,OFAT,Thickness_mean,,all,,24,24,17,24,-0.08933807134796123,8.138116690137943,6.341749982225597
ofatseq,n=24,,GPR,49,LOCO,OFAT,Thickness_mean,,all,,24,24,17,24,-0.15228252443992663,8.369934501343451,6.543272561609636
ofatseq,n=24,,GPR,50,LOCO,OFAT,Thickness_mean,,all,,24,24,17,24,-0.14873221872417997,8.357030222049932,6.537806369714967
ofatseq,n=24,,GPR,51,LOCO,OFAT,Thickness_mean,,all,,24,24,17,24,-0.14873437236804832,8.357038055928953,6.537811943956144
ofatseq,n=25,,Ridge,42,LOCO,OFAT,Thickness_mean,,all,,25,25,17,25,0.15888099685638035,7.141580923669098,5.8104335775607225
ofatseq,n=25,,Ridge,43,LOCO,OFAT,Thickness_mean,,all,,25,25,17,25,-0.07148527989609388,8.060439892401702,6.396485821404329
ofatseq,n=25,,Ridge,44,LOCO,OFAT,Thickness_mean,,all,,25,25,17,25,0.09844235846976412,7.393709594072901,5.9610323465287545
ofatseq,n=25,,Ridge,45,LOCO,OFAT,Thickness_mean,,all,,25,25,17,25,0.01978936088757255,7.709484599168201,6.324030978561935
ofatseq,n=25,,Ridge,46,LOCO,OFAT,Thickness_mean,,all,,25,25,17,25,0.19159851980046572,7.0013080931016525,4.856416849007189
ofatseq,n=25,,Ridge,47,LOCO,OFAT,Thickness_mean,,all,,25,25,17,25,0.09139574677841023,7.422548122463087,6.167355494868773
ofatseq,n=25,,Ridge,48,LOCO,OFAT,Thickness_mean,,all,,25,25,17,25,0.02722593237594928,7.680184117180649,6.013544847386174
ofatseq,n=25,,Ridge,49,LOCO,OFAT,Thickness_mean,,all,,25,25,17,25,-0.09256617900646247,8.13934609279328,6.411868550030021
ofatseq,n=25,,Ridge,50,LOCO,OFAT,Thickness_mean,,all,,25,25,17,25,-0.11420927930411451,8.219568605853683,6.452020710746658
ofatseq,n=25,,Ridge,51,LOCO,OFAT,Thickness_mean,,all,,25,25,17,25,-0.029524326854662997,7.901034274663215,6.426647380657926
ofatseq,n=25,,Random Forest,42,LOCO,OFAT,Thickness_mean,,all,,25,25,17,25,0.3542021995937116,6.257688200902172,4.557049437518039
ofatseq,n=25,,Random Forest,43,LOCO,OFAT,Thickness_mean,,all,,25,25,17,25,0.3341570170106938,6.3540635317444965,4.644099501695528
ofatseq,n=25,,Random Forest,44,LOCO,OFAT,Thickness_mean,,all,,25,25,17,25,0.21136400053380078,6.915187148503099,5.201304172569098
ofatseq,n=25,,Random Forest,45,LOCO,OFAT,Thickness_mean,,all,,25,25,17,25,0.3925703780754015,6.068950882694324,4.53857244119769
ofatseq,n=25,,Random Forest,46,LOCO,OFAT,Thickness_mean,,all,,25,25,17,25,0.33067305042921324,6.370665390694019,4.828251675568876
ofatseq,n=25,,Random Forest,47,LOCO,OFAT,Thickness_mean,,all,,25,25,17,25,0.30058210813701847,6.512294141186936,5.0434504831890345
ofatseq,n=25,,Random Forest,48,LOCO,OFAT,Thickness_mean,,all,,25,25,17,25,0.3324730242799516,6.36209353289276,4.728367087337663
ofatseq,n=25,,Random Forest,49,LOCO,OFAT,Thickness_mean,,all,,25,25,17,25,0.356459837011206,6.246740532938377,4.7511547246336985
ofatseq,n=25,,Random Forest,50,LOCO,OFAT,Thickness_mean,,all,,25,25,17,25,0.30235931016773177,6.504015096603032,4.797761277200579
ofatseq,n=25,,Random Forest,51,LOCO,OFAT,Thickness_mean,,all,,25,25,17,25,0.3331500795682849,6.358866261167499,4.7904126285492294
ofatseq,n=25,,XGBoost,42,LOCO,OFAT,Thickness_mean,,all,,25,25,17,25,0.1956145558813681,6.983895634893566,5.161864366912843
ofatseq,n=25,,XGBoost,43,LOCO,OFAT,Thickness_mean,,all,,25,25,17,25,0.21631449993481067,6.893448651416546,5.336948625183107
ofatseq,n=25,,XGBoost,44,LOCO,OFAT,Thickness_mean,,all,,25,25,17,25,0.14179753402537354,7.213740547912035,5.666334889221193
ofatseq,n=25,,XGBoost,45,LOCO,OFAT,Thickness_mean,,all,,25,25,17,25,0.1848773164737494,7.03035294906115,5.4080405334472665
ofatseq,n=25,,XGBoost,46,LOCO,OFAT,Thickness_mean,,all,,25,25,17,25,0.1630778977287748,7.123741599597329,5.6139441696167
ofatseq,n=25,,XGBoost,47,LOCO,OFAT,Thickness_mean,,all,,25,25,17,25,0.18050535042161175,7.049181624134588,5.437863645935059
ofatseq,n=25,,XGBoost,48,LOCO,OFAT,Thickness_mean,,all,,25,25,17,25,0.2701984861251866,6.6522416823179515,5.1329982940673835
ofatseq,n=25,,XGBoost,49,LOCO,OFAT,Thickness_mean,,all,,25,25,17,25,0.15637048225202832,7.152230834515312,5.4441645614624035
ofatseq,n=25,,XGBoost,50,LOCO,OFAT,Thickness_mean,,all,,25,25,17,25,0.16208929831990626,7.127947754643065,5.34853111190796
ofatseq,n=25,,XGBoost,51,LOCO,OFAT,Thickness_mean,,all,,25,25,17,25,0.26054155831314185,6.696109158654346,5.074535513305665
ofatseq,n=25,,GPR,42,LOCO,OFAT,Thickness_mean,,all,,25,25,17,25,-0.1626344163623965,8.396286062336012,6.641257186637553
ofatseq,n=25,,GPR,43,LOCO,OFAT,Thickness_mean,,all,,25,25,17,25,-0.19783193210383554,8.522432740293187,7.002072072016766
ofatseq,n=25,,GPR,44,LOCO,OFAT,Thickness_mean,,all,,25,25,17,25,-0.16276229103031303,8.39674779078477,6.641583411481703
ofatseq,n=25,,GPR,45,LOCO,OFAT,Thickness_mean,,all,,25,25,17,25,-0.16263288724234481,8.396280540852468,6.641252701257762
ofatseq,n=25,,GPR,46,LOCO,OFAT,Thickness_mean,,all,,25,25,17,25,-0.16348226843027303,8.399347003515844,6.636985307075822
ofatseq,n=25,,GPR,47,LOCO,OFAT,Thickness_mean,,all,,25,25,17,25,-0.09542942073669547,8.150004333575897,6.42360032058892
ofatseq,n=25,,GPR,48,LOCO,OFAT,Thickness_mean,,all,,25,25,17,25,-0.09543883804672193,8.150039365934495,6.423607407722704
ofatseq,n=25,,GPR,49,LOCO,OFAT,Thickness_mean,,all,,25,25,17,25,-0.16263329717969577,8.396282021091302,6.641254808211224
ofatseq,n=25,,GPR,50,LOCO,OFAT,Thickness_mean,,all,,25,25,17,25,-0.16263214301067963,8.396277853512844,6.6412530466331114
ofatseq,n=25,,GPR,51,LOCO,OFAT,Thickness_mean,,all,,25,25,17,25,-0.16263768001670464,8.396297847018955,6.641262980109782
ofatseq,n=26,,Ridge,42,LOCO,OFAT,Thickness_mean,,all,,26,26,17,26,0.13910360126864452,7.153921153066732,5.863793972122585
ofatseq,n=26,,Ridge,43,LOCO,OFAT,Thickness_mean,,all,,26,26,17,26,-0.07527376599262814,7.995179689220768,6.268558314174531
ofatseq,n=26,,Ridge,44,LOCO,OFAT,Thickness_mean,,all,,26,26,17,26,0.08865328193704336,7.360554296169344,5.931762326924542
ofatseq,n=26,,Ridge,45,LOCO,OFAT,Thickness_mean,,all,,26,26,17,26,-0.018281235372538784,7.780411625433637,6.523007592808205
ofatseq,n=26,,Ridge,46,LOCO,OFAT,Thickness_mean,,all,,26,26,17,26,0.21159237061849978,6.846113782650389,4.647910401058439
ofatseq,n=26,,Ridge,47,LOCO,OFAT,Thickness_mean,,all,,26,26,17,26,0.12060966909836734,7.230353763599619,5.967257888737289
ofatseq,n=26,,Ridge,48,LOCO,OFAT,Thickness_mean,,all,,26,26,17,26,-0.0947562058700715,8.067285217044187,6.671168339060889
ofatseq,n=26,,Ridge,49,LOCO,OFAT,Thickness_mean,,all,,26,26,17,26,-0.11631692462019227,8.146338616276894,6.603324854761937
ofatseq,n=26,,Ridge,50,LOCO,OFAT,Thickness_mean,,all,,26,26,17,26,-0.08333479348766293,8.025092547817927,6.3936988151022165
ofatseq,n=26,,Ridge,51,LOCO,OFAT,Thickness_mean,,all,,26,26,17,26,-0.07299528392569199,7.986704389883348,6.451418051640484
ofatseq,n=26,,Random Forest,42,LOCO,OFAT,Thickness_mean,,all,,26,26,17,26,0.3237381429870274,6.3405385896161155,4.76154613703506
ofatseq,n=26,,Random Forest,43,LOCO,OFAT,Thickness_mean,,all,,26,26,17,26,0.3046431225800307,6.429431607498783,4.768925469079531
ofatseq,n=26,,Random Forest,44,LOCO,OFAT,Thickness_mean,,all,,26,26,17,26,0.29218057817345466,6.486791534098536,5.153667612254201
ofatseq,n=26,,Random Forest,45,LOCO,OFAT,Thickness_mean,,all,,26,26,17,26,0.344040261920163,6.244638404090526,4.787545433177932
ofatseq,n=26,,Random Forest,46,LOCO,OFAT,Thickness_mean,,all,,26,26,17,26,0.30237757116809927,6.439896998026471,4.920972569132257
ofatseq,n=26,,Random Forest,47,LOCO,OFAT,Thickness_mean,,all,,26,26,17,26,0.2905020821662404,6.494478244944026,5.072230893222697
ofatseq,n=26,,Random Forest,48,LOCO,OFAT,Thickness_mean,,all,,26,26,17,26,0.3014550937402397,6.444153381431549,4.92653589570152
ofatseq,n=26,,Random Forest,49,LOCO,OFAT,Thickness_mean,,all,,26,26,17,26,0.3475419017257637,6.227948557784039,4.808779234584856
ofatseq,n=26,,Random Forest,50,LOCO,OFAT,Thickness_mean,,all,,26,26,17,26,0.2728472848361366,6.574784441356055,4.946948863599009
ofatseq,n=26,,Random Forest,51,LOCO,OFAT,Thickness_mean,,all,,26,26,17,26,0.33800495408526654,6.273300240660856,4.716763280045277
ofatseq,n=26,,XGBoost,42,LOCO,OFAT,Thickness_mean,,all,,26,26,17,26,0.17427298287272797,7.006271312232882,5.137066692939173
ofatseq,n=26,,XGBoost,43,LOCO,OFAT,Thickness_mean,,all,,26,26,17,26,0.201832188778989,6.888359559981784,5.401821016898523
ofatseq,n=26,,XGBoost,44,LOCO,OFAT,Thickness_mean,,all,,26,26,17,26,0.11832369543827992,7.239745310350246,5.725980080824633
ofatseq,n=26,,XGBoost,45,LOCO,OFAT,Thickness_mean,,all,,26,26,17,26,0.11880256559033409,7.237778960116705,5.616969151863685
ofatseq,n=26,,XGBoost,46,LOCO,OFAT,Thickness_mean,,all,,26,26,17,26,0.1696887706673751,7.025692851787437,5.465528423602764
ofatseq,n=26,,XGBoost,47,LOCO,OFAT,Thickness_mean,,all,,26,26,17,26,0.15671470169873047,7.0803702433074305,5.695384537623481
ofatseq,n=26,,XGBoost,48,LOCO,OFAT,Thickness_mean,,all,,26,26,17,26,0.2208789955479662,6.805674282824764,5.405135291906504
ofatseq,n=26,,XGBoost,49,LOCO,OFAT,Thickness_mean,,all,,26,26,17,26,0.14624375631350517,7.124192569804527,5.42000124857976
ofatseq,n=26,,XGBoost,50,LOCO,OFAT,Thickness_mean,,all,,26,26,17,26,0.22121315770664196,6.804214661855879,5.215257606506349
ofatseq,n=26,,XGBoost,51,LOCO,OFAT,Thickness_mean,,all,,26,26,17,26,0.2276591873806436,6.7759968603994745,5.282735933157115
ofatseq,n=26,,GPR,42,LOCO,OFAT,Thickness_mean,,all,,26,26,17,26,-0.04673938347830542,7.888382956580226,6.368090502374873
ofatseq,n=26,,GPR,43,LOCO,OFAT,Thickness_mean,,all,,26,26,17,26,-0.04673529522968911,7.888367551741779,6.368076094970279
ofatseq,n=26,,GPR,44,LOCO,OFAT,Thickness_mean,,all,,26,26,17,26,-0.04942285369144317,7.8984879986835965,6.372302589890309
ofatseq,n=26,,GPR,45,LOCO,OFAT,Thickness_mean,,all,,26,26,17,26,-0.046737821232526455,7.888377069920295,6.36808407606233
ofatseq,n=26,,GPR,46,LOCO,OFAT,Thickness_mean,,all,,26,26,17,26,-0.04933255000299441,7.898148155720483,6.372530515415055
ofatseq,n=26,,GPR,47,LOCO,OFAT,Thickness_mean,,all,,26,26,17,26,0.028914772194190252,7.597966555290097,6.116952795977478
ofatseq,n=26,,GPR,48,LOCO,OFAT,Thickness_mean,,all,,26,26,17,26,0.028986799163033594,7.597684773303913,6.116239675106582
ofatseq,n=26,,GPR,49,LOCO,OFAT,Thickness_mean,,all,,26,26,17,26,-0.0467374282877262,7.888375589273957,6.368084115509021
ofatseq,n=26,,GPR,50,LOCO,OFAT,Thickness_mean,,all,,26,26,17,26,-0.04674202258473237,7.888392900922326,6.368095581306571
ofatseq,n=26,,GPR,51,LOCO,OFAT,Thickness_mean,,all,,26,26,17,26,-0.046740448962269365,7.8883869714016495,6.368093165622525
ofatseq,n=27,,Ridge,42,LOCO,OFAT,Thickness_mean,,all,,27,27,18,27,0.22021455245533095,6.688914175584474,5.400935419885588
ofatseq,n=27,,Ridge,43,LOCO,OFAT,Thickness_mean,,all,,27,27,18,27,0.007067926176790529,7.547929418357384,5.871678904091547
ofatseq,n=27,,Ridge,44,LOCO,OFAT,Thickness_mean,,all,,27,27,18,27,0.11694786021491432,7.118053275911129,5.686497336891185
ofatseq,n=27,,Ridge,45,LOCO,OFAT,Thickness_mean,,all,,27,27,18,27,0.06578877491548951,7.321340429067339,5.938064860009201
ofatseq,n=27,,Ridge,46,LOCO,OFAT,Thickness_mean,,all,,27,27,18,27,0.19061941191644172,6.814664079607261,4.747534695962236
ofatseq,n=27,,Ridge,47,LOCO,OFAT,Thickness_mean,,all,,27,27,18,27,0.43104063356318256,5.713584915476599,4.1393956273359
ofatseq,n=27,,Ridge,48,LOCO,OFAT,Thickness_mean,,all,,27,27,18,27,0.1491528173267398,6.987049872105408,5.730334006815364
ofatseq,n=27,,Ridge,49,LOCO,OFAT,Thickness_mean,,all,,27,27,18,27,-0.007043565870421764,7.601375558716813,5.827114675120594
ofatseq,n=27,,Ridge,50,LOCO,OFAT,Thickness_mean,,all,,27,27,18,27,-0.025267027980852452,7.669844446855076,6.026936012859355
ofatseq,n=27,,Ridge,51,LOCO,OFAT,Thickness_mean,,all,,27,27,18,27,-0.002223322468910771,7.583161634288572,6.012741792027772
ofatseq,n=27,,Random Forest,42,LOCO,OFAT,Thickness_mean,,all,,27,27,18,27,0.39170411626792556,5.907796122220228,4.423440177106844
ofatseq,n=27,,Random Forest,43,LOCO,OFAT,Thickness_mean,,all,,27,27,18,27,0.39849188193571683,5.87474211602256,4.356758750133614
ofatseq,n=27,,Random Forest,44,LOCO,OFAT,Thickness_mean,,all,,27,27,18,27,0.37648004471242746,5.981267685374125,4.685506778319418
ofatseq,n=27,,Random Forest,45,LOCO,OFAT,Thickness_mean,,all,,27,27,18,27,0.5302207344188352,5.191764480737828,3.9054534816597988
ofatseq,n=27,,Random Forest,46,LOCO,OFAT,Thickness_mean,,all,,27,27,18,27,0.4041090642852303,5.847247141305262,4.410690906945423
ofatseq,n=27,,Random Forest,47,LOCO,OFAT,Thickness_mean,,all,,27,27,18,27,0.37413529104180054,5.992503443796294,4.578486573578173
ofatseq,n=27,,Random Forest,48,LOCO,OFAT,Thickness_mean,,all,,27,27,18,27,0.3946551386806424,5.893448470779685,4.37864727985492
ofatseq,n=27,,Random Forest,49,LOCO,OFAT,Thickness_mean,,all,,27,27,18,27,0.4049101764182732,5.843315317716057,4.53195222719924
ofatseq,n=27,,Random Forest,50,LOCO,OFAT,Thickness_mean,,all,,27,27,18,27,0.474877924968756,5.489062784773907,4.107781154539901
ofatseq,n=27,,Random Forest,51,LOCO,OFAT,Thickness_mean,,all,,27,27,18,27,0.460788563079641,5.562212902998057,4.30098752243127
ofatseq,n=27,,XGBoost,42,LOCO,OFAT,Thickness_mean,,all,,27,27,18,27,0.31025310885044866,6.2909022412981965,4.682245205066823
ofatseq,n=27,,XGBoost,43,LOCO,OFAT,Thickness_mean,,all,,27,27,18,27,0.3007589463438016,6.334050474965554,5.18171132405599
ofatseq,n=27,,XGBoost,44,LOCO,OFAT,Thickness_mean,,all,,27,27,18,27,0.3007385104217577,6.334143033329584,4.828963255705658
ofatseq,n=27,,XGBoost,45,LOCO,OFAT,Thickness_mean,,all,,27,27,18,27,0.38834757133472275,5.924073154463262,4.440670882331001
ofatseq,n=27,,XGBoost,46,LOCO,OFAT,Thickness_mean,,all,,27,27,18,27,0.3014394628853029,6.330967507109878,4.698366751494232
ofatseq,n=27,,XGBoost,47,LOCO,OFAT,Thickness_mean,,all,,27,27,18,27,0.3515565519618321,6.099638736643129,4.622591004548251
ofatseq,n=27,,XGBoost,48,LOCO,OFAT,Thickness_mean,,all,,27,27,18,27,0.3249653128826725,6.223448578885672,4.987649578518337
ofatseq,n=27,,XGBoost,49,LOCO,OFAT,Thickness_mean,,all,,27,27,18,27,0.28642351850388714,6.398649546019538,4.775029425444426
ofatseq,n=27,,XGBoost,50,LOCO,OFAT,Thickness_mean,,all,,27,27,18,27,0.347507292597275,6.118653949535019,4.535197208545827
ofatseq,n=27,,XGBoost,51,LOCO,OFAT,Thickness_mean,,all,,27,27,18,27,0.36982292671853445,6.013112927102245,4.682293277316624
ofatseq,n=27,,GPR,42,LOCO,OFAT,Thickness_mean,,all,,27,27,18,27,-0.3063744246271498,8.657687289916144,6.911605225215743
ofatseq,n=27,,GPR,43,LOCO,OFAT,Thickness_mean,,all,,27,27,18,27,-0.30637481028344005,8.65768856783894,6.9116161803846765
ofatseq,n=27,,GPR,44,LOCO,OFAT,Thickness_mean,,all,,27,27,18,27,-0.31000973515652075,8.669725001296369,6.9254957682395855
ofatseq,n=27,,GPR,45,LOCO,OFAT,Thickness_mean,,all,,27,27,18,27,-0.30955350906398404,8.668215203663161,6.915204387425592
ofatseq,n=27,,GPR,46,LOCO,OFAT,Thickness_mean,,all,,27,27,18,27,-0.2953518066264069,8.62108502195328,6.86159248490037
ofatseq,n=27,,GPR,47,LOCO,OFAT,Thickness_mean,,all,,27,27,18,27,-0.306375807008336,8.657691870616988,6.91160759834966
ofatseq,n=27,,GPR,48,LOCO,OFAT,Thickness_mean,,all,,27,27,18,27,-0.30596915147221515,8.65634425979231,6.910856408296724
ofatseq,n=27,,GPR,49,LOCO,OFAT,Thickness_mean,,all,,27,27,18,27,-0.3063780999543686,8.657699468588188,6.911612345917861
ofatseq,n=27,,GPR,50,LOCO,OFAT,Thickness_mean,,all,,27,27,18,27,-0.30637996608447793,8.657705652245081,6.911616182852067
ofatseq,n=27,,GPR,51,LOCO,OFAT,Thickness_mean,,all,,27,27,18,27,-0.3063788100400222,8.657701821546857,6.911615191326285
ofatseq,n=28,,Ridge,42,LOCO,OFAT,Thickness_mean,,all,,28,28,18,28,0.27827478109481874,6.322758884218121,4.905047445395958
ofatseq,n=28,,Ridge,43,LOCO,OFAT,Thickness_mean,,all,,28,28,18,28,0.1760908941754703,6.755544068781892,5.362032456225504
ofatseq,n=28,,Ridge,44,LOCO,OFAT,Thickness_mean,,all,,28,28,18,28,0.1620058068455128,6.813043857754815,5.340225349402225
ofatseq,n=28,,Ridge,45,LOCO,OFAT,Thickness_mean,,all,,28,28,18,28,0.10854157194074121,7.0270206157094215,5.611656434370167
ofatseq,n=28,,Ridge,46,LOCO,OFAT,Thickness_mean,,all,,28,28,18,28,0.2825943882915368,6.303809273671945,4.775897159524329
ofatseq,n=28,,Ridge,47,LOCO,OFAT,Thickness_mean,,all,,28,28,18,28,0.3578167926586612,5.964171903102912,4.441703370912479
ofatseq,n=28,,Ridge,48,LOCO,OFAT,Thickness_mean,,all,,28,28,18,28,0.20059135916093918,6.654341716299246,4.752309656159489
ofatseq,n=28,,Ridge,49,LOCO,OFAT,Thickness_mean,,all,,28,28,18,28,0.037790821486462955,7.300547444686455,5.505181351419601
ofatseq,n=28,,Ridge,50,LOCO,OFAT,Thickness_mean,,all,,28,28,18,28,0.28445935947537304,6.295610234723289,4.3255546797057525
ofatseq,n=28,,Ridge,51,LOCO,OFAT,Thickness_mean,,all,,28,28,18,28,0.04606951984000385,7.269073210312909,5.602473247582181
ofatseq,n=28,,Random Forest,42,LOCO,OFAT,Thickness_mean,,all,,28,28,18,28,0.5142974363714164,5.186876146378293,3.9210597761985
ofatseq,n=28,,Random Forest,43,LOCO,OFAT,Thickness_mean,,all,,28,28,18,28,0.4276513513560237,5.630552482714085,4.102750288402074
ofatseq,n=28,,Random Forest,44,LOCO,OFAT,Thickness_mean,,all,,28,28,18,28,0.438381751659911,5.577521914702422,4.30289895908407
ofatseq,n=28,,Random Forest,45,LOCO,OFAT,Thickness_mean,,all,,28,28,18,28,0.46985041415459583,5.419009261676494,3.992288672656708
ofatseq,n=28,,Random Forest,46,LOCO,OFAT,Thickness_mean,,all,,28,28,18,28,0.5214874901058921,5.148341278106887,3.796477986107393
ofatseq,n=28,,Random Forest,47,LOCO,OFAT,Thickness_mean,,all,,28,28,18,28,0.5456679128581523,5.016575871564461,3.7853595943268012
ofatseq,n=28,,Random Forest,48,LOCO,OFAT,Thickness_mean,,all,,28,28,18,28,0.47295316746692617,5.403128345400697,3.952593516804376
ofatseq,n=28,,Random Forest,49,LOCO,OFAT,Thickness_mean,,all,,28,28,18,28,0.4786865742615942,5.37365938683758,4.061505977343589
ofatseq,n=28,,Random Forest,50,LOCO,OFAT,Thickness_mean,,all,,28,28,18,28,0.5358318778165756,5.070588131054069,3.721952191823552
ofatseq,n=28,,Random Forest,51,LOCO,OFAT,Thickness_mean,,all,,28,28,18,28,0.4358501812547144,5.590078498634577,4.0959972349022635
ofatseq,n=28,,XGBoost,42,LOCO,OFAT,Thickness_mean,,all,,28,28,18,28,0.36672193305539236,5.922675021575303,4.3674393490382615
ofatseq,n=28,,XGBoost,43,LOCO,OFAT,Thickness_mean,,all,,28,28,18,28,0.4130860009380878,5.701746626052555,4.3987417180197586
ofatseq,n=28,,XGBoost,44,LOCO,OFAT,Thickness_mean,,all,,28,28,18,28,0.38980972507816025,5.813709416495947,4.210362104688373
ofatseq,n=28,,XGBoost,45,LOCO,OFAT,Thickness_mean,,all,,28,28,18,28,0.3257200930037103,6.111401115908011,4.656987133026123
ofatseq,n=28,,XGBoost,46,LOCO,OFAT,Thickness_mean,,all,,28,28,18,28,0.3773667151478586,5.872686894552958,4.367436507088798
ofatseq,n=28,,XGBoost,47,LOCO,OFAT,Thickness_mean,,all,,28,28,18,28,0.37766179723438265,5.871295120203043,4.375020865031652
ofatseq,n=28,,XGBoost,48,LOCO,OFAT,Thickness_mean,,all,,28,28,18,28,0.3809541814591031,5.855743934743395,4.602330466679165
ofatseq,n=28,,XGBoost,49,LOCO,OFAT,Thickness_mean,,all,,28,28,18,28,0.43351708289936364,5.601625738387072,4.013383053370886
ofatseq,n=28,,XGBoost,50,LOCO,OFAT,Thickness_mean,,all,,28,28,18,28,0.4384552859410865,5.577156762312876,4.196253668240139
ofatseq,n=28,,XGBoost,51,LOCO,OFAT,Thickness_mean,,all,,28,28,18,28,0.35083808926900006,5.9964911212098855,4.6118185969761445
ofatseq,n=28,,GPR,42,LOCO,OFAT,Thickness_mean,,all,,28,28,18,28,-0.3151031812811875,8.534942393694722,6.759812598198589
ofatseq,n=28,,GPR,43,LOCO,OFAT,Thickness_mean,,all,,28,28,18,28,-0.31510769005012684,8.534957024504962,6.759824447076244
ofatseq,n=28,,GPR,44,LOCO,OFAT,Thickness_mean,,all,,28,28,18,28,-0.31516605701771594,8.535146421174375,6.761321120271785
ofatseq,n=28,,GPR,45,LOCO,OFAT,Thickness_mean,,all,,28,28,18,28,-0.315233706518369,8.535365933746741,6.759899594808355
ofatseq,n=28,,GPR,46,LOCO,OFAT,Thickness_mean,,all,,28,28,18,28,-0.304088504577783,8.499124936128393,6.71605952347131
ofatseq,n=28,,GPR,47,LOCO,OFAT,Thickness_mean,,all,,28,28,18,28,-0.31514852707107677,8.53508953818264,6.7614355013228
ofatseq,n=28,,GPR,48,LOCO,OFAT,Thickness_mean,,all,,28,28,18,28,-0.31456907145746515,8.533209046993099,6.769833313194963
ofatseq,n=28,,GPR,49,LOCO,OFAT,Thickness_mean,,all,,28,28,18,28,-0.3151464589565245,8.53508282732472,6.7614275402952595
ofatseq,n=28,,GPR,50,LOCO,OFAT,Thickness_mean,,all,,28,28,18,28,-0.315145218131865,8.535078800950444,6.761426739666446
ofatseq,n=28,,GPR,51,LOCO,OFAT,Thickness_mean,,all,,28,28,18,28,-0.31514727730223924,8.535085482788423,6.761431164736033
ofatseq,n=29,,Ridge,42,LOCO,OFAT,Thickness_mean,,all,,29,29,18,29,0.32661734562319467,6.133303954721382,4.785803513073993
ofatseq,n=29,,Ridge,43,LOCO,OFAT,Thickness_mean,,all,,29,29,18,29,0.361844866622166,5.970719364196364,4.3460195422963395
ofatseq,n=29,,Ridge,44,LOCO,OFAT,Thickness_mean,,all,,29,29,18,29,0.23750457081074583,6.526527130827272,5.000520365690469
ofatseq,n=29,,Ridge,45,LOCO,OFAT,Thickness_mean,,all,,29,29,18,29,0.2263690697771089,6.574011171918387,5.168461687435721
ofatseq,n=29,,Ridge,46,LOCO,OFAT,Thickness_mean,,all,,29,29,18,29,0.379586314814113,5.887137914555535,4.144571839014625
ofatseq,n=29,,Ridge,47,LOCO,OFAT,Thickness_mean,,all,,29,29,18,29,0.24842116161483352,6.479638797897976,5.124754795483049
ofatseq,n=29,,Ridge,48,LOCO,OFAT,Thickness_mean,,all,,29,29,18,29,0.21556164126307864,6.619770551494834,4.620827373690182
ofatseq,n=29,,Ridge,49,LOCO,OFAT,Thickness_mean,,all,,29,29,18,29,0.2242592720689014,6.58296918393685,4.518733279060832
ofatseq,n=29,,Ridge,50,LOCO,OFAT,Thickness_mean,,all,,29,29,18,29,0.2972886661318268,6.2654461909250285,4.316228224103242
ofatseq,n=29,,Ridge,51,LOCO,OFAT,Thickness_mean,,all,,29,29,18,29,0.2105856743468706,6.640733120963845,4.692641086812851
ofatseq,n=29,,Random Forest,42,LOCO,OFAT,Thickness_mean,,all,,29,29,18,29,0.5693664635103493,4.904756479649097,3.620513138965916
ofatseq,n=29,,Random Forest,43,LOCO,OFAT,Thickness_mean,,all,,29,29,18,29,0.5538046305006624,4.992591751669156,3.58906249205775
ofatseq,n=29,,Random Forest,44,LOCO,OFAT,Thickness_mean,,all,,29,29,18,29,0.48475365892596045,5.36501553192866,3.9008385314900598
ofatseq,n=29,,Random Forest,45,LOCO,OFAT,Thickness_mean,,all,,29,29,18,29,0.6248686712930381,4.577782905526901,3.3131362544837666
ofatseq,n=29,,Random Forest,46,LOCO,OFAT,Thickness_mean,,all,,29,29,18,29,0.5831289065969942,4.82574551928502,3.5050837058391786
ofatseq,n=29,,Random Forest,47,LOCO,OFAT,Thickness_mean,,all,,29,29,18,29,0.5885803818970502,4.7940882440365815,3.5364948033886625
ofatseq,n=29,,Random Forest,48,LOCO,OFAT,Thickness_mean,,all,,29,29,18,29,0.5899662335879117,4.786007078994637,3.5623107932393276
ofatseq,n=29,,Random Forest,49,LOCO,OFAT,Thickness_mean,,all,,29,29,18,29,0.6004674879295953,4.724323063906672,3.4630671022105286
ofatseq,n=29,,Random Forest,50,LOCO,OFAT,Thickness_mean,,all,,29,29,18,29,0.6015379750498274,4.717989763147681,3.3979181580340683
ofatseq,n=29,,Random Forest,51,LOCO,OFAT,Thickness_mean,,all,,29,29,18,29,0.5350795354828792,5.09627502360534,3.843238279495054
ofatseq,n=29,,XGBoost,42,LOCO,OFAT,Thickness_mean,,all,,29,29,18,29,0.4614103549377442,5.485200729586962,4.0465275830235985
ofatseq,n=29,,XGBoost,43,LOCO,OFAT,Thickness_mean,,all,,29,29,18,29,0.5013546252778116,5.27787892093471,4.161415019857474
ofatseq,n=29,,XGBoost,44,LOCO,OFAT,Thickness_mean,,all,,29,29,18,29,0.4095919575063389,5.743011127959312,4.296584880434235
ofatseq,n=29,,XGBoost,45,LOCO,OFAT,Thickness_mean,,all,,29,29,18,29,0.44867893981670504,5.549652841896843,4.161735478105217
ofatseq,n=29,,XGBoost,46,LOCO,OFAT,Thickness_mean,,all,,29,29,18,29,0.41631873330377644,5.710201092801593,4.249298114118906
ofatseq,n=29,,XGBoost,47,LOCO,OFAT,Thickness_mean,,all,,29,29,18,29,0.48521379250333574,5.362619420611305,4.067520644089273
ofatseq,n=29,,XGBoost,48,LOCO,OFAT,Thickness_mean,,all,,29,29,18,29,0.45364156748408613,5.5246192277296675,4.277597074837521
ofatseq,n=29,,XGBoost,49,LOCO,OFAT,Thickness_mean,,all,,29,29,18,29,0.47287364757881145,5.426513521988418,3.986643539297171
ofatseq,n=29,,XGBoost,50,LOCO,OFAT,Thickness_mean,,all,,29,29,18,29,0.48219854341696455,5.378301683101509,4.088748765485041
ofatseq,n=29,,XGBoost,51,LOCO,OFAT,Thickness_mean,,all,,29,29,18,29,0.4590939252578652,5.4969837718665016,4.294880260599071
ofatseq,n=29,,GPR,42,LOCO,OFAT,Thickness_mean,,all,,29,29,18,29,-0.16651473714023202,8.07251090389606,6.130600604534216
ofatseq,n=29,,GPR,43,LOCO,OFAT,Thickness_mean,,all,,29,29,18,29,-0.1665192876050008,8.072526648935307,6.130604673705386
ofatseq,n=29,,GPR,44,LOCO,OFAT,Thickness_mean,,all,,29,29,18,29,-0.16670429918650975,8.073166780532114,6.131361916018703
ofatseq,n=29,,GPR,45,LOCO,OFAT,Thickness_mean,,all,,29,29,18,29,-0.16651848390042656,8.072523868043564,6.130605802332343
ofatseq,n=29,,GPR,46,LOCO,OFAT,Thickness_mean,,all,,29,29,18,29,-0.16670314021429844,8.073162770699337,6.131354092956975
ofatseq,n=29,,GPR,47,LOCO,OFAT,Thickness_mean,,all,,29,29,18,29,-0.16651626321240176,8.072516184253782,6.130595897460298
ofatseq,n=29,,GPR,48,LOCO,OFAT,Thickness_mean,,all,,29,29,18,29,-0.1665173245110796,8.072519856448107,6.130591375004544
ofatseq,n=29,,GPR,49,LOCO,OFAT,Thickness_mean,,all,,29,29,18,29,-0.16651888516210334,8.072525256445989,6.1306085673623425
ofatseq,n=29,,GPR,50,LOCO,OFAT,Thickness_mean,,all,,29,29,18,29,-0.16651795771320765,8.072522047386876,6.130600507365495
ofatseq,n=29,,GPR,51,LOCO,OFAT,Thickness_mean,,all,,29,29,18,29,-0.16652030940229423,8.072530184446535,6.130618010403984
ofatseq,n=30,,Ridge,42,LOCO,OFAT,Thickness_mean,,all,,30,30,18,30,0.32113264858124047,6.058111045484295,4.636124688183627
ofatseq,n=30,,Ridge,43,LOCO,OFAT,Thickness_mean,,all,,30,30,18,30,0.3036926147222748,6.135433722822992,4.2559877492625215
ofatseq,n=30,,Ridge,44,LOCO,OFAT,Thickness_mean,,all,,30,30,18,30,0.2817735703369767,6.231254073473648,4.719026817370788
ofatseq,n=30,,Ridge,45,LOCO,OFAT,Thickness_mean,,all,,30,30,18,30,0.23572419714704818,6.427910531475981,4.897337401648012
ofatseq,n=30,,Ridge,46,LOCO,OFAT,Thickness_mean,,all,,30,30,18,30,0.37320357343071187,5.821139731074002,4.075429234695318
ofatseq,n=30,,Ridge,47,LOCO,OFAT,Thickness_mean,,all,,30,30,18,30,0.2548592618785863,6.346933122106318,4.949784070170188
ofatseq,n=30,,Ridge,48,LOCO,OFAT,Thickness_mean,,all,,30,30,18,30,0.21461616608273204,6.516070090103667,4.542522379500552
ofatseq,n=30,,Ridge,49,LOCO,OFAT,Thickness_mean,,all,,30,30,18,30,0.24405136129479343,6.392796987088062,4.2629608765686715
ofatseq,n=30,,Ridge,50,LOCO,OFAT,Thickness_mean,,all,,30,30,18,30,0.29225060053404084,6.18563832401168,4.320170339130746
ofatseq,n=30,,Ridge,51,LOCO,OFAT,Thickness_mean,,all,,30,30,18,30,0.30002095212618785,6.151588674081132,4.451301292453961
ofatseq,n=30,,Random Forest,42,LOCO,OFAT,Thickness_mean,,all,,30,30,18,30,0.5958788353410625,4.674127623430541,3.368873245588017
ofatseq,n=30,,Random Forest,43,LOCO,OFAT,Thickness_mean,,all,,30,30,18,30,0.5683361886866585,4.830783661771618,3.379237366492304
ofatseq,n=30,,Random Forest,44,LOCO,OFAT,Thickness_mean,,all,,30,30,18,30,0.5529524581609001,4.916110363083814,3.6693822518846866
ofatseq,n=30,,Random Forest,45,LOCO,OFAT,Thickness_mean,,all,,30,30,18,30,0.6533563536190232,4.328988085703813,3.0901097066798946
ofatseq,n=30,,Random Forest,46,LOCO,OFAT,Thickness_mean,,all,,30,30,18,30,0.5746167717238728,4.7955116428975675,3.4600196089292643
ofatseq,n=30,,Random Forest,47,LOCO,OFAT,Thickness_mean,,all,,30,30,18,30,0.5883870802303346,4.717254064253753,3.4170604662544712
ofatseq,n=30,,Random Forest,48,LOCO,OFAT,Thickness_mean,,all,,30,30,18,30,0.6026093192543489,4.635041291434093,3.3203372883297253
ofatseq,n=30,,Random Forest,49,LOCO,OFAT,Thickness_mean,,all,,30,30,18,30,0.5865427072349664,4.727810889744837,3.540333382998944
ofatseq,n=30,,Random Forest,50,LOCO,OFAT,Thickness_mean,,all,,30,30,18,30,0.5482796841046484,4.94173644757005,3.6318702557562292
ofatseq,n=30,,Random Forest,51,LOCO,OFAT,Thickness_mean,,all,,30,30,18,30,0.5352765485899391,5.012357775238148,3.5423191955645796
ofatseq,n=30,,XGBoost,42,LOCO,OFAT,Thickness_mean,,all,,30,30,18,30,0.4450306384497714,5.477460723023899,4.0605449142456065
ofatseq,n=30,,XGBoost,43,LOCO,OFAT,Thickness_mean,,all,,30,30,18,30,0.49545829882198145,5.2226786173075475,3.886935128529868
ofatseq,n=30,,XGBoost,44,LOCO,OFAT,Thickness_mean,,all,,30,30,18,30,0.4204465860825436,5.597466493130463,4.094343215942384
ofatseq,n=30,,XGBoost,45,LOCO,OFAT,Thickness_mean,,all,,30,30,18,30,0.4002324358667251,5.694246399648661,4.394441106160483
ofatseq,n=30,,XGBoost,46,LOCO,OFAT,Thickness_mean,,all,,30,30,18,30,0.4645893495093538,5.3800742742017125,3.853791067759197
ofatseq,n=30,,XGBoost,47,LOCO,OFAT,Thickness_mean,,all,,30,30,18,30,0.41787892443940355,5.609852337052435,4.3443892784118665
ofatseq,n=30,,XGBoost,48,LOCO,OFAT,Thickness_mean,,all,,30,30,18,30,0.4825132382308952,5.289253601548998,3.9446995010375985
ofatseq,n=30,,XGBoost,49,LOCO,OFAT,Thickness_mean,,all,,30,30,18,30,0.46500403618871045,5.377990380933524,3.9577758433024095
ofatseq,n=30,,XGBoost,50,LOCO,OFAT,Thickness_mean,,all,,30,30,18,30,0.5092671548358667,5.150712764873134,3.838203281402589
ofatseq,n=30,,XGBoost,51,LOCO,OFAT,Thickness_mean,,all,,30,30,18,30,0.48279160397182475,5.2878308163103025,3.9921870333353686
ofatseq,n=30,,GPR,42,LOCO,OFAT,Thickness_mean,,all,,30,30,18,30,-0.19860754974528372,8.049766311312087,6.101366727688035
ofatseq,n=30,,GPR,43,LOCO,OFAT,Thickness_mean,,all,,30,30,18,30,-0.19860716324966488,8.049765013472912,6.10136896771123
ofatseq,n=30,,GPR,44,LOCO,OFAT,Thickness_mean,,all,,30,30,18,30,-0.19883306940168,8.050523562986927,6.102354234099793
ofatseq,n=30,,GPR,45,LOCO,OFAT,Thickness_mean,,all,,30,30,18,30,-0.19860692658013623,8.049764218744563,6.101371145885971
ofatseq,n=30,,GPR,46,LOCO,OFAT,Thickness_mean,,all,,30,30,18,30,-0.19883172420743023,8.050519046294271,6.102342210066921
ofatseq,n=30,,GPR,47,LOCO,OFAT,Thickness_mean,,all,,30,30,18,30,-0.19860616807912224,8.049761671723036,6.101359855700511
ofatseq,n=30,,GPR,48,LOCO,OFAT,Thickness_mean,,all,,30,30,18,30,-0.19860900152403782,8.049771186334011,6.101370683799292
ofatseq,n=30,,GPR,49,LOCO,OFAT,Thickness_mean,,all,,30,30,18,30,-0.2241435725255425,8.135063488130667,6.288427317030961
ofatseq,n=30,,GPR,50,LOCO,OFAT,Thickness_mean,,all,,30,30,18,30,-0.19860544091128496,8.049759229916534,6.101361513950197
ofatseq,n=30,,GPR,51,LOCO,OFAT,Thickness_mean,,all,,30,30,18,30,-0.1986019601627922,8.049747541663379,6.101346942113914
ofatseq,n=31,,Ridge,42,LOCO,OFAT,Thickness_mean,,all,,31,31,18,31,0.32757545295830637,5.931599917564198,4.471614534376698
ofatseq,n=31,,Ridge,43,LOCO,OFAT,Thickness_mean,,all,,31,31,18,31,0.33667936203677007,5.891309320988692,4.055488510582284
ofatseq,n=31,,Ridge,44,LOCO,OFAT,Thickness_mean,,all,,31,31,18,31,0.2936973130908155,6.079186962661556,4.4530680763338095
ofatseq,n=31,,Ridge,45,LOCO,OFAT,Thickness_mean,,all,,31,31,18,31,0.23884944068627578,6.310813651846915,4.839769867609095
ofatseq,n=31,,Ridge,46,LOCO,OFAT,Thickness_mean,,all,,31,31,18,31,0.39141096556882915,5.643027054300765,3.9669002069684978
ofatseq,n=31,,Ridge,47,LOCO,OFAT,Thickness_mean,,all,,31,31,18,31,0.15931730811533562,6.6323299551446135,5.280073569707553
ofatseq,n=31,,Ridge,48,LOCO,OFAT,Thickness_mean,,all,,31,31,18,31,0.25380143142346845,6.2485216185418615,4.141628644697298
ofatseq,n=31,,Ridge,49,LOCO,OFAT,Thickness_mean,,all,,31,31,18,31,0.22943019953618993,6.349741760097329,4.226299602467578
ofatseq,n=31,,Ridge,50,LOCO,OFAT,Thickness_mean,,all,,31,31,18,31,0.2961435827676675,6.068650240932653,4.146969174243262
ofatseq,n=31,,Ridge,51,LOCO,OFAT,Thickness_mean,,all,,31,31,18,31,0.23944033117930075,6.308363595322233,4.811955819751232
ofatseq,n=31,,Random Forest,42,LOCO,OFAT,Thickness_mean,,all,,31,31,18,31,0.5989898702166978,4.58065667940237,3.289363055844244
ofatseq,n=31,,Random Forest,43,LOCO,OFAT,Thickness_mean,,all,,31,31,18,31,0.5810236600364873,4.682144580732664,3.18698197090544
ofatseq,n=31,,Random Forest,44,LOCO,OFAT,Thickness_mean,,all,,31,31,18,31,0.536556426690195,4.924345350662852,3.71396539122043
ofatseq,n=31,,Random Forest,45,LOCO,OFAT,Thickness_mean,,all,,31,31,18,31,0.628553431193152,4.408575130602937,3.1579636537902065
ofatseq,n=31,,Random Forest,46,LOCO,OFAT,Thickness_mean,,all,,31,31,18,31,0.5375028214147106,4.919314796360629,3.5989453584550595
ofatseq,n=31,,Random Forest,47,LOCO,OFAT,Thickness_mean,,all,,31,31,18,31,0.5622296492666203,4.786006048258398,3.412972205448526
ofatseq,n=31,,Random Forest,48,LOCO,OFAT,Thickness_mean,,all,,31,31,18,31,0.5614290620185695,4.790380334006664,3.4705945125608886
ofatseq,n=31,,Random Forest,49,LOCO,OFAT,Thickness_mean,,all,,31,31,18,31,0.6115551363973605,4.508320289270944,3.3020943099082807
ofatseq,n=31,,Random Forest,50,LOCO,OFAT,Thickness_mean,,all,,31,31,18,31,0.5902421785568901,4.630348690427568,3.296973588813608
ofatseq,n=31,,Random Forest,51,LOCO,OFAT,Thickness_mean,,all,,31,31,18,31,0.5748854682578264,4.716317634922444,3.4890706977832684
ofatseq,n=31,,XGBoost,42,LOCO,OFAT,Thickness_mean,,all,,31,31,18,31,0.42051740557642436,5.506431853475582,4.203214716757498
ofatseq,n=31,,XGBoost,43,LOCO,OFAT,Thickness_mean,,all,,31,31,18,31,0.5477608438584272,4.864454571897273,3.5905595139534254
ofatseq,n=31,,XGBoost,44,LOCO,OFAT,Thickness_mean,,all,,31,31,18,31,0.42573425674661214,5.481589708844408,3.974714172117173
ofatseq,n=31,,XGBoost,45,LOCO,OFAT,Thickness_mean,,all,,31,31,18,31,0.3990815440569705,5.607352291553287,4.24502429592994
ofatseq,n=31,,XGBoost,46,LOCO,OFAT,Thickness_mean,,all,,31,31,18,31,0.4618384440565858,5.306478464861057,3.776130969139839
ofatseq,n=31,,XGBoost,47,LOCO,OFAT,Thickness_mean,,all,,31,31,18,31,0.45126630604268336,5.358347621671915,3.930457209925499
ofatseq,n=31,,XGBoost,48,LOCO,OFAT,Thickness_mean,,all,,31,31,18,31,0.46388856740451856,5.29636132079147,4.031122837681925
ofatseq,n=31,,XGBoost,49,LOCO,OFAT,Thickness_mean,,all,,31,31,18,31,0.46836650871478436,5.274195660784527,3.7733733011061155
ofatseq,n=31,,XGBoost,50,LOCO,OFAT,Thickness_mean,,all,,31,31,18,31,0.4255026928838358,5.482694780988754,4.110010785748882
ofatseq,n=31,,XGBoost,51,LOCO,OFAT,Thickness_mean,,all,,31,31,18,31,0.44837519802870673,5.372444815299282,4.09526281418339
ofatseq,n=31,,GPR,42,LOCO,OFAT,Thickness_mean,,all,,31,31,18,31,-0.2153194398267977,7.974350001319172,6.182635769839505
ofatseq,n=31,,GPR,43,LOCO,OFAT,Thickness_mean,,all,,31,31,18,31,-0.21531738314513715,7.974343253831308,6.182629482659305
ofatseq,n=31,,GPR,44,LOCO,OFAT,Thickness_mean,,all,,31,31,18,31,-0.21557878939409614,7.975200820383964,6.183815678434497
ofatseq,n=31,,GPR,45,LOCO,OFAT,Thickness_mean,,all,,31,31,18,31,-0.21531802206508321,7.974345349977699,6.182627669380241
ofatseq,n=31,,GPR,46,LOCO,OFAT,Thickness_mean,,all,,31,31,18,31,-0.21556523027562502,7.975156340752019,6.183761563425578
ofatseq,n=31,,GPR,47,LOCO,OFAT,Thickness_mean,,all,,31,31,18,31,-0.21531650488694054,7.97434037247139,6.182628382214148
ofatseq,n=31,,GPR,48,LOCO,OFAT,Thickness_mean,,all,,31,31,18,31,-0.25249422013037814,8.095392985325045,6.239754794554263
ofatseq,n=31,,GPR,49,LOCO,OFAT,Thickness_mean,,all,,31,31,18,31,-0.21531830992058842,7.9743462943638725,6.182632154762423
ofatseq,n=31,,GPR,50,LOCO,OFAT,Thickness_mean,,all,,31,31,18,31,-0.21531868874999271,7.974347537213831,6.182633176345837
ofatseq,n=31,,GPR,51,LOCO,OFAT,Thickness_mean,,all,,31,31,18,31,-0.21531723326608576,7.974342762113237,6.182628011061022
ofatseq,n=32,,Ridge,42,LOCO,OFAT,Thickness_mean,,all,,32,32,19,32,0.30344667327046426,5.945699908452617,4.515133443965073
ofatseq,n=32,,Ridge,43,LOCO,OFAT,Thickness_mean,,all,,32,32,19,32,0.31351313648737056,5.902580460790182,4.1605987713370896
ofatseq,n=32,,Ridge,44,LOCO,OFAT,Thickness_mean,,all,,32,32,19,32,0.3031044697175579,5.947160234404297,4.168636509930356
ofatseq,n=32,,Ridge,45,LOCO,OFAT,Thickness_mean,,all,,32,32,19,32,0.31351313648737056,5.902580460790182,4.1605987713370896
ofatseq,n=32,,Ridge,46,LOCO,OFAT,Thickness_mean,,all,,32,32,19,32,0.26984710350597874,6.087412146240769,4.008706549538824
ofatseq,n=32,,Ridge,47,LOCO,OFAT,Thickness_mean,,all,,32,32,19,32,0.3231576721200917,5.860970771351142,4.441385175047365
ofatseq,n=32,,Ridge,48,LOCO,OFAT,Thickness_mean,,all,,32,32,19,32,0.2651986657166522,6.106758821593122,3.980907524781802
ofatseq,n=32,,Ridge,49,LOCO,OFAT,Thickness_mean,,all,,32,32,19,32,0.22805231449839658,6.259213061353188,4.246755837436226
ofatseq,n=32,,Ridge,50,LOCO,OFAT,Thickness_mean,,all,,32,32,19,32,0.29227170545071535,5.993204262335819,4.075305824507922
ofatseq,n=32,,Ridge,51,LOCO,OFAT,Thickness_mean,,all,,32,32,19,32,0.286089746078816,6.019322470566133,4.388016287739616
ofatseq,n=32,,Random Forest,42,LOCO,OFAT,Thickness_mean,,all,,32,32,19,32,0.573605737995221,4.651911845665533,3.3132237224169048
ofatseq,n=32,,Random Forest,43,LOCO,OFAT,Thickness_mean,,all,,32,32,19,32,0.5364002363869071,4.850621676853461,3.4887151206186453
ofatseq,n=32,,Random Forest,44,LOCO,OFAT,Thickness_mean,,all,,32,32,19,32,0.5488806909124873,4.78488504564667,3.634310679807863
ofatseq,n=32,,Random Forest,45,LOCO,OFAT,Thickness_mean,,all,,32,32,19,32,0.6193143344260366,4.395507873964229,3.104441751922124
ofatseq,n=32,,Random Forest,46,LOCO,OFAT,Thickness_mean,,all,,32,32,19,32,0.5408526780977291,4.827272640144286,3.539420991019616
ofatseq,n=32,,Random Forest,47,LOCO,OFAT,Thickness_mean,,all,,32,32,19,32,0.581841952007724,4.606764698613818,3.338986613770098
ofatseq,n=32,,Random Forest,48,LOCO,OFAT,Thickness_mean,,all,,32,32,19,32,0.5725973543799279,4.657409271384524,3.370629093558352
ofatseq,n=32,,Random Forest,49,LOCO,OFAT,Thickness_mean,,all,,32,32,19,32,0.5731987293339134,4.654131524698469,3.35538131400067
ofatseq,n=32,,Random Forest,50,LOCO,OFAT,Thickness_mean,,all,,32,32,19,32,0.5295072620084995,4.886549051271133,3.5769211486170285
ofatseq,n=32,,Random Forest,51,LOCO,OFAT,Thickness_mean,,all,,32,32,19,32,0.5437697683566153,4.811913705531619,3.590361164019936
ofatseq,n=32,,XGBoost,42,LOCO,OFAT,Thickness_mean,,all,,32,32,19,32,0.48855033381758406,5.094801289582783,3.643967816829682
ofatseq,n=32,,XGBoost,43,LOCO,OFAT,Thickness_mean,,all,,32,32,19,32,0.510033526478549,4.986651091112303,3.674381254911423
ofatseq,n=32,,XGBoost,44,LOCO,OFAT,Thickness_mean,,all,,32,32,19,32,0.44237083874944483,5.31983961147848,3.809395978450776
ofatseq,n=32,,XGBoost,45,LOCO,OFAT,Thickness_mean,,all,,32,32,19,32,0.4009995318603833,5.513652375134414,4.104529972672463
ofatseq,n=32,,XGBoost,46,LOCO,OFAT,Thickness_mean,,all,,32,32,19,32,0.43012237321019253,5.377948064181999,3.8297625148296364
ofatseq,n=32,,XGBoost,47,LOCO,OFAT,Thickness_mean,,all,,32,32,19,32,0.42746205400980375,5.390486194761126,4.163071821928025
ofatseq,n=32,,XGBoost,48,LOCO,OFAT,Thickness_mean,,all,,32,32,19,32,0.42076149746543035,5.421937554012266,4.134643731117249
ofatseq,n=32,,XGBoost,49,LOCO,OFAT,Thickness_mean,,all,,32,32,19,32,0.47682153021334295,5.1528883436154125,3.623126757144928
ofatseq,n=32,,XGBoost,50,LOCO,OFAT,Thickness_mean,,all,,32,32,19,32,0.46603234635228763,5.205749607247903,3.736390678882599
ofatseq,n=32,,XGBoost,51,LOCO,OFAT,Thickness_mean,,all,,32,32,19,32,0.4677585609265964,5.197328202654891,3.865793038606644
ofatseq,n=32,,GPR,42,LOCO,OFAT,Thickness_mean,,all,,32,32,19,32,-0.06293939722111941,7.344801319966529,5.277732282774904
ofatseq,n=32,,GPR,43,LOCO,OFAT,Thickness_mean,,all,,32,32,19,32,-0.06294669186008273,7.344826522523752,5.277782186788167
ofatseq,n=32,,GPR,44,LOCO,OFAT,Thickness_mean,,all,,32,32,19,32,-0.06294639378483557,7.344825492692646,5.277766460228454
ofatseq,n=32,,GPR,45,LOCO,OFAT,Thickness_mean,,all,,32,32,19,32,-0.06293964528683094,7.344802177020687,5.277759770974003
ofatseq,n=32,,GPR,46,LOCO,OFAT,Thickness_mean,,all,,32,32,19,32,-0.06293947849716974,7.344801600771076,5.277750614018796
ofatseq,n=32,,GPR,47,LOCO,OFAT,Thickness_mean,,all,,32,32,19,32,-0.06294324525580985,7.344814614715396,5.2777605283324664
ofatseq,n=32,,GPR,48,LOCO,OFAT,Thickness_mean,,all,,32,32,19,32,-0.06301561250293086,7.345064635104615,5.278020552271941
ofatseq,n=32,,GPR,49,LOCO,OFAT,Thickness_mean,,all,,32,32,19,32,-0.06293894726924965,7.344799765405918,5.27771800585503
ofatseq,n=32,,GPR,50,LOCO,OFAT,Thickness_mean,,all,,32,32,19,32,-0.0629409916098842,7.34480682849521,5.277756265644288
ofatseq,n=32,,GPR,51,LOCO,OFAT,Thickness_mean,,all,,32,32,19,32,-0.06294398687603353,7.34481717696984,5.277763007482724
ofatseq,n=33,,Ridge,42,LOCO,OFAT,Thickness_mean,,all,,33,33,20,33,0.30681746055321,5.911240537821887,4.474967546000958
ofatseq,n=33,,Ridge,43,LOCO,OFAT,Thickness_mean,,all,,33,33,20,33,0.2850432407218966,6.00336449863027,4.3685643228183855
ofatseq,n=33,,Ridge,44,LOCO,OFAT,Thickness_mean,,all,,33,33,20,33,0.2928332902018913,5.970569092008476,4.081703072592299
ofatseq,n=33,,Ridge,45,LOCO,OFAT,Thickness_mean,,all,,33,33,20,33,0.2752149912305023,6.044486687836417,4.454011222905783
ofatseq,n=33,,Ridge,46,LOCO,OFAT,Thickness_mean,,all,,33,33,20,33,0.25928963141826045,6.110532192735598,3.9853033669123157
ofatseq,n=33,,Ridge,47,LOCO,OFAT,Thickness_mean,,all,,33,33,20,33,0.2896808544358719,5.983862213511526,4.584971029596604
ofatseq,n=33,,Ridge,48,LOCO,OFAT,Thickness_mean,,all,,33,33,20,33,0.24940050114386259,6.151187417477863,4.131617446054238
ofatseq,n=33,,Ridge,49,LOCO,OFAT,Thickness_mean,,all,,33,33,20,33,0.3108001372020779,5.894234574946108,3.928490578735952
ofatseq,n=33,,Ridge,50,LOCO,OFAT,Thickness_mean,,all,,33,33,20,33,0.31494999901659215,5.87646237846984,3.9325565697719544
ofatseq,n=33,,Ridge,51,LOCO,OFAT,Thickness_mean,,all,,33,33,20,33,0.3219157629976652,5.846509353642319,4.073494787708232
ofatseq,n=33,,Random Forest,42,LOCO,OFAT,Thickness_mean,,all,,33,33,20,33,0.5606521720688504,4.706077406904465,3.412719950672904
ofatseq,n=33,,Random Forest,43,LOCO,OFAT,Thickness_mean,,all,,33,33,20,33,0.5410041920337616,4.810156250957714,3.494207587497998
ofatseq,n=33,,Random Forest,44,LOCO,OFAT,Thickness_mean,,all,,33,33,20,33,0.4810221626950488,5.1148067592178155,3.7164598639631365
ofatseq,n=33,,Random Forest,45,LOCO,OFAT,Thickness_mean,,all,,33,33,20,33,0.6318788340133907,4.307747300416063,3.110482327591659
ofatseq,n=33,,Random Forest,46,LOCO,OFAT,Thickness_mean,,all,,33,33,20,33,0.5642274595666126,4.686889932789711,3.415494206853755
ofatseq,n=33,,Random Forest,47,LOCO,OFAT,Thickness_mean,,all,,33,33,20,33,0.4813987161532163,5.112950853703362,3.9663755314425466
ofatseq,n=33,,Random Forest,48,LOCO,OFAT,Thickness_mean,,all,,33,33,20,33,0.5870691032954918,4.562401633929393,3.262078969239935
ofatseq,n=33,,Random Forest,49,LOCO,OFAT,Thickness_mean,,all,,33,33,20,33,0.6010547636569752,4.484473544646026,3.252708232189801
ofatseq,n=33,,Random Forest,50,LOCO,OFAT,Thickness_mean,,all,,33,33,20,33,0.5581060055203821,4.719694347346518,3.460405737973883
ofatseq,n=33,,Random Forest,51,LOCO,OFAT,Thickness_mean,,all,,33,33,20,33,0.5700534895888829,4.655453988081854,3.527572709946312
ofatseq,n=33,,XGBoost,42,LOCO,OFAT,Thickness_mean,,all,,33,33,20,33,0.47390719655550806,5.149748324551914,3.8787871724909
ofatseq,n=33,,XGBoost,43,LOCO,OFAT,Thickness_mean,,all,,33,33,20,33,0.4823041506994312,5.108485511154921,3.9459033942945076
ofatseq,n=33,,XGBoost,44,LOCO,OFAT,Thickness_mean,,all,,33,33,20,33,0.44189706666346373,5.304103342266875,3.7677707961111357
ofatseq,n=33,,XGBoost,45,LOCO,OFAT,Thickness_mean,,all,,33,33,20,33,0.44122208537564267,5.307309819479099,4.0355729033730245
ofatseq,n=33,,XGBoost,46,LOCO,OFAT,Thickness_mean,,all,,33,33,20,33,0.41291084137351575,5.440099646848508,4.194399638320461
ofatseq,n=33,,XGBoost,47,LOCO,OFAT,Thickness_mean,,all,,33,33,20,33,0.41968221441324327,5.408636130542709,4.189895166339297
ofatseq,n=33,,XGBoost,48,LOCO,OFAT,Thickness_mean,,all,,33,33,20,33,0.422696280166053,5.394572105730748,4.148206783641469
ofatseq,n=33,,XGBoost,49,LOCO,OFAT,Thickness_mean,,all,,33,33,20,33,0.4679639704123816,5.178754770573091,3.8369353248133806
ofatseq,n=33,,XGBoost,50,LOCO,OFAT,Thickness_mean,,all,,33,33,20,33,0.3977932279862205,5.509696061511244,4.205897445678711
ofatseq,n=33,,XGBoost,51,LOCO,OFAT,Thickness_mean,,all,,33,33,20,33,0.4997260982858399,5.021792318821014,3.8394474468809183
ofatseq,n=33,,GPR,42,LOCO,OFAT,Thickness_mean,,all,,33,33,20,33,0.034556631050202236,6.9761888137345744,4.603351899393964
ofatseq,n=33,,GPR,43,LOCO,OFAT,Thickness_mean,,all,,33,33,20,33,0.03456299280773567,6.976165829012591,4.603316710184641
ofatseq,n=33,,GPR,44,LOCO,OFAT,Thickness_mean,,all,,33,33,20,33,0.034556692587506266,6.976188591403637,4.603351047240903
ofatseq,n=33,,GPR,45,LOCO,OFAT,Thickness_mean,,all,,33,33,20,33,0.034559818238385165,6.976177298587434,4.603345280484419
ofatseq,n=33,,GPR,46,LOCO,OFAT,Thickness_mean,,all,,33,33,20,33,0.03455716151306465,6.976186897200828,4.603348028769878
ofatseq,n=33,,GPR,47,LOCO,OFAT,Thickness_mean,,all,,33,33,20,33,0.034558336791466915,6.976182650981394,4.603343209008547
ofatseq,n=33,,GPR,48,LOCO,OFAT,Thickness_mean,,all,,33,33,20,33,0.03455566682058153,6.976192297442905,4.603358023147006
ofatseq,n=33,,GPR,49,LOCO,OFAT,Thickness_mean,,all,,33,33,20,33,0.034558242652354854,6.97618299110118,4.603342527709566
ofatseq,n=33,,GPR,50,LOCO,OFAT,Thickness_mean,,all,,33,33,20,33,0.034557525901744324,6.976185580683851,4.603347325878801
ofatseq,n=33,,GPR,51,LOCO,OFAT,Thickness_mean,,all,,33,33,20,33,0.03455652681636223,6.976189190325762,4.603351119637251
ofatseq,n=34,,Ridge,42,LOCO,OFAT,Thickness_mean,,all,,34,34,21,34,0.3652673750676608,5.776308567668451,4.330822021346232
ofatseq,n=34,,Ridge,43,LOCO,OFAT,Thickness_mean,,all,,34,34,21,34,0.32841123542835626,5.94164479667747,4.270194095458086
ofatseq,n=34,,Ridge,44,LOCO,OFAT,Thickness_mean,,all,,34,34,21,34,0.3253742995325174,5.955063753367974,4.370209173912523
ofatseq,n=34,,Ridge,45,LOCO,OFAT,Thickness_mean,,all,,34,34,21,34,0.3435252391146145,5.874406437469066,3.9974667141731923
ofatseq,n=34,,Ridge,46,LOCO,OFAT,Thickness_mean,,all,,34,34,21,34,0.36353136730473734,5.784202339766065,3.8270569247770587
ofatseq,n=34,,Ridge,47,LOCO,OFAT,Thickness_mean,,all,,34,34,21,34,0.33989919163163007,5.890607779071627,4.42769832419535
ofatseq,n=34,,Ridge,48,LOCO,OFAT,Thickness_mean,,all,,34,34,21,34,0.2990821711274564,6.069997718040677,4.038316039629317
ofatseq,n=34,,Ridge,49,LOCO,OFAT,Thickness_mean,,all,,34,34,21,34,0.4044689838954918,5.595091160120965,3.9292623301775262
ofatseq,n=34,,Ridge,50,LOCO,OFAT,Thickness_mean,,all,,34,34,21,34,0.3965684290820116,5.632082248406389,4.003136734553477
ofatseq,n=34,,Ridge,51,LOCO,OFAT,Thickness_mean,,all,,34,34,21,34,0.26664546368248343,6.208861406175945,4.487140663033032
ofatseq,n=34,,Random Forest,42,LOCO,OFAT,Thickness_mean,,all,,34,34,21,34,0.5182129022480628,5.032485786888938,3.460848453388211
ofatseq,n=34,,Random Forest,43,LOCO,OFAT,Thickness_mean,,all,,34,34,21,34,0.5574940594046219,4.822969627793768,3.4870642370799074
ofatseq,n=34,,Random Forest,44,LOCO,OFAT,Thickness_mean,,all,,34,34,21,34,0.5156269850069095,5.04597325513147,3.5618194473230513
ofatseq,n=34,,Random Forest,45,LOCO,OFAT,Thickness_mean,,all,,34,34,21,34,0.6242353609622349,4.444397848687477,3.151146882068923
ofatseq,n=34,,Random Forest,46,LOCO,OFAT,Thickness_mean,,all,,34,34,21,34,0.6193632286444654,4.473117895152959,3.255218120127423
ofatseq,n=34,,Random Forest,47,LOCO,OFAT,Thickness_mean,,all,,34,34,21,34,0.5111282942330136,5.069351734000685,3.7658884903667116
ofatseq,n=34,,Random Forest,48,LOCO,OFAT,Thickness_mean,,all,,34,34,21,34,0.5695875837646582,4.75660808602873,3.473304931138369
ofatseq,n=34,,Random Forest,49,LOCO,OFAT,Thickness_mean,,all,,34,34,21,34,0.5672593030124746,4.769455975704288,3.4924441463483626
ofatseq,n=34,,Random Forest,50,LOCO,OFAT,Thickness_mean,,all,,34,34,21,34,0.6085213735214359,4.53637556262347,3.342285597610422
ofatseq,n=34,,Random Forest,51,LOCO,OFAT,Thickness_mean,,all,,34,34,21,34,0.5230834459351179,5.0069836466326105,3.475497162771749
ofatseq,n=34,,XGBoost,42,LOCO,OFAT,Thickness_mean,,all,,34,34,21,34,0.5023535009283258,5.114644476135806,3.7913428979761465
ofatseq,n=34,,XGBoost,43,LOCO,OFAT,Thickness_mean,,all,,34,34,21,34,0.4884911050532751,5.185391715020316,3.9978761055890253
ofatseq,n=34,,XGBoost,44,LOCO,OFAT,Thickness_mean,,all,,34,34,21,34,0.4413452665301142,5.419094391148165,4.160447884727927
ofatseq,n=34,,XGBoost,45,LOCO,OFAT,Thickness_mean,,all,,34,34,21,34,0.4418782138814136,5.416508911283905,4.181282912422629
ofatseq,n=34,,XGBoost,46,LOCO,OFAT,Thickness_mean,,all,,34,34,21,34,0.48492505911268413,5.203435612646987,3.8947892132927393
ofatseq,n=34,,XGBoost,47,LOCO,OFAT,Thickness_mean,,all,,34,34,21,34,0.45703800975027964,5.342440430087033,4.0992542440751025
ofatseq,n=34,,XGBoost,48,LOCO,OFAT,Thickness_mean,,all,,34,34,21,34,0.4386601641540542,5.432101871511459,4.406010264228373
ofatseq,n=34,,XGBoost,49,LOCO,OFAT,Thickness_mean,,all,,34,34,21,34,0.5190056585007294,5.028343732142688,3.6312309343674603
ofatseq,n=34,,XGBoost,50,LOCO,OFAT,Thickness_mean,,all,,34,34,21,34,0.4875980215169623,5.1899165320636955,3.8986601262934073
ofatseq,n=34,,XGBoost,51,LOCO,OFAT,Thickness_mean,,all,,34,34,21,34,0.48270177434841655,5.214653652180551,3.932516391978545
ofatseq,n=34,,GPR,42,LOCO,OFAT,Thickness_mean,,all,,34,34,21,34,0.07788939571817832,6.962199801159533,4.527206890183224
ofatseq,n=34,,GPR,43,LOCO,OFAT,Thickness_mean,,all,,34,34,21,34,0.07788820708124733,6.962204288433131,4.527203135926287
ofatseq,n=34,,GPR,44,LOCO,OFAT,Thickness_mean,,all,,34,34,21,34,0.07788900185336012,6.962201288055603,4.527200927928937
ofatseq,n=34,,GPR,45,LOCO,OFAT,Thickness_mean,,all,,34,34,21,34,0.07788930088510482,6.962200159167989,4.527204371681216
ofatseq,n=34,,GPR,46,LOCO,OFAT,Thickness_mean,,all,,34,34,21,34,0.07789061559680033,6.9621951959410975,4.527200896139164
ofatseq,n=34,,GPR,47,LOCO,OFAT,Thickness_mean,,all,,34,34,21,34,0.07788915949442399,6.962200692938058,4.527204838108049
ofatseq,n=34,,GPR,48,LOCO,OFAT,Thickness_mean,,all,,34,34,21,34,0.07788268487612526,6.962225135505534,4.527216036397196
ofatseq,n=34,,GPR,49,LOCO,OFAT,Thickness_mean,,all,,34,34,21,34,0.07789013067239603,6.962197026601305,4.527204707907128
ofatseq,n=34,,GPR,50,LOCO,OFAT,Thickness_mean,,all,,34,34,21,34,0.0778892518892681,6.962200344134295,4.5272024450167345
ofatseq,n=34,,GPR,51,LOCO,OFAT,Thickness_mean,,all,,34,34,21,34,0.07788891184466729,6.9622016278512575,4.527203486636802
ofatseq,n=35,,Ridge,42,LOCO,OFAT,Thickness_mean,,all,,35,35,22,35,0.42995181966561635,5.698378552949884,4.156516460536334
ofatseq,n=35,,Ridge,43,LOCO,OFAT,Thickness_mean,,all,,35,35,22,35,0.3346125804610163,6.156484744480639,4.341594872458399
ofatseq,n=35,,Ridge,44,LOCO,OFAT,Thickness_mean,,all,,35,35,22,35,0.4551564547102217,5.570977700187116,4.164584955304766
ofatseq,n=35,,Ridge,45,LOCO,OFAT,Thickness_mean,,all,,35,35,22,35,0.42697485156834825,5.713238525942234,3.9343999797398665
ofatseq,n=35,,Ridge,46,LOCO,OFAT,Thickness_mean,,all,,35,35,22,35,0.43462299837963314,5.674983250816284,3.80804373739079
ofatseq,n=35,,Ridge,47,LOCO,OFAT,Thickness_mean,,all,,35,35,22,35,0.48045372257879726,5.440109403114272,3.905413611300594
ofatseq,n=35,,Ridge,48,LOCO,OFAT,Thickness_mean,,all,,35,35,22,35,0.36538550702897565,6.012436573823945,4.025685414118121
ofatseq,n=35,,Ridge,49,LOCO,OFAT,Thickness_mean,,all,,35,35,22,35,0.44529714501736617,5.621157001501429,3.864241940745432
ofatseq,n=35,,Ridge,50,LOCO,OFAT,Thickness_mean,,all,,35,35,22,35,0.4748363849054279,5.4694395855510685,3.9251525583262508
ofatseq,n=35,,Ridge,51,LOCO,OFAT,Thickness_mean,,all,,35,35,22,35,0.3915464594447712,5.887205914512283,4.146430286893192
ofatseq,n=35,,Random Forest,42,LOCO,OFAT,Thickness_mean,,all,,35,35,22,35,0.6029073537872203,4.755995523124979,3.4148949547559155
ofatseq,n=35,,Random Forest,43,LOCO,OFAT,Thickness_mean,,all,,35,35,22,35,0.5893120709369022,4.836725985705789,3.568581273874817
ofatseq,n=35,,Random Forest,44,LOCO,OFAT,Thickness_mean,,all,,35,35,22,35,0.531658335612365,5.165078333819937,3.7931143610814955
ofatseq,n=35,,Random Forest,45,LOCO,OFAT,Thickness_mean,,all,,35,35,22,35,0.6375687364350286,4.54368631924736,3.3528152806839397
ofatseq,n=35,,Random Forest,46,LOCO,OFAT,Thickness_mean,,all,,35,35,22,35,0.5948425102302741,4.804049247280192,3.5345590797529853
ofatseq,n=35,,Random Forest,47,LOCO,OFAT,Thickness_mean,,all,,35,35,22,35,0.6036320337479069,4.751653779973669,3.5527176293567524
ofatseq,n=35,,Random Forest,48,LOCO,OFAT,Thickness_mean,,all,,35,35,22,35,0.5835429921877846,4.870579114801603,3.7173177457529327
ofatseq,n=35,,Random Forest,49,LOCO,OFAT,Thickness_mean,,all,,35,35,22,35,0.6014445821975327,4.764747309578164,3.7174328568729598
ofatseq,n=35,,Random Forest,50,LOCO,OFAT,Thickness_mean,,all,,35,35,22,35,0.6312897144438468,4.582876367017504,3.4120550989406957
ofatseq,n=35,,Random Forest,51,LOCO,OFAT,Thickness_mean,,all,,35,35,22,35,0.6552658607953485,4.431366415247523,3.314221546095979
ofatseq,n=35,,XGBoost,42,LOCO,OFAT,Thickness_mean,,all,,35,35,22,35,0.5160230242832256,5.25058708084611,3.8888375549316403
ofatseq,n=35,,XGBoost,43,LOCO,OFAT,Thickness_mean,,all,,35,35,22,35,0.4820183512942102,5.431911702763383,4.2432446294512065
ofatseq,n=35,,XGBoost,44,LOCO,OFAT,Thickness_mean,,all,,35,35,22,35,0.51237821505057,5.270320966504544,4.112907232557024
ofatseq,n=35,,XGBoost,45,LOCO,OFAT,Thickness_mean,,all,,35,35,22,35,0.5208286867354479,5.224454123912396,3.961522239140102
ofatseq,n=35,,XGBoost,46,LOCO,OFAT,Thickness_mean,,all,,35,35,22,35,0.5164644935490098,5.24819182055753,3.937665600367955
ofatseq,n=35,,XGBoost,47,LOCO,OFAT,Thickness_mean,,all,,35,35,22,35,0.4373647440527554,5.661206363853205,4.483308183942523
ofatseq,n=35,,XGBoost,48,LOCO,OFAT,Thickness_mean,,all,,35,35,22,35,0.44747918495056926,5.610090107724528,4.511411007472447
ofatseq,n=35,,XGBoost,49,LOCO,OFAT,Thickness_mean,,all,,35,35,22,35,0.5123001598439711,5.270742768342899,4.016079910278321
ofatseq,n=35,,XGBoost,50,LOCO,OFAT,Thickness_mean,,all,,35,35,22,35,0.5316673906192707,5.165028402274653,3.9723757128034323
ofatseq,n=35,,XGBoost,51,LOCO,OFAT,Thickness_mean,,all,,35,35,22,35,0.5265891939031275,5.192955468812371,3.8695511935097833
ofatseq,n=35,,GPR,42,LOCO,OFAT,Thickness_mean,,all,,35,35,22,35,0.12867539456693866,7.045073105794599,4.53816170424035
ofatseq,n=35,,GPR,43,LOCO,OFAT,Thickness_mean,,all,,35,35,22,35,0.12867578773121535,7.0450715163345015,4.538162738062348
ofatseq,n=35,,GPR,44,LOCO,OFAT,Thickness_mean,,all,,35,35,22,35,0.12867602992281968,7.0450705372171605,4.538158552887136
ofatseq,n=35,,GPR,45,LOCO,OFAT,Thickness_mean,,all,,35,35,22,35,0.12867621871212798,7.045069773991248,4.538153374748086
ofatseq,n=35,,GPR,46,LOCO,OFAT,Thickness_mean,,all,,35,35,22,35,0.12867579111936922,7.045071502637082,4.5381607852512
ofatseq,n=35,,GPR,47,LOCO,OFAT,Thickness_mean,,all,,35,35,22,35,0.12867574884106958,7.045071673557182,4.538162286426981
ofatseq,n=35,,GPR,48,LOCO,OFAT,Thickness_mean,,all,,35,35,22,35,0.12867551411591804,7.045072622489455,4.5381608148955275
ofatseq,n=35,,GPR,49,LOCO,OFAT,Thickness_mean,,all,,35,35,22,35,0.1286754879121479,7.045072728424422,4.538160792994977
ofatseq,n=35,,GPR,50,LOCO,OFAT,Thickness_mean,,all,,35,35,22,35,0.12867602921787946,7.04507054006705,4.53815811045268
ofatseq,n=35,,GPR,51,LOCO,OFAT,Thickness_mean,,all,,35,35,22,35,0.12867648827393596,7.04506868422305,4.538160382898299
ofatseq,n=36,,Ridge,42,LOCO,OFAT,Thickness_mean,,all,,36,36,23,36,0.3813513622104985,6.103117642030404,4.247533534177986
ofatseq,n=36,,Ridge,43,LOCO,OFAT,Thickness_mean,,all,,36,36,23,36,0.38323073462072155,6.09384036040714,4.281297319823447
ofatseq,n=36,,Ridge,44,LOCO,OFAT,Thickness_mean,,all,,36,36,23,36,0.4656643740352927,5.672007238363303,4.193691045831685
ofatseq,n=36,,Ridge,45,LOCO,OFAT,Thickness_mean,,all,,36,36,23,36,0.4734222701729123,5.6306814051538385,3.8115699093128534
ofatseq,n=36,,Ridge,46,LOCO,OFAT,Thickness_mean,,all,,36,36,23,36,0.5126062425052758,5.417135416379928,3.668222418558365
ofatseq,n=36,,Ridge,47,LOCO,OFAT,Thickness_mean,,all,,36,36,23,36,0.4870577273221355,5.557301468623887,4.073366421385672
ofatseq,n=36,,Ridge,48,LOCO,OFAT,Thickness_mean,,all,,36,36,23,36,0.41214284232727616,5.949296532464064,3.975247355160752
ofatseq,n=36,,Ridge,49,LOCO,OFAT,Thickness_mean,,all,,36,36,23,36,0.46366967611194143,5.6825843001531195,3.9244271179180976
ofatseq,n=36,,Ridge,50,LOCO,OFAT,Thickness_mean,,all,,36,36,23,36,0.47231496634243986,5.636598481071708,3.850169694684289
ofatseq,n=36,,Ridge,51,LOCO,OFAT,Thickness_mean,,all,,36,36,23,36,0.41114534249310286,5.9543418967321635,4.1416807486246645
ofatseq,n=36,,Random Forest,42,LOCO,OFAT,Thickness_mean,,all,,36,36,23,36,0.5939025583385382,4.944755675933575,3.750795422915513
ofatseq,n=36,,Random Forest,43,LOCO,OFAT,Thickness_mean,,all,,36,36,23,36,0.6548507359216751,4.558617850334904,3.2479495512415824
ofatseq,n=36,,Random Forest,44,LOCO,OFAT,Thickness_mean,,all,,36,36,23,36,0.643206024844537,4.634879706981435,3.498793079095257
ofatseq,n=36,,Random Forest,45,LOCO,OFAT,Thickness_mean,,all,,36,36,23,36,0.6736567632766943,4.432686521612569,3.307447152037714
ofatseq,n=36,,Random Forest,46,LOCO,OFAT,Thickness_mean,,all,,36,36,23,36,0.6524152058970595,4.57467341565641,3.4069531118722076
ofatseq,n=36,,Random Forest,47,LOCO,OFAT,Thickness_mean,,all,,36,36,23,36,0.6421668387791457,4.641624496333196,3.435782384504853
ofatseq,n=36,,Random Forest,48,LOCO,OFAT,Thickness_mean,,all,,36,36,23,36,0.6357168426804769,4.683270651849803,3.4676602768468157
ofatseq,n=36,,Random Forest,49,LOCO,OFAT,Thickness_mean,,all,,36,36,23,36,0.6105191412900521,4.8425350222278905,3.679224531323067
ofatseq,n=36,,Random Forest,50,LOCO,OFAT,Thickness_mean,,all,,36,36,23,36,0.6732608975588725,4.435374208400673,3.237545404657218
ofatseq,n=36,,Random Forest,51,LOCO,OFAT,Thickness_mean,,all,,36,36,23,36,0.6452225370509773,4.621763545633012,3.5182872178006472
ofatseq,n=36,,XGBoost,42,LOCO,OFAT,Thickness_mean,,all,,36,36,23,36,0.5173090795388495,5.390937237942835,3.887768598927392
ofatseq,n=36,,XGBoost,43,LOCO,OFAT,Thickness_mean,,all,,36,36,23,36,0.5397005793189921,5.264412662211281,4.078690005408394
ofatseq,n=36,,XGBoost,44,LOCO,OFAT,Thickness_mean,,all,,36,36,23,36,0.5646330913269091,5.119852141351986,3.807568277782864
ofatseq,n=36,,XGBoost,45,LOCO,OFAT,Thickness_mean,,all,,36,36,23,36,0.550549358043599,5.202004378738933,4.0343289158079365
ofatseq,n=36,,XGBoost,46,LOCO,OFAT,Thickness_mean,,all,,36,36,23,36,0.5508382035238039,5.2003325411635855,3.90837022251553
ofatseq,n=36,,XGBoost,47,LOCO,OFAT,Thickness_mean,,all,,36,36,23,36,0.543991312845136,5.2398188030065525,4.139807045194837
ofatseq,n=36,,XGBoost,48,LOCO,OFAT,Thickness_mean,,all,,36,36,23,36,0.5166580426877806,5.394571567916994,4.332073508898417
ofatseq,n=36,,XGBoost,49,LOCO,OFAT,Thickness_mean,,all,,36,36,23,36,0.5475952041783421,5.219072272972454,4.087342440817091
ofatseq,n=36,,XGBoost,50,LOCO,OFAT,Thickness_mean,,all,,36,36,23,36,0.5568548250382755,5.165385313391719,3.946011421415541
ofatseq,n=36,,XGBoost,51,LOCO,OFAT,Thickness_mean,,all,,36,36,23,36,0.5953998381610058,4.935631609775785,3.7198749142222933
ofatseq,n=36,,GPR,42,LOCO,OFAT,Thickness_mean,,all,,36,36,23,36,0.19617561090126934,6.9568125326667065,4.387003104899728
ofatseq,n=36,,GPR,43,LOCO,OFAT,Thickness_mean,,all,,36,36,23,36,0.196176002441665,6.956810838345472,4.38700668269595
ofatseq,n=36,,GPR,44,LOCO,OFAT,Thickness_mean,,all,,36,36,23,36,0.19617628736955073,6.956809605370601,4.387002654625054
ofatseq,n=36,,GPR,45,LOCO,OFAT,Thickness_mean,,all,,36,36,23,36,0.1961779360095729,6.956802471169132,4.386985616937019
ofatseq,n=36,,GPR,46,LOCO,OFAT,Thickness_mean,,all,,36,36,23,36,0.19617654094285042,6.956808508076954,4.387005240139842
ofatseq,n=36,,GPR,47,LOCO,OFAT,Thickness_mean,,all,,36,36,23,36,0.19617608455045343,6.956810483034281,4.3870069614510205
ofatseq,n=36,,GPR,48,LOCO,OFAT,Thickness_mean,,all,,36,36,23,36,0.196171321990661,6.956831092135464,4.38701991446287
ofatseq,n=36,,GPR,49,LOCO,OFAT,Thickness_mean,,all,,36,36,23,36,0.1961767878001901,6.956807439845271,4.386999983015143
ofatseq,n=36,,GPR,50,LOCO,OFAT,Thickness_mean,,all,,36,36,23,36,0.19617556185440388,6.956812744908241,4.387010667628918
ofatseq,n=36,,GPR,51,LOCO,OFAT,Thickness_mean,,all,,36,36,23,36,0.19617566735289882,6.956812288382373,4.387006691101802
ofatseq,n=37,,Ridge,42,LOCO,OFAT,Thickness_mean,,all,,37,37,24,37,0.433671634496678,5.928167029834459,3.82008039745264
ofatseq,n=37,,Ridge,43,LOCO,OFAT,Thickness_mean,,all,,37,37,24,37,0.4150191144487,6.02500084550662,4.207055055737736
ofatseq,n=37,,Ridge,44,LOCO,OFAT,Thickness_mean,,all,,37,37,24,37,0.4009211188747701,6.097169653241327,4.339245745726395
ofatseq,n=37,,Ridge,45,LOCO,OFAT,Thickness_mean,,all,,37,37,24,37,0.5027842431422516,5.554675795024993,3.6525641886989333
ofatseq,n=37,,Ridge,46,LOCO,OFAT,Thickness_mean,,all,,37,37,24,37,0.4600964186863672,5.788211323584862,3.6879100588185096
ofatseq,n=37,,Ridge,47,LOCO,OFAT,Thickness_mean,,all,,37,37,24,37,0.5140113698222535,5.491605469199658,3.964911017162066
ofatseq,n=37,,Ridge,48,LOCO,OFAT,Thickness_mean,,all,,37,37,24,37,0.4548358785364123,5.816341630706797,3.744485270780303
ofatseq,n=37,,Ridge,49,LOCO,OFAT,Thickness_mean,,all,,37,37,24,37,0.46650735087199957,5.75374346018162,3.789915646306216
ofatseq,n=37,,Ridge,50,LOCO,OFAT,Thickness_mean,,all,,37,37,24,37,0.517630274217905,5.4711206991775265,3.569172904578851
ofatseq,n=37,,Ridge,51,LOCO,OFAT,Thickness_mean,,all,,37,37,24,37,0.4806679867441721,5.676868336300794,3.691767474844696
ofatseq,n=37,,Random Forest,42,LOCO,OFAT,Thickness_mean,,all,,37,37,24,37,0.6325806535831859,4.774933026705736,3.611793860984321
ofatseq,n=37,,Random Forest,43,LOCO,OFAT,Thickness_mean,,all,,37,37,24,37,0.6859221905559857,4.414737657167357,3.031594403263778
ofatseq,n=37,,Random Forest,44,LOCO,OFAT,Thickness_mean,,all,,37,37,24,37,0.676863502726375,4.477950421590919,3.1392100543363113
ofatseq,n=37,,Random Forest,45,LOCO,OFAT,Thickness_mean,,all,,37,37,24,37,0.6975177861235164,4.332476302193686,3.1428171290542495
ofatseq,n=37,,Random Forest,46,LOCO,OFAT,Thickness_mean,,all,,37,37,24,37,0.6644687716384196,4.563023944967956,3.2575209659315907
ofatseq,n=37,,Random Forest,47,LOCO,OFAT,Thickness_mean,,all,,37,37,24,37,0.6828160915992643,4.43651391009908,3.1605617362125598
ofatseq,n=37,,Random Forest,48,LOCO,OFAT,Thickness_mean,,all,,37,37,24,37,0.6952496442599106,4.348689352110034,3.084334659315907
ofatseq,n=37,,Random Forest,49,LOCO,OFAT,Thickness_mean,,all,,37,37,24,37,0.6914805849584933,4.3754983461804065,3.1764880857374598
ofatseq,n=37,,Random Forest,50,LOCO,OFAT,Thickness_mean,,all,,37,37,24,37,0.6865658123485906,4.410211901982574,3.171494810639412
ofatseq,n=37,,Random Forest,51,LOCO,OFAT,Thickness_mean,,all,,37,37,24,37,0.662362331923636,4.5773246952070235,3.4255986444800115
ofatseq,n=37,,XGBoost,42,LOCO,OFAT,Thickness_mean,,all,,37,37,24,37,0.5785551328463238,5.113952134738711,3.6633609794926003
ofatseq,n=37,,XGBoost,43,LOCO,OFAT,Thickness_mean,,all,,37,37,24,37,0.6328644351435531,4.773088676775627,3.6920573041245746
ofatseq,n=37,,XGBoost,44,LOCO,OFAT,Thickness_mean,,all,,37,37,24,37,0.5614999558257139,5.2164025089411306,3.831689980481122
ofatseq,n=37,,XGBoost,45,LOCO,OFAT,Thickness_mean,,all,,37,37,24,37,0.5506955427199887,5.280276172558627,4.115138628676132
ofatseq,n=37,,XGBoost,46,LOCO,OFAT,Thickness_mean,,all,,37,37,24,37,0.5294339608345473,5.403766378016453,4.2459455902512016
ofatseq,n=37,,XGBoost,47,LOCO,OFAT,Thickness_mean,,all,,37,37,24,37,0.5477432277386044,5.297595735781073,4.128775509499215
ofatseq,n=37,,XGBoost,48,LOCO,OFAT,Thickness_mean,,all,,37,37,24,37,0.5928107213698521,5.026717070726825,3.8171411810694513
ofatseq,n=37,,XGBoost,49,LOCO,OFAT,Thickness_mean,,all,,37,37,24,37,0.6063451167943784,4.942470615351995,3.6141264655138996
ofatseq,n=37,,XGBoost,50,LOCO,OFAT,Thickness_mean,,all,,37,37,24,37,0.5926888338416647,5.027469360026776,3.693225140442719
ofatseq,n=37,,XGBoost,51,LOCO,OFAT,Thickness_mean,,all,,37,37,24,37,0.6236381785024596,4.832691309639713,3.4852329071148023
ofatseq,n=37,,GPR,42,LOCO,OFAT,Thickness_mean,,all,,37,37,24,37,0.23743747805784898,6.8789793046104935,4.263188940342142
ofatseq,n=37,,GPR,43,LOCO,OFAT,Thickness_mean,,all,,37,37,24,37,0.23743781844486878,6.878977769316364,4.263181825524158
ofatseq,n=37,,GPR,44,LOCO,OFAT,Thickness_mean,,all,,37,37,24,37,0.23743636248229838,6.878984336341072,4.263194291924852
ofatseq,n=37,,GPR,45,LOCO,OFAT,Thickness_mean,,all,,37,37,24,37,0.23743612537955383,6.878985405777023,4.263192708200527
ofatseq,n=37,,GPR,46,LOCO,OFAT,Thickness_mean,,all,,37,37,24,37,0.23743999519601122,6.8789679512098765,4.263186840939435
ofatseq,n=37,,GPR,47,LOCO,OFAT,Thickness_mean,,all,,37,37,24,37,0.23743658805393275,6.878983318915261,4.263189453374895
ofatseq,n=37,,GPR,48,LOCO,OFAT,Thickness_mean,,all,,37,37,24,37,0.23743486307768547,6.87899109930174,4.263187570633294
ofatseq,n=37,,GPR,49,LOCO,OFAT,Thickness_mean,,all,,37,37,24,37,0.23743619959713558,6.87898507102364,4.263190990572818
ofatseq,n=37,,GPR,50,LOCO,OFAT,Thickness_mean,,all,,37,37,24,37,0.2374384491488195,6.878974924565171,4.263187133598933
ofatseq,n=37,,GPR,51,LOCO,OFAT,Thickness_mean,,all,,37,37,24,37,0.2374372020021882,6.878980549741844,4.263190993027591
ofatseq,n=38,,Ridge,42,LOCO,OFAT,Thickness_mean,,all,,38,38,24,38,0.3823786933190012,6.156410400057809,4.221857708184139
ofatseq,n=38,,Ridge,43,LOCO,OFAT,Thickness_mean,,all,,38,38,24,38,0.4141983976940824,5.995725007978114,4.21150255064196
ofatseq,n=38,,Ridge,44,LOCO,OFAT,Thickness_mean,,all,,38,38,24,38,0.4785488717073565,5.6568313876764735,4.189442752077484
ofatseq,n=38,,Ridge,45,LOCO,OFAT,Thickness_mean,,all,,38,38,24,38,0.4854665930269607,5.619183529203621,3.907293139361413
ofatseq,n=38,,Ridge,46,LOCO,OFAT,Thickness_mean,,all,,38,38,24,38,0.4549924808603273,5.783192855822925,3.746519610067195
ofatseq,n=38,,Ridge,47,LOCO,OFAT,Thickness_mean,,all,,38,38,24,38,0.4945079543401385,5.569594681546512,4.153425503372502
ofatseq,n=38,,Ridge,48,LOCO,OFAT,Thickness_mean,,all,,38,38,24,38,0.448642946122937,5.81678344782303,3.8108346024386246
ofatseq,n=38,,Ridge,49,LOCO,OFAT,Thickness_mean,,all,,38,38,24,38,0.4709087476660543,5.698121676683458,3.718389141065236
ofatseq,n=38,,Ridge,50,LOCO,OFAT,Thickness_mean,,all,,38,38,24,38,0.5075483387170854,5.497284729833986,3.5630663680855785
ofatseq,n=38,,Ridge,51,LOCO,OFAT,Thickness_mean,,all,,38,38,24,38,0.43121664561414164,5.907991574806233,4.039189422505953
ofatseq,n=38,,Random Forest,42,LOCO,OFAT,Thickness_mean,,all,,38,38,24,38,0.700482919298835,4.2872343659900904,2.9784577537324757
ofatseq,n=38,,Random Forest,43,LOCO,OFAT,Thickness_mean,,all,,38,38,24,38,0.6509092898175656,4.628449974352519,3.266699536877206
ofatseq,n=38,,Random Forest,44,LOCO,OFAT,Thickness_mean,,all,,38,38,24,38,0.682581480759664,4.413494186790628,3.1403921574973226
ofatseq,n=38,,Random Forest,45,LOCO,OFAT,Thickness_mean,,all,,38,38,24,38,0.6899134411273893,4.362223359094818,3.0798097098698087
ofatseq,n=38,,Random Forest,46,LOCO,OFAT,Thickness_mean,,all,,38,38,24,38,0.6564532683185812,4.591550220963024,3.235771040551776
ofatseq,n=38,,Random Forest,47,LOCO,OFAT,Thickness_mean,,all,,38,38,24,38,0.6891450069182954,4.367625088722037,3.2259289095179926
ofatseq,n=38,,Random Forest,48,LOCO,OFAT,Thickness_mean,,all,,38,38,24,38,0.6671808934420677,4.519293567297723,3.162301190349305
ofatseq,n=38,,Random Forest,49,LOCO,OFAT,Thickness_mean,,all,,38,38,24,38,0.6990482097212144,4.29749018832571,3.080261041490886
ofatseq,n=38,,Random Forest,50,LOCO,OFAT,Thickness_mean,,all,,38,38,24,38,0.6941519815228046,4.332307392807716,3.0779090925639863
ofatseq,n=38,,Random Forest,51,LOCO,OFAT,Thickness_mean,,all,,38,38,24,38,0.7165856870725534,4.170396215269688,2.943873631031046
ofatseq,n=38,,XGBoost,42,LOCO,OFAT,Thickness_mean,,all,,38,38,24,38,0.6058604083376438,4.918033236222047,3.4821732187271115
ofatseq,n=38,,XGBoost,43,LOCO,OFAT,Thickness_mean,,all,,38,38,24,38,0.6215416444984561,4.819205847978743,3.6864641372781057
ofatseq,n=38,,XGBoost,44,LOCO,OFAT,Thickness_mean,,all,,38,38,24,38,0.5627790012899276,5.179847026961479,3.834983850780287
ofatseq,n=38,,XGBoost,45,LOCO,OFAT,Thickness_mean,,all,,38,38,24,38,0.569100086662863,5.142267106584172,3.9228603307824392
ofatseq,n=38,,XGBoost,46,LOCO,OFAT,Thickness_mean,,all,,38,38,24,38,0.5866733626492937,5.036317784304173,3.774670660872209
ofatseq,n=38,,XGBoost,47,LOCO,OFAT,Thickness_mean,,all,,38,38,24,38,0.5885690190567823,5.02475537943815,3.7766772661711046
ofatseq,n=38,,XGBoost,48,LOCO,OFAT,Thickness_mean,,all,,38,38,24,38,0.5784462463631771,5.086193852221342,3.9570027739123295
ofatseq,n=38,,XGBoost,49,LOCO,OFAT,Thickness_mean,,all,,38,38,24,38,0.5822626645508875,5.063118294645869,3.7424804451591087
ofatseq,n=38,,XGBoost,50,LOCO,OFAT,Thickness_mean,,all,,38,38,24,38,0.5954450718560667,4.982590277110993,3.663888809304489
ofatseq,n=38,,XGBoost,51,LOCO,OFAT,Thickness_mean,,all,,38,38,24,38,0.6201785711439343,4.827876586609415,3.5489714288711545
ofatseq,n=38,,GPR,42,LOCO,OFAT,Thickness_mean,,all,,38,38,24,38,0.2239364377484968,6.901048421918861,4.29126744255247
ofatseq,n=38,,GPR,43,LOCO,OFAT,Thickness_mean,,all,,38,38,24,38,0.2239342531782319,6.901058134921316,4.291270134074689
ofatseq,n=38,,GPR,44,LOCO,OFAT,Thickness_mean,,all,,38,38,24,38,0.22392997152433636,6.901077171904853,4.29127224522005
ofatseq,n=38,,GPR,45,LOCO,OFAT,Thickness_mean,,all,,38,38,24,38,0.22393482278385712,6.90105560235093,4.291271168312526
ofatseq,n=38,,GPR,46,LOCO,OFAT,Thickness_mean,,all,,38,38,24,38,0.2239341499409665,6.901058593932907,4.291271769971065
ofatseq,n=38,,GPR,47,LOCO,OFAT,Thickness_mean,,all,,38,38,24,38,0.22393390701746219,6.90105967401471,4.291271770691068
ofatseq,n=38,,GPR,48,LOCO,OFAT,Thickness_mean,,all,,38,38,24,38,0.22392007424199356,6.901121176755556,4.291294859425207
ofatseq,n=38,,GPR,49,LOCO,OFAT,Thickness_mean,,all,,38,38,24,38,0.2239322856751308,6.901066882791411,4.29127370300365
ofatseq,n=38,,GPR,50,LOCO,OFAT,Thickness_mean,,all,,38,38,24,38,0.22393095421510223,6.901072802694144,4.291277966552881
ofatseq,n=38,,GPR,51,LOCO,OFAT,Thickness_mean,,all,,38,38,24,38,0.2239355561685724,6.901052341587503,4.291268112335291
ofatseq,n=39,,Ridge,42,LOCO,OFAT,Thickness_mean,,all,,39,39,24,39,0.3887329630011489,6.049748955960433,4.148705434041168
ofatseq,n=39,,Ridge,43,LOCO,OFAT,Thickness_mean,,all,,39,39,24,39,0.4117063620511304,5.93497564043122,4.1555304858964845
ofatseq,n=39,,Ridge,44,LOCO,OFAT,Thickness_mean,,all,,39,39,24,39,0.47614250119153645,5.600521224157606,4.106719943472962
ofatseq,n=39,,Ridge,45,LOCO,OFAT,Thickness_mean,,all,,39,39,24,39,0.5258159374776767,5.328381864005414,3.7596107343034144
ofatseq,n=39,,Ridge,46,LOCO,OFAT,Thickness_mean,,all,,39,39,24,39,0.45291051402027105,5.723359805182797,3.5856717653926635
ofatseq,n=39,,Ridge,47,LOCO,OFAT,Thickness_mean,,all,,39,39,24,39,0.46938059801615195,5.636550830068873,4.138093302360209
ofatseq,n=39,,Ridge,48,LOCO,OFAT,Thickness_mean,,all,,39,39,24,39,0.4562845571504627,5.705683785744576,3.693038128976531
ofatseq,n=39,,Ridge,49,LOCO,OFAT,Thickness_mean,,all,,39,39,24,39,0.37536904498492407,6.115523175586718,4.2095374084100206
ofatseq,n=39,,Ridge,50,LOCO,OFAT,Thickness_mean,,all,,39,39,24,39,0.45004996324574553,5.738303079190882,3.97467615935059
ofatseq,n=39,,Ridge,51,LOCO,OFAT,Thickness_mean,,all,,39,39,24,39,0.47769804914967195,5.59219991895443,3.6040927138592473
ofatseq,n=39,,Random Forest,42,LOCO,OFAT,Thickness_mean,,all,,39,39,24,39,0.6729805252929237,4.424953112263203,3.071310421029968
ofatseq,n=39,,Random Forest,43,LOCO,OFAT,Thickness_mean,,all,,39,39,24,39,0.592639988764136,4.93868198714271,3.2751475396306917
ofatseq,n=39,,Random Forest,44,LOCO,OFAT,Thickness_mean,,all,,39,39,24,39,0.7181958003579219,4.107670465237461,2.836420792921896
ofatseq,n=39,,Random Forest,45,LOCO,OFAT,Thickness_mean,,all,,39,39,24,39,0.6882763945018682,4.320228427480655,2.9881054964868583
ofatseq,n=39,,Random Forest,46,LOCO,OFAT,Thickness_mean,,all,,39,39,24,39,0.7031784582243699,4.215698790408503,2.9329766530034034
ofatseq,n=39,,Random Forest,47,LOCO,OFAT,Thickness_mean,,all,,39,39,24,39,0.6928822839191408,4.288192763580764,2.984149571774867
ofatseq,n=39,,Random Forest,48,LOCO,OFAT,Thickness_mean,,all,,39,39,24,39,0.7059114709730835,4.196245682760566,2.952446638920002
ofatseq,n=39,,Random Forest,49,LOCO,OFAT,Thickness_mean,,all,,39,39,24,39,0.69088964858051,4.302081557217785,3.00402698522465
ofatseq,n=39,,Random Forest,50,LOCO,OFAT,Thickness_mean,,all,,39,39,24,39,0.6428583968082575,4.624258321885753,3.0924476493240727
ofatseq,n=39,,Random Forest,51,LOCO,OFAT,Thickness_mean,,all,,39,39,24,39,0.7294176624678376,4.025052848944426,2.79110776251876
ofatseq,n=39,,XGBoost,42,LOCO,OFAT,Thickness_mean,,all,,39,39,24,39,0.6165819428937449,4.791352752304178,3.440526178800143
ofatseq,n=39,,XGBoost,43,LOCO,OFAT,Thickness_mean,,all,,39,39,24,39,0.6114255173642201,4.823463579042789,3.5508633246788612
ofatseq,n=39,,XGBoost,44,LOCO,OFAT,Thickness_mean,,all,,39,39,24,39,0.6049931710993657,4.86322280362266,3.582915587058434
ofatseq,n=39,,XGBoost,45,LOCO,OFAT,Thickness_mean,,all,,39,39,24,39,0.5848389161317844,4.985746389626428,3.8115477601075782
ofatseq,n=39,,XGBoost,46,LOCO,OFAT,Thickness_mean,,all,,39,39,24,39,0.5634857792988965,5.112355703625677,3.9076914391150845
ofatseq,n=39,,XGBoost,47,LOCO,OFAT,Thickness_mean,,all,,39,39,24,39,0.6102388280191443,4.830823286868095,3.6331919682331577
ofatseq,n=39,,XGBoost,48,LOCO,OFAT,Thickness_mean,,all,,39,39,24,39,0.5454673957242338,5.216802382091299,4.215153605632294
ofatseq,n=39,,XGBoost,49,LOCO,OFAT,Thickness_mean,,all,,39,39,24,39,0.6039318636860771,4.86975169348104,3.682800015425071
ofatseq,n=39,,XGBoost,50,LOCO,OFAT,Thickness_mean,,all,,39,39,24,39,0.5939388928548102,4.930801984407389,3.583798191853059
ofatseq,n=39,,XGBoost,51,LOCO,OFAT,Thickness_mean,,all,,39,39,24,39,0.6226532609597074,4.75326651174453,3.5083492124997653
ofatseq,n=39,,GPR,42,LOCO,OFAT,Thickness_mean,,all,,39,39,24,39,0.21787735876607717,6.8432009624865655,4.221619067695393
ofatseq,n=39,,GPR,43,LOCO,OFAT,Thickness_mean,,all,,39,39,24,39,0.21787684081307812,6.843203228407336,4.221621379978326
ofatseq,n=39,,GPR,44,LOCO,OFAT,Thickness_mean,,all,,39,39,24,39,0.21787672785421552,6.843203722575304,4.221628486810364
ofatseq,n=39,,GPR,45,LOCO,OFAT,Thickness_mean,,all,,39,39,24,39,0.21788120406228595,6.843184140209807,4.221603635560502
ofatseq,n=39,,GPR,46,LOCO,OFAT,Thickness_mean,,all,,39,39,24,39,0.21787763249865322,6.843199764971565,4.221617442503373
ofatseq,n=39,,GPR,47,LOCO,OFAT,Thickness_mean,,all,,39,39,24,39,0.21787973425325147,6.843190570287438,4.221613153051875
ofatseq,n=39,,GPR,48,LOCO,OFAT,Thickness_mean,,all,,39,39,24,39,0.2178800206992142,6.843189317152481,4.221601365806007
ofatseq,n=39,,GPR,49,LOCO,OFAT,Thickness_mean,,all,,39,39,24,39,0.21788227127969328,6.843179471374481,4.221609996197662
ofatseq,n=39,,GPR,50,LOCO,OFAT,Thickness_mean,,all,,39,39,24,39,0.21787910762133433,6.8431933116566075,4.221610495417393
ofatseq,n=39,,GPR,51,LOCO,OFAT,Thickness_mean,,all,,39,39,24,39,0.2178793185083131,6.843192389075154,4.2216137736959904
ofatseq,n=40,,Ridge,42,LOCO,OFAT,Thickness_mean,,all,,40,40,24,40,0.4117209604834111,5.867613313369567,3.966265622837571
ofatseq,n=40,,Ridge,43,LOCO,OFAT,Thickness_mean,,all,,40,40,24,40,0.4035420765200386,5.908261433461489,4.0592393434783896
ofatseq,n=40,,Ridge,44,LOCO,OFAT,Thickness_mean,,all,,40,40,24,40,0.5019783160133584,5.398758790480071,3.7190409776250304
ofatseq,n=40,,Ridge,45,LOCO,OFAT,Thickness_mean,,all,,40,40,24,40,0.5255869171458468,5.269241777264176,3.6525377019332526
ofatseq,n=40,,Ridge,46,LOCO,OFAT,Thickness_mean,,all,,40,40,24,40,0.3978985805256915,5.936146677784342,4.045877908120106
ofatseq,n=40,,Ridge,47,LOCO,OFAT,Thickness_mean,,all,,40,40,24,40,0.38873723135051974,5.981137273610609,4.429335213113657
ofatseq,n=40,,Ridge,48,LOCO,OFAT,Thickness_mean,,all,,40,40,24,40,0.46195129077185226,5.611521030722155,3.557571285059874
ofatseq,n=40,,Ridge,49,LOCO,OFAT,Thickness_mean,,all,,40,40,24,40,0.42471601206639653,5.802443778253729,3.8923554765444983
ofatseq,n=40,,Ridge,50,LOCO,OFAT,Thickness_mean,,all,,40,40,24,40,0.4816640329780826,5.507765871248803,4.015906747978677
ofatseq,n=40,,Ridge,51,LOCO,OFAT,Thickness_mean,,all,,40,40,24,40,0.48035702214394116,5.514705556951165,3.505555343498699
ofatseq,n=40,,Random Forest,42,LOCO,OFAT,Thickness_mean,,all,,40,40,24,40,0.6511603801761052,4.518379454038733,3.1336550606904465
ofatseq,n=40,,Random Forest,43,LOCO,OFAT,Thickness_mean,,all,,40,40,24,40,0.5953747187382286,4.866271159303318,3.245828912981321
ofatseq,n=40,,Random Forest,44,LOCO,OFAT,Thickness_mean,,all,,40,40,24,40,0.7071949557543942,4.139606641540812,2.939665298684473
ofatseq,n=40,,Random Forest,45,LOCO,OFAT,Thickness_mean,,all,,40,40,24,40,0.6505562163106711,4.522290507276341,3.191365446218596
ofatseq,n=40,,Random Forest,46,LOCO,OFAT,Thickness_mean,,all,,40,40,24,40,0.6976964852281886,4.206214306997067,2.9752293745969767
ofatseq,n=40,,Random Forest,47,LOCO,OFAT,Thickness_mean,,all,,40,40,24,40,0.6753001867932915,4.35924037533063,3.1269905500584336
ofatseq,n=40,,Random Forest,48,LOCO,OFAT,Thickness_mean,,all,,40,40,24,40,0.6752488796057812,4.359584772708703,3.1677405709201296
ofatseq,n=40,,Random Forest,49,LOCO,OFAT,Thickness_mean,,all,,40,40,24,40,0.615202340607071,4.745544047434828,3.2326744415331
ofatseq,n=40,,Random Forest,50,LOCO,OFAT,Thickness_mean,,all,,40,40,24,40,0.6016311515200661,4.82850275004573,3.3036424977461465
ofatseq,n=40,,Random Forest,51,LOCO,OFAT,Thickness_mean,,all,,40,40,24,40,0.6727488830584196,4.376333062398989,3.169126217821172
ofatseq,n=40,,XGBoost,42,LOCO,OFAT,Thickness_mean,,all,,40,40,24,40,0.6055849899668415,4.80448138567063,3.562912793874741
ofatseq,n=40,,XGBoost,43,LOCO,OFAT,Thickness_mean,,all,,40,40,24,40,0.5528222747624456,5.115756669952497,3.8741838097572328
ofatseq,n=40,,XGBoost,44,LOCO,OFAT,Thickness_mean,,all,,40,40,24,40,0.588722648528457,4.906109025248764,3.6546641285419468
ofatseq,n=40,,XGBoost,45,LOCO,OFAT,Thickness_mean,,all,,40,40,24,40,0.5635343597113331,5.054111610469596,3.771464502334595
ofatseq,n=40,,XGBoost,46,LOCO,OFAT,Thickness_mean,,all,,40,40,24,40,0.5630945983508402,5.056657106870945,3.8533316812515266
ofatseq,n=40,,XGBoost,47,LOCO,OFAT,Thickness_mean,,all,,40,40,24,40,0.5749890577165095,4.987350076910875,3.783490872144699
ofatseq,n=40,,XGBoost,48,LOCO,OFAT,Thickness_mean,,all,,40,40,24,40,0.5528676061172658,5.115497365826705,4.153694527626039
ofatseq,n=40,,XGBoost,49,LOCO,OFAT,Thickness_mean,,all,,40,40,24,40,0.5517100409755719,5.122114750255734,3.7519713397026067
ofatseq,n=40,,XGBoost,50,LOCO,OFAT,Thickness_mean,,all,,40,40,24,40,0.6162770682620677,4.738912336671464,3.531016015529633
ofatseq,n=40,,XGBoost,51,LOCO,OFAT,Thickness_mean,,all,,40,40,24,40,0.6151969275037534,4.745577426055072,3.4158655090332033
ofatseq,n=40,,GPR,42,LOCO,OFAT,Thickness_mean,,all,,40,40,24,40,0.21578786787959403,6.774645526894556,4.126708089153106
ofatseq,n=40,,GPR,43,LOCO,OFAT,Thickness_mean,,all,,40,40,24,40,0.21579063673517818,6.774633567100205,4.126702295970426
ofatseq,n=40,,GPR,44,LOCO,OFAT,Thickness_mean,,all,,40,40,24,40,0.2157871947238923,6.7746484345199915,4.126703332515084
ofatseq,n=40,,GPR,45,LOCO,OFAT,Thickness_mean,,all,,40,40,24,40,0.21578517775367145,6.774657146603799,4.126708426942047
ofatseq,n=40,,GPR,46,LOCO,OFAT,Thickness_mean,,all,,40,40,24,40,0.21578646059624407,6.774651605505932,4.1267058749363414
ofatseq,n=40,,GPR,47,LOCO,OFAT,Thickness_mean,,all,,40,40,24,40,0.21578556475917998,6.774655474976405,4.126708822253627
ofatseq,n=40,,GPR,48,LOCO,OFAT,Thickness_mean,,all,,40,40,24,40,0.26795754380145775,6.54542623304324,4.039797120649924
ofatseq,n=40,,GPR,49,LOCO,OFAT,Thickness_mean,,all,,40,40,24,40,0.21578766428265228,6.774646406310319,4.126702176072052
ofatseq,n=40,,GPR,50,LOCO,OFAT,Thickness_mean,,all,,40,40,24,40,0.21578652213006766,6.774651339717212,4.126707653115193
ofatseq,n=40,,GPR,51,LOCO,OFAT,Thickness_mean,,all,,40,40,24,40,0.215787690029268,6.774646295100503,4.126705247132898
ofatseq,n=41,,Ridge,42,LOCO,OFAT,Thickness_mean,,all,,41,41,24,41,0.4158871702815471,5.806038242015213,3.8945052447296913
ofatseq,n=41,,Ridge,43,LOCO,OFAT,Thickness_mean,,all,,41,41,24,41,0.39133677184479976,5.926796992771164,4.111292180360514
ofatseq,n=41,,Ridge,44,LOCO,OFAT,Thickness_mean,,all,,41,41,24,41,0.4517516544203788,5.624969659309143,3.64487937606241
ofatseq,n=41,,Ridge,45,LOCO,OFAT,Thickness_mean,,all,,41,41,24,41,0.4949506130899266,5.398814970205007,3.825568060319714
ofatseq,n=41,,Ridge,46,LOCO,OFAT,Thickness_mean,,all,,41,41,24,41,0.40559713968627864,5.856956043306848,3.978009520920148
ofatseq,n=41,,Ridge,47,LOCO,OFAT,Thickness_mean,,all,,41,41,24,41,0.41530812091143265,5.808915383056191,4.3887689074435325
ofatseq,n=41,,Ridge,48,LOCO,OFAT,Thickness_mean,,all,,41,41,24,41,0.46515435890660384,5.555789078399436,3.665946834389237
ofatseq,n=41,,Ridge,49,LOCO,OFAT,Thickness_mean,,all,,41,41,24,41,0.4339475649972294,5.7155739847353395,4.164210285576562
ofatseq,n=41,,Ridge,50,LOCO,OFAT,Thickness_mean,,all,,41,41,24,41,0.47748826820182666,5.491355276149675,4.052138216013535
ofatseq,n=41,,Ridge,51,LOCO,OFAT,Thickness_mean,,all,,41,41,24,41,0.4735646153977622,5.511934597791011,3.76911084190323
ofatseq,n=41,,Random Forest,42,LOCO,OFAT,Thickness_mean,,all,,41,41,24,41,0.6288879807000775,4.62790067465195,3.3275587629044185
ofatseq,n=41,,Random Forest,43,LOCO,OFAT,Thickness_mean,,all,,41,41,24,41,0.6689262535058258,4.371131692718874,3.0335459190705722
ofatseq,n=41,,Random Forest,44,LOCO,OFAT,Thickness_mean,,all,,41,41,24,41,0.6978169034066959,4.176058780342289,2.8765543761433685
ofatseq,n=41,,Random Forest,45,LOCO,OFAT,Thickness_mean,,all,,41,41,24,41,0.666654779353603,4.386101077240415,3.0624091773771176
ofatseq,n=41,,Random Forest,46,LOCO,OFAT,Thickness_mean,,all,,41,41,24,41,0.6400921872549039,4.557505028072875,3.1682943045394016
ofatseq,n=41,,Random Forest,47,LOCO,OFAT,Thickness_mean,,all,,41,41,24,41,0.6710325590750126,4.3572048416315186,3.2492140435431884
ofatseq,n=41,,Random Forest,48,LOCO,OFAT,Thickness_mean,,all,,41,41,24,41,0.6525404223795722,4.477995605263946,3.274279373708298
ofatseq,n=41,,Random Forest,49,LOCO,OFAT,Thickness_mean,,all,,41,41,24,41,0.651093977091167,4.487306686423391,3.2190307232132978
ofatseq,n=41,,Random Forest,50,LOCO,OFAT,Thickness_mean,,all,,41,41,24,41,0.6226201808445446,4.666817904001279,3.1288331019830995
ofatseq,n=41,,Random Forest,51,LOCO,OFAT,Thickness_mean,,all,,41,41,24,41,0.6496159633417944,4.496801065351813,3.254239255169089
ofatseq,n=41,,XGBoost,42,LOCO,OFAT,Thickness_mean,,all,,41,41,24,41,0.519988544633234,5.263290249077721,3.8294343445940715
ofatseq,n=41,,XGBoost,43,LOCO,OFAT,Thickness_mean,,all,,41,41,24,41,0.5861040607525898,4.887391195267075,3.6062552163659074
ofatseq,n=41,,XGBoost,44,LOCO,OFAT,Thickness_mean,,all,,41,41,24,41,0.6069239307744997,4.762881994725383,3.53768889822611
ofatseq,n=41,,XGBoost,45,LOCO,OFAT,Thickness_mean,,all,,41,41,24,41,0.569506855506648,4.984420106466849,3.7306208147653726
ofatseq,n=41,,XGBoost,46,LOCO,OFAT,Thickness_mean,,all,,41,41,24,41,0.5776040649236025,4.937321234107744,3.658340787189763
ofatseq,n=41,,XGBoost,47,LOCO,OFAT,Thickness_mean,,all,,41,41,24,41,0.5995593317603564,4.807293169087564,3.5919527981920942
ofatseq,n=41,,XGBoost,48,LOCO,OFAT,Thickness_mean,,all,,41,41,24,41,0.5832453390220327,4.904240417398652,3.6505100224657756
ofatseq,n=41,,XGBoost,49,LOCO,OFAT,Thickness_mean,,all,,41,41,24,41,0.5840145726534128,4.899712274797007,3.4186955375206183
ofatseq,n=41,,XGBoost,50,LOCO,OFAT,Thickness_mean,,all,,41,41,24,41,0.6180588573691889,4.694936695930053,3.5518051489388074
ofatseq,n=41,,XGBoost,51,LOCO,OFAT,Thickness_mean,,all,,41,41,24,41,0.6201813225797719,4.681873528518219,3.4956019043340922
ofatseq,n=41,,GPR,42,LOCO,OFAT,Thickness_mean,,all,,41,41,24,41,0.19288751931268644,6.824935491715613,4.464765060588161
ofatseq,n=41,,GPR,43,LOCO,OFAT,Thickness_mean,,all,,41,41,24,41,0.19288741269021192,6.824935942514915,4.464766150013565
ofatseq,n=41,,GPR,44,LOCO,OFAT,Thickness_mean,,all,,41,41,24,41,0.19289110352596572,6.824920337662019,4.46476025685124
ofatseq,n=41,,GPR,45,LOCO,OFAT,Thickness_mean,,all,,41,41,24,41,0.1928867685231973,6.824938666049279,4.4647664436274805
ofatseq,n=41,,GPR,46,LOCO,OFAT,Thickness_mean,,all,,41,41,24,41,0.1928827869726225,6.824955499997662,4.464775082885434
ofatseq,n=41,,GPR,47,LOCO,OFAT,Thickness_mean,,all,,41,41,24,41,0.19288593553375,6.824942187922171,4.46477182843153
ofatseq,n=41,,GPR,48,LOCO,OFAT,Thickness_mean,,all,,41,41,24,41,0.1928870585792053,6.8249374396943105,4.464765040097451
ofatseq,n=41,,GPR,49,LOCO,OFAT,Thickness_mean,,all,,41,41,24,41,0.19288655503982266,6.824939568655497,4.464768380055115
ofatseq,n=41,,GPR,50,LOCO,OFAT,Thickness_mean,,all,,41,41,24,41,0.19288655441267222,6.824939571307084,4.4647667396645625
ofatseq,n=41,,GPR,51,LOCO,OFAT,Thickness_mean,,all,,41,41,24,41,0.1928853484054136,6.8249446702951095,4.464769349026716
ofatseq,n=42,,Ridge,42,LOCO,OFAT,Thickness_mean,,all,,42,42,24,42,0.4088206312525091,5.806068154268399,3.8387063724892414
ofatseq,n=42,,Ridge,43,LOCO,OFAT,Thickness_mean,,all,,42,42,24,42,0.40087230285920195,5.844968746563621,3.990847699394448
ofatseq,n=42,,Ridge,44,LOCO,OFAT,Thickness_mean,,all,,42,42,24,42,0.38802423275982734,5.907307897225572,3.919765587034826
ofatseq,n=42,,Ridge,45,LOCO,OFAT,Thickness_mean,,all,,42,42,24,42,0.49719247942081235,5.35455491806264,3.7461393474713405
ofatseq,n=42,,Ridge,46,LOCO,OFAT,Thickness_mean,,all,,42,42,24,42,0.4149608202354509,5.7758375587502435,3.907306449754228
ofatseq,n=42,,Ridge,47,LOCO,OFAT,Thickness_mean,,all,,42,42,24,42,0.45395522903322905,5.5800311202453985,4.17951371523168
ofatseq,n=42,,Ridge,48,LOCO,OFAT,Thickness_mean,,all,,42,42,24,42,0.48454909830323556,5.421458611055055,3.599164044239307
ofatseq,n=42,,Ridge,49,LOCO,OFAT,Thickness_mean,,all,,42,42,24,42,0.48138580701342004,5.43806874945644,3.712768130522133
ofatseq,n=42,,Ridge,50,LOCO,OFAT,Thickness_mean,,all,,42,42,24,42,0.48888256469053304,5.398621037238794,3.947440275785889
ofatseq,n=42,,Ridge,51,LOCO,OFAT,Thickness_mean,,all,,42,42,24,42,0.4351423886647552,5.675341343890804,3.6911660829649473
ofatseq,n=42,,Random Forest,42,LOCO,OFAT,Thickness_mean,,all,,42,42,24,42,0.6437130210326427,4.507362322971005,3.2782591576107585
ofatseq,n=42,,Random Forest,43,LOCO,OFAT,Thickness_mean,,all,,42,42,24,42,0.574887088408091,4.923507939238718,3.293462398106532
ofatseq,n=42,,Random Forest,44,LOCO,OFAT,Thickness_mean,,all,,42,42,24,42,0.6514278654003652,4.458295265943101,3.168926690450872
ofatseq,n=42,,Random Forest,45,LOCO,OFAT,Thickness_mean,,all,,42,42,24,42,0.6601848730295756,4.4019372626782545,3.124472031926184
ofatseq,n=42,,Random Forest,46,LOCO,OFAT,Thickness_mean,,all,,42,42,24,42,0.6790048888327084,4.278304621898085,3.0628053871145418
ofatseq,n=42,,Random Forest,47,LOCO,OFAT,Thickness_mean,,all,,42,42,24,42,0.657455532631843,4.4195797338982326,3.303840417583385
ofatseq,n=42,,Random Forest,48,LOCO,OFAT,Thickness_mean,,all,,42,42,24,42,0.6734254532588908,4.315326508679704,3.229676428019453
ofatseq,n=42,,Random Forest,49,LOCO,OFAT,Thickness_mean,,all,,42,42,24,42,0.6700026376334194,4.3378819500179455,3.193482046409047
ofatseq,n=42,,Random Forest,50,LOCO,OFAT,Thickness_mean,,all,,42,42,24,42,0.581477930934745,4.885192442875122,3.4396845834061764
ofatseq,n=42,,Random Forest,51,LOCO,OFAT,Thickness_mean,,all,,42,42,24,42,0.6486560087389487,4.475986418058822,3.259677177005496
ofatseq,n=42,,XGBoost,42,LOCO,OFAT,Thickness_mean,,all,,42,42,24,42,0.5433463931809539,5.102886877565243,3.8066788480395366
ofatseq,n=42,,XGBoost,43,LOCO,OFAT,Thickness_mean,,all,,42,42,24,42,0.5836142935317814,4.8727081610121905,3.7169477462768556
ofatseq,n=42,,XGBoost,44,LOCO,OFAT,Thickness_mean,,all,,42,42,24,42,0.5544302547584085,5.040578025234038,3.812237108321417
ofatseq,n=42,,XGBoost,45,LOCO,OFAT,Thickness_mean,,all,,42,42,24,42,0.5628123697622085,4.99294092366343,3.76188847791581
ofatseq,n=42,,XGBoost,46,LOCO,OFAT,Thickness_mean,,all,,42,42,24,42,0.5621989415619931,4.99644255194672,3.7074115065165927
ofatseq,n=42,,XGBoost,47,LOCO,OFAT,Thickness_mean,,all,,42,42,24,42,0.567257858283684,4.967491010155737,3.838191725185939
ofatseq,n=42,,XGBoost,48,LOCO,OFAT,Thickness_mean,,all,,42,42,24,42,0.5725584604565133,4.936974197677887,3.8517032900310704
ofatseq,n=42,,XGBoost,49,LOCO,OFAT,Thickness_mean,,all,,42,42,24,42,0.5735724986518518,4.931114620842353,3.7504383250645232
ofatseq,n=42,,XGBoost,50,LOCO,OFAT,Thickness_mean,,all,,42,42,24,42,0.5957978486109958,4.800890550251781,3.630529608499436
ofatseq,n=42,,XGBoost,51,LOCO,OFAT,Thickness_mean,,all,,42,42,24,42,0.5793015594856481,4.897877804067625,3.817337851751419
ofatseq,n=42,,GPR,42,LOCO,OFAT,Thickness_mean,,all,,42,42,24,42,0.22514506067776308,6.647107426761428,4.260291293034841
ofatseq,n=42,,GPR,43,LOCO,OFAT,Thickness_mean,,all,,42,42,24,42,0.22514701719370667,6.647099034752029,4.260288530622574
ofatseq,n=42,,GPR,44,LOCO,OFAT,Thickness_mean,,all,,42,42,24,42,0.22513946740727475,6.647131417705295,4.260298206890433
ofatseq,n=42,,GPR,45,LOCO,OFAT,Thickness_mean,,all,,42,42,24,42,0.22514456604656685,6.647109548362522,4.260290832773229
ofatseq,n=42,,GPR,46,LOCO,OFAT,Thickness_mean,,all,,42,42,24,42,0.2251555336750447,6.647062505209206,4.260275733739943
ofatseq,n=42,,GPR,47,LOCO,OFAT,Thickness_mean,,all,,42,42,24,42,0.22514840197216734,6.647093095068058,4.260285414833179
ofatseq,n=42,,GPR,48,LOCO,OFAT,Thickness_mean,,all,,42,42,24,42,0.2251498095947846,6.647087057393971,4.260289836475776
ofatseq,n=42,,GPR,49,LOCO,OFAT,Thickness_mean,,all,,42,42,24,42,0.22516021640816486,6.647042419586783,4.260268318600741
ofatseq,n=42,,GPR,50,LOCO,OFAT,Thickness_mean,,all,,42,42,24,42,0.22514582043325648,6.647104167972354,4.2602892138703305
ofatseq,n=42,,GPR,51,LOCO,OFAT,Thickness_mean,,all,,42,42,24,42,0.22514250380068412,6.647118393861035,4.260293879912472
