part,step_id,variant,model,seed,cv,subset,target,train_mode,n_added,n,pos,row_id,group_id,source,y_true,y_pred
loocv_ref,OFAT|LOOCV,,Ridge,42,LOOCV,OFAT,Thickness_mean,,,,0,0,0,OFAT,36.34,16.081829776430943
loocv_ref,OFAT|LOOCV,,Ridge,42,LOOCV,OFAT,Thickness_mean,,,,1,1,1,OFAT,19.9225,24.66840790286208
loocv_ref,OFAT|LOOCV,,Ridge,42,LOOCV,OFAT,Thickness_mean,,,,2,2,2,OFAT,25.6625,19.146869472488163
loocv_ref,OFAT|LOOCV,,Ridge,42,LOOCV,OFAT,Thickness_mean,,,,3,3,3,OFAT,20.2075,17.47111969930792
loocv_ref,OFAT|LOOCV,,Ridge,42,LOOCV,OFAT,Thickness_mean,,,,4,4,4,OFAT,15.345,18.04166325937682
loocv_ref,OFAT|LOOCV,,Ridge,42,LOOCV,OFAT,Thickness_mean,,,,5,5,5,OFAT,14.265,17.879832008691206
loocv_ref,OFAT|LOOCV,,Ridge,42,LOOCV,OFAT,Thickness_mean,,,,6,6,6,OFAT,12.9225,32.017676126618284
loocv_ref,OFAT|LOOCV,,Ridge,42,LOOCV,OFAT,Thickness_mean,,,,7,7,7,OFAT,13.2775,15.66975887433073
loocv_ref,OFAT|LOOCV,,Ridge,42,LOOCV,OFAT,Thickness_mean,,,,8,8,8,OFAT,15.329999999999998,16.286980864155904
loocv_ref,OFAT|LOOCV,,Ridge,42,LOOCV,OFAT,Thickness_mean,,,,9,9,9,OFAT,7.855,12.656265543237318
loocv_ref,OFAT|LOOCV,,Ridge,42,LOOCV,OFAT,Thickness_mean,,,,10,10,10,OFAT,2.8075,9.851238539940093
loocv_ref,OFAT|LOOCV,,Ridge,42,LOOCV,OFAT,Thickness_mean,,,,11,11,11,OFAT,7.7875,15.43552276499898
loocv_ref,OFAT|LOOCV,,Ridge,42,LOOCV,OFAT,Thickness_mean,,,,12,12,11,OFAT,9.105,14.589413481967936
loocv_ref,OFAT|LOOCV,,Ridge,42,LOOCV,OFAT,Thickness_mean,,,,13,13,12,OFAT,7.734999999999999,10.75813176602463
loocv_ref,OFAT|LOOCV,,Ridge,42,LOOCV,OFAT,Thickness_mean,,,,14,14,10,OFAT,6.8225,9.671066664736276
loocv_ref,OFAT|LOOCV,,Ridge,42,LOOCV,OFAT,Thickness_mean,,,,15,15,10,OFAT,14.995,9.304328271186293
loocv_ref,OFAT|LOOCV,,Ridge,42,LOOCV,OFAT,Thickness_mean,,,,16,16,13,OFAT,14.025,10.673086153694268
loocv_ref,OFAT|LOOCV,,Ridge,42,LOOCV,OFAT,Thickness_mean,,,,17,17,10,OFAT,9.0475,9.571220482338148
loocv_ref,OFAT|LOOCV,,Ridge,42,LOOCV,OFAT,Thickness_mean,,,,18,18,14,OFAT,22.225,22.022529208345865
loocv_ref,OFAT|LOOCV,,Ridge,42,LOOCV,OFAT,Thickness_mean,,,,19,19,14,OFAT,25.935,21.6709936486725
loocv_ref,OFAT|LOOCV,,Ridge,42,LOOCV,OFAT,Thickness_mean,,,,20,20,15,OFAT,7.03,5.882912076145553
loocv_ref,OFAT|LOOCV,,Ridge,42,LOOCV,OFAT,Thickness_mean,,,,21,21,16,OFAT,13.5325,10.316943309821777
loocv_ref,OFAT|LOOCV,,Ridge,42,LOOCV,OFAT,Thickness_mean,,,,22,22,14,OFAT,25.29,21.732109669154788
loocv_ref,OFAT|LOOCV,,Ridge,42,LOOCV,OFAT,Thickness_mean,,,,23,23,14,OFAT,21.965,22.047165123579035
loocv_ref,OFAT|LOOCV,,Ridge,42,LOOCV,OFAT,Thickness_mean,,,,24,24,14,OFAT,23.082500000000003,21.94127806483645
loocv_ref,OFAT|LOOCV,,Ridge,42,LOOCV,OFAT,Thickness_mean,,,,25,25,14,OFAT,21.262500000000003,22.113729471468666
loocv_ref,OFAT|LOOCV,,Ridge,42,LOOCV,OFAT,Thickness_mean,,,,26,26,17,OFAT,17.8275,18.489618826286232
loocv_ref,OFAT|LOOCV,,Ridge,42,LOOCV,OFAT,Thickness_mean,,,,27,27,17,OFAT,17.345,18.515463540896356
loocv_ref,OFAT|LOOCV,,Ridge,42,LOOCV,OFAT,Thickness_mean,,,,28,28,17,OFAT,24.4925,18.13261359752672
loocv_ref,OFAT|LOOCV,,Ridge,42,LOOCV,OFAT,Thickness_mean,,,,29,29,17,OFAT,17.695,18.49671607952114
loocv_ref,OFAT|LOOCV,,Ridge,42,LOOCV,OFAT,Thickness_mean,,,,30,30,17,OFAT,16.814999999999998,18.54385255383597
loocv_ref,OFAT|LOOCV,,Ridge,42,LOOCV,OFAT,Thickness_mean,,,,31,31,18,OFAT,14.9425,17.308203694782225
loocv_ref,OFAT|LOOCV,,Ridge,42,LOOCV,OFAT,Thickness_mean,,,,32,32,19,OFAT,9.9625,11.749447856193472
loocv_ref,OFAT|LOOCV,,Ridge,42,LOOCV,OFAT,Thickness_mean,,,,33,33,20,OFAT,4.855,6.243466906757911
loocv_ref,OFAT|LOOCV,,Ridge,42,LOOCV,OFAT,Thickness_mean,,,,34,34,21,OFAT,1.2375,1.4669247092970323
loocv_ref,OFAT|LOOCV,,Ridge,42,LOOCV,OFAT,Thickness_mean,,,,35,35,22,OFAT,2.0275,2.3916752670123795
loocv_ref,OFAT|LOOCV,,Ridge,42,LOOCV,OFAT,Thickness_mean,,,,36,36,23,OFAT,3.535,4.22736820836481
loocv_ref,OFAT|LOOCV,,Ridge,42,LOOCV,OFAT,Thickness_mean,,,,37,37,20,OFAT,8.6425,5.956616827264096
loocv_ref,OFAT|LOOCV,,Ridge,42,LOOCV,OFAT,Thickness_mean,,,,38,38,19,OFAT,12.75,11.65050085179016
loocv_ref,OFAT|LOOCV,,Ridge,42,LOOCV,OFAT,Thickness_mean,,,,39,39,18,OFAT,16.965,17.21785816472368
loocv_ref,OFAT|LOOCV,,Ridge,42,LOOCV,OFAT,Thickness_mean,,,,40,40,19,OFAT,19.6525,11.405484996043485
loocv_ref,OFAT|LOOCV,,Ridge,42,LOOCV,OFAT,Thickness_mean,,,,41,41,19,OFAT,9.2675,11.77411805101331
loocv_ref,OFAT|LOOCV,,Ridge,43,LOOCV,OFAT,Thickness_mean,,,,0,0,0,OFAT,36.34,16.27680652023795
loocv_ref,OFAT|LOOCV,,Ridge,43,LOOCV,OFAT,Thickness_mean,,,,1,1,1,OFAT,19.9225,22.116569134396176
loocv_ref,OFAT|LOOCV,,Ridge,43,LOOCV,OFAT,Thickness_mean,,,,2,2,2,OFAT,25.6625,19.048804716712382
loocv_ref,OFAT|LOOCV,,Ridge,43,LOOCV,OFAT,Thickness_mean,,,,3,3,3,OFAT,20.2075,18.434495094783834
loocv_ref,OFAT|LOOCV,,Ridge,43,LOOCV,OFAT,Thickness_mean,,,,4,4,4,OFAT,15.345,19.162911994817243
loocv_ref,OFAT|LOOCV,,Ridge,43,LOOCV,OFAT,Thickness_mean,,,,5,5,5,OFAT,14.265,19.189532088078224
loocv_ref,OFAT|LOOCV,,Ridge,43,LOOCV,OFAT,Thickness_mean,,,,6,6,6,OFAT,12.9225,32.017676126618284
loocv_ref,OFAT|LOOCV,,Ridge,43,LOOCV,OFAT,Thickness_mean,,,,7,7,7,OFAT,13.2775,15.66975887433073
loocv_ref,OFAT|LOOCV,,Ridge,43,LOOCV,OFAT,Thickness_mean,,,,8,8,8,OFAT,15.329999999999998,16.286980864155904
loocv_ref,OFAT|LOOCV,,Ridge,43,LOOCV,OFAT,Thickness_mean,,,,9,9,9,OFAT,7.855,10.899815410141024
loocv_ref,OFAT|LOOCV,,Ridge,43,LOOCV,OFAT,Thickness_mean,,,,10,10,10,OFAT,2.8075,9.851238539940093
loocv_ref,OFAT|LOOCV,,Ridge,43,LOOCV,OFAT,Thickness_mean,,,,11,11,11,OFAT,7.7875,14.985276332812868
loocv_ref,OFAT|LOOCV,,Ridge,43,LOOCV,OFAT,Thickness_mean,,,,12,12,11,OFAT,9.105,14.589413481967936
loocv_ref,OFAT|LOOCV,,Ridge,43,LOOCV,OFAT,Thickness_mean,,,,13,13,12,OFAT,7.734999999999999,10.75813176602463
loocv_ref,OFAT|LOOCV,,Ridge,43,LOOCV,OFAT,Thickness_mean,,,,14,14,10,OFAT,6.8225,9.671066664736276
loocv_ref,OFAT|LOOCV,,Ridge,43,LOOCV,OFAT,Thickness_mean,,,,15,15,10,OFAT,14.995,9.304328271186293
loocv_ref,OFAT|LOOCV,,Ridge,43,LOOCV,OFAT,Thickness_mean,,,,16,16,13,OFAT,14.025,11.085780355907445
loocv_ref,OFAT|LOOCV,,Ridge,43,LOOCV,OFAT,Thickness_mean,,,,17,17,10,OFAT,9.0475,9.571220482338148
loocv_ref,OFAT|LOOCV,,Ridge,43,LOOCV,OFAT,Thickness_mean,,,,18,18,14,OFAT,22.225,20.64556270151462
loocv_ref,OFAT|LOOCV,,Ridge,43,LOOCV,OFAT,Thickness_mean,,,,19,19,14,OFAT,25.935,20.336523823652406
loocv_ref,OFAT|LOOCV,,Ridge,43,LOOCV,OFAT,Thickness_mean,,,,20,20,15,OFAT,7.03,7.05825105068513
loocv_ref,OFAT|LOOCV,,Ridge,43,LOOCV,OFAT,Thickness_mean,,,,21,21,16,OFAT,13.5325,10.786075051693373
loocv_ref,OFAT|LOOCV,,Ridge,43,LOOCV,OFAT,Thickness_mean,,,,22,22,14,OFAT,25.29,20.390251607000415
loocv_ref,OFAT|LOOCV,,Ridge,43,LOOCV,OFAT,Thickness_mean,,,,23,23,14,OFAT,21.965,20.667220412631647
loocv_ref,OFAT|LOOCV,,Ridge,43,LOOCV,OFAT,Thickness_mean,,,,24,24,14,OFAT,23.082500000000003,20.57413390427288
loocv_ref,OFAT|LOOCV,,Ridge,43,LOOCV,OFAT,Thickness_mean,,,,25,25,14,OFAT,21.262500000000003,20.725737882092073
loocv_ref,OFAT|LOOCV,,Ridge,43,LOOCV,OFAT,Thickness_mean,,,,26,26,17,OFAT,17.8275,17.686548562680038
loocv_ref,OFAT|LOOCV,,Ridge,43,LOOCV,OFAT,Thickness_mean,,,,27,27,17,OFAT,17.345,17.710299647085858
loocv_ref,OFAT|LOOCV,,Ridge,43,LOOCV,OFAT,Thickness_mean,,,,28,28,17,OFAT,24.4925,17.358463635084632
loocv_ref,OFAT|LOOCV,,Ridge,43,LOOCV,OFAT,Thickness_mean,,,,29,29,17,OFAT,17.695,17.69307088119563
loocv_ref,OFAT|LOOCV,,Ridge,43,LOOCV,OFAT,Thickness_mean,,,,30,30,17,OFAT,16.814999999999998,17.736388921148205
loocv_ref,OFAT|LOOCV,,Ridge,43,LOOCV,OFAT,Thickness_mean,,,,31,31,18,OFAT,14.9425,16.700448338012727
loocv_ref,OFAT|LOOCV,,Ridge,43,LOOCV,OFAT,Thickness_mean,,,,32,32,19,OFAT,9.9625,12.015985762683073
loocv_ref,OFAT|LOOCV,,Ridge,43,LOOCV,OFAT,Thickness_mean,,,,33,33,20,OFAT,4.855,7.372803838394278
loocv_ref,OFAT|LOOCV,,Ridge,43,LOOCV,OFAT,Thickness_mean,,,,34,34,21,OFAT,1.2375,3.3521673562384375
loocv_ref,OFAT|LOOCV,,Ridge,43,LOOCV,OFAT,Thickness_mean,,,,35,35,22,OFAT,2.0275,4.128687428412853
loocv_ref,OFAT|LOOCV,,Ridge,43,LOOCV,OFAT,Thickness_mean,,,,36,36,23,OFAT,3.535,5.672767808196637
loocv_ref,OFAT|LOOCV,,Ridge,43,LOOCV,OFAT,Thickness_mean,,,,37,37,20,OFAT,8.6425,7.1136791138737925
loocv_ref,OFAT|LOOCV,,Ridge,43,LOOCV,OFAT,Thickness_mean,,,,38,38,19,OFAT,12.75,11.919866936315353
loocv_ref,OFAT|LOOCV,,Ridge,43,LOOCV,OFAT,Thickness_mean,,,,39,39,18,OFAT,16.965,16.615766865529597
loocv_ref,OFAT|LOOCV,,Ridge,43,LOOCV,OFAT,Thickness_mean,,,,40,40,19,OFAT,19.6525,11.681854308870262
loocv_ref,OFAT|LOOCV,,Ridge,43,LOOCV,OFAT,Thickness_mean,,,,41,41,19,OFAT,9.2675,12.039950815355922
loocv_ref,OFAT|LOOCV,,Ridge,44,LOOCV,OFAT,Thickness_mean,,,,0,0,0,OFAT,36.34,16.081829776430943
loocv_ref,OFAT|LOOCV,,Ridge,44,LOOCV,OFAT,Thickness_mean,,,,1,1,1,OFAT,19.9225,23.459722831508664
loocv_ref,OFAT|LOOCV,,Ridge,44,LOOCV,OFAT,Thickness_mean,,,,2,2,2,OFAT,25.6625,19.18094187247621
loocv_ref,OFAT|LOOCV,,Ridge,44,LOOCV,OFAT,Thickness_mean,,,,3,3,3,OFAT,20.2075,17.956742202981182
loocv_ref,OFAT|LOOCV,,Ridge,44,LOOCV,OFAT,Thickness_mean,,,,4,4,4,OFAT,15.345,18.610194282358048
loocv_ref,OFAT|LOOCV,,Ridge,44,LOOCV,OFAT,Thickness_mean,,,,5,5,5,OFAT,14.265,18.539955919470074
loocv_ref,OFAT|LOOCV,,Ridge,44,LOOCV,OFAT,Thickness_mean,,,,6,6,6,OFAT,12.9225,32.017676126618284
loocv_ref,OFAT|LOOCV,,Ridge,44,LOOCV,OFAT,Thickness_mean,,,,7,7,7,OFAT,13.2775,13.622390920148739
loocv_ref,OFAT|LOOCV,,Ridge,44,LOOCV,OFAT,Thickness_mean,,,,8,8,8,OFAT,15.329999999999998,14.46219972076307
loocv_ref,OFAT|LOOCV,,Ridge,44,LOOCV,OFAT,Thickness_mean,,,,9,9,9,OFAT,7.855,8.485853423859073
loocv_ref,OFAT|LOOCV,,Ridge,44,LOOCV,OFAT,Thickness_mean,,,,10,10,10,OFAT,2.8075,9.564240589647856
loocv_ref,OFAT|LOOCV,,Ridge,44,LOOCV,OFAT,Thickness_mean,,,,11,11,11,OFAT,7.7875,14.985276332812868
loocv_ref,OFAT|LOOCV,,Ridge,44,LOOCV,OFAT,Thickness_mean,,,,12,12,11,OFAT,9.105,14.589413481967936
loocv_ref,OFAT|LOOCV,,Ridge,44,LOOCV,OFAT,Thickness_mean,,,,13,13,12,OFAT,7.734999999999999,10.75813176602463
loocv_ref,OFAT|LOOCV,,Ridge,44,LOOCV,OFAT,Thickness_mean,,,,14,14,10,OFAT,6.8225,9.671066664736276
loocv_ref,OFAT|LOOCV,,Ridge,44,LOOCV,OFAT,Thickness_mean,,,,15,15,10,OFAT,14.995,9.304328271186293
loocv_ref,OFAT|LOOCV,,Ridge,44,LOOCV,OFAT,Thickness_mean,,,,16,16,13,OFAT,14.025,10.673086153694268
loocv_ref,OFAT|LOOCV,,Ridge,44,LOOCV,OFAT,Thickness_mean,,,,17,17,10,OFAT,9.0475,9.571220482338148
loocv_ref,OFAT|LOOCV,,Ridge,44,LOOCV,OFAT,Thickness_mean,,,,18,18,14,OFAT,22.225,22.022529208345865
loocv_ref,OFAT|LOOCV,,Ridge,44,LOOCV,OFAT,Thickness_mean,,,,19,19,14,OFAT,25.935,21.6709936486725
loocv_ref,OFAT|LOOCV,,Ridge,44,LOOCV,OFAT,Thickness_mean,,,,20,20,15,OFAT,7.03,5.882912076145553
loocv_ref,OFAT|LOOCV,,Ridge,44,LOOCV,OFAT,Thickness_mean,,,,21,21,16,OFAT,13.5325,10.316943309821777
loocv_ref,OFAT|LOOCV,,Ridge,44,LOOCV,OFAT,Thickness_mean,,,,22,22,14,OFAT,25.29,21.732109669154788
loocv_ref,OFAT|LOOCV,,Ridge,44,LOOCV,OFAT,Thickness_mean,,,,23,23,14,OFAT,21.965,22.047165123579035
loocv_ref,OFAT|LOOCV,,Ridge,44,LOOCV,OFAT,Thickness_mean,,,,24,24,14,OFAT,23.082500000000003,21.94127806483645
loocv_ref,OFAT|LOOCV,,Ridge,44,LOOCV,OFAT,Thickness_mean,,,,25,25,14,OFAT,21.262500000000003,22.113729471468666
loocv_ref,OFAT|LOOCV,,Ridge,44,LOOCV,OFAT,Thickness_mean,,,,26,26,17,OFAT,17.8275,18.489618826286232
loocv_ref,OFAT|LOOCV,,Ridge,44,LOOCV,OFAT,Thickness_mean,,,,27,27,17,OFAT,17.345,18.515463540896356
loocv_ref,OFAT|LOOCV,,Ridge,44,LOOCV,OFAT,Thickness_mean,,,,28,28,17,OFAT,24.4925,18.13261359752672
loocv_ref,OFAT|LOOCV,,Ridge,44,LOOCV,OFAT,Thickness_mean,,,,29,29,17,OFAT,17.695,18.49671607952114
loocv_ref,OFAT|LOOCV,,Ridge,44,LOOCV,OFAT,Thickness_mean,,,,30,30,17,OFAT,16.814999999999998,18.54385255383597
loocv_ref,OFAT|LOOCV,,Ridge,44,LOOCV,OFAT,Thickness_mean,,,,31,31,18,OFAT,14.9425,17.308203694782225
loocv_ref,OFAT|LOOCV,,Ridge,44,LOOCV,OFAT,Thickness_mean,,,,32,32,19,OFAT,9.9625,11.749447856193472
loocv_ref,OFAT|LOOCV,,Ridge,44,LOOCV,OFAT,Thickness_mean,,,,33,33,20,OFAT,4.855,6.243466906757911
loocv_ref,OFAT|LOOCV,,Ridge,44,LOOCV,OFAT,Thickness_mean,,,,34,34,21,OFAT,1.2375,1.4669247092970323
loocv_ref,OFAT|LOOCV,,Ridge,44,LOOCV,OFAT,Thickness_mean,,,,35,35,22,OFAT,2.0275,2.3916752670123795
loocv_ref,OFAT|LOOCV,,Ridge,44,LOOCV,OFAT,Thickness_mean,,,,36,36,23,OFAT,3.535,4.22736820836481
loocv_ref,OFAT|LOOCV,,Ridge,44,LOOCV,OFAT,Thickness_mean,,,,37,37,20,OFAT,8.6425,5.956616827264096
loocv_ref,OFAT|LOOCV,,Ridge,44,LOOCV,OFAT,Thickness_mean,,,,38,38,19,OFAT,12.75,11.65050085179016
loocv_ref,OFAT|LOOCV,,Ridge,44,LOOCV,OFAT,Thickness_mean,,,,39,39,18,OFAT,16.965,17.21785816472368
loocv_ref,OFAT|LOOCV,,Ridge,44,LOOCV,OFAT,Thickness_mean,,,,40,40,19,OFAT,19.6525,11.405484996043485
loocv_ref,OFAT|LOOCV,,Ridge,44,LOOCV,OFAT,Thickness_mean,,,,41,41,19,OFAT,9.2675,11.77411805101331
loocv_ref,OFAT|LOOCV,,Ridge,45,LOOCV,OFAT,Thickness_mean,,,,0,0,0,OFAT,36.34,16.27680652023795
loocv_ref,OFAT|LOOCV,,Ridge,45,LOOCV,OFAT,Thickness_mean,,,,1,1,1,OFAT,19.9225,24.652482767764795
loocv_ref,OFAT|LOOCV,,Ridge,45,LOOCV,OFAT,Thickness_mean,,,,2,2,2,OFAT,25.6625,19.146869472488163
loocv_ref,OFAT|LOOCV,,Ridge,45,LOOCV,OFAT,Thickness_mean,,,,3,3,3,OFAT,20.2075,17.47111969930792
loocv_ref,OFAT|LOOCV,,Ridge,45,LOOCV,OFAT,Thickness_mean,,,,4,4,4,OFAT,15.345,18.261654698661538
loocv_ref,OFAT|LOOCV,,Ridge,45,LOOCV,OFAT,Thickness_mean,,,,5,5,5,OFAT,14.265,18.134100081478632
loocv_ref,OFAT|LOOCV,,Ridge,45,LOOCV,OFAT,Thickness_mean,,,,6,6,6,OFAT,12.9225,26.060399481485
loocv_ref,OFAT|LOOCV,,Ridge,45,LOOCV,OFAT,Thickness_mean,,,,7,7,7,OFAT,13.2775,16.7984748195535
loocv_ref,OFAT|LOOCV,,Ridge,45,LOOCV,OFAT,Thickness_mean,,,,8,8,8,OFAT,15.329999999999998,17.22092805976984
loocv_ref,OFAT|LOOCV,,Ridge,45,LOOCV,OFAT,Thickness_mean,,,,9,9,9,OFAT,7.855,12.656265543237318
loocv_ref,OFAT|LOOCV,,Ridge,45,LOOCV,OFAT,Thickness_mean,,,,10,10,10,OFAT,2.8075,10.43855108854229
loocv_ref,OFAT|LOOCV,,Ridge,45,LOOCV,OFAT,Thickness_mean,,,,11,11,11,OFAT,7.7875,14.235406256790299
loocv_ref,OFAT|LOOCV,,Ridge,45,LOOCV,OFAT,Thickness_mean,,,,12,12,11,OFAT,9.105,13.917315250381892
loocv_ref,OFAT|LOOCV,,Ridge,45,LOOCV,OFAT,Thickness_mean,,,,13,13,12,OFAT,7.734999999999999,11.066544482900579
loocv_ref,OFAT|LOOCV,,Ridge,45,LOOCV,OFAT,Thickness_mean,,,,14,14,10,OFAT,6.8225,10.268178666612851
loocv_ref,OFAT|LOOCV,,Ridge,45,LOOCV,OFAT,Thickness_mean,,,,15,15,10,OFAT,14.995,9.921386980879763
loocv_ref,OFAT|LOOCV,,Ridge,45,LOOCV,OFAT,Thickness_mean,,,,16,16,13,OFAT,14.025,11.085780355907445
loocv_ref,OFAT|LOOCV,,Ridge,45,LOOCV,OFAT,Thickness_mean,,,,17,17,10,OFAT,9.0475,10.173763065419076
loocv_ref,OFAT|LOOCV,,Ridge,45,LOOCV,OFAT,Thickness_mean,,,,18,18,14,OFAT,22.225,20.64556270151462
loocv_ref,OFAT|LOOCV,,Ridge,45,LOOCV,OFAT,Thickness_mean,,,,19,19,14,OFAT,25.935,20.336523823652406
loocv_ref,OFAT|LOOCV,,Ridge,45,LOOCV,OFAT,Thickness_mean,,,,20,20,15,OFAT,7.03,7.05825105068513
loocv_ref,OFAT|LOOCV,,Ridge,45,LOOCV,OFAT,Thickness_mean,,,,21,21,16,OFAT,13.5325,10.786075051693373
loocv_ref,OFAT|LOOCV,,Ridge,45,LOOCV,OFAT,Thickness_mean,,,,22,22,14,OFAT,25.29,20.390251607000415
loocv_ref,OFAT|LOOCV,,Ridge,45,LOOCV,OFAT,Thickness_mean,,,,23,23,14,OFAT,21.965,20.667220412631647
loocv_ref,OFAT|LOOCV,,Ridge,45,LOOCV,OFAT,Thickness_mean,,,,24,24,14,OFAT,23.082500000000003,20.57413390427288
loocv_ref,OFAT|LOOCV,,Ridge,45,LOOCV,OFAT,Thickness_mean,,,,25,25,14,OFAT,21.262500000000003,20.725737882092073
loocv_ref,OFAT|LOOCV,,Ridge,45,LOOCV,OFAT,Thickness_mean,,,,26,26,17,OFAT,17.8275,17.686548562680038
loocv_ref,OFAT|LOOCV,,Ridge,45,LOOCV,OFAT,Thickness_mean,,,,27,27,17,OFAT,17.345,17.710299647085858
loocv_ref,OFAT|LOOCV,,Ridge,45,LOOCV,OFAT,Thickness_mean,,,,28,28,17,OFAT,24.4925,17.358463635084632
loocv_ref,OFAT|LOOCV,,Ridge,45,LOOCV,OFAT,Thickness_mean,,,,29,29,17,OFAT,17.695,17.69307088119563
loocv_ref,OFAT|LOOCV,,Ridge,45,LOOCV,OFAT,Thickness_mean,,,,30,30,17,OFAT,16.814999999999998,17.736388921148205
loocv_ref,OFAT|LOOCV,,Ridge,45,LOOCV,OFAT,Thickness_mean,,,,31,31,18,OFAT,14.9425,16.700448338012727
loocv_ref,OFAT|LOOCV,,Ridge,45,LOOCV,OFAT,Thickness_mean,,,,32,32,19,OFAT,9.9625,12.015985762683073
loocv_ref,OFAT|LOOCV,,Ridge,45,LOOCV,OFAT,Thickness_mean,,,,33,33,20,OFAT,4.855,7.372803838394278
loocv_ref,OFAT|LOOCV,,Ridge,45,LOOCV,OFAT,Thickness_mean,,,,34,34,21,OFAT,1.2375,3.3521673562384375
loocv_ref,OFAT|LOOCV,,Ridge,45,LOOCV,OFAT,Thickness_mean,,,,35,35,22,OFAT,2.0275,4.128687428412853
loocv_ref,OFAT|LOOCV,,Ridge,45,LOOCV,OFAT,Thickness_mean,,,,36,36,23,OFAT,3.535,5.672767808196637
loocv_ref,OFAT|LOOCV,,Ridge,45,LOOCV,OFAT,Thickness_mean,,,,37,37,20,OFAT,8.6425,7.1136791138737925
loocv_ref,OFAT|LOOCV,,Ridge,45,LOOCV,OFAT,Thickness_mean,,,,38,38,19,OFAT,12.75,11.919866936315353
loocv_ref,OFAT|LOOCV,,Ridge,45,LOOCV,OFAT,Thickness_mean,,,,39,39,18,OFAT,16.965,16.615766865529597
loocv_ref,OFAT|LOOCV,,Ridge,45,LOOCV,OFAT,Thickness_mean,,,,40,40,19,OFAT,19.6525,11.681854308870262
loocv_ref,OFAT|LOOCV,,Ridge,45,LOOCV,OFAT,Thickness_mean,,,,41,41,19,OFAT,9.2675,12.039950815355922
loocv_ref,OFAT|LOOCV,,Ridge,46,LOOCV,OFAT,Thickness_mean,,,,0,0,0,OFAT,36.34,16.27680652023795
loocv_ref,OFAT|LOOCV,,Ridge,46,LOOCV,OFAT,Thickness_mean,,,,1,1,1,OFAT,19.9225,24.203043199606412
loocv_ref,OFAT|LOOCV,,Ridge,46,LOOCV,OFAT,Thickness_mean,,,,2,2,2,OFAT,25.6625,19.178034155002074
loocv_ref,OFAT|LOOCV,,Ridge,46,LOOCV,OFAT,Thickness_mean,,,,3,3,3,OFAT,20.2075,17.659823666917923
loocv_ref,OFAT|LOOCV,,Ridge,46,LOOCV,OFAT,Thickness_mean,,,,4,4,4,OFAT,15.345,18.261654698661538
loocv_ref,OFAT|LOOCV,,Ridge,46,LOOCV,OFAT,Thickness_mean,,,,5,5,5,OFAT,14.265,18.134100081478632
loocv_ref,OFAT|LOOCV,,Ridge,46,LOOCV,OFAT,Thickness_mean,,,,6,6,6,OFAT,12.9225,32.017676126618284
loocv_ref,OFAT|LOOCV,,Ridge,46,LOOCV,OFAT,Thickness_mean,,,,7,7,7,OFAT,13.2775,16.7984748195535
loocv_ref,OFAT|LOOCV,,Ridge,46,LOOCV,OFAT,Thickness_mean,,,,8,8,8,OFAT,15.329999999999998,17.22092805976984
loocv_ref,OFAT|LOOCV,,Ridge,46,LOOCV,OFAT,Thickness_mean,,,,9,9,9,OFAT,7.855,10.899815410141024
loocv_ref,OFAT|LOOCV,,Ridge,46,LOOCV,OFAT,Thickness_mean,,,,10,10,10,OFAT,2.8075,9.851238539940093
loocv_ref,OFAT|LOOCV,,Ridge,46,LOOCV,OFAT,Thickness_mean,,,,11,11,11,OFAT,7.7875,14.985276332812868
loocv_ref,OFAT|LOOCV,,Ridge,46,LOOCV,OFAT,Thickness_mean,,,,12,12,11,OFAT,9.105,14.589413481967936
loocv_ref,OFAT|LOOCV,,Ridge,46,LOOCV,OFAT,Thickness_mean,,,,13,13,12,OFAT,7.734999999999999,10.75813176602463
loocv_ref,OFAT|LOOCV,,Ridge,46,LOOCV,OFAT,Thickness_mean,,,,14,14,10,OFAT,6.8225,9.671066664736276
loocv_ref,OFAT|LOOCV,,Ridge,46,LOOCV,OFAT,Thickness_mean,,,,15,15,10,OFAT,14.995,9.304328271186293
loocv_ref,OFAT|LOOCV,,Ridge,46,LOOCV,OFAT,Thickness_mean,,,,16,16,13,OFAT,14.025,10.673086153694268
loocv_ref,OFAT|LOOCV,,Ridge,46,LOOCV,OFAT,Thickness_mean,,,,17,17,10,OFAT,9.0475,9.571220482338148
loocv_ref,OFAT|LOOCV,,Ridge,46,LOOCV,OFAT,Thickness_mean,,,,18,18,14,OFAT,22.225,22.022529208345865
loocv_ref,OFAT|LOOCV,,Ridge,46,LOOCV,OFAT,Thickness_mean,,,,19,19,14,OFAT,25.935,21.6709936486725
loocv_ref,OFAT|LOOCV,,Ridge,46,LOOCV,OFAT,Thickness_mean,,,,20,20,15,OFAT,7.03,5.882912076145553
loocv_ref,OFAT|LOOCV,,Ridge,46,LOOCV,OFAT,Thickness_mean,,,,21,21,16,OFAT,13.5325,10.316943309821777
loocv_ref,OFAT|LOOCV,,Ridge,46,LOOCV,OFAT,Thickness_mean,,,,22,22,14,OFAT,25.29,21.732109669154788
loocv_ref,OFAT|LOOCV,,Ridge,46,LOOCV,OFAT,Thickness_mean,,,,23,23,14,OFAT,21.965,22.047165123579035
loocv_ref,OFAT|LOOCV,,Ridge,46,LOOCV,OFAT,Thickness_mean,,,,24,24,14,OFAT,23.082500000000003,21.94127806483645
loocv_ref,OFAT|LOOCV,,Ridge,46,LOOCV,OFAT,Thickness_mean,,,,25,25,14,OFAT,21.262500000000003,22.113729471468666
loocv_ref,OFAT|LOOCV,,Ridge,46,LOOCV,OFAT,Thickness_mean,,,,26,26,17,OFAT,17.8275,18.489618826286232
loocv_ref,OFAT|LOOCV,,Ridge,46,LOOCV,OFAT,Thickness_mean,,,,27,27,17,OFAT,17.345,18.515463540896356
loocv_ref,OFAT|LOOCV,,Ridge,46,LOOCV,OFAT,Thickness_mean,,,,28,28,17,OFAT,24.4925,18.13261359752672
loocv_ref,OFAT|LOOCV,,Ridge,46,LOOCV,OFAT,Thickness_mean,,,,29,29,17,OFAT,17.695,18.49671607952114
loocv_ref,OFAT|LOOCV,,Ridge,46,LOOCV,OFAT,Thickness_mean,,,,30,30,17,OFAT,16.814999999999998,18.54385255383597
loocv_ref,OFAT|LOOCV,,Ridge,46,LOOCV,OFAT,Thickness_mean,,,,31,31,18,OFAT,14.9425,17.308203694782225
loocv_ref,OFAT|LOOCV,,Ridge,46,LOOCV,OFAT,Thickness_mean,,,,32,32,19,OFAT,9.9625,11.749447856193472
loocv_ref,OFAT|LOOCV,,Ridge,46,LOOCV,OFAT,Thickness_mean,,,,33,33,20,OFAT,4.855,6.243466906757911
loocv_ref,OFAT|LOOCV,,Ridge,46,LOOCV,OFAT,Thickness_mean,,,,34,34,21,OFAT,1.2375,3.3521673562384375
loocv_ref,OFAT|LOOCV,,Ridge,46,LOOCV,OFAT,Thickness_mean,,,,35,35,22,OFAT,2.0275,4.128687428412853
loocv_ref,OFAT|LOOCV,,Ridge,46,LOOCV,OFAT,Thickness_mean,,,,36,36,23,OFAT,3.535,5.672767808196637
loocv_ref,OFAT|LOOCV,,Ridge,46,LOOCV,OFAT,Thickness_mean,,,,37,37,20,OFAT,8.6425,7.1136791138737925
loocv_ref,OFAT|LOOCV,,Ridge,46,LOOCV,OFAT,Thickness_mean,,,,38,38,19,OFAT,12.75,11.919866936315353
loocv_ref,OFAT|LOOCV,,Ridge,46,LOOCV,OFAT,Thickness_mean,,,,39,39,18,OFAT,16.965,16.615766865529597
loocv_ref,OFAT|LOOCV,,Ridge,46,LOOCV,OFAT,Thickness_mean,,,,40,40,19,OFAT,19.6525,11.681854308870262
loocv_ref,OFAT|LOOCV,,Ridge,46,LOOCV,OFAT,Thickness_mean,,,,41,41,19,OFAT,9.2675,12.039950815355922
loocv_ref,OFAT|LOOCV,,Ridge,47,LOOCV,OFAT,Thickness_mean,,,,0,0,0,OFAT,36.34,16.081829776430943
loocv_ref,OFAT|LOOCV,,Ridge,47,LOOCV,OFAT,Thickness_mean,,,,1,1,1,OFAT,19.9225,24.66840790286208
loocv_ref,OFAT|LOOCV,,Ridge,47,LOOCV,OFAT,Thickness_mean,,,,2,2,2,OFAT,25.6625,19.178034155002074
loocv_ref,OFAT|LOOCV,,Ridge,47,LOOCV,OFAT,Thickness_mean,,,,3,3,3,OFAT,20.2075,17.659823666917923
loocv_ref,OFAT|LOOCV,,Ridge,47,LOOCV,OFAT,Thickness_mean,,,,4,4,4,OFAT,15.345,18.261654698661538
loocv_ref,OFAT|LOOCV,,Ridge,47,LOOCV,OFAT,Thickness_mean,,,,5,5,5,OFAT,14.265,18.134100081478632
loocv_ref,OFAT|LOOCV,,Ridge,47,LOOCV,OFAT,Thickness_mean,,,,6,6,6,OFAT,12.9225,26.060399481485
loocv_ref,OFAT|LOOCV,,Ridge,47,LOOCV,OFAT,Thickness_mean,,,,7,7,7,OFAT,13.2775,16.7984748195535
loocv_ref,OFAT|LOOCV,,Ridge,47,LOOCV,OFAT,Thickness_mean,,,,8,8,8,OFAT,15.329999999999998,17.22092805976984
loocv_ref,OFAT|LOOCV,,Ridge,47,LOOCV,OFAT,Thickness_mean,,,,9,9,9,OFAT,7.855,12.656265543237318
loocv_ref,OFAT|LOOCV,,Ridge,47,LOOCV,OFAT,Thickness_mean,,,,10,10,10,OFAT,2.8075,10.43855108854229
loocv_ref,OFAT|LOOCV,,Ridge,47,LOOCV,OFAT,Thickness_mean,,,,11,11,11,OFAT,7.7875,14.235406256790299
loocv_ref,OFAT|LOOCV,,Ridge,47,LOOCV,OFAT,Thickness_mean,,,,12,12,11,OFAT,9.105,13.917315250381892
loocv_ref,OFAT|LOOCV,,Ridge,47,LOOCV,OFAT,Thickness_mean,,,,13,13,12,OFAT,7.734999999999999,11.868482939534983
loocv_ref,OFAT|LOOCV,,Ridge,47,LOOCV,OFAT,Thickness_mean,,,,14,14,10,OFAT,6.8225,10.268178666612851
loocv_ref,OFAT|LOOCV,,Ridge,47,LOOCV,OFAT,Thickness_mean,,,,15,15,10,OFAT,14.995,9.921386980879763
loocv_ref,OFAT|LOOCV,,Ridge,47,LOOCV,OFAT,Thickness_mean,,,,16,16,13,OFAT,14.025,11.085780355907445
loocv_ref,OFAT|LOOCV,,Ridge,47,LOOCV,OFAT,Thickness_mean,,,,17,17,10,OFAT,9.0475,11.34028067327029
loocv_ref,OFAT|LOOCV,,Ridge,47,LOOCV,OFAT,Thickness_mean,,,,18,18,14,OFAT,22.225,20.64556270151462
loocv_ref,OFAT|LOOCV,,Ridge,47,LOOCV,OFAT,Thickness_mean,,,,19,19,14,OFAT,25.935,18.127147137811217
loocv_ref,OFAT|LOOCV,,Ridge,47,LOOCV,OFAT,Thickness_mean,,,,20,20,15,OFAT,7.03,7.05825105068513
loocv_ref,OFAT|LOOCV,,Ridge,47,LOOCV,OFAT,Thickness_mean,,,,21,21,16,OFAT,13.5325,10.786075051693373
loocv_ref,OFAT|LOOCV,,Ridge,47,LOOCV,OFAT,Thickness_mean,,,,22,22,14,OFAT,25.29,18.168406840737592
loocv_ref,OFAT|LOOCV,,Ridge,47,LOOCV,OFAT,Thickness_mean,,,,23,23,14,OFAT,21.965,18.381102208536376
loocv_ref,OFAT|LOOCV,,Ridge,47,LOOCV,OFAT,Thickness_mean,,,,24,24,14,OFAT,23.082500000000003,18.309617374396485
loocv_ref,OFAT|LOOCV,,Ridge,47,LOOCV,OFAT,Thickness_mean,,,,25,25,14,OFAT,21.262500000000003,20.725737882092073
loocv_ref,OFAT|LOOCV,,Ridge,47,LOOCV,OFAT,Thickness_mean,,,,26,26,17,OFAT,17.8275,17.686548562680038
loocv_ref,OFAT|LOOCV,,Ridge,47,LOOCV,OFAT,Thickness_mean,,,,27,27,17,OFAT,17.345,17.710299647085858
loocv_ref,OFAT|LOOCV,,Ridge,47,LOOCV,OFAT,Thickness_mean,,,,28,28,17,OFAT,24.4925,17.358463635084632
loocv_ref,OFAT|LOOCV,,Ridge,47,LOOCV,OFAT,Thickness_mean,,,,29,29,17,OFAT,17.695,17.69307088119563
loocv_ref,OFAT|LOOCV,,Ridge,47,LOOCV,OFAT,Thickness_mean,,,,30,30,17,OFAT,16.814999999999998,17.736388921148205
loocv_ref,OFAT|LOOCV,,Ridge,47,LOOCV,OFAT,Thickness_mean,,,,31,31,18,OFAT,14.9425,16.700448338012727
loocv_ref,OFAT|LOOCV,,Ridge,47,LOOCV,OFAT,Thickness_mean,,,,32,32,19,OFAT,9.9625,12.015985762683073
loocv_ref,OFAT|LOOCV,,Ridge,47,LOOCV,OFAT,Thickness_mean,,,,33,33,20,OFAT,4.855,9.46393730894179
loocv_ref,OFAT|LOOCV,,Ridge,47,LOOCV,OFAT,Thickness_mean,,,,34,34,21,OFAT,1.2375,6.757604884078182
loocv_ref,OFAT|LOOCV,,Ridge,47,LOOCV,OFAT,Thickness_mean,,,,35,35,22,OFAT,2.0275,7.27822361239534
loocv_ref,OFAT|LOOCV,,Ridge,47,LOOCV,OFAT,Thickness_mean,,,,36,36,23,OFAT,3.535,8.315996466271738
loocv_ref,OFAT|LOOCV,,Ridge,47,LOOCV,OFAT,Thickness_mean,,,,37,37,20,OFAT,8.6425,7.1136791138737925
loocv_ref,OFAT|LOOCV,,Ridge,47,LOOCV,OFAT,Thickness_mean,,,,38,38,19,OFAT,12.75,11.919866936315353
loocv_ref,OFAT|LOOCV,,Ridge,47,LOOCV,OFAT,Thickness_mean,,,,39,39,18,OFAT,16.965,16.615766865529597
loocv_ref,OFAT|LOOCV,,Ridge,47,LOOCV,OFAT,Thickness_mean,,,,40,40,19,OFAT,19.6525,11.681854308870262
loocv_ref,OFAT|LOOCV,,Ridge,47,LOOCV,OFAT,Thickness_mean,,,,41,41,19,OFAT,9.2675,12.614155195874506
loocv_ref,OFAT|LOOCV,,Ridge,48,LOOCV,OFAT,Thickness_mean,,,,0,0,0,OFAT,36.34,16.27680652023795
loocv_ref,OFAT|LOOCV,,Ridge,48,LOOCV,OFAT,Thickness_mean,,,,1,1,1,OFAT,19.9225,22.116569134396176
loocv_ref,OFAT|LOOCV,,Ridge,48,LOOCV,OFAT,Thickness_mean,,,,2,2,2,OFAT,25.6625,19.048804716712382
loocv_ref,OFAT|LOOCV,,Ridge,48,LOOCV,OFAT,Thickness_mean,,,,3,3,3,OFAT,20.2075,18.434495094783834
loocv_ref,OFAT|LOOCV,,Ridge,48,LOOCV,OFAT,Thickness_mean,,,,4,4,4,OFAT,15.345,19.162911994817243
loocv_ref,OFAT|LOOCV,,Ridge,48,LOOCV,OFAT,Thickness_mean,,,,5,5,5,OFAT,14.265,19.189532088078224
loocv_ref,OFAT|LOOCV,,Ridge,48,LOOCV,OFAT,Thickness_mean,,,,6,6,6,OFAT,12.9225,29.25743135830362
loocv_ref,OFAT|LOOCV,,Ridge,48,LOOCV,OFAT,Thickness_mean,,,,7,7,7,OFAT,13.2775,15.66975887433073
loocv_ref,OFAT|LOOCV,,Ridge,48,LOOCV,OFAT,Thickness_mean,,,,8,8,8,OFAT,15.329999999999998,16.286980864155904
loocv_ref,OFAT|LOOCV,,Ridge,48,LOOCV,OFAT,Thickness_mean,,,,9,9,9,OFAT,7.855,10.899815410141024
loocv_ref,OFAT|LOOCV,,Ridge,48,LOOCV,OFAT,Thickness_mean,,,,10,10,10,OFAT,2.8075,9.564240589647856
loocv_ref,OFAT|LOOCV,,Ridge,48,LOOCV,OFAT,Thickness_mean,,,,11,11,11,OFAT,7.7875,14.985276332812868
loocv_ref,OFAT|LOOCV,,Ridge,48,LOOCV,OFAT,Thickness_mean,,,,12,12,11,OFAT,9.105,14.589413481967936
loocv_ref,OFAT|LOOCV,,Ridge,48,LOOCV,OFAT,Thickness_mean,,,,13,13,12,OFAT,7.734999999999999,10.676636760238882
loocv_ref,OFAT|LOOCV,,Ridge,48,LOOCV,OFAT,Thickness_mean,,,,14,14,10,OFAT,6.8225,9.378592590168516
loocv_ref,OFAT|LOOCV,,Ridge,48,LOOCV,OFAT,Thickness_mean,,,,15,15,10,OFAT,14.995,9.075136664212824
loocv_ref,OFAT|LOOCV,,Ridge,48,LOOCV,OFAT,Thickness_mean,,,,16,16,13,OFAT,14.025,10.526420539314019
loocv_ref,OFAT|LOOCV,,Ridge,48,LOOCV,OFAT,Thickness_mean,,,,17,17,10,OFAT,9.0475,9.348021777085524
loocv_ref,OFAT|LOOCV,,Ridge,48,LOOCV,OFAT,Thickness_mean,,,,18,18,14,OFAT,22.225,22.60344452517426
loocv_ref,OFAT|LOOCV,,Ridge,48,LOOCV,OFAT,Thickness_mean,,,,19,19,14,OFAT,25.935,22.432684072996373
loocv_ref,OFAT|LOOCV,,Ridge,48,LOOCV,OFAT,Thickness_mean,,,,20,20,15,OFAT,7.03,5.428439391564714
loocv_ref,OFAT|LOOCV,,Ridge,48,LOOCV,OFAT,Thickness_mean,,,,21,21,16,OFAT,13.5325,10.147502901229743
loocv_ref,OFAT|LOOCV,,Ridge,48,LOOCV,OFAT,Thickness_mean,,,,22,22,14,OFAT,25.29,22.498009447320044
loocv_ref,OFAT|LOOCV,,Ridge,48,LOOCV,OFAT,Thickness_mean,,,,23,23,14,OFAT,21.965,22.83476428394987
loocv_ref,OFAT|LOOCV,,Ridge,48,LOOCV,OFAT,Thickness_mean,,,,24,24,14,OFAT,23.082500000000003,22.72158427494722
loocv_ref,OFAT|LOOCV,,Ridge,48,LOOCV,OFAT,Thickness_mean,,,,25,25,14,OFAT,21.262500000000003,22.905913238155115
loocv_ref,OFAT|LOOCV,,Ridge,48,LOOCV,OFAT,Thickness_mean,,,,26,26,17,OFAT,17.8275,18.9589753052607
loocv_ref,OFAT|LOOCV,,Ridge,48,LOOCV,OFAT,Thickness_mean,,,,27,27,17,OFAT,17.345,18.98600771471304
loocv_ref,OFAT|LOOCV,,Ridge,48,LOOCV,OFAT,Thickness_mean,,,,28,28,17,OFAT,24.4925,18.585563887644476
loocv_ref,OFAT|LOOCV,,Ridge,48,LOOCV,OFAT,Thickness_mean,,,,29,29,17,OFAT,17.695,18.966398713037776
loocv_ref,OFAT|LOOCV,,Ridge,48,LOOCV,OFAT,Thickness_mean,,,,30,30,17,OFAT,16.814999999999998,19.015701345821306
loocv_ref,OFAT|LOOCV,,Ridge,48,LOOCV,OFAT,Thickness_mean,,,,31,31,18,OFAT,14.9425,17.670673895044455
loocv_ref,OFAT|LOOCV,,Ridge,48,LOOCV,OFAT,Thickness_mean,,,,32,32,19,OFAT,9.9625,11.636075418020564
loocv_ref,OFAT|LOOCV,,Ridge,48,LOOCV,OFAT,Thickness_mean,,,,33,33,20,OFAT,4.855,5.662533168408867
loocv_ref,OFAT|LOOCV,,Ridge,48,LOOCV,OFAT,Thickness_mean,,,,34,34,21,OFAT,1.2375,0.47424682356587766
loocv_ref,OFAT|LOOCV,,Ridge,48,LOOCV,OFAT,Thickness_mean,,,,35,35,22,OFAT,2.0275,1.4800484261089935
loocv_ref,OFAT|LOOCV,,Ridge,48,LOOCV,OFAT,Thickness_mean,,,,36,36,23,OFAT,3.535,3.4746894719953367
loocv_ref,OFAT|LOOCV,,Ridge,48,LOOCV,OFAT,Thickness_mean,,,,37,37,20,OFAT,8.6425,5.360100060009389
loocv_ref,OFAT|LOOCV,,Ridge,48,LOOCV,OFAT,Thickness_mean,,,,38,38,19,OFAT,12.75,11.535555293497325
loocv_ref,OFAT|LOOCV,,Ridge,48,LOOCV,OFAT,Thickness_mean,,,,39,39,18,OFAT,16.965,17.577119511435647
loocv_ref,OFAT|LOOCV,,Ridge,48,LOOCV,OFAT,Thickness_mean,,,,40,40,19,OFAT,19.6525,11.313812691915196
loocv_ref,OFAT|LOOCV,,Ridge,48,LOOCV,OFAT,Thickness_mean,,,,41,41,19,OFAT,9.2675,11.686765197414756
loocv_ref,OFAT|LOOCV,,Ridge,49,LOOCV,OFAT,Thickness_mean,,,,0,0,0,OFAT,36.34,16.51484069960016
loocv_ref,OFAT|LOOCV,,Ridge,49,LOOCV,OFAT,Thickness_mean,,,,1,1,1,OFAT,19.9225,23.459722831508664
loocv_ref,OFAT|LOOCV,,Ridge,49,LOOCV,OFAT,Thickness_mean,,,,2,2,2,OFAT,25.6625,19.18094187247621
loocv_ref,OFAT|LOOCV,,Ridge,49,LOOCV,OFAT,Thickness_mean,,,,3,3,3,OFAT,20.2075,17.956742202981182
loocv_ref,OFAT|LOOCV,,Ridge,49,LOOCV,OFAT,Thickness_mean,,,,4,4,4,OFAT,15.345,18.610194282358048
loocv_ref,OFAT|LOOCV,,Ridge,49,LOOCV,OFAT,Thickness_mean,,,,5,5,5,OFAT,14.265,18.539955919470074
loocv_ref,OFAT|LOOCV,,Ridge,49,LOOCV,OFAT,Thickness_mean,,,,6,6,6,OFAT,12.9225,29.25743135830362
loocv_ref,OFAT|LOOCV,,Ridge,49,LOOCV,OFAT,Thickness_mean,,,,7,7,7,OFAT,13.2775,16.7984748195535
loocv_ref,OFAT|LOOCV,,Ridge,49,LOOCV,OFAT,Thickness_mean,,,,8,8,8,OFAT,15.329999999999998,16.286980864155904
loocv_ref,OFAT|LOOCV,,Ridge,49,LOOCV,OFAT,Thickness_mean,,,,9,9,9,OFAT,7.855,12.656265543237318
loocv_ref,OFAT|LOOCV,,Ridge,49,LOOCV,OFAT,Thickness_mean,,,,10,10,10,OFAT,2.8075,10.43855108854229
loocv_ref,OFAT|LOOCV,,Ridge,49,LOOCV,OFAT,Thickness_mean,,,,11,11,11,OFAT,7.7875,14.985276332812868
loocv_ref,OFAT|LOOCV,,Ridge,49,LOOCV,OFAT,Thickness_mean,,,,12,12,11,OFAT,9.105,14.589413481967936
loocv_ref,OFAT|LOOCV,,Ridge,49,LOOCV,OFAT,Thickness_mean,,,,13,13,12,OFAT,7.734999999999999,11.066544482900579
loocv_ref,OFAT|LOOCV,,Ridge,49,LOOCV,OFAT,Thickness_mean,,,,14,14,10,OFAT,6.8225,10.268178666612851
loocv_ref,OFAT|LOOCV,,Ridge,49,LOOCV,OFAT,Thickness_mean,,,,15,15,10,OFAT,14.995,9.921386980879763
loocv_ref,OFAT|LOOCV,,Ridge,49,LOOCV,OFAT,Thickness_mean,,,,16,16,13,OFAT,14.025,11.085780355907445
loocv_ref,OFAT|LOOCV,,Ridge,49,LOOCV,OFAT,Thickness_mean,,,,17,17,10,OFAT,9.0475,10.173763065419076
loocv_ref,OFAT|LOOCV,,Ridge,49,LOOCV,OFAT,Thickness_mean,,,,18,18,14,OFAT,22.225,20.64556270151462
loocv_ref,OFAT|LOOCV,,Ridge,49,LOOCV,OFAT,Thickness_mean,,,,19,19,14,OFAT,25.935,20.336523823652406
loocv_ref,OFAT|LOOCV,,Ridge,49,LOOCV,OFAT,Thickness_mean,,,,20,20,15,OFAT,7.03,7.05825105068513
loocv_ref,OFAT|LOOCV,,Ridge,49,LOOCV,OFAT,Thickness_mean,,,,21,21,16,OFAT,13.5325,10.786075051693373
loocv_ref,OFAT|LOOCV,,Ridge,49,LOOCV,OFAT,Thickness_mean,,,,22,22,14,OFAT,25.29,20.390251607000415
loocv_ref,OFAT|LOOCV,,Ridge,49,LOOCV,OFAT,Thickness_mean,,,,23,23,14,OFAT,21.965,20.667220412631647
loocv_ref,OFAT|LOOCV,,Ridge,49,LOOCV,OFAT,Thickness_mean,,,,24,24,14,OFAT,23.082500000000003,20.57413390427288
loocv_ref,OFAT|LOOCV,,Ridge,49,LOOCV,OFAT,Thickness_mean,,,,25,25,14,OFAT,21.262500000000003,20.725737882092073
loocv_ref,OFAT|LOOCV,,Ridge,49,LOOCV,OFAT,Thickness_mean,,,,26,26,17,OFAT,17.8275,17.686548562680038
loocv_ref,OFAT|LOOCV,,Ridge,49,LOOCV,OFAT,Thickness_mean,,,,27,27,17,OFAT,17.345,17.710299647085858
loocv_ref,OFAT|LOOCV,,Ridge,49,LOOCV,OFAT,Thickness_mean,,,,28,28,17,OFAT,24.4925,17.358463635084632
loocv_ref,OFAT|LOOCV,,Ridge,49,LOOCV,OFAT,Thickness_mean,,,,29,29,17,OFAT,17.695,17.69307088119563
loocv_ref,OFAT|LOOCV,,Ridge,49,LOOCV,OFAT,Thickness_mean,,,,30,30,17,OFAT,16.814999999999998,17.736388921148205
loocv_ref,OFAT|LOOCV,,Ridge,49,LOOCV,OFAT,Thickness_mean,,,,31,31,18,OFAT,14.9425,16.700448338012727
loocv_ref,OFAT|LOOCV,,Ridge,49,LOOCV,OFAT,Thickness_mean,,,,32,32,19,OFAT,9.9625,12.015985762683073
loocv_ref,OFAT|LOOCV,,Ridge,49,LOOCV,OFAT,Thickness_mean,,,,33,33,20,OFAT,4.855,7.372803838394278
loocv_ref,OFAT|LOOCV,,Ridge,49,LOOCV,OFAT,Thickness_mean,,,,34,34,21,OFAT,1.2375,3.3521673562384375
loocv_ref,OFAT|LOOCV,,Ridge,49,LOOCV,OFAT,Thickness_mean,,,,35,35,22,OFAT,2.0275,4.128687428412853
loocv_ref,OFAT|LOOCV,,Ridge,49,LOOCV,OFAT,Thickness_mean,,,,36,36,23,OFAT,3.535,5.672767808196637
loocv_ref,OFAT|LOOCV,,Ridge,49,LOOCV,OFAT,Thickness_mean,,,,37,37,20,OFAT,8.6425,7.1136791138737925
loocv_ref,OFAT|LOOCV,,Ridge,49,LOOCV,OFAT,Thickness_mean,,,,38,38,19,OFAT,12.75,11.919866936315353
loocv_ref,OFAT|LOOCV,,Ridge,49,LOOCV,OFAT,Thickness_mean,,,,39,39,18,OFAT,16.965,16.615766865529597
loocv_ref,OFAT|LOOCV,,Ridge,49,LOOCV,OFAT,Thickness_mean,,,,40,40,19,OFAT,19.6525,11.681854308870262
loocv_ref,OFAT|LOOCV,,Ridge,49,LOOCV,OFAT,Thickness_mean,,,,41,41,19,OFAT,9.2675,12.039950815355922
loocv_ref,OFAT|LOOCV,,Ridge,50,LOOCV,OFAT,Thickness_mean,,,,0,0,0,OFAT,36.34,16.081829776430943
loocv_ref,OFAT|LOOCV,,Ridge,50,LOOCV,OFAT,Thickness_mean,,,,1,1,1,OFAT,19.9225,23.459722831508664
loocv_ref,OFAT|LOOCV,,Ridge,50,LOOCV,OFAT,Thickness_mean,,,,2,2,2,OFAT,25.6625,19.048804716712382
loocv_ref,OFAT|LOOCV,,Ridge,50,LOOCV,OFAT,Thickness_mean,,,,3,3,3,OFAT,20.2075,18.434495094783834
loocv_ref,OFAT|LOOCV,,Ridge,50,LOOCV,OFAT,Thickness_mean,,,,4,4,4,OFAT,15.345,19.162911994817243
loocv_ref,OFAT|LOOCV,,Ridge,50,LOOCV,OFAT,Thickness_mean,,,,5,5,5,OFAT,14.265,19.189532088078224
loocv_ref,OFAT|LOOCV,,Ridge,50,LOOCV,OFAT,Thickness_mean,,,,6,6,6,OFAT,12.9225,26.060399481485
loocv_ref,OFAT|LOOCV,,Ridge,50,LOOCV,OFAT,Thickness_mean,,,,7,7,7,OFAT,13.2775,16.7984748195535
loocv_ref,OFAT|LOOCV,,Ridge,50,LOOCV,OFAT,Thickness_mean,,,,8,8,8,OFAT,15.329999999999998,17.22092805976984
loocv_ref,OFAT|LOOCV,,Ridge,50,LOOCV,OFAT,Thickness_mean,,,,9,9,9,OFAT,7.855,12.656265543237318
loocv_ref,OFAT|LOOCV,,Ridge,50,LOOCV,OFAT,Thickness_mean,,,,10,10,10,OFAT,2.8075,10.43855108854229
loocv_ref,OFAT|LOOCV,,Ridge,50,LOOCV,OFAT,Thickness_mean,,,,11,11,11,OFAT,7.7875,14.235406256790299
loocv_ref,OFAT|LOOCV,,Ridge,50,LOOCV,OFAT,Thickness_mean,,,,12,12,11,OFAT,9.105,13.917315250381892
loocv_ref,OFAT|LOOCV,,Ridge,50,LOOCV,OFAT,Thickness_mean,,,,13,13,12,OFAT,7.734999999999999,11.066544482900579
loocv_ref,OFAT|LOOCV,,Ridge,50,LOOCV,OFAT,Thickness_mean,,,,14,14,10,OFAT,6.8225,10.268178666612851
loocv_ref,OFAT|LOOCV,,Ridge,50,LOOCV,OFAT,Thickness_mean,,,,15,15,10,OFAT,14.995,9.921386980879763
loocv_ref,OFAT|LOOCV,,Ridge,50,LOOCV,OFAT,Thickness_mean,,,,16,16,13,OFAT,14.025,11.085780355907445
loocv_ref,OFAT|LOOCV,,Ridge,50,LOOCV,OFAT,Thickness_mean,,,,17,17,10,OFAT,9.0475,10.173763065419076
loocv_ref,OFAT|LOOCV,,Ridge,50,LOOCV,OFAT,Thickness_mean,,,,18,18,14,OFAT,22.225,20.64556270151462
loocv_ref,OFAT|LOOCV,,Ridge,50,LOOCV,OFAT,Thickness_mean,,,,19,19,14,OFAT,25.935,20.336523823652406
loocv_ref,OFAT|LOOCV,,Ridge,50,LOOCV,OFAT,Thickness_mean,,,,20,20,15,OFAT,7.03,7.05825105068513
loocv_ref,OFAT|LOOCV,,Ridge,50,LOOCV,OFAT,Thickness_mean,,,,21,21,16,OFAT,13.5325,10.316943309821777
loocv_ref,OFAT|LOOCV,,Ridge,50,LOOCV,OFAT,Thickness_mean,,,,22,22,14,OFAT,25.29,20.390251607000415
loocv_ref,OFAT|LOOCV,,Ridge,50,LOOCV,OFAT,Thickness_mean,,,,23,23,14,OFAT,21.965,20.667220412631647
loocv_ref,OFAT|LOOCV,,Ridge,50,LOOCV,OFAT,Thickness_mean,,,,24,24,14,OFAT,23.082500000000003,20.57413390427288
loocv_ref,OFAT|LOOCV,,Ridge,50,LOOCV,OFAT,Thickness_mean,,,,25,25,14,OFAT,21.262500000000003,20.725737882092073
loocv_ref,OFAT|LOOCV,,Ridge,50,LOOCV,OFAT,Thickness_mean,,,,26,26,17,OFAT,17.8275,17.686548562680038
loocv_ref,OFAT|LOOCV,,Ridge,50,LOOCV,OFAT,Thickness_mean,,,,27,27,17,OFAT,17.345,17.710299647085858
loocv_ref,OFAT|LOOCV,,Ridge,50,LOOCV,OFAT,Thickness_mean,,,,28,28,17,OFAT,24.4925,17.358463635084632
loocv_ref,OFAT|LOOCV,,Ridge,50,LOOCV,OFAT,Thickness_mean,,,,29,29,17,OFAT,17.695,17.69307088119563
loocv_ref,OFAT|LOOCV,,Ridge,50,LOOCV,OFAT,Thickness_mean,,,,30,30,17,OFAT,16.814999999999998,17.736388921148205
loocv_ref,OFAT|LOOCV,,Ridge,50,LOOCV,OFAT,Thickness_mean,,,,31,31,18,OFAT,14.9425,16.700448338012727
loocv_ref,OFAT|LOOCV,,Ridge,50,LOOCV,OFAT,Thickness_mean,,,,32,32,19,OFAT,9.9625,12.015985762683073
loocv_ref,OFAT|LOOCV,,Ridge,50,LOOCV,OFAT,Thickness_mean,,,,33,33,20,OFAT,4.855,7.372803838394278
loocv_ref,OFAT|LOOCV,,Ridge,50,LOOCV,OFAT,Thickness_mean,,,,34,34,21,OFAT,1.2375,3.3521673562384375
loocv_ref,OFAT|LOOCV,,Ridge,50,LOOCV,OFAT,Thickness_mean,,,,35,35,22,OFAT,2.0275,4.128687428412853
loocv_ref,OFAT|LOOCV,,Ridge,50,LOOCV,OFAT,Thickness_mean,,,,36,36,23,OFAT,3.535,5.672767808196637
loocv_ref,OFAT|LOOCV,,Ridge,50,LOOCV,OFAT,Thickness_mean,,,,37,37,20,OFAT,8.6425,7.1136791138737925
loocv_ref,OFAT|LOOCV,,Ridge,50,LOOCV,OFAT,Thickness_mean,,,,38,38,19,OFAT,12.75,11.919866936315353
loocv_ref,OFAT|LOOCV,,Ridge,50,LOOCV,OFAT,Thickness_mean,,,,39,39,18,OFAT,16.965,16.615766865529597
loocv_ref,OFAT|LOOCV,,Ridge,50,LOOCV,OFAT,Thickness_mean,,,,40,40,19,OFAT,19.6525,11.681854308870262
loocv_ref,OFAT|LOOCV,,Ridge,50,LOOCV,OFAT,Thickness_mean,,,,41,41,19,OFAT,9.2675,12.039950815355922
loocv_ref,OFAT|LOOCV,,Ridge,51,LOOCV,OFAT,Thickness_mean,,,,0,0,0,OFAT,36.34,16.081829776430943
loocv_ref,OFAT|LOOCV,,Ridge,51,LOOCV,OFAT,Thickness_mean,,,,1,1,1,OFAT,19.9225,22.116569134396176
loocv_ref,OFAT|LOOCV,,Ridge,51,LOOCV,OFAT,Thickness_mean,,,,2,2,2,OFAT,25.6625,19.048804716712382
loocv_ref,OFAT|LOOCV,,Ridge,51,LOOCV,OFAT,Thickness_mean,,,,3,3,3,OFAT,20.2075,17.956742202981182
loocv_ref,OFAT|LOOCV,,Ridge,51,LOOCV,OFAT,Thickness_mean,,,,4,4,4,OFAT,15.345,19.162911994817243
loocv_ref,OFAT|LOOCV,,Ridge,51,LOOCV,OFAT,Thickness_mean,,,,5,5,5,OFAT,14.265,19.189532088078224
loocv_ref,OFAT|LOOCV,,Ridge,51,LOOCV,OFAT,Thickness_mean,,,,6,6,6,OFAT,12.9225,32.017676126618284
loocv_ref,OFAT|LOOCV,,Ridge,51,LOOCV,OFAT,Thickness_mean,,,,7,7,7,OFAT,13.2775,15.66975887433073
loocv_ref,OFAT|LOOCV,,Ridge,51,LOOCV,OFAT,Thickness_mean,,,,8,8,8,OFAT,15.329999999999998,16.286980864155904
loocv_ref,OFAT|LOOCV,,Ridge,51,LOOCV,OFAT,Thickness_mean,,,,9,9,9,OFAT,7.855,10.899815410141024
loocv_ref,OFAT|LOOCV,,Ridge,51,LOOCV,OFAT,Thickness_mean,,,,10,10,10,OFAT,2.8075,9.851238539940093
loocv_ref,OFAT|LOOCV,,Ridge,51,LOOCV,OFAT,Thickness_mean,,,,11,11,11,OFAT,7.7875,14.985276332812868
loocv_ref,OFAT|LOOCV,,Ridge,51,LOOCV,OFAT,Thickness_mean,,,,12,12,11,OFAT,9.105,14.589413481967936
loocv_ref,OFAT|LOOCV,,Ridge,51,LOOCV,OFAT,Thickness_mean,,,,13,13,12,OFAT,7.734999999999999,10.75813176602463
loocv_ref,OFAT|LOOCV,,Ridge,51,LOOCV,OFAT,Thickness_mean,,,,14,14,10,OFAT,6.8225,9.671066664736276
loocv_ref,OFAT|LOOCV,,Ridge,51,LOOCV,OFAT,Thickness_mean,,,,15,15,10,OFAT,14.995,9.304328271186293
loocv_ref,OFAT|LOOCV,,Ridge,51,LOOCV,OFAT,Thickness_mean,,,,16,16,13,OFAT,14.025,10.673086153694268
loocv_ref,OFAT|LOOCV,,Ridge,51,LOOCV,OFAT,Thickness_mean,,,,17,17,10,OFAT,9.0475,9.571220482338148
loocv_ref,OFAT|LOOCV,,Ridge,51,LOOCV,OFAT,Thickness_mean,,,,18,18,14,OFAT,22.225,22.022529208345865
loocv_ref,OFAT|LOOCV,,Ridge,51,LOOCV,OFAT,Thickness_mean,,,,19,19,14,OFAT,25.935,21.6709936486725
loocv_ref,OFAT|LOOCV,,Ridge,51,LOOCV,OFAT,Thickness_mean,,,,20,20,15,OFAT,7.03,5.882912076145553
loocv_ref,OFAT|LOOCV,,Ridge,51,LOOCV,OFAT,Thickness_mean,,,,21,21,16,OFAT,13.5325,10.316943309821777
loocv_ref,OFAT|LOOCV,,Ridge,51,LOOCV,OFAT,Thickness_mean,,,,22,22,14,OFAT,25.29,21.732109669154788
loocv_ref,OFAT|LOOCV,,Ridge,51,LOOCV,OFAT,Thickness_mean,,,,23,23,14,OFAT,21.965,22.047165123579035
loocv_ref,OFAT|LOOCV,,Ridge,51,LOOCV,OFAT,Thickness_mean,,,,24,24,14,OFAT,23.082500000000003,21.94127806483645
loocv_ref,OFAT|LOOCV,,Ridge,51,LOOCV,OFAT,Thickness_mean,,,,25,25,14,OFAT,21.262500000000003,22.113729471468666
loocv_ref,OFAT|LOOCV,,Ridge,51,LOOCV,OFAT,Thickness_mean,,,,26,26,17,OFAT,17.8275,18.489618826286232
loocv_ref,OFAT|LOOCV,,Ridge,51,LOOCV,OFAT,Thickness_mean,,,,27,27,17,OFAT,17.345,18.515463540896356
loocv_ref,OFAT|LOOCV,,Ridge,51,LOOCV,OFAT,Thickness_mean,,,,28,28,17,OFAT,24.4925,18.13261359752672
loocv_ref,OFAT|LOOCV,,Ridge,51,LOOCV,OFAT,Thickness_mean,,,,29,29,17,OFAT,17.695,18.49671607952114
loocv_ref,OFAT|LOOCV,,Ridge,51,LOOCV,OFAT,Thickness_mean,,,,30,30,17,OFAT,16.814999999999998,18.54385255383597
loocv_ref,OFAT|LOOCV,,Ridge,51,LOOCV,OFAT,Thickness_mean,,,,31,31,18,OFAT,14.9425,17.308203694782225
loocv_ref,OFAT|LOOCV,,Ridge,51,LOOCV,OFAT,Thickness_mean,,,,32,32,19,OFAT,9.9625,11.749447856193472
loocv_ref,OFAT|LOOCV,,Ridge,51,LOOCV,OFAT,Thickness_mean,,,,33,33,20,OFAT,4.855,6.243466906757911
loocv_ref,OFAT|LOOCV,,Ridge,51,LOOCV,OFAT,Thickness_mean,,,,34,34,21,OFAT,1.2375,1.4669247092970323
loocv_ref,OFAT|LOOCV,,Ridge,51,LOOCV,OFAT,Thickness_mean,,,,35,35,22,OFAT,2.0275,2.3916752670123795
loocv_ref,OFAT|LOOCV,,Ridge,51,LOOCV,OFAT,Thickness_mean,,,,36,36,23,OFAT,3.535,4.22736820836481
loocv_ref,OFAT|LOOCV,,Ridge,51,LOOCV,OFAT,Thickness_mean,,,,37,37,20,OFAT,8.6425,5.956616827264096
loocv_ref,OFAT|LOOCV,,Ridge,51,LOOCV,OFAT,Thickness_mean,,,,38,38,19,OFAT,12.75,11.65050085179016
loocv_ref,OFAT|LOOCV,,Ridge,51,LOOCV,OFAT,Thickness_mean,,,,39,39,18,OFAT,16.965,17.21785816472368
loocv_ref,OFAT|LOOCV,,Ridge,51,LOOCV,OFAT,Thickness_mean,,,,40,40,19,OFAT,19.6525,11.405484996043485
loocv_ref,OFAT|LOOCV,,Ridge,51,LOOCV,OFAT,Thickness_mean,,,,41,41,19,OFAT,9.2675,11.77411805101331
loocv_ref,OFAT|LOOCV,,Random Forest,42,LOOCV,OFAT,Thickness_mean,,,,0,0,0,OFAT,36.34,20.561499313515416
loocv_ref,OFAT|LOOCV,,Random Forest,42,LOOCV,OFAT,Thickness_mean,,,,1,1,1,OFAT,19.9225,27.402290139772475
loocv_ref,OFAT|LOOCV,,Random Forest,42,LOOCV,OFAT,Thickness_mean,,,,2,2,2,OFAT,25.6625,24.401146992954036
loocv_ref,OFAT|LOOCV,,Random Forest,42,LOOCV,OFAT,Thickness_mean,,,,3,3,3,OFAT,20.2075,16.288577240340558
loocv_ref,OFAT|LOOCV,,Random Forest,42,LOOCV,OFAT,Thickness_mean,,,,4,4,4,OFAT,15.345,16.801807073522294
loocv_ref,OFAT|LOOCV,,Random Forest,42,LOOCV,OFAT,Thickness_mean,,,,5,5,5,OFAT,14.265,16.952753290478668
loocv_ref,OFAT|LOOCV,,Random Forest,42,LOOCV,OFAT,Thickness_mean,,,,6,6,6,OFAT,12.9225,16.867718763165588
loocv_ref,OFAT|LOOCV,,Random Forest,42,LOOCV,OFAT,Thickness_mean,,,,7,7,7,OFAT,13.2775,16.970517630757428
loocv_ref,OFAT|LOOCV,,Random Forest,42,LOOCV,OFAT,Thickness_mean,,,,8,8,8,OFAT,15.329999999999998,17.247597313520178
loocv_ref,OFAT|LOOCV,,Random Forest,42,LOOCV,OFAT,Thickness_mean,,,,9,9,9,OFAT,7.855,8.242140712169777
loocv_ref,OFAT|LOOCV,,Random Forest,42,LOOCV,OFAT,Thickness_mean,,,,10,10,10,OFAT,2.8075,9.765894791666668
loocv_ref,OFAT|LOOCV,,Random Forest,42,LOOCV,OFAT,Thickness_mean,,,,11,11,11,OFAT,7.7875,8.787780000000009
loocv_ref,OFAT|LOOCV,,Random Forest,42,LOOCV,OFAT,Thickness_mean,,,,12,12,11,OFAT,9.105,8.03680500000001
loocv_ref,OFAT|LOOCV,,Random Forest,42,LOOCV,OFAT,Thickness_mean,,,,13,13,12,OFAT,7.734999999999999,7.964396696428572
loocv_ref,OFAT|LOOCV,,Random Forest,42,LOOCV,OFAT,Thickness_mean,,,,14,14,10,OFAT,6.8225,8.398579464285715
loocv_ref,OFAT|LOOCV,,Random Forest,42,LOOCV,OFAT,Thickness_mean,,,,15,15,10,OFAT,14.995,6.0633848809523805
loocv_ref,OFAT|LOOCV,,Random Forest,42,LOOCV,OFAT,Thickness_mean,,,,16,16,13,OFAT,14.025,13.066451532287157
loocv_ref,OFAT|LOOCV,,Random Forest,42,LOOCV,OFAT,Thickness_mean,,,,17,17,10,OFAT,9.0475,8.095335069444443
loocv_ref,OFAT|LOOCV,,Random Forest,42,LOOCV,OFAT,Thickness_mean,,,,18,18,14,OFAT,22.225,22.65452154836993
loocv_ref,OFAT|LOOCV,,Random Forest,42,LOOCV,OFAT,Thickness_mean,,,,19,19,14,OFAT,25.935,21.943864667299607
loocv_ref,OFAT|LOOCV,,Random Forest,42,LOOCV,OFAT,Thickness_mean,,,,20,20,15,OFAT,7.03,5.9214933829365055
loocv_ref,OFAT|LOOCV,,Random Forest,42,LOOCV,OFAT,Thickness_mean,,,,21,21,16,OFAT,13.5325,11.044320833333337
loocv_ref,OFAT|LOOCV,,Random Forest,42,LOOCV,OFAT,Thickness_mean,,,,22,22,14,OFAT,25.29,22.700724811507936
loocv_ref,OFAT|LOOCV,,Random Forest,42,LOOCV,OFAT,Thickness_mean,,,,23,23,14,OFAT,21.965,23.11752720459183
loocv_ref,OFAT|LOOCV,,Random Forest,42,LOOCV,OFAT,Thickness_mean,,,,24,24,14,OFAT,23.082500000000003,23.140259910714295
loocv_ref,OFAT|LOOCV,,Random Forest,42,LOOCV,OFAT,Thickness_mean,,,,25,25,14,OFAT,21.262500000000003,23.552807688492067
loocv_ref,OFAT|LOOCV,,Random Forest,42,LOOCV,OFAT,Thickness_mean,,,,26,26,17,OFAT,17.8275,18.581491081349203
loocv_ref,OFAT|LOOCV,,Random Forest,42,LOOCV,OFAT,Thickness_mean,,,,27,27,17,OFAT,17.345,18.830298621933615
loocv_ref,OFAT|LOOCV,,Random Forest,42,LOOCV,OFAT,Thickness_mean,,,,28,28,17,OFAT,24.4925,17.20932566829004
loocv_ref,OFAT|LOOCV,,Random Forest,42,LOOCV,OFAT,Thickness_mean,,,,29,29,17,OFAT,17.695,18.617725959595962
loocv_ref,OFAT|LOOCV,,Random Forest,42,LOOCV,OFAT,Thickness_mean,,,,30,30,17,OFAT,16.814999999999998,18.77922754689754
loocv_ref,OFAT|LOOCV,,Random Forest,42,LOOCV,OFAT,Thickness_mean,,,,31,31,18,OFAT,14.9425,18.16135040223665
loocv_ref,OFAT|LOOCV,,Random Forest,42,LOOCV,OFAT,Thickness_mean,,,,32,32,19,OFAT,9.9625,13.890026851100288
loocv_ref,OFAT|LOOCV,,Random Forest,42,LOOCV,OFAT,Thickness_mean,,,,33,33,20,OFAT,4.855,7.069972728174602
loocv_ref,OFAT|LOOCV,,Random Forest,42,LOOCV,OFAT,Thickness_mean,,,,34,34,21,OFAT,1.2375,4.2371018750000005
loocv_ref,OFAT|LOOCV,,Random Forest,42,LOOCV,OFAT,Thickness_mean,,,,35,35,22,OFAT,2.0275,3.9986535416666675
loocv_ref,OFAT|LOOCV,,Random Forest,42,LOOCV,OFAT,Thickness_mean,,,,36,36,23,OFAT,3.535,3.4606999999999988
loocv_ref,OFAT|LOOCV,,Random Forest,42,LOOCV,OFAT,Thickness_mean,,,,37,37,20,OFAT,8.6425,5.326389980158731
loocv_ref,OFAT|LOOCV,,Random Forest,42,LOOCV,OFAT,Thickness_mean,,,,38,38,19,OFAT,12.75,13.265938749999998
loocv_ref,OFAT|LOOCV,,Random Forest,42,LOOCV,OFAT,Thickness_mean,,,,39,39,18,OFAT,16.965,16.848971084956712
loocv_ref,OFAT|LOOCV,,Random Forest,42,LOOCV,OFAT,Thickness_mean,,,,40,40,19,OFAT,19.6525,11.216732688492067
loocv_ref,OFAT|LOOCV,,Random Forest,42,LOOCV,OFAT,Thickness_mean,,,,41,41,19,OFAT,9.2675,13.963263343253969
loocv_ref,OFAT|LOOCV,,Random Forest,43,LOOCV,OFAT,Thickness_mean,,,,0,0,0,OFAT,36.34,16.125362499999973
loocv_ref,OFAT|LOOCV,,Random Forest,43,LOOCV,OFAT,Thickness_mean,,,,1,1,1,OFAT,19.9225,27.662424999999967
loocv_ref,OFAT|LOOCV,,Random Forest,43,LOOCV,OFAT,Thickness_mean,,,,2,2,2,OFAT,25.6625,24.17047726235569
loocv_ref,OFAT|LOOCV,,Random Forest,43,LOOCV,OFAT,Thickness_mean,,,,3,3,3,OFAT,20.2075,15.366000000000007
loocv_ref,OFAT|LOOCV,,Random Forest,43,LOOCV,OFAT,Thickness_mean,,,,4,4,4,OFAT,15.345,15.29770000000001
loocv_ref,OFAT|LOOCV,,Random Forest,43,LOOCV,OFAT,Thickness_mean,,,,5,5,5,OFAT,14.265,15.459217142857135
loocv_ref,OFAT|LOOCV,,Random Forest,43,LOOCV,OFAT,Thickness_mean,,,,6,6,6,OFAT,12.9225,14.45285255952381
loocv_ref,OFAT|LOOCV,,Random Forest,43,LOOCV,OFAT,Thickness_mean,,,,7,7,7,OFAT,13.2775,15.146707164502148
loocv_ref,OFAT|LOOCV,,Random Forest,43,LOOCV,OFAT,Thickness_mean,,,,8,8,8,OFAT,15.329999999999998,17.95984172619046
loocv_ref,OFAT|LOOCV,,Random Forest,43,LOOCV,OFAT,Thickness_mean,,,,9,9,9,OFAT,7.855,8.927039404761913
loocv_ref,OFAT|LOOCV,,Random Forest,43,LOOCV,OFAT,Thickness_mean,,,,10,10,10,OFAT,2.8075,9.929902807539683
loocv_ref,OFAT|LOOCV,,Random Forest,43,LOOCV,OFAT,Thickness_mean,,,,11,11,11,OFAT,7.7875,8.53256636904763
loocv_ref,OFAT|LOOCV,,Random Forest,43,LOOCV,OFAT,Thickness_mean,,,,12,12,11,OFAT,9.105,7.755241369047631
loocv_ref,OFAT|LOOCV,,Random Forest,43,LOOCV,OFAT,Thickness_mean,,,,13,13,12,OFAT,7.734999999999999,8.54169458964647
loocv_ref,OFAT|LOOCV,,Random Forest,43,LOOCV,OFAT,Thickness_mean,,,,14,14,10,OFAT,6.8225,9.189196111111116
loocv_ref,OFAT|LOOCV,,Random Forest,43,LOOCV,OFAT,Thickness_mean,,,,15,15,10,OFAT,14.995,6.598287162698414
loocv_ref,OFAT|LOOCV,,Random Forest,43,LOOCV,OFAT,Thickness_mean,,,,16,16,13,OFAT,14.025,13.399047554945069
loocv_ref,OFAT|LOOCV,,Random Forest,43,LOOCV,OFAT,Thickness_mean,,,,17,17,10,OFAT,9.0475,8.295017678571432
loocv_ref,OFAT|LOOCV,,Random Forest,43,LOOCV,OFAT,Thickness_mean,,,,18,18,14,OFAT,22.225,23.462174471500724
loocv_ref,OFAT|LOOCV,,Random Forest,43,LOOCV,OFAT,Thickness_mean,,,,19,19,14,OFAT,25.935,22.795287419733043
loocv_ref,OFAT|LOOCV,,Random Forest,43,LOOCV,OFAT,Thickness_mean,,,,20,20,15,OFAT,7.03,6.409843333333332
loocv_ref,OFAT|LOOCV,,Random Forest,43,LOOCV,OFAT,Thickness_mean,,,,21,21,16,OFAT,13.5325,12.60717293560606
loocv_ref,OFAT|LOOCV,,Random Forest,43,LOOCV,OFAT,Thickness_mean,,,,22,22,14,OFAT,25.29,22.842678611111122
loocv_ref,OFAT|LOOCV,,Random Forest,43,LOOCV,OFAT,Thickness_mean,,,,23,23,14,OFAT,21.965,23.51931611111111
loocv_ref,OFAT|LOOCV,,Random Forest,43,LOOCV,OFAT,Thickness_mean,,,,24,24,14,OFAT,23.082500000000003,23.266685724206344
loocv_ref,OFAT|LOOCV,,Random Forest,43,LOOCV,OFAT,Thickness_mean,,,,25,25,14,OFAT,21.262500000000003,23.66032023809523
loocv_ref,OFAT|LOOCV,,Random Forest,43,LOOCV,OFAT,Thickness_mean,,,,26,26,17,OFAT,17.8275,19.036654097222222
loocv_ref,OFAT|LOOCV,,Random Forest,43,LOOCV,OFAT,Thickness_mean,,,,27,27,17,OFAT,17.345,19.156051785714293
loocv_ref,OFAT|LOOCV,,Random Forest,43,LOOCV,OFAT,Thickness_mean,,,,28,28,17,OFAT,24.4925,17.391668720238098
loocv_ref,OFAT|LOOCV,,Random Forest,43,LOOCV,OFAT,Thickness_mean,,,,29,29,17,OFAT,17.695,18.876976418650784
loocv_ref,OFAT|LOOCV,,Random Forest,43,LOOCV,OFAT,Thickness_mean,,,,30,30,17,OFAT,16.814999999999998,19.11209705357143
loocv_ref,OFAT|LOOCV,,Random Forest,43,LOOCV,OFAT,Thickness_mean,,,,31,31,18,OFAT,14.9425,17.61472350919911
loocv_ref,OFAT|LOOCV,,Random Forest,43,LOOCV,OFAT,Thickness_mean,,,,32,32,19,OFAT,9.9625,14.099120420111813
loocv_ref,OFAT|LOOCV,,Random Forest,43,LOOCV,OFAT,Thickness_mean,,,,33,33,20,OFAT,4.855,7.819145715085566
loocv_ref,OFAT|LOOCV,,Random Forest,43,LOOCV,OFAT,Thickness_mean,,,,34,34,21,OFAT,1.2375,2.896549999999999
loocv_ref,OFAT|LOOCV,,Random Forest,43,LOOCV,OFAT,Thickness_mean,,,,35,35,22,OFAT,2.0275,2.375150000000002
loocv_ref,OFAT|LOOCV,,Random Forest,43,LOOCV,OFAT,Thickness_mean,,,,36,36,23,OFAT,3.535,3.7843370439976667
loocv_ref,OFAT|LOOCV,,Random Forest,43,LOOCV,OFAT,Thickness_mean,,,,37,37,20,OFAT,8.6425,5.48240738095238
loocv_ref,OFAT|LOOCV,,Random Forest,43,LOOCV,OFAT,Thickness_mean,,,,38,38,19,OFAT,12.75,13.467932020189421
loocv_ref,OFAT|LOOCV,,Random Forest,43,LOOCV,OFAT,Thickness_mean,,,,39,39,18,OFAT,16.965,16.239852874278526
loocv_ref,OFAT|LOOCV,,Random Forest,43,LOOCV,OFAT,Thickness_mean,,,,40,40,19,OFAT,19.6525,10.707897440476193
loocv_ref,OFAT|LOOCV,,Random Forest,43,LOOCV,OFAT,Thickness_mean,,,,41,41,19,OFAT,9.2675,14.375038749999998
loocv_ref,OFAT|LOOCV,,Random Forest,44,LOOCV,OFAT,Thickness_mean,,,,0,0,0,OFAT,36.34,19.389942837301593
loocv_ref,OFAT|LOOCV,,Random Forest,44,LOOCV,OFAT,Thickness_mean,,,,1,1,1,OFAT,19.9225,24.308788795648795
loocv_ref,OFAT|LOOCV,,Random Forest,44,LOOCV,OFAT,Thickness_mean,,,,2,2,2,OFAT,25.6625,22.368592632930792
loocv_ref,OFAT|LOOCV,,Random Forest,44,LOOCV,OFAT,Thickness_mean,,,,3,3,3,OFAT,20.2075,17.27711700112901
loocv_ref,OFAT|LOOCV,,Random Forest,44,LOOCV,OFAT,Thickness_mean,,,,4,4,4,OFAT,15.345,17.716679367444872
loocv_ref,OFAT|LOOCV,,Random Forest,44,LOOCV,OFAT,Thickness_mean,,,,5,5,5,OFAT,14.265,18.10164128102807
loocv_ref,OFAT|LOOCV,,Random Forest,44,LOOCV,OFAT,Thickness_mean,,,,6,6,6,OFAT,12.9225,16.079685089285718
loocv_ref,OFAT|LOOCV,,Random Forest,44,LOOCV,OFAT,Thickness_mean,,,,7,7,7,OFAT,13.2775,15.124582686688308
loocv_ref,OFAT|LOOCV,,Random Forest,44,LOOCV,OFAT,Thickness_mean,,,,8,8,8,OFAT,15.329999999999998,18.299461994047608
loocv_ref,OFAT|LOOCV,,Random Forest,44,LOOCV,OFAT,Thickness_mean,,,,9,9,9,OFAT,7.855,8.712536071428577
loocv_ref,OFAT|LOOCV,,Random Forest,44,LOOCV,OFAT,Thickness_mean,,,,10,10,10,OFAT,2.8075,10.064579464285709
loocv_ref,OFAT|LOOCV,,Random Forest,44,LOOCV,OFAT,Thickness_mean,,,,11,11,11,OFAT,7.7875,9.134804166666678
loocv_ref,OFAT|LOOCV,,Random Forest,44,LOOCV,OFAT,Thickness_mean,,,,12,12,11,OFAT,9.105,8.33112916666668
loocv_ref,OFAT|LOOCV,,Random Forest,44,LOOCV,OFAT,Thickness_mean,,,,13,13,12,OFAT,7.734999999999999,8.344433749999999
loocv_ref,OFAT|LOOCV,,Random Forest,44,LOOCV,OFAT,Thickness_mean,,,,14,14,10,OFAT,6.8225,8.96049410714286
loocv_ref,OFAT|LOOCV,,Random Forest,44,LOOCV,OFAT,Thickness_mean,,,,15,15,10,OFAT,14.995,6.454455357142856
loocv_ref,OFAT|LOOCV,,Random Forest,44,LOOCV,OFAT,Thickness_mean,,,,16,16,13,OFAT,14.025,13.281434880952396
loocv_ref,OFAT|LOOCV,,Random Forest,44,LOOCV,OFAT,Thickness_mean,,,,17,17,10,OFAT,9.0475,7.449968633006462
loocv_ref,OFAT|LOOCV,,Random Forest,44,LOOCV,OFAT,Thickness_mean,,,,18,18,14,OFAT,22.225,23.383323888888885
loocv_ref,OFAT|LOOCV,,Random Forest,44,LOOCV,OFAT,Thickness_mean,,,,19,19,14,OFAT,25.935,19.897533979422775
loocv_ref,OFAT|LOOCV,,Random Forest,44,LOOCV,OFAT,Thickness_mean,,,,20,20,15,OFAT,7.03,6.6050562500000005
loocv_ref,OFAT|LOOCV,,Random Forest,44,LOOCV,OFAT,Thickness_mean,,,,21,21,16,OFAT,13.5325,12.048716527777778
loocv_ref,OFAT|LOOCV,,Random Forest,44,LOOCV,OFAT,Thickness_mean,,,,22,22,14,OFAT,25.29,22.90688273268398
loocv_ref,OFAT|LOOCV,,Random Forest,44,LOOCV,OFAT,Thickness_mean,,,,23,23,14,OFAT,21.965,23.68008677308801
loocv_ref,OFAT|LOOCV,,Random Forest,44,LOOCV,OFAT,Thickness_mean,,,,24,24,14,OFAT,23.082500000000003,23.4390159803391
loocv_ref,OFAT|LOOCV,,Random Forest,44,LOOCV,OFAT,Thickness_mean,,,,25,25,14,OFAT,21.262500000000003,23.762803303571427
loocv_ref,OFAT|LOOCV,,Random Forest,44,LOOCV,OFAT,Thickness_mean,,,,26,26,17,OFAT,17.8275,17.456591607168217
loocv_ref,OFAT|LOOCV,,Random Forest,44,LOOCV,OFAT,Thickness_mean,,,,27,27,17,OFAT,17.345,17.60059421211356
loocv_ref,OFAT|LOOCV,,Random Forest,44,LOOCV,OFAT,Thickness_mean,,,,28,28,17,OFAT,24.4925,16.146236689436666
loocv_ref,OFAT|LOOCV,,Random Forest,44,LOOCV,OFAT,Thickness_mean,,,,29,29,17,OFAT,17.695,19.108726686507932
loocv_ref,OFAT|LOOCV,,Random Forest,44,LOOCV,OFAT,Thickness_mean,,,,30,30,17,OFAT,16.814999999999998,19.29830033730159
loocv_ref,OFAT|LOOCV,,Random Forest,44,LOOCV,OFAT,Thickness_mean,,,,31,31,18,OFAT,14.9425,17.564075922619033
loocv_ref,OFAT|LOOCV,,Random Forest,44,LOOCV,OFAT,Thickness_mean,,,,32,32,19,OFAT,9.9625,13.653167976190469
loocv_ref,OFAT|LOOCV,,Random Forest,44,LOOCV,OFAT,Thickness_mean,,,,33,33,20,OFAT,4.855,7.774745833333338
loocv_ref,OFAT|LOOCV,,Random Forest,44,LOOCV,OFAT,Thickness_mean,,,,34,34,21,OFAT,1.2375,2.7784000000000013
loocv_ref,OFAT|LOOCV,,Random Forest,44,LOOCV,OFAT,Thickness_mean,,,,35,35,22,OFAT,2.0275,2.2017000000000015
loocv_ref,OFAT|LOOCV,,Random Forest,44,LOOCV,OFAT,Thickness_mean,,,,36,36,23,OFAT,3.535,3.7591196428571374
loocv_ref,OFAT|LOOCV,,Random Forest,44,LOOCV,OFAT,Thickness_mean,,,,37,37,20,OFAT,8.6425,5.5422841666666685
loocv_ref,OFAT|LOOCV,,Random Forest,44,LOOCV,OFAT,Thickness_mean,,,,38,38,19,OFAT,12.75,12.886020357142852
loocv_ref,OFAT|LOOCV,,Random Forest,44,LOOCV,OFAT,Thickness_mean,,,,39,39,18,OFAT,16.965,15.942576965187618
loocv_ref,OFAT|LOOCV,,Random Forest,44,LOOCV,OFAT,Thickness_mean,,,,40,40,19,OFAT,19.6525,10.845656249999996
loocv_ref,OFAT|LOOCV,,Random Forest,44,LOOCV,OFAT,Thickness_mean,,,,41,41,19,OFAT,9.2675,14.596760192391807
loocv_ref,OFAT|LOOCV,,Random Forest,45,LOOCV,OFAT,Thickness_mean,,,,0,0,0,OFAT,36.34,19.697028353174606
loocv_ref,OFAT|LOOCV,,Random Forest,45,LOOCV,OFAT,Thickness_mean,,,,1,1,1,OFAT,19.9225,27.16153541666663
loocv_ref,OFAT|LOOCV,,Random Forest,45,LOOCV,OFAT,Thickness_mean,,,,2,2,2,OFAT,25.6625,23.90013183531745
loocv_ref,OFAT|LOOCV,,Random Forest,45,LOOCV,OFAT,Thickness_mean,,,,3,3,3,OFAT,20.2075,15.293816250000004
loocv_ref,OFAT|LOOCV,,Random Forest,45,LOOCV,OFAT,Thickness_mean,,,,4,4,4,OFAT,15.345,15.557784758019752
loocv_ref,OFAT|LOOCV,,Random Forest,45,LOOCV,OFAT,Thickness_mean,,,,5,5,5,OFAT,14.265,16.47161073412698
loocv_ref,OFAT|LOOCV,,Random Forest,45,LOOCV,OFAT,Thickness_mean,,,,6,6,6,OFAT,12.9225,16.25163076118326
loocv_ref,OFAT|LOOCV,,Random Forest,45,LOOCV,OFAT,Thickness_mean,,,,7,7,7,OFAT,13.2775,16.09470074592074
loocv_ref,OFAT|LOOCV,,Random Forest,45,LOOCV,OFAT,Thickness_mean,,,,8,8,8,OFAT,15.329999999999998,18.230209159451658
loocv_ref,OFAT|LOOCV,,Random Forest,45,LOOCV,OFAT,Thickness_mean,,,,9,9,9,OFAT,7.855,8.236602748224001
loocv_ref,OFAT|LOOCV,,Random Forest,45,LOOCV,OFAT,Thickness_mean,,,,10,10,10,OFAT,2.8075,10.118003988095234
loocv_ref,OFAT|LOOCV,,Random Forest,45,LOOCV,OFAT,Thickness_mean,,,,11,11,11,OFAT,7.7875,8.225688004356753
loocv_ref,OFAT|LOOCV,,Random Forest,45,LOOCV,OFAT,Thickness_mean,,,,12,12,11,OFAT,9.105,7.889525801975804
loocv_ref,OFAT|LOOCV,,Random Forest,45,LOOCV,OFAT,Thickness_mean,,,,13,13,12,OFAT,7.734999999999999,8.329384770229773
loocv_ref,OFAT|LOOCV,,Random Forest,45,LOOCV,OFAT,Thickness_mean,,,,14,14,10,OFAT,6.8225,8.621579334554337
loocv_ref,OFAT|LOOCV,,Random Forest,45,LOOCV,OFAT,Thickness_mean,,,,15,15,10,OFAT,14.995,6.71156923611111
loocv_ref,OFAT|LOOCV,,Random Forest,45,LOOCV,OFAT,Thickness_mean,,,,16,16,13,OFAT,14.025,12.912725168650798
loocv_ref,OFAT|LOOCV,,Random Forest,45,LOOCV,OFAT,Thickness_mean,,,,17,17,10,OFAT,9.0475,7.942574058164056
loocv_ref,OFAT|LOOCV,,Random Forest,45,LOOCV,OFAT,Thickness_mean,,,,18,18,14,OFAT,22.225,23.0855385093236
loocv_ref,OFAT|LOOCV,,Random Forest,45,LOOCV,OFAT,Thickness_mean,,,,19,19,14,OFAT,25.935,22.74278153769842
loocv_ref,OFAT|LOOCV,,Random Forest,45,LOOCV,OFAT,Thickness_mean,,,,20,20,15,OFAT,7.03,6.3801731885822495
loocv_ref,OFAT|LOOCV,,Random Forest,45,LOOCV,OFAT,Thickness_mean,,,,21,21,16,OFAT,13.5325,12.281012552199114
loocv_ref,OFAT|LOOCV,,Random Forest,45,LOOCV,OFAT,Thickness_mean,,,,22,22,14,OFAT,25.29,22.71453576388889
loocv_ref,OFAT|LOOCV,,Random Forest,45,LOOCV,OFAT,Thickness_mean,,,,23,23,14,OFAT,21.965,23.279060069444437
loocv_ref,OFAT|LOOCV,,Random Forest,45,LOOCV,OFAT,Thickness_mean,,,,24,24,14,OFAT,23.082500000000003,22.808155480838597
loocv_ref,OFAT|LOOCV,,Random Forest,45,LOOCV,OFAT,Thickness_mean,,,,25,25,14,OFAT,21.262500000000003,23.23386396374458
loocv_ref,OFAT|LOOCV,,Random Forest,45,LOOCV,OFAT,Thickness_mean,,,,26,26,17,OFAT,17.8275,17.20364761797391
loocv_ref,OFAT|LOOCV,,Random Forest,45,LOOCV,OFAT,Thickness_mean,,,,27,27,17,OFAT,17.345,17.337654770354938
loocv_ref,OFAT|LOOCV,,Random Forest,45,LOOCV,OFAT,Thickness_mean,,,,28,28,17,OFAT,24.4925,15.964210514060412
loocv_ref,OFAT|LOOCV,,Random Forest,45,LOOCV,OFAT,Thickness_mean,,,,29,29,17,OFAT,17.695,17.129504878496014
loocv_ref,OFAT|LOOCV,,Random Forest,45,LOOCV,OFAT,Thickness_mean,,,,30,30,17,OFAT,16.814999999999998,17.257845175900272
loocv_ref,OFAT|LOOCV,,Random Forest,45,LOOCV,OFAT,Thickness_mean,,,,31,31,18,OFAT,14.9425,17.181046402813628
loocv_ref,OFAT|LOOCV,,Random Forest,45,LOOCV,OFAT,Thickness_mean,,,,32,32,19,OFAT,9.9625,14.511200475344626
loocv_ref,OFAT|LOOCV,,Random Forest,45,LOOCV,OFAT,Thickness_mean,,,,33,33,20,OFAT,4.855,7.675371980592935
loocv_ref,OFAT|LOOCV,,Random Forest,45,LOOCV,OFAT,Thickness_mean,,,,34,34,21,OFAT,1.2375,3.50543383748196
loocv_ref,OFAT|LOOCV,,Random Forest,45,LOOCV,OFAT,Thickness_mean,,,,35,35,22,OFAT,2.0275,3.1095591351010112
loocv_ref,OFAT|LOOCV,,Random Forest,45,LOOCV,OFAT,Thickness_mean,,,,36,36,23,OFAT,3.535,3.5001249999999975
loocv_ref,OFAT|LOOCV,,Random Forest,45,LOOCV,OFAT,Thickness_mean,,,,37,37,20,OFAT,8.6425,5.296412023809524
loocv_ref,OFAT|LOOCV,,Random Forest,45,LOOCV,OFAT,Thickness_mean,,,,38,38,19,OFAT,12.75,13.745046598335877
loocv_ref,OFAT|LOOCV,,Random Forest,45,LOOCV,OFAT,Thickness_mean,,,,39,39,18,OFAT,16.965,16.748220725947284
loocv_ref,OFAT|LOOCV,,Random Forest,45,LOOCV,OFAT,Thickness_mean,,,,40,40,19,OFAT,19.6525,10.708219821428566
loocv_ref,OFAT|LOOCV,,Random Forest,45,LOOCV,OFAT,Thickness_mean,,,,41,41,19,OFAT,9.2675,14.649217380118225
loocv_ref,OFAT|LOOCV,,Random Forest,46,LOOCV,OFAT,Thickness_mean,,,,0,0,0,OFAT,36.34,20.401649999999965
loocv_ref,OFAT|LOOCV,,Random Forest,46,LOOCV,OFAT,Thickness_mean,,,,1,1,1,OFAT,19.9225,26.451112499999972
loocv_ref,OFAT|LOOCV,,Random Forest,46,LOOCV,OFAT,Thickness_mean,,,,2,2,2,OFAT,25.6625,22.800586249999984
loocv_ref,OFAT|LOOCV,,Random Forest,46,LOOCV,OFAT,Thickness_mean,,,,3,3,3,OFAT,20.2075,15.773925000000013
loocv_ref,OFAT|LOOCV,,Random Forest,46,LOOCV,OFAT,Thickness_mean,,,,4,4,4,OFAT,15.345,15.85123214285715
loocv_ref,OFAT|LOOCV,,Random Forest,46,LOOCV,OFAT,Thickness_mean,,,,5,5,5,OFAT,14.265,15.920077976190473
loocv_ref,OFAT|LOOCV,,Random Forest,46,LOOCV,OFAT,Thickness_mean,,,,6,6,6,OFAT,12.9225,15.288701582792209
loocv_ref,OFAT|LOOCV,,Random Forest,46,LOOCV,OFAT,Thickness_mean,,,,7,7,7,OFAT,13.2775,15.227866295093788
loocv_ref,OFAT|LOOCV,,Random Forest,46,LOOCV,OFAT,Thickness_mean,,,,8,8,8,OFAT,15.329999999999998,18.79669012445886
loocv_ref,OFAT|LOOCV,,Random Forest,46,LOOCV,OFAT,Thickness_mean,,,,9,9,9,OFAT,7.855,8.308501190476196
loocv_ref,OFAT|LOOCV,,Random Forest,46,LOOCV,OFAT,Thickness_mean,,,,10,10,10,OFAT,2.8075,10.334455148809525
loocv_ref,OFAT|LOOCV,,Random Forest,46,LOOCV,OFAT,Thickness_mean,,,,11,11,11,OFAT,7.7875,8.649115416666676
loocv_ref,OFAT|LOOCV,,Random Forest,46,LOOCV,OFAT,Thickness_mean,,,,12,12,11,OFAT,9.105,7.819090416666678
loocv_ref,OFAT|LOOCV,,Random Forest,46,LOOCV,OFAT,Thickness_mean,,,,13,13,12,OFAT,7.734999999999999,8.50197086309524
loocv_ref,OFAT|LOOCV,,Random Forest,46,LOOCV,OFAT,Thickness_mean,,,,14,14,10,OFAT,6.8225,8.694943214285715
loocv_ref,OFAT|LOOCV,,Random Forest,46,LOOCV,OFAT,Thickness_mean,,,,15,15,10,OFAT,14.995,6.124886547619046
loocv_ref,OFAT|LOOCV,,Random Forest,46,LOOCV,OFAT,Thickness_mean,,,,16,16,13,OFAT,14.025,13.478994166805427
loocv_ref,OFAT|LOOCV,,Random Forest,46,LOOCV,OFAT,Thickness_mean,,,,17,17,10,OFAT,9.0475,8.127341904761904
loocv_ref,OFAT|LOOCV,,Random Forest,46,LOOCV,OFAT,Thickness_mean,,,,18,18,14,OFAT,22.225,23.51409838924963
loocv_ref,OFAT|LOOCV,,Random Forest,46,LOOCV,OFAT,Thickness_mean,,,,19,19,14,OFAT,25.935,22.752703869047608
loocv_ref,OFAT|LOOCV,,Random Forest,46,LOOCV,OFAT,Thickness_mean,,,,20,20,15,OFAT,7.03,6.055482393211363
loocv_ref,OFAT|LOOCV,,Random Forest,46,LOOCV,OFAT,Thickness_mean,,,,21,21,16,OFAT,13.5325,11.648710481970422
loocv_ref,OFAT|LOOCV,,Random Forest,46,LOOCV,OFAT,Thickness_mean,,,,22,22,14,OFAT,25.29,22.887132167207792
loocv_ref,OFAT|LOOCV,,Random Forest,46,LOOCV,OFAT,Thickness_mean,,,,23,23,14,OFAT,21.965,23.397841131854253
loocv_ref,OFAT|LOOCV,,Random Forest,46,LOOCV,OFAT,Thickness_mean,,,,24,24,14,OFAT,23.082500000000003,23.16708060696247
loocv_ref,OFAT|LOOCV,,Random Forest,46,LOOCV,OFAT,Thickness_mean,,,,25,25,14,OFAT,21.262500000000003,23.222914875420525
loocv_ref,OFAT|LOOCV,,Random Forest,46,LOOCV,OFAT,Thickness_mean,,,,26,26,17,OFAT,17.8275,17.951261316908074
loocv_ref,OFAT|LOOCV,,Random Forest,46,LOOCV,OFAT,Thickness_mean,,,,27,27,17,OFAT,17.345,17.988441171324915
loocv_ref,OFAT|LOOCV,,Random Forest,46,LOOCV,OFAT,Thickness_mean,,,,28,28,17,OFAT,24.4925,16.027444509815304
loocv_ref,OFAT|LOOCV,,Random Forest,46,LOOCV,OFAT,Thickness_mean,,,,29,29,17,OFAT,17.695,18.62723915945166
loocv_ref,OFAT|LOOCV,,Random Forest,46,LOOCV,OFAT,Thickness_mean,,,,30,30,17,OFAT,16.814999999999998,18.895748841991352
loocv_ref,OFAT|LOOCV,,Random Forest,46,LOOCV,OFAT,Thickness_mean,,,,31,31,18,OFAT,14.9425,17.739097172619026
loocv_ref,OFAT|LOOCV,,Random Forest,46,LOOCV,OFAT,Thickness_mean,,,,32,32,19,OFAT,9.9625,14.13888943452381
loocv_ref,OFAT|LOOCV,,Random Forest,46,LOOCV,OFAT,Thickness_mean,,,,33,33,20,OFAT,4.855,7.532953263888889
loocv_ref,OFAT|LOOCV,,Random Forest,46,LOOCV,OFAT,Thickness_mean,,,,34,34,21,OFAT,1.2375,2.9653750000000003
loocv_ref,OFAT|LOOCV,,Random Forest,46,LOOCV,OFAT,Thickness_mean,,,,35,35,22,OFAT,2.0275,2.412375000000003
loocv_ref,OFAT|LOOCV,,Random Forest,46,LOOCV,OFAT,Thickness_mean,,,,36,36,23,OFAT,3.535,4.095524999999992
loocv_ref,OFAT|LOOCV,,Random Forest,46,LOOCV,OFAT,Thickness_mean,,,,37,37,20,OFAT,8.6425,5.2879497916666685
loocv_ref,OFAT|LOOCV,,Random Forest,46,LOOCV,OFAT,Thickness_mean,,,,38,38,19,OFAT,12.75,13.182598809523816
loocv_ref,OFAT|LOOCV,,Random Forest,46,LOOCV,OFAT,Thickness_mean,,,,39,39,18,OFAT,16.965,16.519124047619076
loocv_ref,OFAT|LOOCV,,Random Forest,46,LOOCV,OFAT,Thickness_mean,,,,40,40,19,OFAT,19.6525,10.643130833333332
loocv_ref,OFAT|LOOCV,,Random Forest,46,LOOCV,OFAT,Thickness_mean,,,,41,41,19,OFAT,9.2675,14.618812264184136
loocv_ref,OFAT|LOOCV,,Random Forest,47,LOOCV,OFAT,Thickness_mean,,,,0,0,0,OFAT,36.34,20.47701999999996
loocv_ref,OFAT|LOOCV,,Random Forest,47,LOOCV,OFAT,Thickness_mean,,,,1,1,1,OFAT,19.9225,27.203874999999968
loocv_ref,OFAT|LOOCV,,Random Forest,47,LOOCV,OFAT,Thickness_mean,,,,2,2,2,OFAT,25.6625,23.428485238095224
loocv_ref,OFAT|LOOCV,,Random Forest,47,LOOCV,OFAT,Thickness_mean,,,,3,3,3,OFAT,20.2075,15.381225000000013
loocv_ref,OFAT|LOOCV,,Random Forest,47,LOOCV,OFAT,Thickness_mean,,,,4,4,4,OFAT,15.345,15.595995000000014
loocv_ref,OFAT|LOOCV,,Random Forest,47,LOOCV,OFAT,Thickness_mean,,,,5,5,5,OFAT,14.265,15.782057083333335
loocv_ref,OFAT|LOOCV,,Random Forest,47,LOOCV,OFAT,Thickness_mean,,,,6,6,6,OFAT,12.9225,15.356743690476197
loocv_ref,OFAT|LOOCV,,Random Forest,47,LOOCV,OFAT,Thickness_mean,,,,7,7,7,OFAT,13.2775,16.904991614888313
loocv_ref,OFAT|LOOCV,,Random Forest,47,LOOCV,OFAT,Thickness_mean,,,,8,8,8,OFAT,15.329999999999998,18.13908260912697
loocv_ref,OFAT|LOOCV,,Random Forest,47,LOOCV,OFAT,Thickness_mean,,,,9,9,9,OFAT,7.855,8.511237500000004
loocv_ref,OFAT|LOOCV,,Random Forest,47,LOOCV,OFAT,Thickness_mean,,,,10,10,10,OFAT,2.8075,9.833391130952382
loocv_ref,OFAT|LOOCV,,Random Forest,47,LOOCV,OFAT,Thickness_mean,,,,11,11,11,OFAT,7.7875,8.360856369047623
loocv_ref,OFAT|LOOCV,,Random Forest,47,LOOCV,OFAT,Thickness_mean,,,,12,12,11,OFAT,9.105,7.984385148809524
loocv_ref,OFAT|LOOCV,,Random Forest,47,LOOCV,OFAT,Thickness_mean,,,,13,13,12,OFAT,7.734999999999999,8.22477287698413
loocv_ref,OFAT|LOOCV,,Random Forest,47,LOOCV,OFAT,Thickness_mean,,,,14,14,10,OFAT,6.8225,8.715696339285715
loocv_ref,OFAT|LOOCV,,Random Forest,47,LOOCV,OFAT,Thickness_mean,,,,15,15,10,OFAT,14.995,6.609581726190477
loocv_ref,OFAT|LOOCV,,Random Forest,47,LOOCV,OFAT,Thickness_mean,,,,16,16,13,OFAT,14.025,12.694068934884568
loocv_ref,OFAT|LOOCV,,Random Forest,47,LOOCV,OFAT,Thickness_mean,,,,17,17,10,OFAT,9.0475,7.83239939935065
loocv_ref,OFAT|LOOCV,,Random Forest,47,LOOCV,OFAT,Thickness_mean,,,,18,18,14,OFAT,22.225,23.48438722222222
loocv_ref,OFAT|LOOCV,,Random Forest,47,LOOCV,OFAT,Thickness_mean,,,,19,19,14,OFAT,25.935,22.704992777777775
loocv_ref,OFAT|LOOCV,,Random Forest,47,LOOCV,OFAT,Thickness_mean,,,,20,20,15,OFAT,7.03,5.594492976190475
loocv_ref,OFAT|LOOCV,,Random Forest,47,LOOCV,OFAT,Thickness_mean,,,,21,21,16,OFAT,13.5325,11.076227732683988
loocv_ref,OFAT|LOOCV,,Random Forest,47,LOOCV,OFAT,Thickness_mean,,,,22,22,14,OFAT,25.29,19.57115210942298
loocv_ref,OFAT|LOOCV,,Random Forest,47,LOOCV,OFAT,Thickness_mean,,,,23,23,14,OFAT,21.965,19.86913388657149
loocv_ref,OFAT|LOOCV,,Random Forest,47,LOOCV,OFAT,Thickness_mean,,,,24,24,14,OFAT,23.082500000000003,19.697289023848747
loocv_ref,OFAT|LOOCV,,Random Forest,47,LOOCV,OFAT,Thickness_mean,,,,25,25,14,OFAT,21.262500000000003,23.303180556457434
loocv_ref,OFAT|LOOCV,,Random Forest,47,LOOCV,OFAT,Thickness_mean,,,,26,26,17,OFAT,17.8275,18.37051532738094
loocv_ref,OFAT|LOOCV,,Random Forest,47,LOOCV,OFAT,Thickness_mean,,,,27,27,17,OFAT,17.345,18.517074573412692
loocv_ref,OFAT|LOOCV,,Random Forest,47,LOOCV,OFAT,Thickness_mean,,,,28,28,17,OFAT,24.4925,17.199990615079354
loocv_ref,OFAT|LOOCV,,Random Forest,47,LOOCV,OFAT,Thickness_mean,,,,29,29,17,OFAT,17.695,18.921416210317457
loocv_ref,OFAT|LOOCV,,Random Forest,47,LOOCV,OFAT,Thickness_mean,,,,30,30,17,OFAT,16.814999999999998,19.15146331349206
loocv_ref,OFAT|LOOCV,,Random Forest,47,LOOCV,OFAT,Thickness_mean,,,,31,31,18,OFAT,14.9425,18.229106215728716
loocv_ref,OFAT|LOOCV,,Random Forest,47,LOOCV,OFAT,Thickness_mean,,,,32,32,19,OFAT,9.9625,14.056118822150076
loocv_ref,OFAT|LOOCV,,Random Forest,47,LOOCV,OFAT,Thickness_mean,,,,33,33,20,OFAT,4.855,7.46796379779942
loocv_ref,OFAT|LOOCV,,Random Forest,47,LOOCV,OFAT,Thickness_mean,,,,34,34,21,OFAT,1.2375,4.6373620337301595
loocv_ref,OFAT|LOOCV,,Random Forest,47,LOOCV,OFAT,Thickness_mean,,,,35,35,22,OFAT,2.0275,4.401662628968258
loocv_ref,OFAT|LOOCV,,Random Forest,47,LOOCV,OFAT,Thickness_mean,,,,36,36,23,OFAT,3.535,3.9772415575396827
loocv_ref,OFAT|LOOCV,,Random Forest,47,LOOCV,OFAT,Thickness_mean,,,,37,37,20,OFAT,8.6425,5.279198573232324
loocv_ref,OFAT|LOOCV,,Random Forest,47,LOOCV,OFAT,Thickness_mean,,,,38,38,19,OFAT,12.75,13.431244115259737
loocv_ref,OFAT|LOOCV,,Random Forest,47,LOOCV,OFAT,Thickness_mean,,,,39,39,18,OFAT,16.965,17.045585962301587
loocv_ref,OFAT|LOOCV,,Random Forest,47,LOOCV,OFAT,Thickness_mean,,,,40,40,19,OFAT,19.6525,11.648046180555552
loocv_ref,OFAT|LOOCV,,Random Forest,47,LOOCV,OFAT,Thickness_mean,,,,41,41,19,OFAT,9.2675,14.079297976190471
loocv_ref,OFAT|LOOCV,,Random Forest,48,LOOCV,OFAT,Thickness_mean,,,,0,0,0,OFAT,36.34,21.185836154665864
loocv_ref,OFAT|LOOCV,,Random Forest,48,LOOCV,OFAT,Thickness_mean,,,,1,1,1,OFAT,19.9225,26.978015369352843
loocv_ref,OFAT|LOOCV,,Random Forest,48,LOOCV,OFAT,Thickness_mean,,,,2,2,2,OFAT,25.6625,23.138586964285704
loocv_ref,OFAT|LOOCV,,Random Forest,48,LOOCV,OFAT,Thickness_mean,,,,3,3,3,OFAT,20.2075,16.398560332905262
loocv_ref,OFAT|LOOCV,,Random Forest,48,LOOCV,OFAT,Thickness_mean,,,,4,4,4,OFAT,15.345,17.448518549643403
loocv_ref,OFAT|LOOCV,,Random Forest,48,LOOCV,OFAT,Thickness_mean,,,,5,5,5,OFAT,14.265,17.538426150400777
loocv_ref,OFAT|LOOCV,,Random Forest,48,LOOCV,OFAT,Thickness_mean,,,,6,6,6,OFAT,12.9225,17.142406752477196
loocv_ref,OFAT|LOOCV,,Random Forest,48,LOOCV,OFAT,Thickness_mean,,,,7,7,7,OFAT,13.2775,17.02149040976216
loocv_ref,OFAT|LOOCV,,Random Forest,48,LOOCV,OFAT,Thickness_mean,,,,8,8,8,OFAT,15.329999999999998,18.56939164682539
loocv_ref,OFAT|LOOCV,,Random Forest,48,LOOCV,OFAT,Thickness_mean,,,,9,9,9,OFAT,7.855,8.248023439893442
loocv_ref,OFAT|LOOCV,,Random Forest,48,LOOCV,OFAT,Thickness_mean,,,,10,10,10,OFAT,2.8075,9.249420067016317
loocv_ref,OFAT|LOOCV,,Random Forest,48,LOOCV,OFAT,Thickness_mean,,,,11,11,11,OFAT,7.7875,8.269802795260299
loocv_ref,OFAT|LOOCV,,Random Forest,48,LOOCV,OFAT,Thickness_mean,,,,12,12,11,OFAT,9.105,7.922245501373626
loocv_ref,OFAT|LOOCV,,Random Forest,48,LOOCV,OFAT,Thickness_mean,,,,13,13,12,OFAT,7.734999999999999,8.146443434135307
loocv_ref,OFAT|LOOCV,,Random Forest,48,LOOCV,OFAT,Thickness_mean,,,,14,14,10,OFAT,6.8225,8.532640826603952
loocv_ref,OFAT|LOOCV,,Random Forest,48,LOOCV,OFAT,Thickness_mean,,,,15,15,10,OFAT,14.995,6.962006785089911
loocv_ref,OFAT|LOOCV,,Random Forest,48,LOOCV,OFAT,Thickness_mean,,,,16,16,13,OFAT,14.025,13.854446987754507
loocv_ref,OFAT|LOOCV,,Random Forest,48,LOOCV,OFAT,Thickness_mean,,,,17,17,10,OFAT,9.0475,8.22191182886558
loocv_ref,OFAT|LOOCV,,Random Forest,48,LOOCV,OFAT,Thickness_mean,,,,18,18,14,OFAT,22.225,23.02105903503564
loocv_ref,OFAT|LOOCV,,Random Forest,48,LOOCV,OFAT,Thickness_mean,,,,19,19,14,OFAT,25.935,22.257095861840366
loocv_ref,OFAT|LOOCV,,Random Forest,48,LOOCV,OFAT,Thickness_mean,,,,20,20,15,OFAT,7.03,6.450568573995452
loocv_ref,OFAT|LOOCV,,Random Forest,48,LOOCV,OFAT,Thickness_mean,,,,21,21,16,OFAT,13.5325,12.085418909663376
loocv_ref,OFAT|LOOCV,,Random Forest,48,LOOCV,OFAT,Thickness_mean,,,,22,22,14,OFAT,25.29,22.595429753406314
loocv_ref,OFAT|LOOCV,,Random Forest,48,LOOCV,OFAT,Thickness_mean,,,,23,23,14,OFAT,21.965,23.3861496387987
loocv_ref,OFAT|LOOCV,,Random Forest,48,LOOCV,OFAT,Thickness_mean,,,,24,24,14,OFAT,23.082500000000003,23.220089824134202
loocv_ref,OFAT|LOOCV,,Random Forest,48,LOOCV,OFAT,Thickness_mean,,,,25,25,14,OFAT,21.262500000000003,23.577932197871572
loocv_ref,OFAT|LOOCV,,Random Forest,48,LOOCV,OFAT,Thickness_mean,,,,26,26,17,OFAT,17.8275,17.102932822174015
loocv_ref,OFAT|LOOCV,,Random Forest,48,LOOCV,OFAT,Thickness_mean,,,,27,27,17,OFAT,17.345,17.142404487078938
loocv_ref,OFAT|LOOCV,,Random Forest,48,LOOCV,OFAT,Thickness_mean,,,,28,28,17,OFAT,24.4925,16.11353499366252
loocv_ref,OFAT|LOOCV,,Random Forest,48,LOOCV,OFAT,Thickness_mean,,,,29,29,17,OFAT,17.695,17.17186152715417
loocv_ref,OFAT|LOOCV,,Random Forest,48,LOOCV,OFAT,Thickness_mean,,,,30,30,17,OFAT,16.814999999999998,17.397907451395607
loocv_ref,OFAT|LOOCV,,Random Forest,48,LOOCV,OFAT,Thickness_mean,,,,31,31,18,OFAT,14.9425,17.305492110547583
loocv_ref,OFAT|LOOCV,,Random Forest,48,LOOCV,OFAT,Thickness_mean,,,,32,32,19,OFAT,9.9625,14.167127268917682
loocv_ref,OFAT|LOOCV,,Random Forest,48,LOOCV,OFAT,Thickness_mean,,,,33,33,20,OFAT,4.855,7.97596100703014
loocv_ref,OFAT|LOOCV,,Random Forest,48,LOOCV,OFAT,Thickness_mean,,,,34,34,21,OFAT,1.2375,4.060808160173162
loocv_ref,OFAT|LOOCV,,Random Forest,48,LOOCV,OFAT,Thickness_mean,,,,35,35,22,OFAT,2.0275,2.546422817460319
loocv_ref,OFAT|LOOCV,,Random Forest,48,LOOCV,OFAT,Thickness_mean,,,,36,36,23,OFAT,3.535,3.8545863316544557
loocv_ref,OFAT|LOOCV,,Random Forest,48,LOOCV,OFAT,Thickness_mean,,,,37,37,20,OFAT,8.6425,5.737333431221557
loocv_ref,OFAT|LOOCV,,Random Forest,48,LOOCV,OFAT,Thickness_mean,,,,38,38,19,OFAT,12.75,13.118773530141395
loocv_ref,OFAT|LOOCV,,Random Forest,48,LOOCV,OFAT,Thickness_mean,,,,39,39,18,OFAT,16.965,16.613375640627638
loocv_ref,OFAT|LOOCV,,Random Forest,48,LOOCV,OFAT,Thickness_mean,,,,40,40,19,OFAT,19.6525,11.459346376145234
loocv_ref,OFAT|LOOCV,,Random Forest,48,LOOCV,OFAT,Thickness_mean,,,,41,41,19,OFAT,9.2675,14.473622480469187
loocv_ref,OFAT|LOOCV,,Random Forest,49,LOOCV,OFAT,Thickness_mean,,,,0,0,0,OFAT,36.34,20.897835189775495
loocv_ref,OFAT|LOOCV,,Random Forest,49,LOOCV,OFAT,Thickness_mean,,,,1,1,1,OFAT,19.9225,27.11957902777776
loocv_ref,OFAT|LOOCV,,Random Forest,49,LOOCV,OFAT,Thickness_mean,,,,2,2,2,OFAT,25.6625,23.728594464285706
loocv_ref,OFAT|LOOCV,,Random Forest,49,LOOCV,OFAT,Thickness_mean,,,,3,3,3,OFAT,20.2075,15.381971488095244
loocv_ref,OFAT|LOOCV,,Random Forest,49,LOOCV,OFAT,Thickness_mean,,,,4,4,4,OFAT,15.345,16.804220136191713
loocv_ref,OFAT|LOOCV,,Random Forest,49,LOOCV,OFAT,Thickness_mean,,,,5,5,5,OFAT,14.265,16.99022266019241
loocv_ref,OFAT|LOOCV,,Random Forest,49,LOOCV,OFAT,Thickness_mean,,,,6,6,6,OFAT,12.9225,17.69279277786376
loocv_ref,OFAT|LOOCV,,Random Forest,49,LOOCV,OFAT,Thickness_mean,,,,7,7,7,OFAT,13.2775,16.953119872638055
loocv_ref,OFAT|LOOCV,,Random Forest,49,LOOCV,OFAT,Thickness_mean,,,,8,8,8,OFAT,15.329999999999998,17.89242011402411
loocv_ref,OFAT|LOOCV,,Random Forest,49,LOOCV,OFAT,Thickness_mean,,,,9,9,9,OFAT,7.855,8.340490750421964
loocv_ref,OFAT|LOOCV,,Random Forest,49,LOOCV,OFAT,Thickness_mean,,,,10,10,10,OFAT,2.8075,10.502545625000005
loocv_ref,OFAT|LOOCV,,Random Forest,49,LOOCV,OFAT,Thickness_mean,,,,11,11,11,OFAT,7.7875,8.52952500000001
loocv_ref,OFAT|LOOCV,,Random Forest,49,LOOCV,OFAT,Thickness_mean,,,,12,12,11,OFAT,9.105,7.765375000000011
loocv_ref,OFAT|LOOCV,,Random Forest,49,LOOCV,OFAT,Thickness_mean,,,,13,13,12,OFAT,7.734999999999999,8.576074553571429
loocv_ref,OFAT|LOOCV,,Random Forest,49,LOOCV,OFAT,Thickness_mean,,,,14,14,10,OFAT,6.8225,9.09932148809524
loocv_ref,OFAT|LOOCV,,Random Forest,49,LOOCV,OFAT,Thickness_mean,,,,15,15,10,OFAT,14.995,6.340324404761906
loocv_ref,OFAT|LOOCV,,Random Forest,49,LOOCV,OFAT,Thickness_mean,,,,16,16,13,OFAT,14.025,13.578306196174804
loocv_ref,OFAT|LOOCV,,Random Forest,49,LOOCV,OFAT,Thickness_mean,,,,17,17,10,OFAT,9.0475,8.07188442335442
loocv_ref,OFAT|LOOCV,,Random Forest,49,LOOCV,OFAT,Thickness_mean,,,,18,18,14,OFAT,22.225,23.02281522498336
loocv_ref,OFAT|LOOCV,,Random Forest,49,LOOCV,OFAT,Thickness_mean,,,,19,19,14,OFAT,25.935,22.15919308698247
loocv_ref,OFAT|LOOCV,,Random Forest,49,LOOCV,OFAT,Thickness_mean,,,,20,20,15,OFAT,7.03,6.303494859272666
loocv_ref,OFAT|LOOCV,,Random Forest,49,LOOCV,OFAT,Thickness_mean,,,,21,21,16,OFAT,13.5325,11.898914963162166
loocv_ref,OFAT|LOOCV,,Random Forest,49,LOOCV,OFAT,Thickness_mean,,,,22,22,14,OFAT,25.29,22.35432294442894
loocv_ref,OFAT|LOOCV,,Random Forest,49,LOOCV,OFAT,Thickness_mean,,,,23,23,14,OFAT,21.965,23.073496696371425
loocv_ref,OFAT|LOOCV,,Random Forest,49,LOOCV,OFAT,Thickness_mean,,,,24,24,14,OFAT,23.082500000000003,22.881508611955848
loocv_ref,OFAT|LOOCV,,Random Forest,49,LOOCV,OFAT,Thickness_mean,,,,25,25,14,OFAT,21.262500000000003,23.28449722306695
loocv_ref,OFAT|LOOCV,,Random Forest,49,LOOCV,OFAT,Thickness_mean,,,,26,26,17,OFAT,17.8275,17.145493450648374
loocv_ref,OFAT|LOOCV,,Random Forest,49,LOOCV,OFAT,Thickness_mean,,,,27,27,17,OFAT,17.345,17.223537260821857
loocv_ref,OFAT|LOOCV,,Random Forest,49,LOOCV,OFAT,Thickness_mean,,,,28,28,17,OFAT,24.4925,16.050767007574596
loocv_ref,OFAT|LOOCV,,Random Forest,49,LOOCV,OFAT,Thickness_mean,,,,29,29,17,OFAT,17.695,18.914330637626257
loocv_ref,OFAT|LOOCV,,Random Forest,49,LOOCV,OFAT,Thickness_mean,,,,30,30,17,OFAT,16.814999999999998,19.139528978174603
loocv_ref,OFAT|LOOCV,,Random Forest,49,LOOCV,OFAT,Thickness_mean,,,,31,31,18,OFAT,14.9425,17.814704801587283
loocv_ref,OFAT|LOOCV,,Random Forest,49,LOOCV,OFAT,Thickness_mean,,,,32,32,19,OFAT,9.9625,14.314024434523809
loocv_ref,OFAT|LOOCV,,Random Forest,49,LOOCV,OFAT,Thickness_mean,,,,33,33,20,OFAT,4.855,7.863025000000004
loocv_ref,OFAT|LOOCV,,Random Forest,49,LOOCV,OFAT,Thickness_mean,,,,34,34,21,OFAT,1.2375,4.274280833333334
loocv_ref,OFAT|LOOCV,,Random Forest,49,LOOCV,OFAT,Thickness_mean,,,,35,35,22,OFAT,2.0275,4.026615833333334
loocv_ref,OFAT|LOOCV,,Random Forest,49,LOOCV,OFAT,Thickness_mean,,,,36,36,23,OFAT,3.535,3.5313033333333332
loocv_ref,OFAT|LOOCV,,Random Forest,49,LOOCV,OFAT,Thickness_mean,,,,37,37,20,OFAT,8.6425,5.3223500000000055
loocv_ref,OFAT|LOOCV,,Random Forest,49,LOOCV,OFAT,Thickness_mean,,,,38,38,19,OFAT,12.75,13.445556666666667
loocv_ref,OFAT|LOOCV,,Random Forest,49,LOOCV,OFAT,Thickness_mean,,,,39,39,18,OFAT,16.965,17.140136143509263
loocv_ref,OFAT|LOOCV,,Random Forest,49,LOOCV,OFAT,Thickness_mean,,,,40,40,19,OFAT,19.6525,11.379224831349203
loocv_ref,OFAT|LOOCV,,Random Forest,49,LOOCV,OFAT,Thickness_mean,,,,41,41,19,OFAT,9.2675,14.086811483585855
loocv_ref,OFAT|LOOCV,,Random Forest,50,LOOCV,OFAT,Thickness_mean,,,,0,0,0,OFAT,36.34,16.330746874999978
loocv_ref,OFAT|LOOCV,,Random Forest,50,LOOCV,OFAT,Thickness_mean,,,,1,1,1,OFAT,19.9225,26.807399999999962
loocv_ref,OFAT|LOOCV,,Random Forest,50,LOOCV,OFAT,Thickness_mean,,,,2,2,2,OFAT,25.6625,23.288949999999982
loocv_ref,OFAT|LOOCV,,Random Forest,50,LOOCV,OFAT,Thickness_mean,,,,3,3,3,OFAT,20.2075,15.485150000000012
loocv_ref,OFAT|LOOCV,,Random Forest,50,LOOCV,OFAT,Thickness_mean,,,,4,4,4,OFAT,15.345,16.845355179544498
loocv_ref,OFAT|LOOCV,,Random Forest,50,LOOCV,OFAT,Thickness_mean,,,,5,5,5,OFAT,14.265,17.148035335244014
loocv_ref,OFAT|LOOCV,,Random Forest,50,LOOCV,OFAT,Thickness_mean,,,,6,6,6,OFAT,12.9225,17.027445324627784
loocv_ref,OFAT|LOOCV,,Random Forest,50,LOOCV,OFAT,Thickness_mean,,,,7,7,7,OFAT,13.2775,17.041683148837347
loocv_ref,OFAT|LOOCV,,Random Forest,50,LOOCV,OFAT,Thickness_mean,,,,8,8,8,OFAT,15.329999999999998,17.764464208733294
loocv_ref,OFAT|LOOCV,,Random Forest,50,LOOCV,OFAT,Thickness_mean,,,,9,9,9,OFAT,7.855,8.399889186507938
loocv_ref,OFAT|LOOCV,,Random Forest,50,LOOCV,OFAT,Thickness_mean,,,,10,10,10,OFAT,2.8075,9.371379117202245
loocv_ref,OFAT|LOOCV,,Random Forest,50,LOOCV,OFAT,Thickness_mean,,,,11,11,11,OFAT,7.7875,8.657741785714297
loocv_ref,OFAT|LOOCV,,Random Forest,50,LOOCV,OFAT,Thickness_mean,,,,12,12,11,OFAT,9.105,7.761841785714299
loocv_ref,OFAT|LOOCV,,Random Forest,50,LOOCV,OFAT,Thickness_mean,,,,13,13,12,OFAT,7.734999999999999,8.240954388666891
loocv_ref,OFAT|LOOCV,,Random Forest,50,LOOCV,OFAT,Thickness_mean,,,,14,14,10,OFAT,6.8225,8.943214464285719
loocv_ref,OFAT|LOOCV,,Random Forest,50,LOOCV,OFAT,Thickness_mean,,,,15,15,10,OFAT,14.995,6.270223214285713
loocv_ref,OFAT|LOOCV,,Random Forest,50,LOOCV,OFAT,Thickness_mean,,,,16,16,13,OFAT,14.025,13.422984391440716
loocv_ref,OFAT|LOOCV,,Random Forest,50,LOOCV,OFAT,Thickness_mean,,,,17,17,10,OFAT,9.0475,8.11922796172373
loocv_ref,OFAT|LOOCV,,Random Forest,50,LOOCV,OFAT,Thickness_mean,,,,18,18,14,OFAT,22.225,23.083078106962475
loocv_ref,OFAT|LOOCV,,Random Forest,50,LOOCV,OFAT,Thickness_mean,,,,19,19,14,OFAT,25.935,22.24627056311744
loocv_ref,OFAT|LOOCV,,Random Forest,50,LOOCV,OFAT,Thickness_mean,,,,20,20,15,OFAT,7.03,6.404466971049784
loocv_ref,OFAT|LOOCV,,Random Forest,50,LOOCV,OFAT,Thickness_mean,,,,21,21,16,OFAT,13.5325,11.492868336536082
loocv_ref,OFAT|LOOCV,,Random Forest,50,LOOCV,OFAT,Thickness_mean,,,,22,22,14,OFAT,25.29,22.635584198232323
loocv_ref,OFAT|LOOCV,,Random Forest,50,LOOCV,OFAT,Thickness_mean,,,,23,23,14,OFAT,21.965,23.548039475108226
loocv_ref,OFAT|LOOCV,,Random Forest,50,LOOCV,OFAT,Thickness_mean,,,,24,24,14,OFAT,23.082500000000003,23.278336842116218
loocv_ref,OFAT|LOOCV,,Random Forest,50,LOOCV,OFAT,Thickness_mean,,,,25,25,14,OFAT,21.262500000000003,23.57741414731103
loocv_ref,OFAT|LOOCV,,Random Forest,50,LOOCV,OFAT,Thickness_mean,,,,26,26,17,OFAT,17.8275,16.866222311076278
loocv_ref,OFAT|LOOCV,,Random Forest,50,LOOCV,OFAT,Thickness_mean,,,,27,27,17,OFAT,17.345,16.992220705347176
loocv_ref,OFAT|LOOCV,,Random Forest,50,LOOCV,OFAT,Thickness_mean,,,,28,28,17,OFAT,24.4925,15.858039201654506
loocv_ref,OFAT|LOOCV,,Random Forest,50,LOOCV,OFAT,Thickness_mean,,,,29,29,17,OFAT,17.695,17.205926472234374
loocv_ref,OFAT|LOOCV,,Random Forest,50,LOOCV,OFAT,Thickness_mean,,,,30,30,17,OFAT,16.814999999999998,17.358713091485914
loocv_ref,OFAT|LOOCV,,Random Forest,50,LOOCV,OFAT,Thickness_mean,,,,31,31,18,OFAT,14.9425,17.334861617971573
loocv_ref,OFAT|LOOCV,,Random Forest,50,LOOCV,OFAT,Thickness_mean,,,,32,32,19,OFAT,9.9625,14.375531009418708
loocv_ref,OFAT|LOOCV,,Random Forest,50,LOOCV,OFAT,Thickness_mean,,,,33,33,20,OFAT,4.855,7.781405946969698
loocv_ref,OFAT|LOOCV,,Random Forest,50,LOOCV,OFAT,Thickness_mean,,,,34,34,21,OFAT,1.2375,3.5567527777777763
loocv_ref,OFAT|LOOCV,,Random Forest,50,LOOCV,OFAT,Thickness_mean,,,,35,35,22,OFAT,2.0275,3.103228194444446
loocv_ref,OFAT|LOOCV,,Random Forest,50,LOOCV,OFAT,Thickness_mean,,,,36,36,23,OFAT,3.535,4.0422030995393445
loocv_ref,OFAT|LOOCV,,Random Forest,50,LOOCV,OFAT,Thickness_mean,,,,37,37,20,OFAT,8.6425,5.532301298631927
loocv_ref,OFAT|LOOCV,,Random Forest,50,LOOCV,OFAT,Thickness_mean,,,,38,38,19,OFAT,12.75,13.421881449758985
loocv_ref,OFAT|LOOCV,,Random Forest,50,LOOCV,OFAT,Thickness_mean,,,,39,39,18,OFAT,16.965,16.48900779127355
loocv_ref,OFAT|LOOCV,,Random Forest,50,LOOCV,OFAT,Thickness_mean,,,,40,40,19,OFAT,19.6525,11.665407956680706
loocv_ref,OFAT|LOOCV,,Random Forest,50,LOOCV,OFAT,Thickness_mean,,,,41,41,19,OFAT,9.2675,14.556574818492782
loocv_ref,OFAT|LOOCV,,Random Forest,51,LOOCV,OFAT,Thickness_mean,,,,0,0,0,OFAT,36.34,20.967825833333304
loocv_ref,OFAT|LOOCV,,Random Forest,51,LOOCV,OFAT,Thickness_mean,,,,1,1,1,OFAT,19.9225,26.165096089727136
loocv_ref,OFAT|LOOCV,,Random Forest,51,LOOCV,OFAT,Thickness_mean,,,,2,2,2,OFAT,25.6625,22.72045069754171
loocv_ref,OFAT|LOOCV,,Random Forest,51,LOOCV,OFAT,Thickness_mean,,,,3,3,3,OFAT,20.2075,15.15949354166667
loocv_ref,OFAT|LOOCV,,Random Forest,51,LOOCV,OFAT,Thickness_mean,,,,4,4,4,OFAT,15.345,15.40902125
loocv_ref,OFAT|LOOCV,,Random Forest,51,LOOCV,OFAT,Thickness_mean,,,,5,5,5,OFAT,14.265,15.617940833333325
loocv_ref,OFAT|LOOCV,,Random Forest,51,LOOCV,OFAT,Thickness_mean,,,,6,6,6,OFAT,12.9225,15.776006851551227
loocv_ref,OFAT|LOOCV,,Random Forest,51,LOOCV,OFAT,Thickness_mean,,,,7,7,7,OFAT,13.2775,15.495642232142853
loocv_ref,OFAT|LOOCV,,Random Forest,51,LOOCV,OFAT,Thickness_mean,,,,8,8,8,OFAT,15.329999999999998,17.93596347222221
loocv_ref,OFAT|LOOCV,,Random Forest,51,LOOCV,OFAT,Thickness_mean,,,,9,9,9,OFAT,7.855,8.398396250000006
loocv_ref,OFAT|LOOCV,,Random Forest,51,LOOCV,OFAT,Thickness_mean,,,,10,10,10,OFAT,2.8075,10.40100443452381
loocv_ref,OFAT|LOOCV,,Random Forest,51,LOOCV,OFAT,Thickness_mean,,,,11,11,11,OFAT,7.7875,8.606685843253972
loocv_ref,OFAT|LOOCV,,Random Forest,51,LOOCV,OFAT,Thickness_mean,,,,12,12,11,OFAT,9.105,7.9525672222222274
loocv_ref,OFAT|LOOCV,,Random Forest,51,LOOCV,OFAT,Thickness_mean,,,,13,13,12,OFAT,7.734999999999999,8.86898140873016
loocv_ref,OFAT|LOOCV,,Random Forest,51,LOOCV,OFAT,Thickness_mean,,,,14,14,10,OFAT,6.8225,9.477575892857148
loocv_ref,OFAT|LOOCV,,Random Forest,51,LOOCV,OFAT,Thickness_mean,,,,15,15,10,OFAT,14.995,6.498699642857145
loocv_ref,OFAT|LOOCV,,Random Forest,51,LOOCV,OFAT,Thickness_mean,,,,16,16,13,OFAT,14.025,13.199504484126994
loocv_ref,OFAT|LOOCV,,Random Forest,51,LOOCV,OFAT,Thickness_mean,,,,17,17,10,OFAT,9.0475,8.36654729166667
loocv_ref,OFAT|LOOCV,,Random Forest,51,LOOCV,OFAT,Thickness_mean,,,,18,18,14,OFAT,22.225,23.570915148809526
loocv_ref,OFAT|LOOCV,,Random Forest,51,LOOCV,OFAT,Thickness_mean,,,,19,19,14,OFAT,25.935,22.82577952380953
loocv_ref,OFAT|LOOCV,,Random Forest,51,LOOCV,OFAT,Thickness_mean,,,,20,20,15,OFAT,7.03,6.71554375
loocv_ref,OFAT|LOOCV,,Random Forest,51,LOOCV,OFAT,Thickness_mean,,,,21,21,16,OFAT,13.5325,11.633493640873017
loocv_ref,OFAT|LOOCV,,Random Forest,51,LOOCV,OFAT,Thickness_mean,,,,22,22,14,OFAT,25.29,23.018915873015867
loocv_ref,OFAT|LOOCV,,Random Forest,51,LOOCV,OFAT,Thickness_mean,,,,23,23,14,OFAT,21.965,23.6628179563492
loocv_ref,OFAT|LOOCV,,Random Forest,51,LOOCV,OFAT,Thickness_mean,,,,24,24,14,OFAT,23.082500000000003,23.468528164682525
loocv_ref,OFAT|LOOCV,,Random Forest,51,LOOCV,OFAT,Thickness_mean,,,,25,25,14,OFAT,21.262500000000003,23.826396498015864
loocv_ref,OFAT|LOOCV,,Random Forest,51,LOOCV,OFAT,Thickness_mean,,,,26,26,17,OFAT,17.8275,19.074275456349206
loocv_ref,OFAT|LOOCV,,Random Forest,51,LOOCV,OFAT,Thickness_mean,,,,27,27,17,OFAT,17.345,19.214646577380954
loocv_ref,OFAT|LOOCV,,Random Forest,51,LOOCV,OFAT,Thickness_mean,,,,28,28,17,OFAT,24.4925,17.475705208333334
loocv_ref,OFAT|LOOCV,,Random Forest,51,LOOCV,OFAT,Thickness_mean,,,,29,29,17,OFAT,17.695,19.307928174603173
loocv_ref,OFAT|LOOCV,,Random Forest,51,LOOCV,OFAT,Thickness_mean,,,,30,30,17,OFAT,16.814999999999998,19.480617698412704
loocv_ref,OFAT|LOOCV,,Random Forest,51,LOOCV,OFAT,Thickness_mean,,,,31,31,18,OFAT,14.9425,17.876317817460315
loocv_ref,OFAT|LOOCV,,Random Forest,51,LOOCV,OFAT,Thickness_mean,,,,32,32,19,OFAT,9.9625,13.710177848389348
loocv_ref,OFAT|LOOCV,,Random Forest,51,LOOCV,OFAT,Thickness_mean,,,,33,33,20,OFAT,4.855,8.066427777777783
loocv_ref,OFAT|LOOCV,,Random Forest,51,LOOCV,OFAT,Thickness_mean,,,,34,34,21,OFAT,1.2375,3.0349312499999983
loocv_ref,OFAT|LOOCV,,Random Forest,51,LOOCV,OFAT,Thickness_mean,,,,35,35,22,OFAT,2.0275,2.505631250000002
loocv_ref,OFAT|LOOCV,,Random Forest,51,LOOCV,OFAT,Thickness_mean,,,,36,36,23,OFAT,3.535,3.823056249999994
loocv_ref,OFAT|LOOCV,,Random Forest,51,LOOCV,OFAT,Thickness_mean,,,,37,37,20,OFAT,8.6425,5.231387500000003
loocv_ref,OFAT|LOOCV,,Random Forest,51,LOOCV,OFAT,Thickness_mean,,,,38,38,19,OFAT,12.75,12.888321547619041
loocv_ref,OFAT|LOOCV,,Random Forest,51,LOOCV,OFAT,Thickness_mean,,,,39,39,18,OFAT,16.965,16.11446388888891
loocv_ref,OFAT|LOOCV,,Random Forest,51,LOOCV,OFAT,Thickness_mean,,,,40,40,19,OFAT,19.6525,10.73406351190476
loocv_ref,OFAT|LOOCV,,Random Forest,51,LOOCV,OFAT,Thickness_mean,,,,41,41,19,OFAT,9.2675,14.14899767857143
loocv_ref,OFAT|LOOCV,,XGBoost,42,LOOCV,OFAT,Thickness_mean,,,,0,0,0,OFAT,36.34,16.199861526489258
loocv_ref,OFAT|LOOCV,,XGBoost,42,LOOCV,OFAT,Thickness_mean,,,,1,1,1,OFAT,19.9225,28.3647518157959
loocv_ref,OFAT|LOOCV,,XGBoost,42,LOOCV,OFAT,Thickness_mean,,,,2,2,2,OFAT,25.6625,23.61884880065918
loocv_ref,OFAT|LOOCV,,XGBoost,42,LOOCV,OFAT,Thickness_mean,,,,3,3,3,OFAT,20.2075,18.940425872802734
loocv_ref,OFAT|LOOCV,,XGBoost,42,LOOCV,OFAT,Thickness_mean,,,,4,4,4,OFAT,15.345,13.953384399414062
loocv_ref,OFAT|LOOCV,,XGBoost,42,LOOCV,OFAT,Thickness_mean,,,,5,5,5,OFAT,14.265,13.710248947143555
loocv_ref,OFAT|LOOCV,,XGBoost,42,LOOCV,OFAT,Thickness_mean,,,,6,6,6,OFAT,12.9225,18.556610107421875
loocv_ref,OFAT|LOOCV,,XGBoost,42,LOOCV,OFAT,Thickness_mean,,,,7,7,7,OFAT,13.2775,16.886486053466797
loocv_ref,OFAT|LOOCV,,XGBoost,42,LOOCV,OFAT,Thickness_mean,,,,8,8,8,OFAT,15.329999999999998,17.5074462890625
loocv_ref,OFAT|LOOCV,,XGBoost,42,LOOCV,OFAT,Thickness_mean,,,,9,9,9,OFAT,7.855,9.606770515441895
loocv_ref,OFAT|LOOCV,,XGBoost,42,LOOCV,OFAT,Thickness_mean,,,,10,10,10,OFAT,2.8075,10.1190824508667
loocv_ref,OFAT|LOOCV,,XGBoost,42,LOOCV,OFAT,Thickness_mean,,,,11,11,11,OFAT,7.7875,9.042825698852539
loocv_ref,OFAT|LOOCV,,XGBoost,42,LOOCV,OFAT,Thickness_mean,,,,12,12,11,OFAT,9.105,8.27452564239502
loocv_ref,OFAT|LOOCV,,XGBoost,42,LOOCV,OFAT,Thickness_mean,,,,13,13,12,OFAT,7.734999999999999,8.646928787231445
loocv_ref,OFAT|LOOCV,,XGBoost,42,LOOCV,OFAT,Thickness_mean,,,,14,14,10,OFAT,6.8225,9.250738143920898
loocv_ref,OFAT|LOOCV,,XGBoost,42,LOOCV,OFAT,Thickness_mean,,,,15,15,10,OFAT,14.995,6.28364896774292
loocv_ref,OFAT|LOOCV,,XGBoost,42,LOOCV,OFAT,Thickness_mean,,,,16,16,13,OFAT,14.025,13.435123443603516
loocv_ref,OFAT|LOOCV,,XGBoost,42,LOOCV,OFAT,Thickness_mean,,,,17,17,10,OFAT,9.0475,7.719999313354492
loocv_ref,OFAT|LOOCV,,XGBoost,42,LOOCV,OFAT,Thickness_mean,,,,18,18,14,OFAT,22.225,23.482858657836914
loocv_ref,OFAT|LOOCV,,XGBoost,42,LOOCV,OFAT,Thickness_mean,,,,19,19,14,OFAT,25.935,22.420616149902344
loocv_ref,OFAT|LOOCV,,XGBoost,42,LOOCV,OFAT,Thickness_mean,,,,20,20,15,OFAT,7.03,3.8621022701263428
loocv_ref,OFAT|LOOCV,,XGBoost,42,LOOCV,OFAT,Thickness_mean,,,,21,21,16,OFAT,13.5325,8.299652099609375
loocv_ref,OFAT|LOOCV,,XGBoost,42,LOOCV,OFAT,Thickness_mean,,,,22,22,14,OFAT,25.29,21.987049102783203
loocv_ref,OFAT|LOOCV,,XGBoost,42,LOOCV,OFAT,Thickness_mean,,,,23,23,14,OFAT,21.965,23.053037643432617
loocv_ref,OFAT|LOOCV,,XGBoost,42,LOOCV,OFAT,Thickness_mean,,,,24,24,14,OFAT,23.082500000000003,22.86064338684082
loocv_ref,OFAT|LOOCV,,XGBoost,42,LOOCV,OFAT,Thickness_mean,,,,25,25,14,OFAT,21.262500000000003,23.17864990234375
loocv_ref,OFAT|LOOCV,,XGBoost,42,LOOCV,OFAT,Thickness_mean,,,,26,26,17,OFAT,17.8275,18.657339096069336
loocv_ref,OFAT|LOOCV,,XGBoost,42,LOOCV,OFAT,Thickness_mean,,,,27,27,17,OFAT,17.345,18.7629451751709
loocv_ref,OFAT|LOOCV,,XGBoost,42,LOOCV,OFAT,Thickness_mean,,,,28,28,17,OFAT,24.4925,17.174591064453125
loocv_ref,OFAT|LOOCV,,XGBoost,42,LOOCV,OFAT,Thickness_mean,,,,29,29,17,OFAT,17.695,19.16606330871582
loocv_ref,OFAT|LOOCV,,XGBoost,42,LOOCV,OFAT,Thickness_mean,,,,30,30,17,OFAT,16.814999999999998,19.200437545776367
loocv_ref,OFAT|LOOCV,,XGBoost,42,LOOCV,OFAT,Thickness_mean,,,,31,31,18,OFAT,14.9425,16.849315643310547
loocv_ref,OFAT|LOOCV,,XGBoost,42,LOOCV,OFAT,Thickness_mean,,,,32,32,19,OFAT,9.9625,13.90633487701416
loocv_ref,OFAT|LOOCV,,XGBoost,42,LOOCV,OFAT,Thickness_mean,,,,33,33,20,OFAT,4.855,7.5993146896362305
loocv_ref,OFAT|LOOCV,,XGBoost,42,LOOCV,OFAT,Thickness_mean,,,,34,34,21,OFAT,1.2375,5.8291239738464355
loocv_ref,OFAT|LOOCV,,XGBoost,42,LOOCV,OFAT,Thickness_mean,,,,35,35,22,OFAT,2.0275,5.363625526428223
loocv_ref,OFAT|LOOCV,,XGBoost,42,LOOCV,OFAT,Thickness_mean,,,,36,36,23,OFAT,3.535,5.245368957519531
loocv_ref,OFAT|LOOCV,,XGBoost,42,LOOCV,OFAT,Thickness_mean,,,,37,37,20,OFAT,8.6425,5.529470443725586
loocv_ref,OFAT|LOOCV,,XGBoost,42,LOOCV,OFAT,Thickness_mean,,,,38,38,19,OFAT,12.75,13.207295417785645
loocv_ref,OFAT|LOOCV,,XGBoost,42,LOOCV,OFAT,Thickness_mean,,,,39,39,18,OFAT,16.965,15.026605606079102
loocv_ref,OFAT|LOOCV,,XGBoost,42,LOOCV,OFAT,Thickness_mean,,,,40,40,19,OFAT,19.6525,11.430752754211426
loocv_ref,OFAT|LOOCV,,XGBoost,42,LOOCV,OFAT,Thickness_mean,,,,41,41,19,OFAT,9.2675,14.245221138000488
loocv_ref,OFAT|LOOCV,,XGBoost,43,LOOCV,OFAT,Thickness_mean,,,,0,0,0,OFAT,36.34,19.504261016845703
loocv_ref,OFAT|LOOCV,,XGBoost,43,LOOCV,OFAT,Thickness_mean,,,,1,1,1,OFAT,19.9225,28.350170135498047
loocv_ref,OFAT|LOOCV,,XGBoost,43,LOOCV,OFAT,Thickness_mean,,,,2,2,2,OFAT,25.6625,23.918994903564453
loocv_ref,OFAT|LOOCV,,XGBoost,43,LOOCV,OFAT,Thickness_mean,,,,3,3,3,OFAT,20.2075,15.052722930908203
loocv_ref,OFAT|LOOCV,,XGBoost,43,LOOCV,OFAT,Thickness_mean,,,,4,4,4,OFAT,15.345,14.196684837341309
loocv_ref,OFAT|LOOCV,,XGBoost,43,LOOCV,OFAT,Thickness_mean,,,,5,5,5,OFAT,14.265,14.347153663635254
loocv_ref,OFAT|LOOCV,,XGBoost,43,LOOCV,OFAT,Thickness_mean,,,,6,6,6,OFAT,12.9225,17.99207305908203
loocv_ref,OFAT|LOOCV,,XGBoost,43,LOOCV,OFAT,Thickness_mean,,,,7,7,7,OFAT,13.2775,13.964305877685547
loocv_ref,OFAT|LOOCV,,XGBoost,43,LOOCV,OFAT,Thickness_mean,,,,8,8,8,OFAT,15.329999999999998,22.154359817504883
loocv_ref,OFAT|LOOCV,,XGBoost,43,LOOCV,OFAT,Thickness_mean,,,,9,9,9,OFAT,7.855,9.370684623718262
loocv_ref,OFAT|LOOCV,,XGBoost,43,LOOCV,OFAT,Thickness_mean,,,,10,10,10,OFAT,2.8075,10.168636322021484
loocv_ref,OFAT|LOOCV,,XGBoost,43,LOOCV,OFAT,Thickness_mean,,,,11,11,11,OFAT,7.7875,9.06529426574707
loocv_ref,OFAT|LOOCV,,XGBoost,43,LOOCV,OFAT,Thickness_mean,,,,12,12,11,OFAT,9.105,8.259735107421875
loocv_ref,OFAT|LOOCV,,XGBoost,43,LOOCV,OFAT,Thickness_mean,,,,13,13,12,OFAT,7.734999999999999,6.759444713592529
loocv_ref,OFAT|LOOCV,,XGBoost,43,LOOCV,OFAT,Thickness_mean,,,,14,14,10,OFAT,6.8225,9.151870727539062
loocv_ref,OFAT|LOOCV,,XGBoost,43,LOOCV,OFAT,Thickness_mean,,,,15,15,10,OFAT,14.995,6.306788444519043
loocv_ref,OFAT|LOOCV,,XGBoost,43,LOOCV,OFAT,Thickness_mean,,,,16,16,13,OFAT,14.025,13.686203002929688
loocv_ref,OFAT|LOOCV,,XGBoost,43,LOOCV,OFAT,Thickness_mean,,,,17,17,10,OFAT,9.0475,7.906862735748291
loocv_ref,OFAT|LOOCV,,XGBoost,43,LOOCV,OFAT,Thickness_mean,,,,18,18,14,OFAT,22.225,23.40059471130371
loocv_ref,OFAT|LOOCV,,XGBoost,43,LOOCV,OFAT,Thickness_mean,,,,19,19,14,OFAT,25.935,22.79287338256836
loocv_ref,OFAT|LOOCV,,XGBoost,43,LOOCV,OFAT,Thickness_mean,,,,20,20,15,OFAT,7.03,3.629776954650879
loocv_ref,OFAT|LOOCV,,XGBoost,43,LOOCV,OFAT,Thickness_mean,,,,21,21,16,OFAT,13.5325,8.691169738769531
loocv_ref,OFAT|LOOCV,,XGBoost,43,LOOCV,OFAT,Thickness_mean,,,,22,22,14,OFAT,25.29,22.92546272277832
loocv_ref,OFAT|LOOCV,,XGBoost,43,LOOCV,OFAT,Thickness_mean,,,,23,23,14,OFAT,21.965,23.564409255981445
loocv_ref,OFAT|LOOCV,,XGBoost,43,LOOCV,OFAT,Thickness_mean,,,,24,24,14,OFAT,23.082500000000003,23.30073356628418
loocv_ref,OFAT|LOOCV,,XGBoost,43,LOOCV,OFAT,Thickness_mean,,,,25,25,14,OFAT,21.262500000000003,23.036531448364258
loocv_ref,OFAT|LOOCV,,XGBoost,43,LOOCV,OFAT,Thickness_mean,,,,26,26,17,OFAT,17.8275,19.057571411132812
loocv_ref,OFAT|LOOCV,,XGBoost,43,LOOCV,OFAT,Thickness_mean,,,,27,27,17,OFAT,17.345,19.12648582458496
loocv_ref,OFAT|LOOCV,,XGBoost,43,LOOCV,OFAT,Thickness_mean,,,,28,28,17,OFAT,24.4925,17.378442764282227
loocv_ref,OFAT|LOOCV,,XGBoost,43,LOOCV,OFAT,Thickness_mean,,,,29,29,17,OFAT,17.695,18.93006134033203
loocv_ref,OFAT|LOOCV,,XGBoost,43,LOOCV,OFAT,Thickness_mean,,,,30,30,17,OFAT,16.814999999999998,19.150360107421875
loocv_ref,OFAT|LOOCV,,XGBoost,43,LOOCV,OFAT,Thickness_mean,,,,31,31,18,OFAT,14.9425,17.029415130615234
loocv_ref,OFAT|LOOCV,,XGBoost,43,LOOCV,OFAT,Thickness_mean,,,,32,32,19,OFAT,9.9625,13.585453987121582
loocv_ref,OFAT|LOOCV,,XGBoost,43,LOOCV,OFAT,Thickness_mean,,,,33,33,20,OFAT,4.855,8.045636177062988
loocv_ref,OFAT|LOOCV,,XGBoost,43,LOOCV,OFAT,Thickness_mean,,,,34,34,21,OFAT,1.2375,5.837292671203613
loocv_ref,OFAT|LOOCV,,XGBoost,43,LOOCV,OFAT,Thickness_mean,,,,35,35,22,OFAT,2.0275,5.675295352935791
loocv_ref,OFAT|LOOCV,,XGBoost,43,LOOCV,OFAT,Thickness_mean,,,,36,36,23,OFAT,3.535,5.301774978637695
loocv_ref,OFAT|LOOCV,,XGBoost,43,LOOCV,OFAT,Thickness_mean,,,,37,37,20,OFAT,8.6425,6.060891628265381
loocv_ref,OFAT|LOOCV,,XGBoost,43,LOOCV,OFAT,Thickness_mean,,,,38,38,19,OFAT,12.75,12.984780311584473
loocv_ref,OFAT|LOOCV,,XGBoost,43,LOOCV,OFAT,Thickness_mean,,,,39,39,18,OFAT,16.965,15.234440803527832
loocv_ref,OFAT|LOOCV,,XGBoost,43,LOOCV,OFAT,Thickness_mean,,,,40,40,19,OFAT,19.6525,10.757683753967285
loocv_ref,OFAT|LOOCV,,XGBoost,43,LOOCV,OFAT,Thickness_mean,,,,41,41,19,OFAT,9.2675,14.37336254119873
loocv_ref,OFAT|LOOCV,,XGBoost,44,LOOCV,OFAT,Thickness_mean,,,,0,0,0,OFAT,36.34,16.884241104125977
loocv_ref,OFAT|LOOCV,,XGBoost,44,LOOCV,OFAT,Thickness_mean,,,,1,1,1,OFAT,19.9225,27.71245765686035
loocv_ref,OFAT|LOOCV,,XGBoost,44,LOOCV,OFAT,Thickness_mean,,,,2,2,2,OFAT,25.6625,23.88999366760254
loocv_ref,OFAT|LOOCV,,XGBoost,44,LOOCV,OFAT,Thickness_mean,,,,3,3,3,OFAT,20.2075,18.315637588500977
loocv_ref,OFAT|LOOCV,,XGBoost,44,LOOCV,OFAT,Thickness_mean,,,,4,4,4,OFAT,15.345,14.310080528259277
loocv_ref,OFAT|LOOCV,,XGBoost,44,LOOCV,OFAT,Thickness_mean,,,,5,5,5,OFAT,14.265,14.261031150817871
loocv_ref,OFAT|LOOCV,,XGBoost,44,LOOCV,OFAT,Thickness_mean,,,,6,6,6,OFAT,12.9225,19.87286376953125
loocv_ref,OFAT|LOOCV,,XGBoost,44,LOOCV,OFAT,Thickness_mean,,,,7,7,7,OFAT,13.2775,16.90790557861328
loocv_ref,OFAT|LOOCV,,XGBoost,44,LOOCV,OFAT,Thickness_mean,,,,8,8,8,OFAT,15.329999999999998,18.979141235351562
loocv_ref,OFAT|LOOCV,,XGBoost,44,LOOCV,OFAT,Thickness_mean,,,,9,9,9,OFAT,7.855,9.276302337646484
loocv_ref,OFAT|LOOCV,,XGBoost,44,LOOCV,OFAT,Thickness_mean,,,,10,10,10,OFAT,2.8075,10.180315017700195
loocv_ref,OFAT|LOOCV,,XGBoost,44,LOOCV,OFAT,Thickness_mean,,,,11,11,11,OFAT,7.7875,9.376730918884277
loocv_ref,OFAT|LOOCV,,XGBoost,44,LOOCV,OFAT,Thickness_mean,,,,12,12,11,OFAT,9.105,8.55279541015625
loocv_ref,OFAT|LOOCV,,XGBoost,44,LOOCV,OFAT,Thickness_mean,,,,13,13,12,OFAT,7.734999999999999,8.2372465133667
loocv_ref,OFAT|LOOCV,,XGBoost,44,LOOCV,OFAT,Thickness_mean,,,,14,14,10,OFAT,6.8225,8.787437438964844
loocv_ref,OFAT|LOOCV,,XGBoost,44,LOOCV,OFAT,Thickness_mean,,,,15,15,10,OFAT,14.995,6.634634971618652
loocv_ref,OFAT|LOOCV,,XGBoost,44,LOOCV,OFAT,Thickness_mean,,,,16,16,13,OFAT,14.025,12.9503812789917
loocv_ref,OFAT|LOOCV,,XGBoost,44,LOOCV,OFAT,Thickness_mean,,,,17,17,10,OFAT,9.0475,7.906569957733154
loocv_ref,OFAT|LOOCV,,XGBoost,44,LOOCV,OFAT,Thickness_mean,,,,18,18,14,OFAT,22.225,22.51014518737793
loocv_ref,OFAT|LOOCV,,XGBoost,44,LOOCV,OFAT,Thickness_mean,,,,19,19,14,OFAT,25.935,21.923118591308594
loocv_ref,OFAT|LOOCV,,XGBoost,44,LOOCV,OFAT,Thickness_mean,,,,20,20,15,OFAT,7.03,3.815178871154785
loocv_ref,OFAT|LOOCV,,XGBoost,44,LOOCV,OFAT,Thickness_mean,,,,21,21,16,OFAT,13.5325,8.077165603637695
loocv_ref,OFAT|LOOCV,,XGBoost,44,LOOCV,OFAT,Thickness_mean,,,,22,22,14,OFAT,25.29,22.0421142578125
loocv_ref,OFAT|LOOCV,,XGBoost,44,LOOCV,OFAT,Thickness_mean,,,,23,23,14,OFAT,21.965,22.43641471862793
loocv_ref,OFAT|LOOCV,,XGBoost,44,LOOCV,OFAT,Thickness_mean,,,,24,24,14,OFAT,23.082500000000003,22.36251449584961
loocv_ref,OFAT|LOOCV,,XGBoost,44,LOOCV,OFAT,Thickness_mean,,,,25,25,14,OFAT,21.262500000000003,22.745527267456055
loocv_ref,OFAT|LOOCV,,XGBoost,44,LOOCV,OFAT,Thickness_mean,,,,26,26,17,OFAT,17.8275,19.320554733276367
loocv_ref,OFAT|LOOCV,,XGBoost,44,LOOCV,OFAT,Thickness_mean,,,,27,27,17,OFAT,17.345,19.418750762939453
loocv_ref,OFAT|LOOCV,,XGBoost,44,LOOCV,OFAT,Thickness_mean,,,,28,28,17,OFAT,24.4925,17.51582145690918
loocv_ref,OFAT|LOOCV,,XGBoost,44,LOOCV,OFAT,Thickness_mean,,,,29,29,17,OFAT,17.695,19.132051467895508
loocv_ref,OFAT|LOOCV,,XGBoost,44,LOOCV,OFAT,Thickness_mean,,,,30,30,17,OFAT,16.814999999999998,19.342697143554688
loocv_ref,OFAT|LOOCV,,XGBoost,44,LOOCV,OFAT,Thickness_mean,,,,31,31,18,OFAT,14.9425,16.91525650024414
loocv_ref,OFAT|LOOCV,,XGBoost,44,LOOCV,OFAT,Thickness_mean,,,,32,32,19,OFAT,9.9625,13.872766494750977
loocv_ref,OFAT|LOOCV,,XGBoost,44,LOOCV,OFAT,Thickness_mean,,,,33,33,20,OFAT,4.855,7.958179950714111
loocv_ref,OFAT|LOOCV,,XGBoost,44,LOOCV,OFAT,Thickness_mean,,,,34,34,21,OFAT,1.2375,5.749114036560059
loocv_ref,OFAT|LOOCV,,XGBoost,44,LOOCV,OFAT,Thickness_mean,,,,35,35,22,OFAT,2.0275,5.591180801391602
loocv_ref,OFAT|LOOCV,,XGBoost,44,LOOCV,OFAT,Thickness_mean,,,,36,36,23,OFAT,3.535,5.223806381225586
loocv_ref,OFAT|LOOCV,,XGBoost,44,LOOCV,OFAT,Thickness_mean,,,,37,37,20,OFAT,8.6425,5.753245830535889
loocv_ref,OFAT|LOOCV,,XGBoost,44,LOOCV,OFAT,Thickness_mean,,,,38,38,19,OFAT,12.75,12.930830955505371
loocv_ref,OFAT|LOOCV,,XGBoost,44,LOOCV,OFAT,Thickness_mean,,,,39,39,18,OFAT,16.965,15.35749340057373
loocv_ref,OFAT|LOOCV,,XGBoost,44,LOOCV,OFAT,Thickness_mean,,,,40,40,19,OFAT,19.6525,11.715880393981934
loocv_ref,OFAT|LOOCV,,XGBoost,44,LOOCV,OFAT,Thickness_mean,,,,41,41,19,OFAT,9.2675,13.85502815246582
loocv_ref,OFAT|LOOCV,,XGBoost,45,LOOCV,OFAT,Thickness_mean,,,,0,0,0,OFAT,36.34,17.543598175048828
loocv_ref,OFAT|LOOCV,,XGBoost,45,LOOCV,OFAT,Thickness_mean,,,,1,1,1,OFAT,19.9225,28.819076538085938
loocv_ref,OFAT|LOOCV,,XGBoost,45,LOOCV,OFAT,Thickness_mean,,,,2,2,2,OFAT,25.6625,21.52901840209961
loocv_ref,OFAT|LOOCV,,XGBoost,45,LOOCV,OFAT,Thickness_mean,,,,3,3,3,OFAT,20.2075,16.442319869995117
loocv_ref,OFAT|LOOCV,,XGBoost,45,LOOCV,OFAT,Thickness_mean,,,,4,4,4,OFAT,15.345,15.478729248046875
loocv_ref,OFAT|LOOCV,,XGBoost,45,LOOCV,OFAT,Thickness_mean,,,,5,5,5,OFAT,14.265,15.714005470275879
loocv_ref,OFAT|LOOCV,,XGBoost,45,LOOCV,OFAT,Thickness_mean,,,,6,6,6,OFAT,12.9225,18.48806381225586
loocv_ref,OFAT|LOOCV,,XGBoost,45,LOOCV,OFAT,Thickness_mean,,,,7,7,7,OFAT,13.2775,17.282880783081055
loocv_ref,OFAT|LOOCV,,XGBoost,45,LOOCV,OFAT,Thickness_mean,,,,8,8,8,OFAT,15.329999999999998,20.904842376708984
loocv_ref,OFAT|LOOCV,,XGBoost,45,LOOCV,OFAT,Thickness_mean,,,,9,9,9,OFAT,7.855,10.454936027526855
loocv_ref,OFAT|LOOCV,,XGBoost,45,LOOCV,OFAT,Thickness_mean,,,,10,10,10,OFAT,2.8075,10.151893615722656
loocv_ref,OFAT|LOOCV,,XGBoost,45,LOOCV,OFAT,Thickness_mean,,,,11,11,11,OFAT,7.7875,9.739324569702148
loocv_ref,OFAT|LOOCV,,XGBoost,45,LOOCV,OFAT,Thickness_mean,,,,12,12,11,OFAT,9.105,9.178239822387695
loocv_ref,OFAT|LOOCV,,XGBoost,45,LOOCV,OFAT,Thickness_mean,,,,13,13,12,OFAT,7.734999999999999,8.823074340820312
loocv_ref,OFAT|LOOCV,,XGBoost,45,LOOCV,OFAT,Thickness_mean,,,,14,14,10,OFAT,6.8225,8.519269943237305
loocv_ref,OFAT|LOOCV,,XGBoost,45,LOOCV,OFAT,Thickness_mean,,,,15,15,10,OFAT,14.995,6.791086673736572
loocv_ref,OFAT|LOOCV,,XGBoost,45,LOOCV,OFAT,Thickness_mean,,,,16,16,13,OFAT,14.025,13.021452903747559
loocv_ref,OFAT|LOOCV,,XGBoost,45,LOOCV,OFAT,Thickness_mean,,,,17,17,10,OFAT,9.0475,8.391633033752441
loocv_ref,OFAT|LOOCV,,XGBoost,45,LOOCV,OFAT,Thickness_mean,,,,18,18,14,OFAT,22.225,22.59931182861328
loocv_ref,OFAT|LOOCV,,XGBoost,45,LOOCV,OFAT,Thickness_mean,,,,19,19,14,OFAT,25.935,21.771697998046875
loocv_ref,OFAT|LOOCV,,XGBoost,45,LOOCV,OFAT,Thickness_mean,,,,20,20,15,OFAT,7.03,4.223056316375732
loocv_ref,OFAT|LOOCV,,XGBoost,45,LOOCV,OFAT,Thickness_mean,,,,21,21,16,OFAT,13.5325,8.575068473815918
loocv_ref,OFAT|LOOCV,,XGBoost,45,LOOCV,OFAT,Thickness_mean,,,,22,22,14,OFAT,25.29,21.815073013305664
loocv_ref,OFAT|LOOCV,,XGBoost,45,LOOCV,OFAT,Thickness_mean,,,,23,23,14,OFAT,21.965,22.666893005371094
loocv_ref,OFAT|LOOCV,,XGBoost,45,LOOCV,OFAT,Thickness_mean,,,,24,24,14,OFAT,23.082500000000003,22.398927688598633
loocv_ref,OFAT|LOOCV,,XGBoost,45,LOOCV,OFAT,Thickness_mean,,,,25,25,14,OFAT,21.262500000000003,22.794706344604492
loocv_ref,OFAT|LOOCV,,XGBoost,45,LOOCV,OFAT,Thickness_mean,,,,26,26,17,OFAT,17.8275,18.43608283996582
loocv_ref,OFAT|LOOCV,,XGBoost,45,LOOCV,OFAT,Thickness_mean,,,,27,27,17,OFAT,17.345,18.50847816467285
loocv_ref,OFAT|LOOCV,,XGBoost,45,LOOCV,OFAT,Thickness_mean,,,,28,28,17,OFAT,24.4925,17.083341598510742
loocv_ref,OFAT|LOOCV,,XGBoost,45,LOOCV,OFAT,Thickness_mean,,,,29,29,17,OFAT,17.695,18.536928176879883
loocv_ref,OFAT|LOOCV,,XGBoost,45,LOOCV,OFAT,Thickness_mean,,,,30,30,17,OFAT,16.814999999999998,18.705629348754883
loocv_ref,OFAT|LOOCV,,XGBoost,45,LOOCV,OFAT,Thickness_mean,,,,31,31,18,OFAT,14.9425,17.2276554107666
loocv_ref,OFAT|LOOCV,,XGBoost,45,LOOCV,OFAT,Thickness_mean,,,,32,32,19,OFAT,9.9625,13.920677185058594
loocv_ref,OFAT|LOOCV,,XGBoost,45,LOOCV,OFAT,Thickness_mean,,,,33,33,20,OFAT,4.855,8.493605613708496
loocv_ref,OFAT|LOOCV,,XGBoost,45,LOOCV,OFAT,Thickness_mean,,,,34,34,21,OFAT,1.2375,4.60510778427124
loocv_ref,OFAT|LOOCV,,XGBoost,45,LOOCV,OFAT,Thickness_mean,,,,35,35,22,OFAT,2.0275,4.259721279144287
loocv_ref,OFAT|LOOCV,,XGBoost,45,LOOCV,OFAT,Thickness_mean,,,,36,36,23,OFAT,3.535,3.5355851650238037
loocv_ref,OFAT|LOOCV,,XGBoost,45,LOOCV,OFAT,Thickness_mean,,,,37,37,20,OFAT,8.6425,5.94768762588501
loocv_ref,OFAT|LOOCV,,XGBoost,45,LOOCV,OFAT,Thickness_mean,,,,38,38,19,OFAT,12.75,13.015369415283203
loocv_ref,OFAT|LOOCV,,XGBoost,45,LOOCV,OFAT,Thickness_mean,,,,39,39,18,OFAT,16.965,15.326580047607422
loocv_ref,OFAT|LOOCV,,XGBoost,45,LOOCV,OFAT,Thickness_mean,,,,40,40,19,OFAT,19.6525,11.16375732421875
loocv_ref,OFAT|LOOCV,,XGBoost,45,LOOCV,OFAT,Thickness_mean,,,,41,41,19,OFAT,9.2675,13.663886070251465
loocv_ref,OFAT|LOOCV,,XGBoost,46,LOOCV,OFAT,Thickness_mean,,,,0,0,0,OFAT,36.34,17.886816024780273
loocv_ref,OFAT|LOOCV,,XGBoost,46,LOOCV,OFAT,Thickness_mean,,,,1,1,1,OFAT,19.9225,29.161415100097656
loocv_ref,OFAT|LOOCV,,XGBoost,46,LOOCV,OFAT,Thickness_mean,,,,2,2,2,OFAT,25.6625,23.961788177490234
loocv_ref,OFAT|LOOCV,,XGBoost,46,LOOCV,OFAT,Thickness_mean,,,,3,3,3,OFAT,20.2075,15.204174995422363
loocv_ref,OFAT|LOOCV,,XGBoost,46,LOOCV,OFAT,Thickness_mean,,,,4,4,4,OFAT,15.345,14.055390357971191
loocv_ref,OFAT|LOOCV,,XGBoost,46,LOOCV,OFAT,Thickness_mean,,,,5,5,5,OFAT,14.265,14.162835121154785
loocv_ref,OFAT|LOOCV,,XGBoost,46,LOOCV,OFAT,Thickness_mean,,,,6,6,6,OFAT,12.9225,19.19516372680664
loocv_ref,OFAT|LOOCV,,XGBoost,46,LOOCV,OFAT,Thickness_mean,,,,7,7,7,OFAT,13.2775,16.954483032226562
loocv_ref,OFAT|LOOCV,,XGBoost,46,LOOCV,OFAT,Thickness_mean,,,,8,8,8,OFAT,15.329999999999998,22.46042823791504
loocv_ref,OFAT|LOOCV,,XGBoost,46,LOOCV,OFAT,Thickness_mean,,,,9,9,9,OFAT,7.855,9.177290916442871
loocv_ref,OFAT|LOOCV,,XGBoost,46,LOOCV,OFAT,Thickness_mean,,,,10,10,10,OFAT,2.8075,10.227535247802734
loocv_ref,OFAT|LOOCV,,XGBoost,46,LOOCV,OFAT,Thickness_mean,,,,11,11,11,OFAT,7.7875,9.321351051330566
loocv_ref,OFAT|LOOCV,,XGBoost,46,LOOCV,OFAT,Thickness_mean,,,,12,12,11,OFAT,9.105,8.68079662322998
loocv_ref,OFAT|LOOCV,,XGBoost,46,LOOCV,OFAT,Thickness_mean,,,,13,13,12,OFAT,7.734999999999999,8.025710105895996
loocv_ref,OFAT|LOOCV,,XGBoost,46,LOOCV,OFAT,Thickness_mean,,,,14,14,10,OFAT,6.8225,8.563272476196289
loocv_ref,OFAT|LOOCV,,XGBoost,46,LOOCV,OFAT,Thickness_mean,,,,15,15,10,OFAT,14.995,6.087828636169434
loocv_ref,OFAT|LOOCV,,XGBoost,46,LOOCV,OFAT,Thickness_mean,,,,16,16,13,OFAT,14.025,13.15192985534668
loocv_ref,OFAT|LOOCV,,XGBoost,46,LOOCV,OFAT,Thickness_mean,,,,17,17,10,OFAT,9.0475,7.908746719360352
loocv_ref,OFAT|LOOCV,,XGBoost,46,LOOCV,OFAT,Thickness_mean,,,,18,18,14,OFAT,22.225,23.46198844909668
loocv_ref,OFAT|LOOCV,,XGBoost,46,LOOCV,OFAT,Thickness_mean,,,,19,19,14,OFAT,25.935,22.180938720703125
loocv_ref,OFAT|LOOCV,,XGBoost,46,LOOCV,OFAT,Thickness_mean,,,,20,20,15,OFAT,7.03,3.565594434738159
loocv_ref,OFAT|LOOCV,,XGBoost,46,LOOCV,OFAT,Thickness_mean,,,,21,21,16,OFAT,13.5325,7.962851047515869
loocv_ref,OFAT|LOOCV,,XGBoost,46,LOOCV,OFAT,Thickness_mean,,,,22,22,14,OFAT,25.29,22.31964874267578
loocv_ref,OFAT|LOOCV,,XGBoost,46,LOOCV,OFAT,Thickness_mean,,,,23,23,14,OFAT,21.965,22.63788414001465
loocv_ref,OFAT|LOOCV,,XGBoost,46,LOOCV,OFAT,Thickness_mean,,,,24,24,14,OFAT,23.082500000000003,22.860698699951172
loocv_ref,OFAT|LOOCV,,XGBoost,46,LOOCV,OFAT,Thickness_mean,,,,25,25,14,OFAT,21.262500000000003,23.652074813842773
loocv_ref,OFAT|LOOCV,,XGBoost,46,LOOCV,OFAT,Thickness_mean,,,,26,26,17,OFAT,17.8275,18.638025283813477
loocv_ref,OFAT|LOOCV,,XGBoost,46,LOOCV,OFAT,Thickness_mean,,,,27,27,17,OFAT,17.345,18.829330444335938
loocv_ref,OFAT|LOOCV,,XGBoost,46,LOOCV,OFAT,Thickness_mean,,,,28,28,17,OFAT,24.4925,17.510652542114258
loocv_ref,OFAT|LOOCV,,XGBoost,46,LOOCV,OFAT,Thickness_mean,,,,29,29,17,OFAT,17.695,18.97690773010254
loocv_ref,OFAT|LOOCV,,XGBoost,46,LOOCV,OFAT,Thickness_mean,,,,30,30,17,OFAT,16.814999999999998,19.174983978271484
loocv_ref,OFAT|LOOCV,,XGBoost,46,LOOCV,OFAT,Thickness_mean,,,,31,31,18,OFAT,14.9425,16.868167877197266
loocv_ref,OFAT|LOOCV,,XGBoost,46,LOOCV,OFAT,Thickness_mean,,,,32,32,19,OFAT,9.9625,13.931593894958496
loocv_ref,OFAT|LOOCV,,XGBoost,46,LOOCV,OFAT,Thickness_mean,,,,33,33,20,OFAT,4.855,8.23861026763916
loocv_ref,OFAT|LOOCV,,XGBoost,46,LOOCV,OFAT,Thickness_mean,,,,34,34,21,OFAT,1.2375,5.673861503601074
loocv_ref,OFAT|LOOCV,,XGBoost,46,LOOCV,OFAT,Thickness_mean,,,,35,35,22,OFAT,2.0275,5.484201431274414
loocv_ref,OFAT|LOOCV,,XGBoost,46,LOOCV,OFAT,Thickness_mean,,,,36,36,23,OFAT,3.535,5.027810573577881
loocv_ref,OFAT|LOOCV,,XGBoost,46,LOOCV,OFAT,Thickness_mean,,,,37,37,20,OFAT,8.6425,5.70651388168335
loocv_ref,OFAT|LOOCV,,XGBoost,46,LOOCV,OFAT,Thickness_mean,,,,38,38,19,OFAT,12.75,13.147586822509766
loocv_ref,OFAT|LOOCV,,XGBoost,46,LOOCV,OFAT,Thickness_mean,,,,39,39,18,OFAT,16.965,15.326069831848145
loocv_ref,OFAT|LOOCV,,XGBoost,46,LOOCV,OFAT,Thickness_mean,,,,40,40,19,OFAT,19.6525,10.960250854492188
loocv_ref,OFAT|LOOCV,,XGBoost,46,LOOCV,OFAT,Thickness_mean,,,,41,41,19,OFAT,9.2675,13.859601020812988
loocv_ref,OFAT|LOOCV,,XGBoost,47,LOOCV,OFAT,Thickness_mean,,,,0,0,0,OFAT,36.34,18.056623458862305
loocv_ref,OFAT|LOOCV,,XGBoost,47,LOOCV,OFAT,Thickness_mean,,,,1,1,1,OFAT,19.9225,28.439373016357422
loocv_ref,OFAT|LOOCV,,XGBoost,47,LOOCV,OFAT,Thickness_mean,,,,2,2,2,OFAT,25.6625,22.15241813659668
loocv_ref,OFAT|LOOCV,,XGBoost,47,LOOCV,OFAT,Thickness_mean,,,,3,3,3,OFAT,20.2075,16.805965423583984
loocv_ref,OFAT|LOOCV,,XGBoost,47,LOOCV,OFAT,Thickness_mean,,,,4,4,4,OFAT,15.345,16.290103912353516
loocv_ref,OFAT|LOOCV,,XGBoost,47,LOOCV,OFAT,Thickness_mean,,,,5,5,5,OFAT,14.265,13.794769287109375
loocv_ref,OFAT|LOOCV,,XGBoost,47,LOOCV,OFAT,Thickness_mean,,,,6,6,6,OFAT,12.9225,18.714351654052734
loocv_ref,OFAT|LOOCV,,XGBoost,47,LOOCV,OFAT,Thickness_mean,,,,7,7,7,OFAT,13.2775,17.057395935058594
loocv_ref,OFAT|LOOCV,,XGBoost,47,LOOCV,OFAT,Thickness_mean,,,,8,8,8,OFAT,15.329999999999998,19.001462936401367
loocv_ref,OFAT|LOOCV,,XGBoost,47,LOOCV,OFAT,Thickness_mean,,,,9,9,9,OFAT,7.855,10.879759788513184
loocv_ref,OFAT|LOOCV,,XGBoost,47,LOOCV,OFAT,Thickness_mean,,,,10,10,10,OFAT,2.8075,9.893129348754883
loocv_ref,OFAT|LOOCV,,XGBoost,47,LOOCV,OFAT,Thickness_mean,,,,11,11,11,OFAT,7.7875,9.435014724731445
loocv_ref,OFAT|LOOCV,,XGBoost,47,LOOCV,OFAT,Thickness_mean,,,,12,12,11,OFAT,9.105,8.670427322387695
loocv_ref,OFAT|LOOCV,,XGBoost,47,LOOCV,OFAT,Thickness_mean,,,,13,13,12,OFAT,7.734999999999999,9.150153160095215
loocv_ref,OFAT|LOOCV,,XGBoost,47,LOOCV,OFAT,Thickness_mean,,,,14,14,10,OFAT,6.8225,8.651959419250488
loocv_ref,OFAT|LOOCV,,XGBoost,47,LOOCV,OFAT,Thickness_mean,,,,15,15,10,OFAT,14.995,6.7815423011779785
loocv_ref,OFAT|LOOCV,,XGBoost,47,LOOCV,OFAT,Thickness_mean,,,,16,16,13,OFAT,14.025,13.676989555358887
loocv_ref,OFAT|LOOCV,,XGBoost,47,LOOCV,OFAT,Thickness_mean,,,,17,17,10,OFAT,9.0475,7.9979376792907715
loocv_ref,OFAT|LOOCV,,XGBoost,47,LOOCV,OFAT,Thickness_mean,,,,18,18,14,OFAT,22.225,23.409963607788086
loocv_ref,OFAT|LOOCV,,XGBoost,47,LOOCV,OFAT,Thickness_mean,,,,19,19,14,OFAT,25.935,22.399738311767578
loocv_ref,OFAT|LOOCV,,XGBoost,47,LOOCV,OFAT,Thickness_mean,,,,20,20,15,OFAT,7.03,3.6724956035614014
loocv_ref,OFAT|LOOCV,,XGBoost,47,LOOCV,OFAT,Thickness_mean,,,,21,21,16,OFAT,13.5325,8.296601295471191
loocv_ref,OFAT|LOOCV,,XGBoost,47,LOOCV,OFAT,Thickness_mean,,,,22,22,14,OFAT,25.29,22.81473731994629
loocv_ref,OFAT|LOOCV,,XGBoost,47,LOOCV,OFAT,Thickness_mean,,,,23,23,14,OFAT,21.965,23.46232795715332
loocv_ref,OFAT|LOOCV,,XGBoost,47,LOOCV,OFAT,Thickness_mean,,,,24,24,14,OFAT,23.082500000000003,23.239877700805664
loocv_ref,OFAT|LOOCV,,XGBoost,47,LOOCV,OFAT,Thickness_mean,,,,25,25,14,OFAT,21.262500000000003,23.246620178222656
loocv_ref,OFAT|LOOCV,,XGBoost,47,LOOCV,OFAT,Thickness_mean,,,,26,26,17,OFAT,17.8275,18.55726432800293
loocv_ref,OFAT|LOOCV,,XGBoost,47,LOOCV,OFAT,Thickness_mean,,,,27,27,17,OFAT,17.345,18.691965103149414
loocv_ref,OFAT|LOOCV,,XGBoost,47,LOOCV,OFAT,Thickness_mean,,,,28,28,17,OFAT,24.4925,17.38011360168457
loocv_ref,OFAT|LOOCV,,XGBoost,47,LOOCV,OFAT,Thickness_mean,,,,29,29,17,OFAT,17.695,19.196420669555664
loocv_ref,OFAT|LOOCV,,XGBoost,47,LOOCV,OFAT,Thickness_mean,,,,30,30,17,OFAT,16.814999999999998,19.01426124572754
loocv_ref,OFAT|LOOCV,,XGBoost,47,LOOCV,OFAT,Thickness_mean,,,,31,31,18,OFAT,14.9425,17.106090545654297
loocv_ref,OFAT|LOOCV,,XGBoost,47,LOOCV,OFAT,Thickness_mean,,,,32,32,19,OFAT,9.9625,14.023807525634766
loocv_ref,OFAT|LOOCV,,XGBoost,47,LOOCV,OFAT,Thickness_mean,,,,33,33,20,OFAT,4.855,8.486893653869629
loocv_ref,OFAT|LOOCV,,XGBoost,47,LOOCV,OFAT,Thickness_mean,,,,34,34,21,OFAT,1.2375,5.654708385467529
loocv_ref,OFAT|LOOCV,,XGBoost,47,LOOCV,OFAT,Thickness_mean,,,,35,35,22,OFAT,2.0275,5.433711528778076
loocv_ref,OFAT|LOOCV,,XGBoost,47,LOOCV,OFAT,Thickness_mean,,,,36,36,23,OFAT,3.535,5.010980129241943
loocv_ref,OFAT|LOOCV,,XGBoost,47,LOOCV,OFAT,Thickness_mean,,,,37,37,20,OFAT,8.6425,5.698612213134766
loocv_ref,OFAT|LOOCV,,XGBoost,47,LOOCV,OFAT,Thickness_mean,,,,38,38,19,OFAT,12.75,13.289118766784668
loocv_ref,OFAT|LOOCV,,XGBoost,47,LOOCV,OFAT,Thickness_mean,,,,39,39,18,OFAT,16.965,15.280827522277832
loocv_ref,OFAT|LOOCV,,XGBoost,47,LOOCV,OFAT,Thickness_mean,,,,40,40,19,OFAT,19.6525,11.079814910888672
loocv_ref,OFAT|LOOCV,,XGBoost,47,LOOCV,OFAT,Thickness_mean,,,,41,41,19,OFAT,9.2675,14.190401077270508
loocv_ref,OFAT|LOOCV,,XGBoost,48,LOOCV,OFAT,Thickness_mean,,,,0,0,0,OFAT,36.34,18.569366455078125
loocv_ref,OFAT|LOOCV,,XGBoost,48,LOOCV,OFAT,Thickness_mean,,,,1,1,1,OFAT,19.9225,26.65108871459961
loocv_ref,OFAT|LOOCV,,XGBoost,48,LOOCV,OFAT,Thickness_mean,,,,2,2,2,OFAT,25.6625,21.768815994262695
loocv_ref,OFAT|LOOCV,,XGBoost,48,LOOCV,OFAT,Thickness_mean,,,,3,3,3,OFAT,20.2075,16.50326919555664
loocv_ref,OFAT|LOOCV,,XGBoost,48,LOOCV,OFAT,Thickness_mean,,,,4,4,4,OFAT,15.345,14.538201332092285
loocv_ref,OFAT|LOOCV,,XGBoost,48,LOOCV,OFAT,Thickness_mean,,,,5,5,5,OFAT,14.265,17.652982711791992
loocv_ref,OFAT|LOOCV,,XGBoost,48,LOOCV,OFAT,Thickness_mean,,,,6,6,6,OFAT,12.9225,18.703744888305664
loocv_ref,OFAT|LOOCV,,XGBoost,48,LOOCV,OFAT,Thickness_mean,,,,7,7,7,OFAT,13.2775,18.124143600463867
loocv_ref,OFAT|LOOCV,,XGBoost,48,LOOCV,OFAT,Thickness_mean,,,,8,8,8,OFAT,15.329999999999998,20.739816665649414
loocv_ref,OFAT|LOOCV,,XGBoost,48,LOOCV,OFAT,Thickness_mean,,,,9,9,9,OFAT,7.855,10.006277084350586
loocv_ref,OFAT|LOOCV,,XGBoost,48,LOOCV,OFAT,Thickness_mean,,,,10,10,10,OFAT,2.8075,10.466024398803711
loocv_ref,OFAT|LOOCV,,XGBoost,48,LOOCV,OFAT,Thickness_mean,,,,11,11,11,OFAT,7.7875,9.556602478027344
loocv_ref,OFAT|LOOCV,,XGBoost,48,LOOCV,OFAT,Thickness_mean,,,,12,12,11,OFAT,9.105,8.987569808959961
loocv_ref,OFAT|LOOCV,,XGBoost,48,LOOCV,OFAT,Thickness_mean,,,,13,13,12,OFAT,7.734999999999999,8.347247123718262
loocv_ref,OFAT|LOOCV,,XGBoost,48,LOOCV,OFAT,Thickness_mean,,,,14,14,10,OFAT,6.8225,9.255436897277832
loocv_ref,OFAT|LOOCV,,XGBoost,48,LOOCV,OFAT,Thickness_mean,,,,15,15,10,OFAT,14.995,6.607606887817383
loocv_ref,OFAT|LOOCV,,XGBoost,48,LOOCV,OFAT,Thickness_mean,,,,16,16,13,OFAT,14.025,13.168582916259766
loocv_ref,OFAT|LOOCV,,XGBoost,48,LOOCV,OFAT,Thickness_mean,,,,17,17,10,OFAT,9.0475,8.145049095153809
loocv_ref,OFAT|LOOCV,,XGBoost,48,LOOCV,OFAT,Thickness_mean,,,,18,18,14,OFAT,22.225,22.847867965698242
loocv_ref,OFAT|LOOCV,,XGBoost,48,LOOCV,OFAT,Thickness_mean,,,,19,19,14,OFAT,25.935,22.397289276123047
loocv_ref,OFAT|LOOCV,,XGBoost,48,LOOCV,OFAT,Thickness_mean,,,,20,20,15,OFAT,7.03,3.7690279483795166
loocv_ref,OFAT|LOOCV,,XGBoost,48,LOOCV,OFAT,Thickness_mean,,,,21,21,16,OFAT,13.5325,8.448193550109863
loocv_ref,OFAT|LOOCV,,XGBoost,48,LOOCV,OFAT,Thickness_mean,,,,22,22,14,OFAT,25.29,22.18131446838379
loocv_ref,OFAT|LOOCV,,XGBoost,48,LOOCV,OFAT,Thickness_mean,,,,23,23,14,OFAT,21.965,22.934682846069336
loocv_ref,OFAT|LOOCV,,XGBoost,48,LOOCV,OFAT,Thickness_mean,,,,24,24,14,OFAT,23.082500000000003,22.735639572143555
loocv_ref,OFAT|LOOCV,,XGBoost,48,LOOCV,OFAT,Thickness_mean,,,,25,25,14,OFAT,21.262500000000003,23.052417755126953
loocv_ref,OFAT|LOOCV,,XGBoost,48,LOOCV,OFAT,Thickness_mean,,,,26,26,17,OFAT,17.8275,18.702238082885742
loocv_ref,OFAT|LOOCV,,XGBoost,48,LOOCV,OFAT,Thickness_mean,,,,27,27,17,OFAT,17.345,18.853660583496094
loocv_ref,OFAT|LOOCV,,XGBoost,48,LOOCV,OFAT,Thickness_mean,,,,28,28,17,OFAT,24.4925,17.233478546142578
loocv_ref,OFAT|LOOCV,,XGBoost,48,LOOCV,OFAT,Thickness_mean,,,,29,29,17,OFAT,17.695,18.6843204498291
loocv_ref,OFAT|LOOCV,,XGBoost,48,LOOCV,OFAT,Thickness_mean,,,,30,30,17,OFAT,16.814999999999998,18.83424186706543
loocv_ref,OFAT|LOOCV,,XGBoost,48,LOOCV,OFAT,Thickness_mean,,,,31,31,18,OFAT,14.9425,17.126440048217773
loocv_ref,OFAT|LOOCV,,XGBoost,48,LOOCV,OFAT,Thickness_mean,,,,32,32,19,OFAT,9.9625,13.838688850402832
loocv_ref,OFAT|LOOCV,,XGBoost,48,LOOCV,OFAT,Thickness_mean,,,,33,33,20,OFAT,4.855,8.237110137939453
loocv_ref,OFAT|LOOCV,,XGBoost,48,LOOCV,OFAT,Thickness_mean,,,,34,34,21,OFAT,1.2375,4.76032829284668
loocv_ref,OFAT|LOOCV,,XGBoost,48,LOOCV,OFAT,Thickness_mean,,,,35,35,22,OFAT,2.0275,4.388394355773926
loocv_ref,OFAT|LOOCV,,XGBoost,48,LOOCV,OFAT,Thickness_mean,,,,36,36,23,OFAT,3.535,3.8063342571258545
loocv_ref,OFAT|LOOCV,,XGBoost,48,LOOCV,OFAT,Thickness_mean,,,,37,37,20,OFAT,8.6425,5.7973785400390625
loocv_ref,OFAT|LOOCV,,XGBoost,48,LOOCV,OFAT,Thickness_mean,,,,38,38,19,OFAT,12.75,13.187361717224121
loocv_ref,OFAT|LOOCV,,XGBoost,48,LOOCV,OFAT,Thickness_mean,,,,39,39,18,OFAT,16.965,14.995765686035156
loocv_ref,OFAT|LOOCV,,XGBoost,48,LOOCV,OFAT,Thickness_mean,,,,40,40,19,OFAT,19.6525,11.338500022888184
loocv_ref,OFAT|LOOCV,,XGBoost,48,LOOCV,OFAT,Thickness_mean,,,,41,41,19,OFAT,9.2675,14.052675247192383
loocv_ref,OFAT|LOOCV,,XGBoost,49,LOOCV,OFAT,Thickness_mean,,,,0,0,0,OFAT,36.34,18.366727828979492
loocv_ref,OFAT|LOOCV,,XGBoost,49,LOOCV,OFAT,Thickness_mean,,,,1,1,1,OFAT,19.9225,29.05752182006836
loocv_ref,OFAT|LOOCV,,XGBoost,49,LOOCV,OFAT,Thickness_mean,,,,2,2,2,OFAT,25.6625,23.86515235900879
loocv_ref,OFAT|LOOCV,,XGBoost,49,LOOCV,OFAT,Thickness_mean,,,,3,3,3,OFAT,20.2075,16.053585052490234
loocv_ref,OFAT|LOOCV,,XGBoost,49,LOOCV,OFAT,Thickness_mean,,,,4,4,4,OFAT,15.345,14.248939514160156
loocv_ref,OFAT|LOOCV,,XGBoost,49,LOOCV,OFAT,Thickness_mean,,,,5,5,5,OFAT,14.265,14.378619194030762
loocv_ref,OFAT|LOOCV,,XGBoost,49,LOOCV,OFAT,Thickness_mean,,,,6,6,6,OFAT,12.9225,20.156036376953125
loocv_ref,OFAT|LOOCV,,XGBoost,49,LOOCV,OFAT,Thickness_mean,,,,7,7,7,OFAT,13.2775,16.61130714416504
loocv_ref,OFAT|LOOCV,,XGBoost,49,LOOCV,OFAT,Thickness_mean,,,,8,8,8,OFAT,15.329999999999998,20.297714233398438
loocv_ref,OFAT|LOOCV,,XGBoost,49,LOOCV,OFAT,Thickness_mean,,,,9,9,9,OFAT,7.855,11.095006942749023
loocv_ref,OFAT|LOOCV,,XGBoost,49,LOOCV,OFAT,Thickness_mean,,,,10,10,10,OFAT,2.8075,9.392393112182617
loocv_ref,OFAT|LOOCV,,XGBoost,49,LOOCV,OFAT,Thickness_mean,,,,11,11,11,OFAT,7.7875,9.26208782196045
loocv_ref,OFAT|LOOCV,,XGBoost,49,LOOCV,OFAT,Thickness_mean,,,,12,12,11,OFAT,9.105,8.892755508422852
loocv_ref,OFAT|LOOCV,,XGBoost,49,LOOCV,OFAT,Thickness_mean,,,,13,13,12,OFAT,7.734999999999999,7.953713417053223
loocv_ref,OFAT|LOOCV,,XGBoost,49,LOOCV,OFAT,Thickness_mean,,,,14,14,10,OFAT,6.8225,8.217565536499023
loocv_ref,OFAT|LOOCV,,XGBoost,49,LOOCV,OFAT,Thickness_mean,,,,15,15,10,OFAT,14.995,6.32235860824585
loocv_ref,OFAT|LOOCV,,XGBoost,49,LOOCV,OFAT,Thickness_mean,,,,16,16,13,OFAT,14.025,12.966500282287598
loocv_ref,OFAT|LOOCV,,XGBoost,49,LOOCV,OFAT,Thickness_mean,,,,17,17,10,OFAT,9.0475,7.738398551940918
loocv_ref,OFAT|LOOCV,,XGBoost,49,LOOCV,OFAT,Thickness_mean,,,,18,18,14,OFAT,22.225,22.442123413085938
loocv_ref,OFAT|LOOCV,,XGBoost,49,LOOCV,OFAT,Thickness_mean,,,,19,19,14,OFAT,25.935,21.843854904174805
loocv_ref,OFAT|LOOCV,,XGBoost,49,LOOCV,OFAT,Thickness_mean,,,,20,20,15,OFAT,7.03,5.061376571655273
loocv_ref,OFAT|LOOCV,,XGBoost,49,LOOCV,OFAT,Thickness_mean,,,,21,21,16,OFAT,13.5325,8.061866760253906
loocv_ref,OFAT|LOOCV,,XGBoost,49,LOOCV,OFAT,Thickness_mean,,,,22,22,14,OFAT,25.29,21.79050064086914
loocv_ref,OFAT|LOOCV,,XGBoost,49,LOOCV,OFAT,Thickness_mean,,,,23,23,14,OFAT,21.965,22.38641929626465
loocv_ref,OFAT|LOOCV,,XGBoost,49,LOOCV,OFAT,Thickness_mean,,,,24,24,14,OFAT,23.082500000000003,22.29669189453125
loocv_ref,OFAT|LOOCV,,XGBoost,49,LOOCV,OFAT,Thickness_mean,,,,25,25,14,OFAT,21.262500000000003,22.65342140197754
loocv_ref,OFAT|LOOCV,,XGBoost,49,LOOCV,OFAT,Thickness_mean,,,,26,26,17,OFAT,17.8275,19.052980422973633
loocv_ref,OFAT|LOOCV,,XGBoost,49,LOOCV,OFAT,Thickness_mean,,,,27,27,17,OFAT,17.345,19.167861938476562
loocv_ref,OFAT|LOOCV,,XGBoost,49,LOOCV,OFAT,Thickness_mean,,,,28,28,17,OFAT,24.4925,17.65964698791504
loocv_ref,OFAT|LOOCV,,XGBoost,49,LOOCV,OFAT,Thickness_mean,,,,29,29,17,OFAT,17.695,19.281068801879883
loocv_ref,OFAT|LOOCV,,XGBoost,49,LOOCV,OFAT,Thickness_mean,,,,30,30,17,OFAT,16.814999999999998,19.525840759277344
loocv_ref,OFAT|LOOCV,,XGBoost,49,LOOCV,OFAT,Thickness_mean,,,,31,31,18,OFAT,14.9425,17.115516662597656
loocv_ref,OFAT|LOOCV,,XGBoost,49,LOOCV,OFAT,Thickness_mean,,,,32,32,19,OFAT,9.9625,13.643516540527344
loocv_ref,OFAT|LOOCV,,XGBoost,49,LOOCV,OFAT,Thickness_mean,,,,33,33,20,OFAT,4.855,7.788669586181641
loocv_ref,OFAT|LOOCV,,XGBoost,49,LOOCV,OFAT,Thickness_mean,,,,34,34,21,OFAT,1.2375,5.786694049835205
loocv_ref,OFAT|LOOCV,,XGBoost,49,LOOCV,OFAT,Thickness_mean,,,,35,35,22,OFAT,2.0275,5.613258361816406
loocv_ref,OFAT|LOOCV,,XGBoost,49,LOOCV,OFAT,Thickness_mean,,,,36,36,23,OFAT,3.535,5.155955791473389
loocv_ref,OFAT|LOOCV,,XGBoost,49,LOOCV,OFAT,Thickness_mean,,,,37,37,20,OFAT,8.6425,5.755147933959961
loocv_ref,OFAT|LOOCV,,XGBoost,49,LOOCV,OFAT,Thickness_mean,,,,38,38,19,OFAT,12.75,13.006800651550293
loocv_ref,OFAT|LOOCV,,XGBoost,49,LOOCV,OFAT,Thickness_mean,,,,39,39,18,OFAT,16.965,14.951093673706055
loocv_ref,OFAT|LOOCV,,XGBoost,49,LOOCV,OFAT,Thickness_mean,,,,40,40,19,OFAT,19.6525,11.193879127502441
loocv_ref,OFAT|LOOCV,,XGBoost,49,LOOCV,OFAT,Thickness_mean,,,,41,41,19,OFAT,9.2675,13.877008438110352
loocv_ref,OFAT|LOOCV,,XGBoost,50,LOOCV,OFAT,Thickness_mean,,,,0,0,0,OFAT,36.34,18.562707901000977
loocv_ref,OFAT|LOOCV,,XGBoost,50,LOOCV,OFAT,Thickness_mean,,,,1,1,1,OFAT,19.9225,26.546560287475586
loocv_ref,OFAT|LOOCV,,XGBoost,50,LOOCV,OFAT,Thickness_mean,,,,2,2,2,OFAT,25.6625,21.6517276763916
loocv_ref,OFAT|LOOCV,,XGBoost,50,LOOCV,OFAT,Thickness_mean,,,,3,3,3,OFAT,20.2075,16.172704696655273
loocv_ref,OFAT|LOOCV,,XGBoost,50,LOOCV,OFAT,Thickness_mean,,,,4,4,4,OFAT,15.345,14.243546485900879
loocv_ref,OFAT|LOOCV,,XGBoost,50,LOOCV,OFAT,Thickness_mean,,,,5,5,5,OFAT,14.265,14.245877265930176
loocv_ref,OFAT|LOOCV,,XGBoost,50,LOOCV,OFAT,Thickness_mean,,,,6,6,6,OFAT,12.9225,17.56359100341797
loocv_ref,OFAT|LOOCV,,XGBoost,50,LOOCV,OFAT,Thickness_mean,,,,7,7,7,OFAT,13.2775,15.21960735321045
loocv_ref,OFAT|LOOCV,,XGBoost,50,LOOCV,OFAT,Thickness_mean,,,,8,8,8,OFAT,15.329999999999998,20.02043342590332
loocv_ref,OFAT|LOOCV,,XGBoost,50,LOOCV,OFAT,Thickness_mean,,,,9,9,9,OFAT,7.855,9.385350227355957
loocv_ref,OFAT|LOOCV,,XGBoost,50,LOOCV,OFAT,Thickness_mean,,,,10,10,10,OFAT,2.8075,10.272543907165527
loocv_ref,OFAT|LOOCV,,XGBoost,50,LOOCV,OFAT,Thickness_mean,,,,11,11,11,OFAT,7.7875,9.157081604003906
loocv_ref,OFAT|LOOCV,,XGBoost,50,LOOCV,OFAT,Thickness_mean,,,,12,12,11,OFAT,9.105,8.582239151000977
loocv_ref,OFAT|LOOCV,,XGBoost,50,LOOCV,OFAT,Thickness_mean,,,,13,13,12,OFAT,7.734999999999999,8.872103691101074
loocv_ref,OFAT|LOOCV,,XGBoost,50,LOOCV,OFAT,Thickness_mean,,,,14,14,10,OFAT,6.8225,9.012152671813965
loocv_ref,OFAT|LOOCV,,XGBoost,50,LOOCV,OFAT,Thickness_mean,,,,15,15,10,OFAT,14.995,6.821108818054199
loocv_ref,OFAT|LOOCV,,XGBoost,50,LOOCV,OFAT,Thickness_mean,,,,16,16,13,OFAT,14.025,13.61245059967041
loocv_ref,OFAT|LOOCV,,XGBoost,50,LOOCV,OFAT,Thickness_mean,,,,17,17,10,OFAT,9.0475,7.497164249420166
loocv_ref,OFAT|LOOCV,,XGBoost,50,LOOCV,OFAT,Thickness_mean,,,,18,18,14,OFAT,22.225,22.61847686767578
loocv_ref,OFAT|LOOCV,,XGBoost,50,LOOCV,OFAT,Thickness_mean,,,,19,19,14,OFAT,25.935,22.129562377929688
loocv_ref,OFAT|LOOCV,,XGBoost,50,LOOCV,OFAT,Thickness_mean,,,,20,20,15,OFAT,7.03,3.7668216228485107
loocv_ref,OFAT|LOOCV,,XGBoost,50,LOOCV,OFAT,Thickness_mean,,,,21,21,16,OFAT,13.5325,8.42208480834961
loocv_ref,OFAT|LOOCV,,XGBoost,50,LOOCV,OFAT,Thickness_mean,,,,22,22,14,OFAT,25.29,21.811595916748047
loocv_ref,OFAT|LOOCV,,XGBoost,50,LOOCV,OFAT,Thickness_mean,,,,23,23,14,OFAT,21.965,22.954500198364258
loocv_ref,OFAT|LOOCV,,XGBoost,50,LOOCV,OFAT,Thickness_mean,,,,24,24,14,OFAT,23.082500000000003,22.49852180480957
loocv_ref,OFAT|LOOCV,,XGBoost,50,LOOCV,OFAT,Thickness_mean,,,,25,25,14,OFAT,21.262500000000003,22.721784591674805
loocv_ref,OFAT|LOOCV,,XGBoost,50,LOOCV,OFAT,Thickness_mean,,,,26,26,17,OFAT,17.8275,19.50222396850586
loocv_ref,OFAT|LOOCV,,XGBoost,50,LOOCV,OFAT,Thickness_mean,,,,27,27,17,OFAT,17.345,19.53049659729004
loocv_ref,OFAT|LOOCV,,XGBoost,50,LOOCV,OFAT,Thickness_mean,,,,28,28,17,OFAT,24.4925,17.398956298828125
loocv_ref,OFAT|LOOCV,,XGBoost,50,LOOCV,OFAT,Thickness_mean,,,,29,29,17,OFAT,17.695,19.45552635192871
loocv_ref,OFAT|LOOCV,,XGBoost,50,LOOCV,OFAT,Thickness_mean,,,,30,30,17,OFAT,16.814999999999998,19.493865966796875
loocv_ref,OFAT|LOOCV,,XGBoost,50,LOOCV,OFAT,Thickness_mean,,,,31,31,18,OFAT,14.9425,16.999858856201172
loocv_ref,OFAT|LOOCV,,XGBoost,50,LOOCV,OFAT,Thickness_mean,,,,32,32,19,OFAT,9.9625,13.820732116699219
loocv_ref,OFAT|LOOCV,,XGBoost,50,LOOCV,OFAT,Thickness_mean,,,,33,33,20,OFAT,4.855,8.348058700561523
loocv_ref,OFAT|LOOCV,,XGBoost,50,LOOCV,OFAT,Thickness_mean,,,,34,34,21,OFAT,1.2375,3.972417116165161
loocv_ref,OFAT|LOOCV,,XGBoost,50,LOOCV,OFAT,Thickness_mean,,,,35,35,22,OFAT,2.0275,3.636435031890869
loocv_ref,OFAT|LOOCV,,XGBoost,50,LOOCV,OFAT,Thickness_mean,,,,36,36,23,OFAT,3.535,3.080871105194092
loocv_ref,OFAT|LOOCV,,XGBoost,50,LOOCV,OFAT,Thickness_mean,,,,37,37,20,OFAT,8.6425,5.949995517730713
loocv_ref,OFAT|LOOCV,,XGBoost,50,LOOCV,OFAT,Thickness_mean,,,,38,38,19,OFAT,12.75,13.122122764587402
loocv_ref,OFAT|LOOCV,,XGBoost,50,LOOCV,OFAT,Thickness_mean,,,,39,39,18,OFAT,16.965,15.22739315032959
loocv_ref,OFAT|LOOCV,,XGBoost,50,LOOCV,OFAT,Thickness_mean,,,,40,40,19,OFAT,19.6525,11.447745323181152
loocv_ref,OFAT|LOOCV,,XGBoost,50,LOOCV,OFAT,Thickness_mean,,,,41,41,19,OFAT,9.2675,14.071816444396973
loocv_ref,OFAT|LOOCV,,XGBoost,51,LOOCV,OFAT,Thickness_mean,,,,0,0,0,OFAT,36.34,18.677156448364258
loocv_ref,OFAT|LOOCV,,XGBoost,51,LOOCV,OFAT,Thickness_mean,,,,1,1,1,OFAT,19.9225,28.143991470336914
loocv_ref,OFAT|LOOCV,,XGBoost,51,LOOCV,OFAT,Thickness_mean,,,,2,2,2,OFAT,25.6625,23.24262046813965
loocv_ref,OFAT|LOOCV,,XGBoost,51,LOOCV,OFAT,Thickness_mean,,,,3,3,3,OFAT,20.2075,18.21501922607422
loocv_ref,OFAT|LOOCV,,XGBoost,51,LOOCV,OFAT,Thickness_mean,,,,4,4,4,OFAT,15.345,14.449972152709961
loocv_ref,OFAT|LOOCV,,XGBoost,51,LOOCV,OFAT,Thickness_mean,,,,5,5,5,OFAT,14.265,14.529058456420898
loocv_ref,OFAT|LOOCV,,XGBoost,51,LOOCV,OFAT,Thickness_mean,,,,6,6,6,OFAT,12.9225,18.863073348999023
loocv_ref,OFAT|LOOCV,,XGBoost,51,LOOCV,OFAT,Thickness_mean,,,,7,7,7,OFAT,13.2775,16.70029640197754
loocv_ref,OFAT|LOOCV,,XGBoost,51,LOOCV,OFAT,Thickness_mean,,,,8,8,8,OFAT,15.329999999999998,20.226953506469727
loocv_ref,OFAT|LOOCV,,XGBoost,51,LOOCV,OFAT,Thickness_mean,,,,9,9,9,OFAT,7.855,10.141799926757812
loocv_ref,OFAT|LOOCV,,XGBoost,51,LOOCV,OFAT,Thickness_mean,,,,10,10,10,OFAT,2.8075,10.245821952819824
loocv_ref,OFAT|LOOCV,,XGBoost,51,LOOCV,OFAT,Thickness_mean,,,,11,11,11,OFAT,7.7875,9.596781730651855
loocv_ref,OFAT|LOOCV,,XGBoost,51,LOOCV,OFAT,Thickness_mean,,,,12,12,11,OFAT,9.105,8.936105728149414
loocv_ref,OFAT|LOOCV,,XGBoost,51,LOOCV,OFAT,Thickness_mean,,,,13,13,12,OFAT,7.734999999999999,8.472433090209961
loocv_ref,OFAT|LOOCV,,XGBoost,51,LOOCV,OFAT,Thickness_mean,,,,14,14,10,OFAT,6.8225,9.303253173828125
loocv_ref,OFAT|LOOCV,,XGBoost,51,LOOCV,OFAT,Thickness_mean,,,,15,15,10,OFAT,14.995,6.633285999298096
loocv_ref,OFAT|LOOCV,,XGBoost,51,LOOCV,OFAT,Thickness_mean,,,,16,16,13,OFAT,14.025,13.421810150146484
loocv_ref,OFAT|LOOCV,,XGBoost,51,LOOCV,OFAT,Thickness_mean,,,,17,17,10,OFAT,9.0475,7.965847015380859
loocv_ref,OFAT|LOOCV,,XGBoost,51,LOOCV,OFAT,Thickness_mean,,,,18,18,14,OFAT,22.225,23.04071044921875
loocv_ref,OFAT|LOOCV,,XGBoost,51,LOOCV,OFAT,Thickness_mean,,,,19,19,14,OFAT,25.935,22.201276779174805
loocv_ref,OFAT|LOOCV,,XGBoost,51,LOOCV,OFAT,Thickness_mean,,,,20,20,15,OFAT,7.03,3.8666162490844727
loocv_ref,OFAT|LOOCV,,XGBoost,51,LOOCV,OFAT,Thickness_mean,,,,21,21,16,OFAT,13.5325,8.31208610534668
loocv_ref,OFAT|LOOCV,,XGBoost,51,LOOCV,OFAT,Thickness_mean,,,,22,22,14,OFAT,25.29,22.542659759521484
loocv_ref,OFAT|LOOCV,,XGBoost,51,LOOCV,OFAT,Thickness_mean,,,,23,23,14,OFAT,21.965,23.001142501831055
loocv_ref,OFAT|LOOCV,,XGBoost,51,LOOCV,OFAT,Thickness_mean,,,,24,24,14,OFAT,23.082500000000003,22.75858497619629
loocv_ref,OFAT|LOOCV,,XGBoost,51,LOOCV,OFAT,Thickness_mean,,,,25,25,14,OFAT,21.262500000000003,23.035533905029297
loocv_ref,OFAT|LOOCV,,XGBoost,51,LOOCV,OFAT,Thickness_mean,,,,26,26,17,OFAT,17.8275,18.651891708374023
loocv_ref,OFAT|LOOCV,,XGBoost,51,LOOCV,OFAT,Thickness_mean,,,,27,27,17,OFAT,17.345,18.738733291625977
loocv_ref,OFAT|LOOCV,,XGBoost,51,LOOCV,OFAT,Thickness_mean,,,,28,28,17,OFAT,24.4925,17.163314819335938
loocv_ref,OFAT|LOOCV,,XGBoost,51,LOOCV,OFAT,Thickness_mean,,,,29,29,17,OFAT,17.695,18.871337890625
loocv_ref,OFAT|LOOCV,,XGBoost,51,LOOCV,OFAT,Thickness_mean,,,,30,30,17,OFAT,16.814999999999998,18.86998176574707
loocv_ref,OFAT|LOOCV,,XGBoost,51,LOOCV,OFAT,Thickness_mean,,,,31,31,18,OFAT,14.9425,16.784223556518555
loocv_ref,OFAT|LOOCV,,XGBoost,51,LOOCV,OFAT,Thickness_mean,,,,32,32,19,OFAT,9.9625,13.889920234680176
loocv_ref,OFAT|LOOCV,,XGBoost,51,LOOCV,OFAT,Thickness_mean,,,,33,33,20,OFAT,4.855,7.76828145980835
loocv_ref,OFAT|LOOCV,,XGBoost,51,LOOCV,OFAT,Thickness_mean,,,,34,34,21,OFAT,1.2375,5.473343372344971
loocv_ref,OFAT|LOOCV,,XGBoost,51,LOOCV,OFAT,Thickness_mean,,,,35,35,22,OFAT,2.0275,5.22157621383667
loocv_ref,OFAT|LOOCV,,XGBoost,51,LOOCV,OFAT,Thickness_mean,,,,36,36,23,OFAT,3.535,4.813131332397461
loocv_ref,OFAT|LOOCV,,XGBoost,51,LOOCV,OFAT,Thickness_mean,,,,37,37,20,OFAT,8.6425,6.008947849273682
loocv_ref,OFAT|LOOCV,,XGBoost,51,LOOCV,OFAT,Thickness_mean,,,,38,38,19,OFAT,12.75,13.235330581665039
loocv_ref,OFAT|LOOCV,,XGBoost,51,LOOCV,OFAT,Thickness_mean,,,,39,39,18,OFAT,16.965,15.299243927001953
loocv_ref,OFAT|LOOCV,,XGBoost,51,LOOCV,OFAT,Thickness_mean,,,,40,40,19,OFAT,19.6525,11.385734558105469
loocv_ref,OFAT|LOOCV,,XGBoost,51,LOOCV,OFAT,Thickness_mean,,,,41,41,19,OFAT,9.2675,14.23239803314209
loocv_ref,OFAT|LOOCV,,GPR,42,LOOCV,OFAT,Thickness_mean,,,,0,0,0,OFAT,36.34,18.417067921929277
loocv_ref,OFAT|LOOCV,,GPR,42,LOOCV,OFAT,Thickness_mean,,,,1,1,1,OFAT,19.9225,31.014959560662618
loocv_ref,OFAT|LOOCV,,GPR,42,LOOCV,OFAT,Thickness_mean,,,,2,2,2,OFAT,25.6625,20.53061514832001
loocv_ref,OFAT|LOOCV,,GPR,42,LOOCV,OFAT,Thickness_mean,,,,3,3,3,OFAT,20.2075,17.571613953113754
loocv_ref,OFAT|LOOCV,,GPR,42,LOOCV,OFAT,Thickness_mean,,,,4,4,4,OFAT,15.345,16.844199543842336
loocv_ref,OFAT|LOOCV,,GPR,42,LOOCV,OFAT,Thickness_mean,,,,5,5,5,OFAT,14.265,15.649632564402822
loocv_ref,OFAT|LOOCV,,GPR,42,LOOCV,OFAT,Thickness_mean,,,,6,6,6,OFAT,12.9225,32.860046879832794
loocv_ref,OFAT|LOOCV,,GPR,42,LOOCV,OFAT,Thickness_mean,,,,7,7,7,OFAT,13.2775,19.227856931729395
loocv_ref,OFAT|LOOCV,,GPR,42,LOOCV,OFAT,Thickness_mean,,,,8,8,8,OFAT,15.329999999999998,14.29035136246538
loocv_ref,OFAT|LOOCV,,GPR,42,LOOCV,OFAT,Thickness_mean,,,,9,9,9,OFAT,7.855,31.851585446676683
loocv_ref,OFAT|LOOCV,,GPR,42,LOOCV,OFAT,Thickness_mean,,,,10,10,10,OFAT,2.8075,10.147679033482252
loocv_ref,OFAT|LOOCV,,GPR,42,LOOCV,OFAT,Thickness_mean,,,,11,11,11,OFAT,7.7875,9.086251253222766
loocv_ref,OFAT|LOOCV,,GPR,42,LOOCV,OFAT,Thickness_mean,,,,12,12,11,OFAT,9.105,8.26517128549744
loocv_ref,OFAT|LOOCV,,GPR,42,LOOCV,OFAT,Thickness_mean,,,,13,13,12,OFAT,7.734999999999999,8.976541853712778
loocv_ref,OFAT|LOOCV,,GPR,42,LOOCV,OFAT,Thickness_mean,,,,14,14,10,OFAT,6.8225,9.871651307018213
loocv_ref,OFAT|LOOCV,,GPR,42,LOOCV,OFAT,Thickness_mean,,,,15,15,10,OFAT,14.995,9.316527625540449
loocv_ref,OFAT|LOOCV,,GPR,42,LOOCV,OFAT,Thickness_mean,,,,16,16,13,OFAT,14.025,10.800472816668552
loocv_ref,OFAT|LOOCV,,GPR,42,LOOCV,OFAT,Thickness_mean,,,,17,17,10,OFAT,9.0475,9.720860866286703
loocv_ref,OFAT|LOOCV,,GPR,42,LOOCV,OFAT,Thickness_mean,,,,18,18,14,OFAT,22.225,22.36941549468026
loocv_ref,OFAT|LOOCV,,GPR,42,LOOCV,OFAT,Thickness_mean,,,,19,19,14,OFAT,25.935,21.886660095556927
loocv_ref,OFAT|LOOCV,,GPR,42,LOOCV,OFAT,Thickness_mean,,,,20,20,15,OFAT,7.03,6.045778873946274
loocv_ref,OFAT|LOOCV,,GPR,42,LOOCV,OFAT,Thickness_mean,,,,21,21,16,OFAT,13.5325,10.426522776643118
loocv_ref,OFAT|LOOCV,,GPR,42,LOOCV,OFAT,Thickness_mean,,,,22,22,14,OFAT,25.29,21.967288135621413
loocv_ref,OFAT|LOOCV,,GPR,42,LOOCV,OFAT,Thickness_mean,,,,23,23,14,OFAT,21.965,22.405127328518205
loocv_ref,OFAT|LOOCV,,GPR,42,LOOCV,OFAT,Thickness_mean,,,,24,24,14,OFAT,23.082500000000003,22.25349608259682
loocv_ref,OFAT|LOOCV,,GPR,42,LOOCV,OFAT,Thickness_mean,,,,25,25,14,OFAT,21.262500000000003,22.503012552402453
loocv_ref,OFAT|LOOCV,,GPR,42,LOOCV,OFAT,Thickness_mean,,,,26,26,17,OFAT,17.8275,19.225494385163937
loocv_ref,OFAT|LOOCV,,GPR,42,LOOCV,OFAT,Thickness_mean,,,,27,27,17,OFAT,17.345,19.262777323708118
loocv_ref,OFAT|LOOCV,,GPR,42,LOOCV,OFAT,Thickness_mean,,,,28,28,17,OFAT,24.4925,18.759373164435505
loocv_ref,OFAT|LOOCV,,GPR,42,LOOCV,OFAT,Thickness_mean,,,,29,29,17,OFAT,17.695,19.235685285054796
loocv_ref,OFAT|LOOCV,,GPR,42,LOOCV,OFAT,Thickness_mean,,,,30,30,17,OFAT,16.814999999999998,19.30426919081917
loocv_ref,OFAT|LOOCV,,GPR,42,LOOCV,OFAT,Thickness_mean,,,,31,31,18,OFAT,14.9425,18.10113588170255
loocv_ref,OFAT|LOOCV,,GPR,42,LOOCV,OFAT,Thickness_mean,,,,32,32,19,OFAT,9.9625,12.10237464159297
loocv_ref,OFAT|LOOCV,,GPR,42,LOOCV,OFAT,Thickness_mean,,,,33,33,20,OFAT,4.855,6.434565260296706
loocv_ref,OFAT|LOOCV,,GPR,42,LOOCV,OFAT,Thickness_mean,,,,34,34,21,OFAT,1.2375,3.07672305473492
loocv_ref,OFAT|LOOCV,,GPR,42,LOOCV,OFAT,Thickness_mean,,,,35,35,22,OFAT,2.0275,3.482354646638491
loocv_ref,OFAT|LOOCV,,GPR,42,LOOCV,OFAT,Thickness_mean,,,,36,36,23,OFAT,3.535,4.715961842082976
loocv_ref,OFAT|LOOCV,,GPR,42,LOOCV,OFAT,Thickness_mean,,,,37,37,20,OFAT,8.6425,6.074507625991984
loocv_ref,OFAT|LOOCV,,GPR,42,LOOCV,OFAT,Thickness_mean,,,,38,38,19,OFAT,12.75,11.910750329546085
loocv_ref,OFAT|LOOCV,,GPR,42,LOOCV,OFAT,Thickness_mean,,,,39,39,18,OFAT,16.965,17.944473608906605
loocv_ref,OFAT|LOOCV,,GPR,42,LOOCV,OFAT,Thickness_mean,,,,40,40,19,OFAT,19.6525,11.443279107735771
loocv_ref,OFAT|LOOCV,,GPR,42,LOOCV,OFAT,Thickness_mean,,,,41,41,19,OFAT,9.2675,12.15121917352757
loocv_ref,OFAT|LOOCV,,GPR,43,LOOCV,OFAT,Thickness_mean,,,,0,0,0,OFAT,36.34,18.417066565792517
loocv_ref,OFAT|LOOCV,,GPR,43,LOOCV,OFAT,Thickness_mean,,,,1,1,1,OFAT,19.9225,31.014974345016398
loocv_ref,OFAT|LOOCV,,GPR,43,LOOCV,OFAT,Thickness_mean,,,,2,2,2,OFAT,25.6625,20.530597085385615
loocv_ref,OFAT|LOOCV,,GPR,43,LOOCV,OFAT,Thickness_mean,,,,3,3,3,OFAT,20.2075,17.57161246967853
loocv_ref,OFAT|LOOCV,,GPR,43,LOOCV,OFAT,Thickness_mean,,,,4,4,4,OFAT,15.345,16.844198818031746
loocv_ref,OFAT|LOOCV,,GPR,43,LOOCV,OFAT,Thickness_mean,,,,5,5,5,OFAT,14.265,15.649655746905749
loocv_ref,OFAT|LOOCV,,GPR,43,LOOCV,OFAT,Thickness_mean,,,,6,6,6,OFAT,12.9225,32.8598980640721
loocv_ref,OFAT|LOOCV,,GPR,43,LOOCV,OFAT,Thickness_mean,,,,7,7,7,OFAT,13.2775,19.227863146448982
loocv_ref,OFAT|LOOCV,,GPR,43,LOOCV,OFAT,Thickness_mean,,,,8,8,8,OFAT,15.329999999999998,14.290382767383111
loocv_ref,OFAT|LOOCV,,GPR,43,LOOCV,OFAT,Thickness_mean,,,,9,9,9,OFAT,7.855,31.85160082750185
loocv_ref,OFAT|LOOCV,,GPR,43,LOOCV,OFAT,Thickness_mean,,,,10,10,10,OFAT,2.8075,10.147678750074853
loocv_ref,OFAT|LOOCV,,GPR,43,LOOCV,OFAT,Thickness_mean,,,,11,11,11,OFAT,7.7875,9.086250486655358
loocv_ref,OFAT|LOOCV,,GPR,43,LOOCV,OFAT,Thickness_mean,,,,12,12,11,OFAT,9.105,8.26517074126311
loocv_ref,OFAT|LOOCV,,GPR,43,LOOCV,OFAT,Thickness_mean,,,,13,13,12,OFAT,7.734999999999999,8.97653468979382
loocv_ref,OFAT|LOOCV,,GPR,43,LOOCV,OFAT,Thickness_mean,,,,14,14,10,OFAT,6.8225,9.871650862324687
loocv_ref,OFAT|LOOCV,,GPR,43,LOOCV,OFAT,Thickness_mean,,,,15,15,10,OFAT,14.995,9.316527200640323
loocv_ref,OFAT|LOOCV,,GPR,43,LOOCV,OFAT,Thickness_mean,,,,16,16,13,OFAT,14.025,10.800470104568644
loocv_ref,OFAT|LOOCV,,GPR,43,LOOCV,OFAT,Thickness_mean,,,,17,17,10,OFAT,9.0475,9.72085825743794
loocv_ref,OFAT|LOOCV,,GPR,43,LOOCV,OFAT,Thickness_mean,,,,18,18,14,OFAT,22.225,22.369408510836923
loocv_ref,OFAT|LOOCV,,GPR,43,LOOCV,OFAT,Thickness_mean,,,,19,19,14,OFAT,25.935,21.88665925709951
loocv_ref,OFAT|LOOCV,,GPR,43,LOOCV,OFAT,Thickness_mean,,,,20,20,15,OFAT,7.03,6.045776062561556
loocv_ref,OFAT|LOOCV,,GPR,43,LOOCV,OFAT,Thickness_mean,,,,21,21,16,OFAT,13.5325,10.426521830642388
loocv_ref,OFAT|LOOCV,,GPR,43,LOOCV,OFAT,Thickness_mean,,,,22,22,14,OFAT,25.29,21.967293494677236
loocv_ref,OFAT|LOOCV,,GPR,43,LOOCV,OFAT,Thickness_mean,,,,23,23,14,OFAT,21.965,22.405127769968907
loocv_ref,OFAT|LOOCV,,GPR,43,LOOCV,OFAT,Thickness_mean,,,,24,24,14,OFAT,23.082500000000003,22.253499130860934
loocv_ref,OFAT|LOOCV,,GPR,43,LOOCV,OFAT,Thickness_mean,,,,25,25,14,OFAT,21.262500000000003,22.503004164470987
loocv_ref,OFAT|LOOCV,,GPR,43,LOOCV,OFAT,Thickness_mean,,,,26,26,17,OFAT,17.8275,19.225496346357534
loocv_ref,OFAT|LOOCV,,GPR,43,LOOCV,OFAT,Thickness_mean,,,,27,27,17,OFAT,17.345,19.26277842264902
loocv_ref,OFAT|LOOCV,,GPR,43,LOOCV,OFAT,Thickness_mean,,,,28,28,17,OFAT,24.4925,18.759372786403524
loocv_ref,OFAT|LOOCV,,GPR,43,LOOCV,OFAT,Thickness_mean,,,,29,29,17,OFAT,17.695,19.23568758183678
loocv_ref,OFAT|LOOCV,,GPR,43,LOOCV,OFAT,Thickness_mean,,,,30,30,17,OFAT,16.814999999999998,19.304283619717015
loocv_ref,OFAT|LOOCV,,GPR,43,LOOCV,OFAT,Thickness_mean,,,,31,31,18,OFAT,14.9425,18.101137394094224
loocv_ref,OFAT|LOOCV,,GPR,43,LOOCV,OFAT,Thickness_mean,,,,32,32,19,OFAT,9.9625,12.1023750607627
loocv_ref,OFAT|LOOCV,,GPR,43,LOOCV,OFAT,Thickness_mean,,,,33,33,20,OFAT,4.855,6.4345713660167725
loocv_ref,OFAT|LOOCV,,GPR,43,LOOCV,OFAT,Thickness_mean,,,,34,34,21,OFAT,1.2375,3.076719805438408
loocv_ref,OFAT|LOOCV,,GPR,43,LOOCV,OFAT,Thickness_mean,,,,35,35,22,OFAT,2.0275,3.4823567348389677
loocv_ref,OFAT|LOOCV,,GPR,43,LOOCV,OFAT,Thickness_mean,,,,36,36,23,OFAT,3.535,4.715960425967662
loocv_ref,OFAT|LOOCV,,GPR,43,LOOCV,OFAT,Thickness_mean,,,,37,37,20,OFAT,8.6425,6.074509245121055
loocv_ref,OFAT|LOOCV,,GPR,43,LOOCV,OFAT,Thickness_mean,,,,38,38,19,OFAT,12.75,11.91075002233343
loocv_ref,OFAT|LOOCV,,GPR,43,LOOCV,OFAT,Thickness_mean,,,,39,39,18,OFAT,16.965,17.944474994262166
loocv_ref,OFAT|LOOCV,,GPR,43,LOOCV,OFAT,Thickness_mean,,,,40,40,19,OFAT,19.6525,11.4432875236649
loocv_ref,OFAT|LOOCV,,GPR,43,LOOCV,OFAT,Thickness_mean,,,,41,41,19,OFAT,9.2675,12.15121528417227
loocv_ref,OFAT|LOOCV,,GPR,44,LOOCV,OFAT,Thickness_mean,,,,0,0,0,OFAT,36.34,18.417033124449087
loocv_ref,OFAT|LOOCV,,GPR,44,LOOCV,OFAT,Thickness_mean,,,,1,1,1,OFAT,19.9225,31.014975623333065
loocv_ref,OFAT|LOOCV,,GPR,44,LOOCV,OFAT,Thickness_mean,,,,2,2,2,OFAT,25.6625,20.5305994920608
loocv_ref,OFAT|LOOCV,,GPR,44,LOOCV,OFAT,Thickness_mean,,,,3,3,3,OFAT,20.2075,17.571610972232914
loocv_ref,OFAT|LOOCV,,GPR,44,LOOCV,OFAT,Thickness_mean,,,,4,4,4,OFAT,15.345,16.84418720874564
loocv_ref,OFAT|LOOCV,,GPR,44,LOOCV,OFAT,Thickness_mean,,,,5,5,5,OFAT,14.265,15.649661060494116
loocv_ref,OFAT|LOOCV,,GPR,44,LOOCV,OFAT,Thickness_mean,,,,6,6,6,OFAT,12.9225,32.86031846632266
loocv_ref,OFAT|LOOCV,,GPR,44,LOOCV,OFAT,Thickness_mean,,,,7,7,7,OFAT,13.2775,19.22786243088929
loocv_ref,OFAT|LOOCV,,GPR,44,LOOCV,OFAT,Thickness_mean,,,,8,8,8,OFAT,15.329999999999998,14.290432877041239
loocv_ref,OFAT|LOOCV,,GPR,44,LOOCV,OFAT,Thickness_mean,,,,9,9,9,OFAT,7.855,31.85160435973317
loocv_ref,OFAT|LOOCV,,GPR,44,LOOCV,OFAT,Thickness_mean,,,,10,10,10,OFAT,2.8075,10.14768048560629
loocv_ref,OFAT|LOOCV,,GPR,44,LOOCV,OFAT,Thickness_mean,,,,11,11,11,OFAT,7.7875,9.086254217400768
loocv_ref,OFAT|LOOCV,,GPR,44,LOOCV,OFAT,Thickness_mean,,,,12,12,11,OFAT,9.105,8.265170471311514
loocv_ref,OFAT|LOOCV,,GPR,44,LOOCV,OFAT,Thickness_mean,,,,13,13,12,OFAT,7.734999999999999,8.976534217382843
loocv_ref,OFAT|LOOCV,,GPR,44,LOOCV,OFAT,Thickness_mean,,,,14,14,10,OFAT,6.8225,9.871653841246957
loocv_ref,OFAT|LOOCV,,GPR,44,LOOCV,OFAT,Thickness_mean,,,,15,15,10,OFAT,14.995,9.316526852629844
loocv_ref,OFAT|LOOCV,,GPR,44,LOOCV,OFAT,Thickness_mean,,,,16,16,13,OFAT,14.025,10.800470848047034
loocv_ref,OFAT|LOOCV,,GPR,44,LOOCV,OFAT,Thickness_mean,,,,17,17,10,OFAT,9.0475,9.720859917385155
loocv_ref,OFAT|LOOCV,,GPR,44,LOOCV,OFAT,Thickness_mean,,,,18,18,14,OFAT,22.225,22.369418323899527
loocv_ref,OFAT|LOOCV,,GPR,44,LOOCV,OFAT,Thickness_mean,,,,19,19,14,OFAT,25.935,21.88666158113259
loocv_ref,OFAT|LOOCV,,GPR,44,LOOCV,OFAT,Thickness_mean,,,,20,20,15,OFAT,7.03,6.04577566036291
loocv_ref,OFAT|LOOCV,,GPR,44,LOOCV,OFAT,Thickness_mean,,,,21,21,16,OFAT,13.5325,10.42652308784861
loocv_ref,OFAT|LOOCV,,GPR,44,LOOCV,OFAT,Thickness_mean,,,,22,22,14,OFAT,25.29,21.967299532440986
loocv_ref,OFAT|LOOCV,,GPR,44,LOOCV,OFAT,Thickness_mean,,,,23,23,14,OFAT,21.965,22.405132251825194
loocv_ref,OFAT|LOOCV,,GPR,44,LOOCV,OFAT,Thickness_mean,,,,24,24,14,OFAT,23.082500000000003,22.253495787353906
loocv_ref,OFAT|LOOCV,,GPR,44,LOOCV,OFAT,Thickness_mean,,,,25,25,14,OFAT,21.262500000000003,22.503013196063378
loocv_ref,OFAT|LOOCV,,GPR,44,LOOCV,OFAT,Thickness_mean,,,,26,26,17,OFAT,17.8275,19.225491981892365
loocv_ref,OFAT|LOOCV,,GPR,44,LOOCV,OFAT,Thickness_mean,,,,27,27,17,OFAT,17.345,19.26277658677734
loocv_ref,OFAT|LOOCV,,GPR,44,LOOCV,OFAT,Thickness_mean,,,,28,28,17,OFAT,24.4925,18.75937343548264
loocv_ref,OFAT|LOOCV,,GPR,44,LOOCV,OFAT,Thickness_mean,,,,29,29,17,OFAT,17.695,19.235684444780162
loocv_ref,OFAT|LOOCV,,GPR,44,LOOCV,OFAT,Thickness_mean,,,,30,30,17,OFAT,16.814999999999998,19.30427625346629
loocv_ref,OFAT|LOOCV,,GPR,44,LOOCV,OFAT,Thickness_mean,,,,31,31,18,OFAT,14.9425,18.101135268609646
loocv_ref,OFAT|LOOCV,,GPR,44,LOOCV,OFAT,Thickness_mean,,,,32,32,19,OFAT,9.9625,12.102376416447962
loocv_ref,OFAT|LOOCV,,GPR,44,LOOCV,OFAT,Thickness_mean,,,,33,33,20,OFAT,4.855,6.434569501485168
loocv_ref,OFAT|LOOCV,,GPR,44,LOOCV,OFAT,Thickness_mean,,,,34,34,21,OFAT,1.2375,3.0767186655394667
loocv_ref,OFAT|LOOCV,,GPR,44,LOOCV,OFAT,Thickness_mean,,,,35,35,22,OFAT,2.0275,3.482357296827603
loocv_ref,OFAT|LOOCV,,GPR,44,LOOCV,OFAT,Thickness_mean,,,,36,36,23,OFAT,3.535,4.7159615884123145
loocv_ref,OFAT|LOOCV,,GPR,44,LOOCV,OFAT,Thickness_mean,,,,37,37,20,OFAT,8.6425,6.07451243538779
loocv_ref,OFAT|LOOCV,,GPR,44,LOOCV,OFAT,Thickness_mean,,,,38,38,19,OFAT,12.75,11.910750072500777
loocv_ref,OFAT|LOOCV,,GPR,44,LOOCV,OFAT,Thickness_mean,,,,39,39,18,OFAT,16.965,17.944470873940922
loocv_ref,OFAT|LOOCV,,GPR,44,LOOCV,OFAT,Thickness_mean,,,,40,40,19,OFAT,19.6525,11.443287039173214
loocv_ref,OFAT|LOOCV,,GPR,44,LOOCV,OFAT,Thickness_mean,,,,41,41,19,OFAT,9.2675,12.151219314906555
loocv_ref,OFAT|LOOCV,,GPR,45,LOOCV,OFAT,Thickness_mean,,,,0,0,0,OFAT,36.34,18.41702584635847
loocv_ref,OFAT|LOOCV,,GPR,45,LOOCV,OFAT,Thickness_mean,,,,1,1,1,OFAT,19.9225,31.014977756129568
loocv_ref,OFAT|LOOCV,,GPR,45,LOOCV,OFAT,Thickness_mean,,,,2,2,2,OFAT,25.6625,20.53058916422882
loocv_ref,OFAT|LOOCV,,GPR,45,LOOCV,OFAT,Thickness_mean,,,,3,3,3,OFAT,20.2075,17.57162255663615
loocv_ref,OFAT|LOOCV,,GPR,45,LOOCV,OFAT,Thickness_mean,,,,4,4,4,OFAT,15.345,16.84418714760547
loocv_ref,OFAT|LOOCV,,GPR,45,LOOCV,OFAT,Thickness_mean,,,,5,5,5,OFAT,14.265,15.649647355154796
loocv_ref,OFAT|LOOCV,,GPR,45,LOOCV,OFAT,Thickness_mean,,,,6,6,6,OFAT,12.9225,32.860020225099184
loocv_ref,OFAT|LOOCV,,GPR,45,LOOCV,OFAT,Thickness_mean,,,,7,7,7,OFAT,13.2775,19.22786171677771
loocv_ref,OFAT|LOOCV,,GPR,45,LOOCV,OFAT,Thickness_mean,,,,8,8,8,OFAT,15.329999999999998,14.290424860177298
loocv_ref,OFAT|LOOCV,,GPR,45,LOOCV,OFAT,Thickness_mean,,,,9,9,9,OFAT,7.855,31.85159020072561
loocv_ref,OFAT|LOOCV,,GPR,45,LOOCV,OFAT,Thickness_mean,,,,10,10,10,OFAT,2.8075,10.14767925804502
loocv_ref,OFAT|LOOCV,,GPR,45,LOOCV,OFAT,Thickness_mean,,,,11,11,11,OFAT,7.7875,9.086266415017828
loocv_ref,OFAT|LOOCV,,GPR,45,LOOCV,OFAT,Thickness_mean,,,,12,12,11,OFAT,9.105,8.265183922110037
loocv_ref,OFAT|LOOCV,,GPR,45,LOOCV,OFAT,Thickness_mean,,,,13,13,12,OFAT,7.734999999999999,8.976527075285357
loocv_ref,OFAT|LOOCV,,GPR,45,LOOCV,OFAT,Thickness_mean,,,,14,14,10,OFAT,6.8225,9.871650430656173
loocv_ref,OFAT|LOOCV,,GPR,45,LOOCV,OFAT,Thickness_mean,,,,15,15,10,OFAT,14.995,9.316529773152542
loocv_ref,OFAT|LOOCV,,GPR,45,LOOCV,OFAT,Thickness_mean,,,,16,16,13,OFAT,14.025,10.800470092327776
loocv_ref,OFAT|LOOCV,,GPR,45,LOOCV,OFAT,Thickness_mean,,,,17,17,10,OFAT,9.0475,9.720861813881173
loocv_ref,OFAT|LOOCV,,GPR,45,LOOCV,OFAT,Thickness_mean,,,,18,18,14,OFAT,22.225,22.369411552957523
loocv_ref,OFAT|LOOCV,,GPR,45,LOOCV,OFAT,Thickness_mean,,,,19,19,14,OFAT,25.935,21.88666074097359
loocv_ref,OFAT|LOOCV,,GPR,45,LOOCV,OFAT,Thickness_mean,,,,20,20,15,OFAT,7.03,6.045775121569562
loocv_ref,OFAT|LOOCV,,GPR,45,LOOCV,OFAT,Thickness_mean,,,,21,21,16,OFAT,13.5325,10.426513866919192
loocv_ref,OFAT|LOOCV,,GPR,45,LOOCV,OFAT,Thickness_mean,,,,22,22,14,OFAT,25.29,21.967293995705173
loocv_ref,OFAT|LOOCV,,GPR,45,LOOCV,OFAT,Thickness_mean,,,,23,23,14,OFAT,21.965,22.405128314332117
loocv_ref,OFAT|LOOCV,,GPR,45,LOOCV,OFAT,Thickness_mean,,,,24,24,14,OFAT,23.082500000000003,22.253501224709183
loocv_ref,OFAT|LOOCV,,GPR,45,LOOCV,OFAT,Thickness_mean,,,,25,25,14,OFAT,21.262500000000003,22.503004625603687
loocv_ref,OFAT|LOOCV,,GPR,45,LOOCV,OFAT,Thickness_mean,,,,26,26,17,OFAT,17.8275,19.225531426475353
loocv_ref,OFAT|LOOCV,,GPR,45,LOOCV,OFAT,Thickness_mean,,,,27,27,17,OFAT,17.345,19.26276430976648
loocv_ref,OFAT|LOOCV,,GPR,45,LOOCV,OFAT,Thickness_mean,,,,28,28,17,OFAT,24.4925,18.759375228740808
loocv_ref,OFAT|LOOCV,,GPR,45,LOOCV,OFAT,Thickness_mean,,,,29,29,17,OFAT,17.695,19.23568625082291
loocv_ref,OFAT|LOOCV,,GPR,45,LOOCV,OFAT,Thickness_mean,,,,30,30,17,OFAT,16.814999999999998,19.30427544266942
loocv_ref,OFAT|LOOCV,,GPR,45,LOOCV,OFAT,Thickness_mean,,,,31,31,18,OFAT,14.9425,18.101135251068598
loocv_ref,OFAT|LOOCV,,GPR,45,LOOCV,OFAT,Thickness_mean,,,,32,32,19,OFAT,9.9625,12.102374335609785
loocv_ref,OFAT|LOOCV,,GPR,45,LOOCV,OFAT,Thickness_mean,,,,33,33,20,OFAT,4.855,6.434568563348384
loocv_ref,OFAT|LOOCV,,GPR,45,LOOCV,OFAT,Thickness_mean,,,,34,34,21,OFAT,1.2375,3.0767069363725668
loocv_ref,OFAT|LOOCV,,GPR,45,LOOCV,OFAT,Thickness_mean,,,,35,35,22,OFAT,2.0275,3.4823609234808224
loocv_ref,OFAT|LOOCV,,GPR,45,LOOCV,OFAT,Thickness_mean,,,,36,36,23,OFAT,3.535,4.71596142843566
loocv_ref,OFAT|LOOCV,,GPR,45,LOOCV,OFAT,Thickness_mean,,,,37,37,20,OFAT,8.6425,6.074509975606329
loocv_ref,OFAT|LOOCV,,GPR,45,LOOCV,OFAT,Thickness_mean,,,,38,38,19,OFAT,12.75,11.910749836776922
loocv_ref,OFAT|LOOCV,,GPR,45,LOOCV,OFAT,Thickness_mean,,,,39,39,18,OFAT,16.965,17.94448360029471
loocv_ref,OFAT|LOOCV,,GPR,45,LOOCV,OFAT,Thickness_mean,,,,40,40,19,OFAT,19.6525,11.443288219869505
loocv_ref,OFAT|LOOCV,,GPR,45,LOOCV,OFAT,Thickness_mean,,,,41,41,19,OFAT,9.2675,12.151219643199264
loocv_ref,OFAT|LOOCV,,GPR,46,LOOCV,OFAT,Thickness_mean,,,,0,0,0,OFAT,36.34,18.41707179486076
loocv_ref,OFAT|LOOCV,,GPR,46,LOOCV,OFAT,Thickness_mean,,,,1,1,1,OFAT,19.9225,31.0149703877293
loocv_ref,OFAT|LOOCV,,GPR,46,LOOCV,OFAT,Thickness_mean,,,,2,2,2,OFAT,25.6625,20.53063862610827
loocv_ref,OFAT|LOOCV,,GPR,46,LOOCV,OFAT,Thickness_mean,,,,3,3,3,OFAT,20.2075,17.571612272266098
loocv_ref,OFAT|LOOCV,,GPR,46,LOOCV,OFAT,Thickness_mean,,,,4,4,4,OFAT,15.345,16.84419954451006
loocv_ref,OFAT|LOOCV,,GPR,46,LOOCV,OFAT,Thickness_mean,,,,5,5,5,OFAT,14.265,15.649654326254076
loocv_ref,OFAT|LOOCV,,GPR,46,LOOCV,OFAT,Thickness_mean,,,,6,6,6,OFAT,12.9225,32.859900561075875
loocv_ref,OFAT|LOOCV,,GPR,46,LOOCV,OFAT,Thickness_mean,,,,7,7,7,OFAT,13.2775,19.22786288641516
loocv_ref,OFAT|LOOCV,,GPR,46,LOOCV,OFAT,Thickness_mean,,,,8,8,8,OFAT,15.329999999999998,14.290421545922262
loocv_ref,OFAT|LOOCV,,GPR,46,LOOCV,OFAT,Thickness_mean,,,,9,9,9,OFAT,7.855,31.851191867335363
loocv_ref,OFAT|LOOCV,,GPR,46,LOOCV,OFAT,Thickness_mean,,,,10,10,10,OFAT,2.8075,10.147678996000455
loocv_ref,OFAT|LOOCV,,GPR,46,LOOCV,OFAT,Thickness_mean,,,,11,11,11,OFAT,7.7875,9.086247235935302
loocv_ref,OFAT|LOOCV,,GPR,46,LOOCV,OFAT,Thickness_mean,,,,12,12,11,OFAT,9.105,8.265169707229695
loocv_ref,OFAT|LOOCV,,GPR,46,LOOCV,OFAT,Thickness_mean,,,,13,13,12,OFAT,7.734999999999999,8.976534177282169
loocv_ref,OFAT|LOOCV,,GPR,46,LOOCV,OFAT,Thickness_mean,,,,14,14,10,OFAT,6.8225,9.871651076018535
loocv_ref,OFAT|LOOCV,,GPR,46,LOOCV,OFAT,Thickness_mean,,,,15,15,10,OFAT,14.995,9.316527838405698
loocv_ref,OFAT|LOOCV,,GPR,46,LOOCV,OFAT,Thickness_mean,,,,16,16,13,OFAT,14.025,10.800470065650984
loocv_ref,OFAT|LOOCV,,GPR,46,LOOCV,OFAT,Thickness_mean,,,,17,17,10,OFAT,9.0475,9.720860434757011
loocv_ref,OFAT|LOOCV,,GPR,46,LOOCV,OFAT,Thickness_mean,,,,18,18,14,OFAT,22.225,22.36941229825821
loocv_ref,OFAT|LOOCV,,GPR,46,LOOCV,OFAT,Thickness_mean,,,,19,19,14,OFAT,25.935,21.8866636588928
loocv_ref,OFAT|LOOCV,,GPR,46,LOOCV,OFAT,Thickness_mean,,,,20,20,15,OFAT,7.03,6.045774717278233
loocv_ref,OFAT|LOOCV,,GPR,46,LOOCV,OFAT,Thickness_mean,,,,21,21,16,OFAT,13.5325,10.426522498890753
loocv_ref,OFAT|LOOCV,,GPR,46,LOOCV,OFAT,Thickness_mean,,,,22,22,14,OFAT,25.29,21.96728828255434
loocv_ref,OFAT|LOOCV,,GPR,46,LOOCV,OFAT,Thickness_mean,,,,23,23,14,OFAT,21.965,22.40512804455123
loocv_ref,OFAT|LOOCV,,GPR,46,LOOCV,OFAT,Thickness_mean,,,,24,24,14,OFAT,23.082500000000003,22.253496137470382
loocv_ref,OFAT|LOOCV,,GPR,46,LOOCV,OFAT,Thickness_mean,,,,25,25,14,OFAT,21.262500000000003,22.50300855415842
loocv_ref,OFAT|LOOCV,,GPR,46,LOOCV,OFAT,Thickness_mean,,,,26,26,17,OFAT,17.8275,19.2254958779592
loocv_ref,OFAT|LOOCV,,GPR,46,LOOCV,OFAT,Thickness_mean,,,,27,27,17,OFAT,17.345,19.26277681498089
loocv_ref,OFAT|LOOCV,,GPR,46,LOOCV,OFAT,Thickness_mean,,,,28,28,17,OFAT,24.4925,18.75937266009377
loocv_ref,OFAT|LOOCV,,GPR,46,LOOCV,OFAT,Thickness_mean,,,,29,29,17,OFAT,17.695,19.23568711023944
loocv_ref,OFAT|LOOCV,,GPR,46,LOOCV,OFAT,Thickness_mean,,,,30,30,17,OFAT,16.814999999999998,19.30429278793525
loocv_ref,OFAT|LOOCV,,GPR,46,LOOCV,OFAT,Thickness_mean,,,,31,31,18,OFAT,14.9425,18.101136077832987
loocv_ref,OFAT|LOOCV,,GPR,46,LOOCV,OFAT,Thickness_mean,,,,32,32,19,OFAT,9.9625,12.102374686971494
loocv_ref,OFAT|LOOCV,,GPR,46,LOOCV,OFAT,Thickness_mean,,,,33,33,20,OFAT,4.855,6.434568897278661
loocv_ref,OFAT|LOOCV,,GPR,46,LOOCV,OFAT,Thickness_mean,,,,34,34,21,OFAT,1.2375,3.07668918561407
loocv_ref,OFAT|LOOCV,,GPR,46,LOOCV,OFAT,Thickness_mean,,,,35,35,22,OFAT,2.0275,3.4823435159109284
loocv_ref,OFAT|LOOCV,,GPR,46,LOOCV,OFAT,Thickness_mean,,,,36,36,23,OFAT,3.535,4.715963249766636
loocv_ref,OFAT|LOOCV,,GPR,46,LOOCV,OFAT,Thickness_mean,,,,37,37,20,OFAT,8.6425,6.074510163483749
loocv_ref,OFAT|LOOCV,,GPR,46,LOOCV,OFAT,Thickness_mean,,,,38,38,19,OFAT,12.75,11.91074872745784
loocv_ref,OFAT|LOOCV,,GPR,46,LOOCV,OFAT,Thickness_mean,,,,39,39,18,OFAT,16.965,17.94447045544432
loocv_ref,OFAT|LOOCV,,GPR,46,LOOCV,OFAT,Thickness_mean,,,,40,40,19,OFAT,19.6525,11.443287276671231
loocv_ref,OFAT|LOOCV,,GPR,46,LOOCV,OFAT,Thickness_mean,,,,41,41,19,OFAT,9.2675,12.151218252882261
loocv_ref,OFAT|LOOCV,,GPR,47,LOOCV,OFAT,Thickness_mean,,,,0,0,0,OFAT,36.34,18.417207146900303
loocv_ref,OFAT|LOOCV,,GPR,47,LOOCV,OFAT,Thickness_mean,,,,1,1,1,OFAT,19.9225,31.014967055301305
loocv_ref,OFAT|LOOCV,,GPR,47,LOOCV,OFAT,Thickness_mean,,,,2,2,2,OFAT,25.6625,20.530616469181872
loocv_ref,OFAT|LOOCV,,GPR,47,LOOCV,OFAT,Thickness_mean,,,,3,3,3,OFAT,20.2075,17.571610131765574
loocv_ref,OFAT|LOOCV,,GPR,47,LOOCV,OFAT,Thickness_mean,,,,4,4,4,OFAT,15.345,16.844187871180303
loocv_ref,OFAT|LOOCV,,GPR,47,LOOCV,OFAT,Thickness_mean,,,,5,5,5,OFAT,14.265,15.649654844762907
loocv_ref,OFAT|LOOCV,,GPR,47,LOOCV,OFAT,Thickness_mean,,,,6,6,6,OFAT,12.9225,32.859973146576706
loocv_ref,OFAT|LOOCV,,GPR,47,LOOCV,OFAT,Thickness_mean,,,,7,7,7,OFAT,13.2775,19.2278627891465
loocv_ref,OFAT|LOOCV,,GPR,47,LOOCV,OFAT,Thickness_mean,,,,8,8,8,OFAT,15.329999999999998,14.290420987144016
loocv_ref,OFAT|LOOCV,,GPR,47,LOOCV,OFAT,Thickness_mean,,,,9,9,9,OFAT,7.855,31.851580109024493
loocv_ref,OFAT|LOOCV,,GPR,47,LOOCV,OFAT,Thickness_mean,,,,10,10,10,OFAT,2.8075,10.147678582552597
loocv_ref,OFAT|LOOCV,,GPR,47,LOOCV,OFAT,Thickness_mean,,,,11,11,11,OFAT,7.7875,9.086251699442771
loocv_ref,OFAT|LOOCV,,GPR,47,LOOCV,OFAT,Thickness_mean,,,,12,12,11,OFAT,9.105,8.265171587827703
loocv_ref,OFAT|LOOCV,,GPR,47,LOOCV,OFAT,Thickness_mean,,,,13,13,12,OFAT,7.734999999999999,8.976534815739901
loocv_ref,OFAT|LOOCV,,GPR,47,LOOCV,OFAT,Thickness_mean,,,,14,14,10,OFAT,6.8225,9.871650773320866
loocv_ref,OFAT|LOOCV,,GPR,47,LOOCV,OFAT,Thickness_mean,,,,15,15,10,OFAT,14.995,9.31652763417139
loocv_ref,OFAT|LOOCV,,GPR,47,LOOCV,OFAT,Thickness_mean,,,,16,16,13,OFAT,14.025,10.800470150169621
loocv_ref,OFAT|LOOCV,,GPR,47,LOOCV,OFAT,Thickness_mean,,,,17,17,10,OFAT,9.0475,9.720859328501975
loocv_ref,OFAT|LOOCV,,GPR,47,LOOCV,OFAT,Thickness_mean,,,,18,18,14,OFAT,22.225,22.369412007699825
loocv_ref,OFAT|LOOCV,,GPR,47,LOOCV,OFAT,Thickness_mean,,,,19,19,14,OFAT,25.935,21.886665235956617
loocv_ref,OFAT|LOOCV,,GPR,47,LOOCV,OFAT,Thickness_mean,,,,20,20,15,OFAT,7.03,6.0457757101243885
loocv_ref,OFAT|LOOCV,,GPR,47,LOOCV,OFAT,Thickness_mean,,,,21,21,16,OFAT,13.5325,10.426523126336665
loocv_ref,OFAT|LOOCV,,GPR,47,LOOCV,OFAT,Thickness_mean,,,,22,22,14,OFAT,25.29,21.967292243987874
loocv_ref,OFAT|LOOCV,,GPR,47,LOOCV,OFAT,Thickness_mean,,,,23,23,14,OFAT,21.965,22.4051384003199
loocv_ref,OFAT|LOOCV,,GPR,47,LOOCV,OFAT,Thickness_mean,,,,24,24,14,OFAT,23.082500000000003,22.253497291516855
loocv_ref,OFAT|LOOCV,,GPR,47,LOOCV,OFAT,Thickness_mean,,,,25,25,14,OFAT,21.262500000000003,22.503007030362717
loocv_ref,OFAT|LOOCV,,GPR,47,LOOCV,OFAT,Thickness_mean,,,,26,26,17,OFAT,17.8275,19.22549670110683
loocv_ref,OFAT|LOOCV,,GPR,47,LOOCV,OFAT,Thickness_mean,,,,27,27,17,OFAT,17.345,19.262778166786294
loocv_ref,OFAT|LOOCV,,GPR,47,LOOCV,OFAT,Thickness_mean,,,,28,28,17,OFAT,24.4925,18.759385621082206
loocv_ref,OFAT|LOOCV,,GPR,47,LOOCV,OFAT,Thickness_mean,,,,29,29,17,OFAT,17.695,19.235687047486003
loocv_ref,OFAT|LOOCV,,GPR,47,LOOCV,OFAT,Thickness_mean,,,,30,30,17,OFAT,16.814999999999998,19.304286905385595
loocv_ref,OFAT|LOOCV,,GPR,47,LOOCV,OFAT,Thickness_mean,,,,31,31,18,OFAT,14.9425,18.101137096936313
loocv_ref,OFAT|LOOCV,,GPR,47,LOOCV,OFAT,Thickness_mean,,,,32,32,19,OFAT,9.9625,12.102374401193641
loocv_ref,OFAT|LOOCV,,GPR,47,LOOCV,OFAT,Thickness_mean,,,,33,33,20,OFAT,4.855,6.434570393691748
loocv_ref,OFAT|LOOCV,,GPR,47,LOOCV,OFAT,Thickness_mean,,,,34,34,21,OFAT,1.2375,3.0767301665375033
loocv_ref,OFAT|LOOCV,,GPR,47,LOOCV,OFAT,Thickness_mean,,,,35,35,22,OFAT,2.0275,3.4823548804512523
loocv_ref,OFAT|LOOCV,,GPR,47,LOOCV,OFAT,Thickness_mean,,,,36,36,23,OFAT,3.535,4.715960589061764
loocv_ref,OFAT|LOOCV,,GPR,47,LOOCV,OFAT,Thickness_mean,,,,37,37,20,OFAT,8.6425,6.074514069417479
loocv_ref,OFAT|LOOCV,,GPR,47,LOOCV,OFAT,Thickness_mean,,,,38,38,19,OFAT,12.75,11.910749626907686
loocv_ref,OFAT|LOOCV,,GPR,47,LOOCV,OFAT,Thickness_mean,,,,39,39,18,OFAT,16.965,17.9444786933882
loocv_ref,OFAT|LOOCV,,GPR,47,LOOCV,OFAT,Thickness_mean,,,,40,40,19,OFAT,19.6525,11.44328742317555
loocv_ref,OFAT|LOOCV,,GPR,47,LOOCV,OFAT,Thickness_mean,,,,41,41,19,OFAT,9.2675,12.15121874004394
loocv_ref,OFAT|LOOCV,,GPR,48,LOOCV,OFAT,Thickness_mean,,,,0,0,0,OFAT,36.34,18.417267990187536
loocv_ref,OFAT|LOOCV,,GPR,48,LOOCV,OFAT,Thickness_mean,,,,1,1,1,OFAT,19.9225,31.01497390674532
loocv_ref,OFAT|LOOCV,,GPR,48,LOOCV,OFAT,Thickness_mean,,,,2,2,2,OFAT,25.6625,20.53063937440033
loocv_ref,OFAT|LOOCV,,GPR,48,LOOCV,OFAT,Thickness_mean,,,,3,3,3,OFAT,20.2075,17.571612326257235
loocv_ref,OFAT|LOOCV,,GPR,48,LOOCV,OFAT,Thickness_mean,,,,4,4,4,OFAT,15.345,16.84418714760547
loocv_ref,OFAT|LOOCV,,GPR,48,LOOCV,OFAT,Thickness_mean,,,,5,5,5,OFAT,14.265,15.64961353685629
loocv_ref,OFAT|LOOCV,,GPR,48,LOOCV,OFAT,Thickness_mean,,,,6,6,6,OFAT,12.9225,32.85989508650135
loocv_ref,OFAT|LOOCV,,GPR,48,LOOCV,OFAT,Thickness_mean,,,,7,7,7,OFAT,13.2775,19.22786400227723
loocv_ref,OFAT|LOOCV,,GPR,48,LOOCV,OFAT,Thickness_mean,,,,8,8,8,OFAT,15.329999999999998,14.290048616170726
loocv_ref,OFAT|LOOCV,,GPR,48,LOOCV,OFAT,Thickness_mean,,,,9,9,9,OFAT,7.855,31.851609267253846
loocv_ref,OFAT|LOOCV,,GPR,48,LOOCV,OFAT,Thickness_mean,,,,10,10,10,OFAT,2.8075,10.147679142578788
loocv_ref,OFAT|LOOCV,,GPR,48,LOOCV,OFAT,Thickness_mean,,,,11,11,11,OFAT,7.7875,9.086252112514346
loocv_ref,OFAT|LOOCV,,GPR,48,LOOCV,OFAT,Thickness_mean,,,,12,12,11,OFAT,9.105,8.265167527210068
loocv_ref,OFAT|LOOCV,,GPR,48,LOOCV,OFAT,Thickness_mean,,,,13,13,12,OFAT,7.734999999999999,8.97654616729324
loocv_ref,OFAT|LOOCV,,GPR,48,LOOCV,OFAT,Thickness_mean,,,,14,14,10,OFAT,6.8225,9.871645485876964
loocv_ref,OFAT|LOOCV,,GPR,48,LOOCV,OFAT,Thickness_mean,,,,15,15,10,OFAT,14.995,9.316527304011677
loocv_ref,OFAT|LOOCV,,GPR,48,LOOCV,OFAT,Thickness_mean,,,,16,16,13,OFAT,14.025,10.8004653313516
loocv_ref,OFAT|LOOCV,,GPR,48,LOOCV,OFAT,Thickness_mean,,,,17,17,10,OFAT,9.0475,9.720864168893296
loocv_ref,OFAT|LOOCV,,GPR,48,LOOCV,OFAT,Thickness_mean,,,,18,18,14,OFAT,22.225,22.36941640016147
loocv_ref,OFAT|LOOCV,,GPR,48,LOOCV,OFAT,Thickness_mean,,,,19,19,14,OFAT,25.935,21.886659449723034
loocv_ref,OFAT|LOOCV,,GPR,48,LOOCV,OFAT,Thickness_mean,,,,20,20,15,OFAT,7.03,6.04577616931704
loocv_ref,OFAT|LOOCV,,GPR,48,LOOCV,OFAT,Thickness_mean,,,,21,21,16,OFAT,13.5325,10.42652197075197
loocv_ref,OFAT|LOOCV,,GPR,48,LOOCV,OFAT,Thickness_mean,,,,22,22,14,OFAT,25.29,21.96727544221663
loocv_ref,OFAT|LOOCV,,GPR,48,LOOCV,OFAT,Thickness_mean,,,,23,23,14,OFAT,21.965,22.405191414349407
loocv_ref,OFAT|LOOCV,,GPR,48,LOOCV,OFAT,Thickness_mean,,,,24,24,14,OFAT,23.082500000000003,22.253498887690114
loocv_ref,OFAT|LOOCV,,GPR,48,LOOCV,OFAT,Thickness_mean,,,,25,25,14,OFAT,21.262500000000003,22.503009315762682
loocv_ref,OFAT|LOOCV,,GPR,48,LOOCV,OFAT,Thickness_mean,,,,26,26,17,OFAT,17.8275,19.225495485677115
loocv_ref,OFAT|LOOCV,,GPR,48,LOOCV,OFAT,Thickness_mean,,,,27,27,17,OFAT,17.345,19.262782735861734
loocv_ref,OFAT|LOOCV,,GPR,48,LOOCV,OFAT,Thickness_mean,,,,28,28,17,OFAT,24.4925,18.759372952819604
loocv_ref,OFAT|LOOCV,,GPR,48,LOOCV,OFAT,Thickness_mean,,,,29,29,17,OFAT,17.695,19.235684462473166
loocv_ref,OFAT|LOOCV,,GPR,48,LOOCV,OFAT,Thickness_mean,,,,30,30,17,OFAT,16.814999999999998,19.30427474219153
loocv_ref,OFAT|LOOCV,,GPR,48,LOOCV,OFAT,Thickness_mean,,,,31,31,18,OFAT,14.9425,18.101138121198172
loocv_ref,OFAT|LOOCV,,GPR,48,LOOCV,OFAT,Thickness_mean,,,,32,32,19,OFAT,9.9625,12.102374952762434
loocv_ref,OFAT|LOOCV,,GPR,48,LOOCV,OFAT,Thickness_mean,,,,33,33,20,OFAT,4.855,6.434570587338552
loocv_ref,OFAT|LOOCV,,GPR,48,LOOCV,OFAT,Thickness_mean,,,,34,34,21,OFAT,1.2375,3.076712966702873
loocv_ref,OFAT|LOOCV,,GPR,48,LOOCV,OFAT,Thickness_mean,,,,35,35,22,OFAT,2.0275,3.4823698580175506
loocv_ref,OFAT|LOOCV,,GPR,48,LOOCV,OFAT,Thickness_mean,,,,36,36,23,OFAT,3.535,4.715967291027859
loocv_ref,OFAT|LOOCV,,GPR,48,LOOCV,OFAT,Thickness_mean,,,,37,37,20,OFAT,8.6425,6.074510325539858
loocv_ref,OFAT|LOOCV,,GPR,48,LOOCV,OFAT,Thickness_mean,,,,38,38,19,OFAT,12.75,11.910750034187464
loocv_ref,OFAT|LOOCV,,GPR,48,LOOCV,OFAT,Thickness_mean,,,,39,39,18,OFAT,16.965,17.9444710126054
loocv_ref,OFAT|LOOCV,,GPR,48,LOOCV,OFAT,Thickness_mean,,,,40,40,19,OFAT,19.6525,11.443287396128596
loocv_ref,OFAT|LOOCV,,GPR,48,LOOCV,OFAT,Thickness_mean,,,,41,41,19,OFAT,9.2675,12.15122143397711
loocv_ref,OFAT|LOOCV,,GPR,49,LOOCV,OFAT,Thickness_mean,,,,0,0,0,OFAT,36.34,18.41715451394058
loocv_ref,OFAT|LOOCV,,GPR,49,LOOCV,OFAT,Thickness_mean,,,,1,1,1,OFAT,19.9225,31.014974303273412
loocv_ref,OFAT|LOOCV,,GPR,49,LOOCV,OFAT,Thickness_mean,,,,2,2,2,OFAT,25.6625,20.53062518078885
loocv_ref,OFAT|LOOCV,,GPR,49,LOOCV,OFAT,Thickness_mean,,,,3,3,3,OFAT,20.2075,17.57161241675773
loocv_ref,OFAT|LOOCV,,GPR,49,LOOCV,OFAT,Thickness_mean,,,,4,4,4,OFAT,15.345,16.84420698331269
loocv_ref,OFAT|LOOCV,,GPR,49,LOOCV,OFAT,Thickness_mean,,,,5,5,5,OFAT,14.265,15.649659556535767
loocv_ref,OFAT|LOOCV,,GPR,49,LOOCV,OFAT,Thickness_mean,,,,6,6,6,OFAT,12.9225,32.85919951012086
loocv_ref,OFAT|LOOCV,,GPR,49,LOOCV,OFAT,Thickness_mean,,,,7,7,7,OFAT,13.2775,19.227861028789842
loocv_ref,OFAT|LOOCV,,GPR,49,LOOCV,OFAT,Thickness_mean,,,,8,8,8,OFAT,15.329999999999998,14.290395060392102
loocv_ref,OFAT|LOOCV,,GPR,49,LOOCV,OFAT,Thickness_mean,,,,9,9,9,OFAT,7.855,31.851594834782652
loocv_ref,OFAT|LOOCV,,GPR,49,LOOCV,OFAT,Thickness_mean,,,,10,10,10,OFAT,2.8075,10.147679088398007
loocv_ref,OFAT|LOOCV,,GPR,49,LOOCV,OFAT,Thickness_mean,,,,11,11,11,OFAT,7.7875,9.0862517015395
loocv_ref,OFAT|LOOCV,,GPR,49,LOOCV,OFAT,Thickness_mean,,,,12,12,11,OFAT,9.105,8.265170524853488
loocv_ref,OFAT|LOOCV,,GPR,49,LOOCV,OFAT,Thickness_mean,,,,13,13,12,OFAT,7.734999999999999,8.976534213107271
loocv_ref,OFAT|LOOCV,,GPR,49,LOOCV,OFAT,Thickness_mean,,,,14,14,10,OFAT,6.8225,9.871651343341645
loocv_ref,OFAT|LOOCV,,GPR,49,LOOCV,OFAT,Thickness_mean,,,,15,15,10,OFAT,14.995,9.316530036146647
loocv_ref,OFAT|LOOCV,,GPR,49,LOOCV,OFAT,Thickness_mean,,,,16,16,13,OFAT,14.025,10.800470133732682
loocv_ref,OFAT|LOOCV,,GPR,49,LOOCV,OFAT,Thickness_mean,,,,17,17,10,OFAT,9.0475,9.720860936996363
loocv_ref,OFAT|LOOCV,,GPR,49,LOOCV,OFAT,Thickness_mean,,,,18,18,14,OFAT,22.225,22.369415029310495
loocv_ref,OFAT|LOOCV,,GPR,49,LOOCV,OFAT,Thickness_mean,,,,19,19,14,OFAT,25.935,21.886668967735577
loocv_ref,OFAT|LOOCV,,GPR,49,LOOCV,OFAT,Thickness_mean,,,,20,20,15,OFAT,7.03,6.045773429943566
loocv_ref,OFAT|LOOCV,,GPR,49,LOOCV,OFAT,Thickness_mean,,,,21,21,16,OFAT,13.5325,10.426522257894202
loocv_ref,OFAT|LOOCV,,GPR,49,LOOCV,OFAT,Thickness_mean,,,,22,22,14,OFAT,25.29,21.967293695764464
loocv_ref,OFAT|LOOCV,,GPR,49,LOOCV,OFAT,Thickness_mean,,,,23,23,14,OFAT,21.965,22.405132006869756
loocv_ref,OFAT|LOOCV,,GPR,49,LOOCV,OFAT,Thickness_mean,,,,24,24,14,OFAT,23.082500000000003,22.253490071474474
loocv_ref,OFAT|LOOCV,,GPR,49,LOOCV,OFAT,Thickness_mean,,,,25,25,14,OFAT,21.262500000000003,22.50301017978547
loocv_ref,OFAT|LOOCV,,GPR,49,LOOCV,OFAT,Thickness_mean,,,,26,26,17,OFAT,17.8275,19.225505516030534
loocv_ref,OFAT|LOOCV,,GPR,49,LOOCV,OFAT,Thickness_mean,,,,27,27,17,OFAT,17.345,19.262770445643785
loocv_ref,OFAT|LOOCV,,GPR,49,LOOCV,OFAT,Thickness_mean,,,,28,28,17,OFAT,24.4925,18.759373060137886
loocv_ref,OFAT|LOOCV,,GPR,49,LOOCV,OFAT,Thickness_mean,,,,29,29,17,OFAT,17.695,19.235687109942724
loocv_ref,OFAT|LOOCV,,GPR,49,LOOCV,OFAT,Thickness_mean,,,,30,30,17,OFAT,16.814999999999998,19.304275389877393
loocv_ref,OFAT|LOOCV,,GPR,49,LOOCV,OFAT,Thickness_mean,,,,31,31,18,OFAT,14.9425,18.101133272513604
loocv_ref,OFAT|LOOCV,,GPR,49,LOOCV,OFAT,Thickness_mean,,,,32,32,19,OFAT,9.9625,12.102378476580217
loocv_ref,OFAT|LOOCV,,GPR,49,LOOCV,OFAT,Thickness_mean,,,,33,33,20,OFAT,4.855,6.43457644801274
loocv_ref,OFAT|LOOCV,,GPR,49,LOOCV,OFAT,Thickness_mean,,,,34,34,21,OFAT,1.2375,3.0767214225590607
loocv_ref,OFAT|LOOCV,,GPR,49,LOOCV,OFAT,Thickness_mean,,,,35,35,22,OFAT,2.0275,3.482329520602896
loocv_ref,OFAT|LOOCV,,GPR,49,LOOCV,OFAT,Thickness_mean,,,,36,36,23,OFAT,3.535,4.715958950262111
loocv_ref,OFAT|LOOCV,,GPR,49,LOOCV,OFAT,Thickness_mean,,,,37,37,20,OFAT,8.6425,6.074510324539284
loocv_ref,OFAT|LOOCV,,GPR,49,LOOCV,OFAT,Thickness_mean,,,,38,38,19,OFAT,12.75,11.910749868072939
loocv_ref,OFAT|LOOCV,,GPR,49,LOOCV,OFAT,Thickness_mean,,,,39,39,18,OFAT,16.965,17.944467418005665
loocv_ref,OFAT|LOOCV,,GPR,49,LOOCV,OFAT,Thickness_mean,,,,40,40,19,OFAT,19.6525,11.443286722491003
loocv_ref,OFAT|LOOCV,,GPR,49,LOOCV,OFAT,Thickness_mean,,,,41,41,19,OFAT,9.2675,12.151218489704263
loocv_ref,OFAT|LOOCV,,GPR,50,LOOCV,OFAT,Thickness_mean,,,,0,0,0,OFAT,36.34,18.417092315366535
loocv_ref,OFAT|LOOCV,,GPR,50,LOOCV,OFAT,Thickness_mean,,,,1,1,1,OFAT,19.9225,31.01497364412471
loocv_ref,OFAT|LOOCV,,GPR,50,LOOCV,OFAT,Thickness_mean,,,,2,2,2,OFAT,25.6625,20.530614180191648
loocv_ref,OFAT|LOOCV,,GPR,50,LOOCV,OFAT,Thickness_mean,,,,3,3,3,OFAT,20.2075,17.571612242339583
loocv_ref,OFAT|LOOCV,,GPR,50,LOOCV,OFAT,Thickness_mean,,,,4,4,4,OFAT,15.345,16.844198737016153
loocv_ref,OFAT|LOOCV,,GPR,50,LOOCV,OFAT,Thickness_mean,,,,5,5,5,OFAT,14.265,15.649656083321341
loocv_ref,OFAT|LOOCV,,GPR,50,LOOCV,OFAT,Thickness_mean,,,,6,6,6,OFAT,12.9225,32.85999972583524
loocv_ref,OFAT|LOOCV,,GPR,50,LOOCV,OFAT,Thickness_mean,,,,7,7,7,OFAT,13.2775,19.227862539302993
loocv_ref,OFAT|LOOCV,,GPR,50,LOOCV,OFAT,Thickness_mean,,,,8,8,8,OFAT,15.329999999999998,14.290424050992328
loocv_ref,OFAT|LOOCV,,GPR,50,LOOCV,OFAT,Thickness_mean,,,,9,9,9,OFAT,7.855,31.8515997657573
loocv_ref,OFAT|LOOCV,,GPR,50,LOOCV,OFAT,Thickness_mean,,,,10,10,10,OFAT,2.8075,10.14767944919522
loocv_ref,OFAT|LOOCV,,GPR,50,LOOCV,OFAT,Thickness_mean,,,,11,11,11,OFAT,7.7875,9.086251660647871
loocv_ref,OFAT|LOOCV,,GPR,50,LOOCV,OFAT,Thickness_mean,,,,12,12,11,OFAT,9.105,8.265169569336848
loocv_ref,OFAT|LOOCV,,GPR,50,LOOCV,OFAT,Thickness_mean,,,,13,13,12,OFAT,7.734999999999999,8.976536845181716
loocv_ref,OFAT|LOOCV,,GPR,50,LOOCV,OFAT,Thickness_mean,,,,14,14,10,OFAT,6.8225,9.871650933386258
loocv_ref,OFAT|LOOCV,,GPR,50,LOOCV,OFAT,Thickness_mean,,,,15,15,10,OFAT,14.995,9.3165301196405
loocv_ref,OFAT|LOOCV,,GPR,50,LOOCV,OFAT,Thickness_mean,,,,16,16,13,OFAT,14.025,10.800471499248687
loocv_ref,OFAT|LOOCV,,GPR,50,LOOCV,OFAT,Thickness_mean,,,,17,17,10,OFAT,9.0475,9.720859809832444
loocv_ref,OFAT|LOOCV,,GPR,50,LOOCV,OFAT,Thickness_mean,,,,18,18,14,OFAT,22.225,22.369409347134592
loocv_ref,OFAT|LOOCV,,GPR,50,LOOCV,OFAT,Thickness_mean,,,,19,19,14,OFAT,25.935,21.886662540957957
loocv_ref,OFAT|LOOCV,,GPR,50,LOOCV,OFAT,Thickness_mean,,,,20,20,15,OFAT,7.03,6.0457765592939
loocv_ref,OFAT|LOOCV,,GPR,50,LOOCV,OFAT,Thickness_mean,,,,21,21,16,OFAT,13.5325,10.426523211488146
loocv_ref,OFAT|LOOCV,,GPR,50,LOOCV,OFAT,Thickness_mean,,,,22,22,14,OFAT,25.29,21.96729617338303
loocv_ref,OFAT|LOOCV,,GPR,50,LOOCV,OFAT,Thickness_mean,,,,23,23,14,OFAT,21.965,22.40512720252709
loocv_ref,OFAT|LOOCV,,GPR,50,LOOCV,OFAT,Thickness_mean,,,,24,24,14,OFAT,23.082500000000003,22.2534915180391
loocv_ref,OFAT|LOOCV,,GPR,50,LOOCV,OFAT,Thickness_mean,,,,25,25,14,OFAT,21.262500000000003,22.503008539959595
loocv_ref,OFAT|LOOCV,,GPR,50,LOOCV,OFAT,Thickness_mean,,,,26,26,17,OFAT,17.8275,19.225495339044947
loocv_ref,OFAT|LOOCV,,GPR,50,LOOCV,OFAT,Thickness_mean,,,,27,27,17,OFAT,17.345,19.2627774256227
loocv_ref,OFAT|LOOCV,,GPR,50,LOOCV,OFAT,Thickness_mean,,,,28,28,17,OFAT,24.4925,18.75937647274949
loocv_ref,OFAT|LOOCV,,GPR,50,LOOCV,OFAT,Thickness_mean,,,,29,29,17,OFAT,17.695,19.23568608270994
loocv_ref,OFAT|LOOCV,,GPR,50,LOOCV,OFAT,Thickness_mean,,,,30,30,17,OFAT,16.814999999999998,19.30427538864037
loocv_ref,OFAT|LOOCV,,GPR,50,LOOCV,OFAT,Thickness_mean,,,,31,31,18,OFAT,14.9425,18.101137670644064
loocv_ref,OFAT|LOOCV,,GPR,50,LOOCV,OFAT,Thickness_mean,,,,32,32,19,OFAT,9.9625,12.102375230426205
loocv_ref,OFAT|LOOCV,,GPR,50,LOOCV,OFAT,Thickness_mean,,,,33,33,20,OFAT,4.855,6.434566079513234
loocv_ref,OFAT|LOOCV,,GPR,50,LOOCV,OFAT,Thickness_mean,,,,34,34,21,OFAT,1.2375,3.0767223504236103
loocv_ref,OFAT|LOOCV,,GPR,50,LOOCV,OFAT,Thickness_mean,,,,35,35,22,OFAT,2.0275,3.4823599860731917
loocv_ref,OFAT|LOOCV,,GPR,50,LOOCV,OFAT,Thickness_mean,,,,36,36,23,OFAT,3.535,4.7159620233355035
loocv_ref,OFAT|LOOCV,,GPR,50,LOOCV,OFAT,Thickness_mean,,,,37,37,20,OFAT,8.6425,6.074508624339266
loocv_ref,OFAT|LOOCV,,GPR,50,LOOCV,OFAT,Thickness_mean,,,,38,38,19,OFAT,12.75,11.910746460917053
loocv_ref,OFAT|LOOCV,,GPR,50,LOOCV,OFAT,Thickness_mean,,,,39,39,18,OFAT,16.965,17.944476451345157
loocv_ref,OFAT|LOOCV,,GPR,50,LOOCV,OFAT,Thickness_mean,,,,40,40,19,OFAT,19.6525,11.443286520419317
loocv_ref,OFAT|LOOCV,,GPR,50,LOOCV,OFAT,Thickness_mean,,,,41,41,19,OFAT,9.2675,12.151218080558138
loocv_ref,OFAT|LOOCV,,GPR,51,LOOCV,OFAT,Thickness_mean,,,,0,0,0,OFAT,36.34,18.41708291717921
loocv_ref,OFAT|LOOCV,,GPR,51,LOOCV,OFAT,Thickness_mean,,,,1,1,1,OFAT,19.9225,31.01497528810288
loocv_ref,OFAT|LOOCV,,GPR,51,LOOCV,OFAT,Thickness_mean,,,,2,2,2,OFAT,25.6625,20.530607577222156
loocv_ref,OFAT|LOOCV,,GPR,51,LOOCV,OFAT,Thickness_mean,,,,3,3,3,OFAT,20.2075,17.57161245195931
loocv_ref,OFAT|LOOCV,,GPR,51,LOOCV,OFAT,Thickness_mean,,,,4,4,4,OFAT,15.345,16.844200880115757
loocv_ref,OFAT|LOOCV,,GPR,51,LOOCV,OFAT,Thickness_mean,,,,5,5,5,OFAT,14.265,15.64966169936568
loocv_ref,OFAT|LOOCV,,GPR,51,LOOCV,OFAT,Thickness_mean,,,,6,6,6,OFAT,12.9225,32.86017957097518
loocv_ref,OFAT|LOOCV,,GPR,51,LOOCV,OFAT,Thickness_mean,,,,7,7,7,OFAT,13.2775,19.22786254655888
loocv_ref,OFAT|LOOCV,,GPR,51,LOOCV,OFAT,Thickness_mean,,,,8,8,8,OFAT,15.329999999999998,14.290421763109991
loocv_ref,OFAT|LOOCV,,GPR,51,LOOCV,OFAT,Thickness_mean,,,,9,9,9,OFAT,7.855,31.851606633864858
loocv_ref,OFAT|LOOCV,,GPR,51,LOOCV,OFAT,Thickness_mean,,,,10,10,10,OFAT,2.8075,10.147677859857978
loocv_ref,OFAT|LOOCV,,GPR,51,LOOCV,OFAT,Thickness_mean,,,,11,11,11,OFAT,7.7875,9.086251955054674
loocv_ref,OFAT|LOOCV,,GPR,51,LOOCV,OFAT,Thickness_mean,,,,12,12,11,OFAT,9.105,8.265170767857171
loocv_ref,OFAT|LOOCV,,GPR,51,LOOCV,OFAT,Thickness_mean,,,,13,13,12,OFAT,7.734999999999999,8.976532214695524
loocv_ref,OFAT|LOOCV,,GPR,51,LOOCV,OFAT,Thickness_mean,,,,14,14,10,OFAT,6.8225,9.871652737115081
loocv_ref,OFAT|LOOCV,,GPR,51,LOOCV,OFAT,Thickness_mean,,,,15,15,10,OFAT,14.995,9.316529256196517
loocv_ref,OFAT|LOOCV,,GPR,51,LOOCV,OFAT,Thickness_mean,,,,16,16,13,OFAT,14.025,10.800470231531582
loocv_ref,OFAT|LOOCV,,GPR,51,LOOCV,OFAT,Thickness_mean,,,,17,17,10,OFAT,9.0475,9.720860163048721
loocv_ref,OFAT|LOOCV,,GPR,51,LOOCV,OFAT,Thickness_mean,,,,18,18,14,OFAT,22.225,22.369410031408925
loocv_ref,OFAT|LOOCV,,GPR,51,LOOCV,OFAT,Thickness_mean,,,,19,19,14,OFAT,25.935,21.886660479482952
loocv_ref,OFAT|LOOCV,,GPR,51,LOOCV,OFAT,Thickness_mean,,,,20,20,15,OFAT,7.03,6.045775438791981
loocv_ref,OFAT|LOOCV,,GPR,51,LOOCV,OFAT,Thickness_mean,,,,21,21,16,OFAT,13.5325,10.426523256207341
loocv_ref,OFAT|LOOCV,,GPR,51,LOOCV,OFAT,Thickness_mean,,,,22,22,14,OFAT,25.29,21.96729336911912
loocv_ref,OFAT|LOOCV,,GPR,51,LOOCV,OFAT,Thickness_mean,,,,23,23,14,OFAT,21.965,22.405124142619684
loocv_ref,OFAT|LOOCV,,GPR,51,LOOCV,OFAT,Thickness_mean,,,,24,24,14,OFAT,23.082500000000003,22.253500789609422
loocv_ref,OFAT|LOOCV,,GPR,51,LOOCV,OFAT,Thickness_mean,,,,25,25,14,OFAT,21.262500000000003,22.503008378019818
loocv_ref,OFAT|LOOCV,,GPR,51,LOOCV,OFAT,Thickness_mean,,,,26,26,17,OFAT,17.8275,19.225494142929367
loocv_ref,OFAT|LOOCV,,GPR,51,LOOCV,OFAT,Thickness_mean,,,,27,27,17,OFAT,17.345,19.26277996135793
loocv_ref,OFAT|LOOCV,,GPR,51,LOOCV,OFAT,Thickness_mean,,,,28,28,17,OFAT,24.4925,18.75937257824428
loocv_ref,OFAT|LOOCV,,GPR,51,LOOCV,OFAT,Thickness_mean,,,,29,29,17,OFAT,17.695,19.23568672319098
loocv_ref,OFAT|LOOCV,,GPR,51,LOOCV,OFAT,Thickness_mean,,,,30,30,17,OFAT,16.814999999999998,19.304273834516444
loocv_ref,OFAT|LOOCV,,GPR,51,LOOCV,OFAT,Thickness_mean,,,,31,31,18,OFAT,14.9425,18.101137018370565
loocv_ref,OFAT|LOOCV,,GPR,51,LOOCV,OFAT,Thickness_mean,,,,32,32,19,OFAT,9.9625,12.10237465285459
loocv_ref,OFAT|LOOCV,,GPR,51,LOOCV,OFAT,Thickness_mean,,,,33,33,20,OFAT,4.855,6.43456935457303
loocv_ref,OFAT|LOOCV,,GPR,51,LOOCV,OFAT,Thickness_mean,,,,34,34,21,OFAT,1.2375,3.0767207957083293
loocv_ref,OFAT|LOOCV,,GPR,51,LOOCV,OFAT,Thickness_mean,,,,35,35,22,OFAT,2.0275,3.482357390336105
loocv_ref,OFAT|LOOCV,,GPR,51,LOOCV,OFAT,Thickness_mean,,,,36,36,23,OFAT,3.535,4.715962036846854
loocv_ref,OFAT|LOOCV,,GPR,51,LOOCV,OFAT,Thickness_mean,,,,37,37,20,OFAT,8.6425,6.074509339592746
loocv_ref,OFAT|LOOCV,,GPR,51,LOOCV,OFAT,Thickness_mean,,,,38,38,19,OFAT,12.75,11.910750067469106
loocv_ref,OFAT|LOOCV,,GPR,51,LOOCV,OFAT,Thickness_mean,,,,39,39,18,OFAT,16.965,17.94446944362646
loocv_ref,OFAT|LOOCV,,GPR,51,LOOCV,OFAT,Thickness_mean,,,,40,40,19,OFAT,19.6525,11.443291559837018
loocv_ref,OFAT|LOOCV,,GPR,51,LOOCV,OFAT,Thickness_mean,,,,41,41,19,OFAT,9.2675,12.151218180426312
loocv_ref,OFAT|LOCO,,Ridge,42,LOCO,OFAT,Thickness_mean,,,,0,0,0,OFAT,36.34,16.081829776430943
loocv_ref,OFAT|LOCO,,Ridge,42,LOCO,OFAT,Thickness_mean,,,,1,1,1,OFAT,19.9225,24.66840790286208
loocv_ref,OFAT|LOCO,,Ridge,42,LOCO,OFAT,Thickness_mean,,,,2,2,2,OFAT,25.6625,19.146869472488163
loocv_ref,OFAT|LOCO,,Ridge,42,LOCO,OFAT,Thickness_mean,,,,3,3,3,OFAT,20.2075,17.47111969930792
loocv_ref,OFAT|LOCO,,Ridge,42,LOCO,OFAT,Thickness_mean,,,,4,4,4,OFAT,15.345,18.04166325937682
loocv_ref,OFAT|LOCO,,Ridge,42,LOCO,OFAT,Thickness_mean,,,,5,5,5,OFAT,14.265,17.879832008691206
loocv_ref,OFAT|LOCO,,Ridge,42,LOCO,OFAT,Thickness_mean,,,,6,6,6,OFAT,12.9225,32.017676126618284
loocv_ref,OFAT|LOCO,,Ridge,42,LOCO,OFAT,Thickness_mean,,,,7,7,7,OFAT,13.2775,15.66975887433073
loocv_ref,OFAT|LOCO,,Ridge,42,LOCO,OFAT,Thickness_mean,,,,8,8,8,OFAT,15.329999999999998,16.286980864155904
loocv_ref,OFAT|LOCO,,Ridge,42,LOCO,OFAT,Thickness_mean,,,,9,9,9,OFAT,7.855,12.656265543237318
loocv_ref,OFAT|LOCO,,Ridge,42,LOCO,OFAT,Thickness_mean,,,,10,10,10,OFAT,2.8075,10.482309030317612
loocv_ref,OFAT|LOCO,,Ridge,42,LOCO,OFAT,Thickness_mean,,,,11,11,11,OFAT,7.7875,18.59741627711021
loocv_ref,OFAT|LOCO,,Ridge,42,LOCO,OFAT,Thickness_mean,,,,12,12,11,OFAT,9.105,18.59741627711021
loocv_ref,OFAT|LOCO,,Ridge,42,LOCO,OFAT,Thickness_mean,,,,13,13,12,OFAT,7.734999999999999,10.75813176602463
loocv_ref,OFAT|LOCO,,Ridge,42,LOCO,OFAT,Thickness_mean,,,,14,14,10,OFAT,6.8225,10.482309030317612
loocv_ref,OFAT|LOCO,,Ridge,42,LOCO,OFAT,Thickness_mean,,,,15,15,10,OFAT,14.995,10.482309030317612
loocv_ref,OFAT|LOCO,,Ridge,42,LOCO,OFAT,Thickness_mean,,,,16,16,13,OFAT,14.025,10.673086153694268
loocv_ref,OFAT|LOCO,,Ridge,42,LOCO,OFAT,Thickness_mean,,,,17,17,10,OFAT,9.0475,10.482309030317612
loocv_ref,OFAT|LOCO,,Ridge,42,LOCO,OFAT,Thickness_mean,,,,18,18,14,OFAT,22.225,20.89316152216138
loocv_ref,OFAT|LOCO,,Ridge,42,LOCO,OFAT,Thickness_mean,,,,19,19,14,OFAT,25.935,20.89316152216138
loocv_ref,OFAT|LOCO,,Ridge,42,LOCO,OFAT,Thickness_mean,,,,20,20,15,OFAT,7.03,5.882912076145553
loocv_ref,OFAT|LOCO,,Ridge,42,LOCO,OFAT,Thickness_mean,,,,21,21,16,OFAT,13.5325,10.316943309821777
loocv_ref,OFAT|LOCO,,Ridge,42,LOCO,OFAT,Thickness_mean,,,,22,22,14,OFAT,25.29,20.89316152216138
loocv_ref,OFAT|LOCO,,Ridge,42,LOCO,OFAT,Thickness_mean,,,,23,23,14,OFAT,21.965,20.89316152216138
loocv_ref,OFAT|LOCO,,Ridge,42,LOCO,OFAT,Thickness_mean,,,,24,24,14,OFAT,23.082500000000003,20.89316152216138
loocv_ref,OFAT|LOCO,,Ridge,42,LOCO,OFAT,Thickness_mean,,,,25,25,14,OFAT,21.262500000000003,20.89316152216138
loocv_ref,OFAT|LOCO,,Ridge,42,LOCO,OFAT,Thickness_mean,,,,26,26,17,OFAT,17.8275,18.301792287863247
loocv_ref,OFAT|LOCO,,Ridge,42,LOCO,OFAT,Thickness_mean,,,,27,27,17,OFAT,17.345,18.301792287863247
loocv_ref,OFAT|LOCO,,Ridge,42,LOCO,OFAT,Thickness_mean,,,,28,28,17,OFAT,24.4925,18.301792287863247
loocv_ref,OFAT|LOCO,,Ridge,42,LOCO,OFAT,Thickness_mean,,,,29,29,17,OFAT,17.695,18.301792287863247
loocv_ref,OFAT|LOCO,,Ridge,42,LOCO,OFAT,Thickness_mean,,,,30,30,17,OFAT,16.814999999999998,18.301792287863247
loocv_ref,OFAT|LOCO,,Ridge,42,LOCO,OFAT,Thickness_mean,,,,31,31,18,OFAT,14.9425,17.317692628494218
loocv_ref,OFAT|LOCO,,Ridge,42,LOCO,OFAT,Thickness_mean,,,,32,32,19,OFAT,9.9625,11.504126284120163
loocv_ref,OFAT|LOCO,,Ridge,42,LOCO,OFAT,Thickness_mean,,,,33,33,20,OFAT,4.855,6.029548454269998
loocv_ref,OFAT|LOCO,,Ridge,42,LOCO,OFAT,Thickness_mean,,,,34,34,21,OFAT,1.2375,1.4669247092970323
loocv_ref,OFAT|LOCO,,Ridge,42,LOCO,OFAT,Thickness_mean,,,,35,35,22,OFAT,2.0275,2.3916752670123795
loocv_ref,OFAT|LOCO,,Ridge,42,LOCO,OFAT,Thickness_mean,,,,36,36,23,OFAT,3.535,4.22736820836481
loocv_ref,OFAT|LOCO,,Ridge,42,LOCO,OFAT,Thickness_mean,,,,37,37,20,OFAT,8.6425,6.029548454269998
loocv_ref,OFAT|LOCO,,Ridge,42,LOCO,OFAT,Thickness_mean,,,,38,38,19,OFAT,12.75,11.504126284120163
loocv_ref,OFAT|LOCO,,Ridge,42,LOCO,OFAT,Thickness_mean,,,,39,39,18,OFAT,16.965,17.317692628494218
loocv_ref,OFAT|LOCO,,Ridge,42,LOCO,OFAT,Thickness_mean,,,,40,40,19,OFAT,19.6525,11.504126284120163
loocv_ref,OFAT|LOCO,,Ridge,42,LOCO,OFAT,Thickness_mean,,,,41,41,19,OFAT,9.2675,11.504126284120163
loocv_ref,OFAT|LOCO,,Ridge,43,LOCO,OFAT,Thickness_mean,,,,0,0,0,OFAT,36.34,16.27680652023795
loocv_ref,OFAT|LOCO,,Ridge,43,LOCO,OFAT,Thickness_mean,,,,1,1,1,OFAT,19.9225,22.116569134396176
loocv_ref,OFAT|LOCO,,Ridge,43,LOCO,OFAT,Thickness_mean,,,,2,2,2,OFAT,25.6625,19.048804716712382
loocv_ref,OFAT|LOCO,,Ridge,43,LOCO,OFAT,Thickness_mean,,,,3,3,3,OFAT,20.2075,18.434495094783834
loocv_ref,OFAT|LOCO,,Ridge,43,LOCO,OFAT,Thickness_mean,,,,4,4,4,OFAT,15.345,19.162911994817243
loocv_ref,OFAT|LOCO,,Ridge,43,LOCO,OFAT,Thickness_mean,,,,5,5,5,OFAT,14.265,19.189532088078224
loocv_ref,OFAT|LOCO,,Ridge,43,LOCO,OFAT,Thickness_mean,,,,6,6,6,OFAT,12.9225,32.017676126618284
loocv_ref,OFAT|LOCO,,Ridge,43,LOCO,OFAT,Thickness_mean,,,,7,7,7,OFAT,13.2775,15.66975887433073
loocv_ref,OFAT|LOCO,,Ridge,43,LOCO,OFAT,Thickness_mean,,,,8,8,8,OFAT,15.329999999999998,16.286980864155904
loocv_ref,OFAT|LOCO,,Ridge,43,LOCO,OFAT,Thickness_mean,,,,9,9,9,OFAT,7.855,10.899815410141024
loocv_ref,OFAT|LOCO,,Ridge,43,LOCO,OFAT,Thickness_mean,,,,10,10,10,OFAT,2.8075,9.791644865976721
loocv_ref,OFAT|LOCO,,Ridge,43,LOCO,OFAT,Thickness_mean,,,,11,11,11,OFAT,7.7875,17.66547251929161
loocv_ref,OFAT|LOCO,,Ridge,43,LOCO,OFAT,Thickness_mean,,,,12,12,11,OFAT,9.105,17.66547251929161
loocv_ref,OFAT|LOCO,,Ridge,43,LOCO,OFAT,Thickness_mean,,,,13,13,12,OFAT,7.734999999999999,10.75813176602463
loocv_ref,OFAT|LOCO,,Ridge,43,LOCO,OFAT,Thickness_mean,,,,14,14,10,OFAT,6.8225,9.791644865976721
loocv_ref,OFAT|LOCO,,Ridge,43,LOCO,OFAT,Thickness_mean,,,,15,15,10,OFAT,14.995,9.791644865976721
loocv_ref,OFAT|LOCO,,Ridge,43,LOCO,OFAT,Thickness_mean,,,,16,16,13,OFAT,14.025,11.085780355907445
loocv_ref,OFAT|LOCO,,Ridge,43,LOCO,OFAT,Thickness_mean,,,,17,17,10,OFAT,9.0475,9.791644865976721
loocv_ref,OFAT|LOCO,,Ridge,43,LOCO,OFAT,Thickness_mean,,,,18,18,14,OFAT,22.225,19.014184284587806
loocv_ref,OFAT|LOCO,,Ridge,43,LOCO,OFAT,Thickness_mean,,,,19,19,14,OFAT,25.935,19.014184284587806
loocv_ref,OFAT|LOCO,,Ridge,43,LOCO,OFAT,Thickness_mean,,,,20,20,15,OFAT,7.03,7.05825105068513
loocv_ref,OFAT|LOCO,,Ridge,43,LOCO,OFAT,Thickness_mean,,,,21,21,16,OFAT,13.5325,10.786075051693373
loocv_ref,OFAT|LOCO,,Ridge,43,LOCO,OFAT,Thickness_mean,,,,22,22,14,OFAT,25.29,19.014184284587806
loocv_ref,OFAT|LOCO,,Ridge,43,LOCO,OFAT,Thickness_mean,,,,23,23,14,OFAT,21.965,19.014184284587806
loocv_ref,OFAT|LOCO,,Ridge,43,LOCO,OFAT,Thickness_mean,,,,24,24,14,OFAT,23.082500000000003,19.014184284587806
loocv_ref,OFAT|LOCO,,Ridge,43,LOCO,OFAT,Thickness_mean,,,,25,25,14,OFAT,21.262500000000003,19.014184284587806
loocv_ref,OFAT|LOCO,,Ridge,43,LOCO,OFAT,Thickness_mean,,,,26,26,17,OFAT,17.8275,17.2974379504011
loocv_ref,OFAT|LOCO,,Ridge,43,LOCO,OFAT,Thickness_mean,,,,27,27,17,OFAT,17.345,17.2974379504011
loocv_ref,OFAT|LOCO,,Ridge,43,LOCO,OFAT,Thickness_mean,,,,28,28,17,OFAT,24.4925,17.2974379504011
loocv_ref,OFAT|LOCO,,Ridge,43,LOCO,OFAT,Thickness_mean,,,,29,29,17,OFAT,17.695,17.2974379504011
loocv_ref,OFAT|LOCO,,Ridge,43,LOCO,OFAT,Thickness_mean,,,,30,30,17,OFAT,16.814999999999998,17.2974379504011
loocv_ref,OFAT|LOCO,,Ridge,43,LOCO,OFAT,Thickness_mean,,,,31,31,18,OFAT,14.9425,16.67578221982868
loocv_ref,OFAT|LOCO,,Ridge,43,LOCO,OFAT,Thickness_mean,,,,32,32,19,OFAT,9.9625,11.504126284120163
loocv_ref,OFAT|LOCO,,Ridge,43,LOCO,OFAT,Thickness_mean,,,,33,33,20,OFAT,4.855,7.241695204836608
loocv_ref,OFAT|LOCO,,Ridge,43,LOCO,OFAT,Thickness_mean,,,,34,34,21,OFAT,1.2375,3.3521673562384375
loocv_ref,OFAT|LOCO,,Ridge,43,LOCO,OFAT,Thickness_mean,,,,35,35,22,OFAT,2.0275,4.128687428412853
loocv_ref,OFAT|LOCO,,Ridge,43,LOCO,OFAT,Thickness_mean,,,,36,36,23,OFAT,3.535,5.672767808196637
loocv_ref,OFAT|LOCO,,Ridge,43,LOCO,OFAT,Thickness_mean,,,,37,37,20,OFAT,8.6425,7.241695204836608
loocv_ref,OFAT|LOCO,,Ridge,43,LOCO,OFAT,Thickness_mean,,,,38,38,19,OFAT,12.75,11.504126284120163
loocv_ref,OFAT|LOCO,,Ridge,43,LOCO,OFAT,Thickness_mean,,,,39,39,18,OFAT,16.965,16.67578221982868
loocv_ref,OFAT|LOCO,,Ridge,43,LOCO,OFAT,Thickness_mean,,,,40,40,19,OFAT,19.6525,11.504126284120163
loocv_ref,OFAT|LOCO,,Ridge,43,LOCO,OFAT,Thickness_mean,,,,41,41,19,OFAT,9.2675,11.504126284120163
loocv_ref,OFAT|LOCO,,Ridge,44,LOCO,OFAT,Thickness_mean,,,,0,0,0,OFAT,36.34,16.081829776430943
loocv_ref,OFAT|LOCO,,Ridge,44,LOCO,OFAT,Thickness_mean,,,,1,1,1,OFAT,19.9225,23.459722831508664
loocv_ref,OFAT|LOCO,,Ridge,44,LOCO,OFAT,Thickness_mean,,,,2,2,2,OFAT,25.6625,19.18094187247621
loocv_ref,OFAT|LOCO,,Ridge,44,LOCO,OFAT,Thickness_mean,,,,3,3,3,OFAT,20.2075,17.956742202981182
loocv_ref,OFAT|LOCO,,Ridge,44,LOCO,OFAT,Thickness_mean,,,,4,4,4,OFAT,15.345,18.610194282358048
loocv_ref,OFAT|LOCO,,Ridge,44,LOCO,OFAT,Thickness_mean,,,,5,5,5,OFAT,14.265,18.539955919470074
loocv_ref,OFAT|LOCO,,Ridge,44,LOCO,OFAT,Thickness_mean,,,,6,6,6,OFAT,12.9225,32.017676126618284
loocv_ref,OFAT|LOCO,,Ridge,44,LOCO,OFAT,Thickness_mean,,,,7,7,7,OFAT,13.2775,13.622390920148739
loocv_ref,OFAT|LOCO,,Ridge,44,LOCO,OFAT,Thickness_mean,,,,8,8,8,OFAT,15.329999999999998,14.46219972076307
loocv_ref,OFAT|LOCO,,Ridge,44,LOCO,OFAT,Thickness_mean,,,,9,9,9,OFAT,7.855,8.485853423859073
loocv_ref,OFAT|LOCO,,Ridge,44,LOCO,OFAT,Thickness_mean,,,,10,10,10,OFAT,2.8075,10.482309030317612
loocv_ref,OFAT|LOCO,,Ridge,44,LOCO,OFAT,Thickness_mean,,,,11,11,11,OFAT,7.7875,18.59741627711021
loocv_ref,OFAT|LOCO,,Ridge,44,LOCO,OFAT,Thickness_mean,,,,12,12,11,OFAT,9.105,18.59741627711021
loocv_ref,OFAT|LOCO,,Ridge,44,LOCO,OFAT,Thickness_mean,,,,13,13,12,OFAT,7.734999999999999,10.75813176602463
loocv_ref,OFAT|LOCO,,Ridge,44,LOCO,OFAT,Thickness_mean,,,,14,14,10,OFAT,6.8225,10.482309030317612
loocv_ref,OFAT|LOCO,,Ridge,44,LOCO,OFAT,Thickness_mean,,,,15,15,10,OFAT,14.995,10.482309030317612
loocv_ref,OFAT|LOCO,,Ridge,44,LOCO,OFAT,Thickness_mean,,,,16,16,13,OFAT,14.025,10.673086153694268
loocv_ref,OFAT|LOCO,,Ridge,44,LOCO,OFAT,Thickness_mean,,,,17,17,10,OFAT,9.0475,10.482309030317612
loocv_ref,OFAT|LOCO,,Ridge,44,LOCO,OFAT,Thickness_mean,,,,18,18,14,OFAT,22.225,19.014184284587806
loocv_ref,OFAT|LOCO,,Ridge,44,LOCO,OFAT,Thickness_mean,,,,19,19,14,OFAT,25.935,19.014184284587806
loocv_ref,OFAT|LOCO,,Ridge,44,LOCO,OFAT,Thickness_mean,,,,20,20,15,OFAT,7.03,5.882912076145553
loocv_ref,OFAT|LOCO,,Ridge,44,LOCO,OFAT,Thickness_mean,,,,21,21,16,OFAT,13.5325,10.316943309821777
loocv_ref,OFAT|LOCO,,Ridge,44,LOCO,OFAT,Thickness_mean,,,,22,22,14,OFAT,25.29,19.014184284587806
loocv_ref,OFAT|LOCO,,Ridge,44,LOCO,OFAT,Thickness_mean,,,,23,23,14,OFAT,21.965,19.014184284587806
loocv_ref,OFAT|LOCO,,Ridge,44,LOCO,OFAT,Thickness_mean,,,,24,24,14,OFAT,23.082500000000003,19.014184284587806
loocv_ref,OFAT|LOCO,,Ridge,44,LOCO,OFAT,Thickness_mean,,,,25,25,14,OFAT,21.262500000000003,19.014184284587806
loocv_ref,OFAT|LOCO,,Ridge,44,LOCO,OFAT,Thickness_mean,,,,26,26,17,OFAT,17.8275,17.2974379504011
loocv_ref,OFAT|LOCO,,Ridge,44,LOCO,OFAT,Thickness_mean,,,,27,27,17,OFAT,17.345,17.2974379504011
loocv_ref,OFAT|LOCO,,Ridge,44,LOCO,OFAT,Thickness_mean,,,,28,28,17,OFAT,24.4925,17.2974379504011
loocv_ref,OFAT|LOCO,,Ridge,44,LOCO,OFAT,Thickness_mean,,,,29,29,17,OFAT,17.695,17.2974379504011
loocv_ref,OFAT|LOCO,,Ridge,44,LOCO,OFAT,Thickness_mean,,,,30,30,17,OFAT,16.814999999999998,17.2974379504011
loocv_ref,OFAT|LOCO,,Ridge,44,LOCO,OFAT,Thickness_mean,,,,31,31,18,OFAT,14.9425,17.317692628494218
loocv_ref,OFAT|LOCO,,Ridge,44,LOCO,OFAT,Thickness_mean,,,,32,32,19,OFAT,9.9625,11.82532961480937
loocv_ref,OFAT|LOCO,,Ridge,44,LOCO,OFAT,Thickness_mean,,,,33,33,20,OFAT,4.855,6.029548454269998
loocv_ref,OFAT|LOCO,,Ridge,44,LOCO,OFAT,Thickness_mean,,,,34,34,21,OFAT,1.2375,1.4669247092970323
loocv_ref,OFAT|LOCO,,Ridge,44,LOCO,OFAT,Thickness_mean,,,,35,35,22,OFAT,2.0275,2.3916752670123795
loocv_ref,OFAT|LOCO,,Ridge,44,LOCO,OFAT,Thickness_mean,,,,36,36,23,OFAT,3.535,4.22736820836481
loocv_ref,OFAT|LOCO,,Ridge,44,LOCO,OFAT,Thickness_mean,,,,37,37,20,OFAT,8.6425,6.029548454269998
loocv_ref,OFAT|LOCO,,Ridge,44,LOCO,OFAT,Thickness_mean,,,,38,38,19,OFAT,12.75,11.82532961480937
loocv_ref,OFAT|LOCO,,Ridge,44,LOCO,OFAT,Thickness_mean,,,,39,39,18,OFAT,16.965,17.317692628494218
loocv_ref,OFAT|LOCO,,Ridge,44,LOCO,OFAT,Thickness_mean,,,,40,40,19,OFAT,19.6525,11.82532961480937
loocv_ref,OFAT|LOCO,,Ridge,44,LOCO,OFAT,Thickness_mean,,,,41,41,19,OFAT,9.2675,11.82532961480937
loocv_ref,OFAT|LOCO,,Ridge,45,LOCO,OFAT,Thickness_mean,,,,0,0,0,OFAT,36.34,16.27680652023795
loocv_ref,OFAT|LOCO,,Ridge,45,LOCO,OFAT,Thickness_mean,,,,1,1,1,OFAT,19.9225,24.652482767764795
loocv_ref,OFAT|LOCO,,Ridge,45,LOCO,OFAT,Thickness_mean,,,,2,2,2,OFAT,25.6625,19.146869472488163
loocv_ref,OFAT|LOCO,,Ridge,45,LOCO,OFAT,Thickness_mean,,,,3,3,3,OFAT,20.2075,17.47111969930792
loocv_ref,OFAT|LOCO,,Ridge,45,LOCO,OFAT,Thickness_mean,,,,4,4,4,OFAT,15.345,18.261654698661538
loocv_ref,OFAT|LOCO,,Ridge,45,LOCO,OFAT,Thickness_mean,,,,5,5,5,OFAT,14.265,18.134100081478632
loocv_ref,OFAT|LOCO,,Ridge,45,LOCO,OFAT,Thickness_mean,,,,6,6,6,OFAT,12.9225,26.060399481485
loocv_ref,OFAT|LOCO,,Ridge,45,LOCO,OFAT,Thickness_mean,,,,7,7,7,OFAT,13.2775,16.7984748195535
loocv_ref,OFAT|LOCO,,Ridge,45,LOCO,OFAT,Thickness_mean,,,,8,8,8,OFAT,15.329999999999998,17.22092805976984
loocv_ref,OFAT|LOCO,,Ridge,45,LOCO,OFAT,Thickness_mean,,,,9,9,9,OFAT,7.855,12.656265543237318
loocv_ref,OFAT|LOCO,,Ridge,45,LOCO,OFAT,Thickness_mean,,,,10,10,10,OFAT,2.8075,10.482309030317612
loocv_ref,OFAT|LOCO,,Ridge,45,LOCO,OFAT,Thickness_mean,,,,11,11,11,OFAT,7.7875,17.66547251929161
loocv_ref,OFAT|LOCO,,Ridge,45,LOCO,OFAT,Thickness_mean,,,,12,12,11,OFAT,9.105,17.66547251929161
loocv_ref,OFAT|LOCO,,Ridge,45,LOCO,OFAT,Thickness_mean,,,,13,13,12,OFAT,7.734999999999999,11.066544482900579
loocv_ref,OFAT|LOCO,,Ridge,45,LOCO,OFAT,Thickness_mean,,,,14,14,10,OFAT,6.8225,10.482309030317612
loocv_ref,OFAT|LOCO,,Ridge,45,LOCO,OFAT,Thickness_mean,,,,15,15,10,OFAT,14.995,10.482309030317612
loocv_ref,OFAT|LOCO,,Ridge,45,LOCO,OFAT,Thickness_mean,,,,16,16,13,OFAT,14.025,11.085780355907445
loocv_ref,OFAT|LOCO,,Ridge,45,LOCO,OFAT,Thickness_mean,,,,17,17,10,OFAT,9.0475,10.482309030317612
loocv_ref,OFAT|LOCO,,Ridge,45,LOCO,OFAT,Thickness_mean,,,,18,18,14,OFAT,22.225,20.89316152216138
loocv_ref,OFAT|LOCO,,Ridge,45,LOCO,OFAT,Thickness_mean,,,,19,19,14,OFAT,25.935,20.89316152216138
loocv_ref,OFAT|LOCO,,Ridge,45,LOCO,OFAT,Thickness_mean,,,,20,20,15,OFAT,7.03,7.05825105068513
loocv_ref,OFAT|LOCO,,Ridge,45,LOCO,OFAT,Thickness_mean,,,,21,21,16,OFAT,13.5325,10.786075051693373
loocv_ref,OFAT|LOCO,,Ridge,45,LOCO,OFAT,Thickness_mean,,,,22,22,14,OFAT,25.29,20.89316152216138
loocv_ref,OFAT|LOCO,,Ridge,45,LOCO,OFAT,Thickness_mean,,,,23,23,14,OFAT,21.965,20.89316152216138
loocv_ref,OFAT|LOCO,,Ridge,45,LOCO,OFAT,Thickness_mean,,,,24,24,14,OFAT,23.082500000000003,20.89316152216138
loocv_ref,OFAT|LOCO,,Ridge,45,LOCO,OFAT,Thickness_mean,,,,25,25,14,OFAT,21.262500000000003,20.89316152216138
loocv_ref,OFAT|LOCO,,Ridge,45,LOCO,OFAT,Thickness_mean,,,,26,26,17,OFAT,17.8275,17.2974379504011
loocv_ref,OFAT|LOCO,,Ridge,45,LOCO,OFAT,Thickness_mean,,,,27,27,17,OFAT,17.345,17.2974379504011
loocv_ref,OFAT|LOCO,,Ridge,45,LOCO,OFAT,Thickness_mean,,,,28,28,17,OFAT,24.4925,17.2974379504011
loocv_ref,OFAT|LOCO,,Ridge,45,LOCO,OFAT,Thickness_mean,,,,29,29,17,OFAT,17.695,17.2974379504011
loocv_ref,OFAT|LOCO,,Ridge,45,LOCO,OFAT,Thickness_mean,,,,30,30,17,OFAT,16.814999999999998,17.2974379504011
loocv_ref,OFAT|LOCO,,Ridge,45,LOCO,OFAT,Thickness_mean,,,,31,31,18,OFAT,14.9425,16.67578221982868
loocv_ref,OFAT|LOCO,,Ridge,45,LOCO,OFAT,Thickness_mean,,,,32,32,19,OFAT,9.9625,11.82532961480937
loocv_ref,OFAT|LOCO,,Ridge,45,LOCO,OFAT,Thickness_mean,,,,33,33,20,OFAT,4.855,7.241695204836608
loocv_ref,OFAT|LOCO,,Ridge,45,LOCO,OFAT,Thickness_mean,,,,34,34,21,OFAT,1.2375,3.3521673562384375
loocv_ref,OFAT|LOCO,,Ridge,45,LOCO,OFAT,Thickness_mean,,,,35,35,22,OFAT,2.0275,4.128687428412853
loocv_ref,OFAT|LOCO,,Ridge,45,LOCO,OFAT,Thickness_mean,,,,36,36,23,OFAT,3.535,5.672767808196637
loocv_ref,OFAT|LOCO,,Ridge,45,LOCO,OFAT,Thickness_mean,,,,37,37,20,OFAT,8.6425,7.241695204836608
loocv_ref,OFAT|LOCO,,Ridge,45,LOCO,OFAT,Thickness_mean,,,,38,38,19,OFAT,12.75,11.82532961480937
loocv_ref,OFAT|LOCO,,Ridge,45,LOCO,OFAT,Thickness_mean,,,,39,39,18,OFAT,16.965,16.67578221982868
loocv_ref,OFAT|LOCO,,Ridge,45,LOCO,OFAT,Thickness_mean,,,,40,40,19,OFAT,19.6525,11.82532961480937
loocv_ref,OFAT|LOCO,,Ridge,45,LOCO,OFAT,Thickness_mean,,,,41,41,19,OFAT,9.2675,11.82532961480937
loocv_ref,OFAT|LOCO,,Ridge,46,LOCO,OFAT,Thickness_mean,,,,0,0,0,OFAT,36.34,16.27680652023795
loocv_ref,OFAT|LOCO,,Ridge,46,LOCO,OFAT,Thickness_mean,,,,1,1,1,OFAT,19.9225,24.203043199606412
loocv_ref,OFAT|LOCO,,Ridge,46,LOCO,OFAT,Thickness_mean,,,,2,2,2,OFAT,25.6625,19.178034155002074
loocv_ref,OFAT|LOCO,,Ridge,46,LOCO,OFAT,Thickness_mean,,,,3,3,3,OFAT,20.2075,17.659823666917923
loocv_ref,OFAT|LOCO,,Ridge,46,LOCO,OFAT,Thickness_mean,,,,4,4,4,OFAT,15.345,18.261654698661538
loocv_ref,OFAT|LOCO,,Ridge,46,LOCO,OFAT,Thickness_mean,,,,5,5,5,OFAT,14.265,18.134100081478632
loocv_ref,OFAT|LOCO,,Ridge,46,LOCO,OFAT,Thickness_mean,,,,6,6,6,OFAT,12.9225,32.017676126618284
loocv_ref,OFAT|LOCO,,Ridge,46,LOCO,OFAT,Thickness_mean,,,,7,7,7,OFAT,13.2775,16.7984748195535
loocv_ref,OFAT|LOCO,,Ridge,46,LOCO,OFAT,Thickness_mean,,,,8,8,8,OFAT,15.329999999999998,17.22092805976984
loocv_ref,OFAT|LOCO,,Ridge,46,LOCO,OFAT,Thickness_mean,,,,9,9,9,OFAT,7.855,10.899815410141024
loocv_ref,OFAT|LOCO,,Ridge,46,LOCO,OFAT,Thickness_mean,,,,10,10,10,OFAT,2.8075,9.791644865976721
loocv_ref,OFAT|LOCO,,Ridge,46,LOCO,OFAT,Thickness_mean,,,,11,11,11,OFAT,7.7875,18.59741627711021
loocv_ref,OFAT|LOCO,,Ridge,46,LOCO,OFAT,Thickness_mean,,,,12,12,11,OFAT,9.105,18.59741627711021
loocv_ref,OFAT|LOCO,,Ridge,46,LOCO,OFAT,Thickness_mean,,,,13,13,12,OFAT,7.734999999999999,10.75813176602463
loocv_ref,OFAT|LOCO,,Ridge,46,LOCO,OFAT,Thickness_mean,,,,14,14,10,OFAT,6.8225,9.791644865976721
loocv_ref,OFAT|LOCO,,Ridge,46,LOCO,OFAT,Thickness_mean,,,,15,15,10,OFAT,14.995,9.791644865976721
loocv_ref,OFAT|LOCO,,Ridge,46,LOCO,OFAT,Thickness_mean,,,,16,16,13,OFAT,14.025,10.673086153694268
loocv_ref,OFAT|LOCO,,Ridge,46,LOCO,OFAT,Thickness_mean,,,,17,17,10,OFAT,9.0475,9.791644865976721
loocv_ref,OFAT|LOCO,,Ridge,46,LOCO,OFAT,Thickness_mean,,,,18,18,14,OFAT,22.225,20.89316152216138
loocv_ref,OFAT|LOCO,,Ridge,46,LOCO,OFAT,Thickness_mean,,,,19,19,14,OFAT,25.935,20.89316152216138
loocv_ref,OFAT|LOCO,,Ridge,46,LOCO,OFAT,Thickness_mean,,,,20,20,15,OFAT,7.03,5.882912076145553
loocv_ref,OFAT|LOCO,,Ridge,46,LOCO,OFAT,Thickness_mean,,,,21,21,16,OFAT,13.5325,10.316943309821777
loocv_ref,OFAT|LOCO,,Ridge,46,LOCO,OFAT,Thickness_mean,,,,22,22,14,OFAT,25.29,20.89316152216138
loocv_ref,OFAT|LOCO,,Ridge,46,LOCO,OFAT,Thickness_mean,,,,23,23,14,OFAT,21.965,20.89316152216138
loocv_ref,OFAT|LOCO,,Ridge,46,LOCO,OFAT,Thickness_mean,,,,24,24,14,OFAT,23.082500000000003,20.89316152216138
loocv_ref,OFAT|LOCO,,Ridge,46,LOCO,OFAT,Thickness_mean,,,,25,25,14,OFAT,21.262500000000003,20.89316152216138
loocv_ref,OFAT|LOCO,,Ridge,46,LOCO,OFAT,Thickness_mean,,,,26,26,17,OFAT,17.8275,18.301792287863247
loocv_ref,OFAT|LOCO,,Ridge,46,LOCO,OFAT,Thickness_mean,,,,27,27,17,OFAT,17.345,18.301792287863247
loocv_ref,OFAT|LOCO,,Ridge,46,LOCO,OFAT,Thickness_mean,,,,28,28,17,OFAT,24.4925,18.301792287863247
loocv_ref,OFAT|LOCO,,Ridge,46,LOCO,OFAT,Thickness_mean,,,,29,29,17,OFAT,17.695,18.301792287863247
loocv_ref,OFAT|LOCO,,Ridge,46,LOCO,OFAT,Thickness_mean,,,,30,30,17,OFAT,16.814999999999998,18.301792287863247
loocv_ref,OFAT|LOCO,,Ridge,46,LOCO,OFAT,Thickness_mean,,,,31,31,18,OFAT,14.9425,16.67578221982868
loocv_ref,OFAT|LOCO,,Ridge,46,LOCO,OFAT,Thickness_mean,,,,32,32,19,OFAT,9.9625,11.504126284120163
loocv_ref,OFAT|LOCO,,Ridge,46,LOCO,OFAT,Thickness_mean,,,,33,33,20,OFAT,4.855,7.241695204836608
loocv_ref,OFAT|LOCO,,Ridge,46,LOCO,OFAT,Thickness_mean,,,,34,34,21,OFAT,1.2375,3.3521673562384375
loocv_ref,OFAT|LOCO,,Ridge,46,LOCO,OFAT,Thickness_mean,,,,35,35,22,OFAT,2.0275,4.128687428412853
loocv_ref,OFAT|LOCO,,Ridge,46,LOCO,OFAT,Thickness_mean,,,,36,36,23,OFAT,3.535,5.672767808196637
loocv_ref,OFAT|LOCO,,Ridge,46,LOCO,OFAT,Thickness_mean,,,,37,37,20,OFAT,8.6425,7.241695204836608
loocv_ref,OFAT|LOCO,,Ridge,46,LOCO,OFAT,Thickness_mean,,,,38,38,19,OFAT,12.75,11.504126284120163
loocv_ref,OFAT|LOCO,,Ridge,46,LOCO,OFAT,Thickness_mean,,,,39,39,18,OFAT,16.965,16.67578221982868
loocv_ref,OFAT|LOCO,,Ridge,46,LOCO,OFAT,Thickness_mean,,,,40,40,19,OFAT,19.6525,11.504126284120163
loocv_ref,OFAT|LOCO,,Ridge,46,LOCO,OFAT,Thickness_mean,,,,41,41,19,OFAT,9.2675,11.504126284120163
loocv_ref,OFAT|LOCO,,Ridge,47,LOCO,OFAT,Thickness_mean,,,,0,0,0,OFAT,36.34,16.081829776430943
loocv_ref,OFAT|LOCO,,Ridge,47,LOCO,OFAT,Thickness_mean,,,,1,1,1,OFAT,19.9225,24.66840790286208
loocv_ref,OFAT|LOCO,,Ridge,47,LOCO,OFAT,Thickness_mean,,,,2,2,2,OFAT,25.6625,19.178034155002074
loocv_ref,OFAT|LOCO,,Ridge,47,LOCO,OFAT,Thickness_mean,,,,3,3,3,OFAT,20.2075,17.659823666917923
loocv_ref,OFAT|LOCO,,Ridge,47,LOCO,OFAT,Thickness_mean,,,,4,4,4,OFAT,15.345,18.261654698661538
loocv_ref,OFAT|LOCO,,Ridge,47,LOCO,OFAT,Thickness_mean,,,,5,5,5,OFAT,14.265,18.134100081478632
loocv_ref,OFAT|LOCO,,Ridge,47,LOCO,OFAT,Thickness_mean,,,,6,6,6,OFAT,12.9225,26.060399481485
loocv_ref,OFAT|LOCO,,Ridge,47,LOCO,OFAT,Thickness_mean,,,,7,7,7,OFAT,13.2775,16.7984748195535
loocv_ref,OFAT|LOCO,,Ridge,47,LOCO,OFAT,Thickness_mean,,,,8,8,8,OFAT,15.329999999999998,17.22092805976984
loocv_ref,OFAT|LOCO,,Ridge,47,LOCO,OFAT,Thickness_mean,,,,9,9,9,OFAT,7.855,12.656265543237318
loocv_ref,OFAT|LOCO,,Ridge,47,LOCO,OFAT,Thickness_mean,,,,10,10,10,OFAT,2.8075,10.482309030317612
loocv_ref,OFAT|LOCO,,Ridge,47,LOCO,OFAT,Thickness_mean,,,,11,11,11,OFAT,7.7875,16.133815501881962
loocv_ref,OFAT|LOCO,,Ridge,47,LOCO,OFAT,Thickness_mean,,,,12,12,11,OFAT,9.105,16.133815501881962
loocv_ref,OFAT|LOCO,,Ridge,47,LOCO,OFAT,Thickness_mean,,,,13,13,12,OFAT,7.734999999999999,11.868482939534983
loocv_ref,OFAT|LOCO,,Ridge,47,LOCO,OFAT,Thickness_mean,,,,14,14,10,OFAT,6.8225,10.482309030317612
loocv_ref,OFAT|LOCO,,Ridge,47,LOCO,OFAT,Thickness_mean,,,,15,15,10,OFAT,14.995,10.482309030317612
loocv_ref,OFAT|LOCO,,Ridge,47,LOCO,OFAT,Thickness_mean,,,,16,16,13,OFAT,14.025,11.085780355907445
loocv_ref,OFAT|LOCO,,Ridge,47,LOCO,OFAT,Thickness_mean,,,,17,17,10,OFAT,9.0475,10.482309030317612
loocv_ref,OFAT|LOCO,,Ridge,47,LOCO,OFAT,Thickness_mean,,,,18,18,14,OFAT,22.225,19.014184284587806
loocv_ref,OFAT|LOCO,,Ridge,47,LOCO,OFAT,Thickness_mean,,,,19,19,14,OFAT,25.935,19.014184284587806
loocv_ref,OFAT|LOCO,,Ridge,47,LOCO,OFAT,Thickness_mean,,,,20,20,15,OFAT,7.03,7.05825105068513
loocv_ref,OFAT|LOCO,,Ridge,47,LOCO,OFAT,Thickness_mean,,,,21,21,16,OFAT,13.5325,10.786075051693373
loocv_ref,OFAT|LOCO,,Ridge,47,LOCO,OFAT,Thickness_mean,,,,22,22,14,OFAT,25.29,19.014184284587806
loocv_ref,OFAT|LOCO,,Ridge,47,LOCO,OFAT,Thickness_mean,,,,23,23,14,OFAT,21.965,19.014184284587806
loocv_ref,OFAT|LOCO,,Ridge,47,LOCO,OFAT,Thickness_mean,,,,24,24,14,OFAT,23.082500000000003,19.014184284587806
loocv_ref,OFAT|LOCO,,Ridge,47,LOCO,OFAT,Thickness_mean,,,,25,25,14,OFAT,21.262500000000003,19.014184284587806
loocv_ref,OFAT|LOCO,,Ridge,47,LOCO,OFAT,Thickness_mean,,,,26,26,17,OFAT,17.8275,17.2974379504011
loocv_ref,OFAT|LOCO,,Ridge,47,LOCO,OFAT,Thickness_mean,,,,27,27,17,OFAT,17.345,17.2974379504011
loocv_ref,OFAT|LOCO,,Ridge,47,LOCO,OFAT,Thickness_mean,,,,28,28,17,OFAT,24.4925,17.2974379504011
loocv_ref,OFAT|LOCO,,Ridge,47,LOCO,OFAT,Thickness_mean,,,,29,29,17,OFAT,17.695,17.2974379504011
loocv_ref,OFAT|LOCO,,Ridge,47,LOCO,OFAT,Thickness_mean,,,,30,30,17,OFAT,16.814999999999998,17.2974379504011
loocv_ref,OFAT|LOCO,,Ridge,47,LOCO,OFAT,Thickness_mean,,,,31,31,18,OFAT,14.9425,16.67578221982868
loocv_ref,OFAT|LOCO,,Ridge,47,LOCO,OFAT,Thickness_mean,,,,32,32,19,OFAT,9.9625,11.82532961480937
loocv_ref,OFAT|LOCO,,Ridge,47,LOCO,OFAT,Thickness_mean,,,,33,33,20,OFAT,4.855,7.241695204836608
loocv_ref,OFAT|LOCO,,Ridge,47,LOCO,OFAT,Thickness_mean,,,,34,34,21,OFAT,1.2375,6.757604884078182
loocv_ref,OFAT|LOCO,,Ridge,47,LOCO,OFAT,Thickness_mean,,,,35,35,22,OFAT,2.0275,7.27822361239534
loocv_ref,OFAT|LOCO,,Ridge,47,LOCO,OFAT,Thickness_mean,,,,36,36,23,OFAT,3.535,8.315996466271738
loocv_ref,OFAT|LOCO,,Ridge,47,LOCO,OFAT,Thickness_mean,,,,37,37,20,OFAT,8.6425,7.241695204836608
loocv_ref,OFAT|LOCO,,Ridge,47,LOCO,OFAT,Thickness_mean,,,,38,38,19,OFAT,12.75,11.82532961480937
loocv_ref,OFAT|LOCO,,Ridge,47,LOCO,OFAT,Thickness_mean,,,,39,39,18,OFAT,16.965,16.67578221982868
loocv_ref,OFAT|LOCO,,Ridge,47,LOCO,OFAT,Thickness_mean,,,,40,40,19,OFAT,19.6525,11.82532961480937
loocv_ref,OFAT|LOCO,,Ridge,47,LOCO,OFAT,Thickness_mean,,,,41,41,19,OFAT,9.2675,11.82532961480937
loocv_ref,OFAT|LOCO,,Ridge,48,LOCO,OFAT,Thickness_mean,,,,0,0,0,OFAT,36.34,16.27680652023795
loocv_ref,OFAT|LOCO,,Ridge,48,LOCO,OFAT,Thickness_mean,,,,1,1,1,OFAT,19.9225,22.116569134396176
loocv_ref,OFAT|LOCO,,Ridge,48,LOCO,OFAT,Thickness_mean,,,,2,2,2,OFAT,25.6625,19.048804716712382
loocv_ref,OFAT|LOCO,,Ridge,48,LOCO,OFAT,Thickness_mean,,,,3,3,3,OFAT,20.2075,18.434495094783834
loocv_ref,OFAT|LOCO,,Ridge,48,LOCO,OFAT,Thickness_mean,,,,4,4,4,OFAT,15.345,19.162911994817243
loocv_ref,OFAT|LOCO,,Ridge,48,LOCO,OFAT,Thickness_mean,,,,5,5,5,OFAT,14.265,19.189532088078224
loocv_ref,OFAT|LOCO,,Ridge,48,LOCO,OFAT,Thickness_mean,,,,6,6,6,OFAT,12.9225,29.25743135830362
loocv_ref,OFAT|LOCO,,Ridge,48,LOCO,OFAT,Thickness_mean,,,,7,7,7,OFAT,13.2775,15.66975887433073
loocv_ref,OFAT|LOCO,,Ridge,48,LOCO,OFAT,Thickness_mean,,,,8,8,8,OFAT,15.329999999999998,16.286980864155904
loocv_ref,OFAT|LOCO,,Ridge,48,LOCO,OFAT,Thickness_mean,,,,9,9,9,OFAT,7.855,10.899815410141024
loocv_ref,OFAT|LOCO,,Ridge,48,LOCO,OFAT,Thickness_mean,,,,10,10,10,OFAT,2.8075,9.791644865976721
loocv_ref,OFAT|LOCO,,Ridge,48,LOCO,OFAT,Thickness_mean,,,,11,11,11,OFAT,7.7875,17.66547251929161
loocv_ref,OFAT|LOCO,,Ridge,48,LOCO,OFAT,Thickness_mean,,,,12,12,11,OFAT,9.105,17.66547251929161
loocv_ref,OFAT|LOCO,,Ridge,48,LOCO,OFAT,Thickness_mean,,,,13,13,12,OFAT,7.734999999999999,10.676636760238882
loocv_ref,OFAT|LOCO,,Ridge,48,LOCO,OFAT,Thickness_mean,,,,14,14,10,OFAT,6.8225,9.791644865976721
loocv_ref,OFAT|LOCO,,Ridge,48,LOCO,OFAT,Thickness_mean,,,,15,15,10,OFAT,14.995,9.791644865976721
loocv_ref,OFAT|LOCO,,Ridge,48,LOCO,OFAT,Thickness_mean,,,,16,16,13,OFAT,14.025,10.526420539314019
loocv_ref,OFAT|LOCO,,Ridge,48,LOCO,OFAT,Thickness_mean,,,,17,17,10,OFAT,9.0475,9.791644865976721
loocv_ref,OFAT|LOCO,,Ridge,48,LOCO,OFAT,Thickness_mean,,,,18,18,14,OFAT,22.225,21.78586764536012
loocv_ref,OFAT|LOCO,,Ridge,48,LOCO,OFAT,Thickness_mean,,,,19,19,14,OFAT,25.935,21.78586764536012
loocv_ref,OFAT|LOCO,,Ridge,48,LOCO,OFAT,Thickness_mean,,,,20,20,15,OFAT,7.03,5.428439391564714
loocv_ref,OFAT|LOCO,,Ridge,48,LOCO,OFAT,Thickness_mean,,,,21,21,16,OFAT,13.5325,10.147502901229743
loocv_ref,OFAT|LOCO,,Ridge,48,LOCO,OFAT,Thickness_mean,,,,22,22,14,OFAT,25.29,21.78586764536012
loocv_ref,OFAT|LOCO,,Ridge,48,LOCO,OFAT,Thickness_mean,,,,23,23,14,OFAT,21.965,21.78586764536012
loocv_ref,OFAT|LOCO,,Ridge,48,LOCO,OFAT,Thickness_mean,,,,24,24,14,OFAT,23.082500000000003,21.78586764536012
loocv_ref,OFAT|LOCO,,Ridge,48,LOCO,OFAT,Thickness_mean,,,,25,25,14,OFAT,21.262500000000003,21.78586764536012
loocv_ref,OFAT|LOCO,,Ridge,48,LOCO,OFAT,Thickness_mean,,,,26,26,17,OFAT,17.8275,18.918616627038297
loocv_ref,OFAT|LOCO,,Ridge,48,LOCO,OFAT,Thickness_mean,,,,27,27,17,OFAT,17.345,18.918616627038297
loocv_ref,OFAT|LOCO,,Ridge,48,LOCO,OFAT,Thickness_mean,,,,28,28,17,OFAT,24.4925,18.918616627038297
loocv_ref,OFAT|LOCO,,Ridge,48,LOCO,OFAT,Thickness_mean,,,,29,29,17,OFAT,17.695,18.918616627038297
loocv_ref,OFAT|LOCO,,Ridge,48,LOCO,OFAT,Thickness_mean,,,,30,30,17,OFAT,16.814999999999998,18.918616627038297
loocv_ref,OFAT|LOCO,,Ridge,48,LOCO,OFAT,Thickness_mean,,,,31,31,18,OFAT,14.9425,17.601296594445422
loocv_ref,OFAT|LOCO,,Ridge,48,LOCO,OFAT,Thickness_mean,,,,32,32,19,OFAT,9.9625,11.363571390096581
loocv_ref,OFAT|LOCO,,Ridge,48,LOCO,OFAT,Thickness_mean,,,,33,33,20,OFAT,4.855,5.558981702814846
loocv_ref,OFAT|LOCO,,Ridge,48,LOCO,OFAT,Thickness_mean,,,,34,34,21,OFAT,1.2375,0.47424682356587766
loocv_ref,OFAT|LOCO,,Ridge,48,LOCO,OFAT,Thickness_mean,,,,35,35,22,OFAT,2.0275,1.4800484261089935
loocv_ref,OFAT|LOCO,,Ridge,48,LOCO,OFAT,Thickness_mean,,,,36,36,23,OFAT,3.535,3.4746894719953367
loocv_ref,OFAT|LOCO,,Ridge,48,LOCO,OFAT,Thickness_mean,,,,37,37,20,OFAT,8.6425,5.558981702814846
loocv_ref,OFAT|LOCO,,Ridge,48,LOCO,OFAT,Thickness_mean,,,,38,38,19,OFAT,12.75,11.363571390096581
loocv_ref,OFAT|LOCO,,Ridge,48,LOCO,OFAT,Thickness_mean,,,,39,39,18,OFAT,16.965,17.601296594445422
loocv_ref,OFAT|LOCO,,Ridge,48,LOCO,OFAT,Thickness_mean,,,,40,40,19,OFAT,19.6525,11.363571390096581
loocv_ref,OFAT|LOCO,,Ridge,48,LOCO,OFAT,Thickness_mean,,,,41,41,19,OFAT,9.2675,11.363571390096581
loocv_ref,OFAT|LOCO,,Ridge,49,LOCO,OFAT,Thickness_mean,,,,0,0,0,OFAT,36.34,16.51484069960016
loocv_ref,OFAT|LOCO,,Ridge,49,LOCO,OFAT,Thickness_mean,,,,1,1,1,OFAT,19.9225,23.459722831508664
loocv_ref,OFAT|LOCO,,Ridge,49,LOCO,OFAT,Thickness_mean,,,,2,2,2,OFAT,25.6625,19.18094187247621
loocv_ref,OFAT|LOCO,,Ridge,49,LOCO,OFAT,Thickness_mean,,,,3,3,3,OFAT,20.2075,17.956742202981182
loocv_ref,OFAT|LOCO,,Ridge,49,LOCO,OFAT,Thickness_mean,,,,4,4,4,OFAT,15.345,18.610194282358048
loocv_ref,OFAT|LOCO,,Ridge,49,LOCO,OFAT,Thickness_mean,,,,5,5,5,OFAT,14.265,18.539955919470074
loocv_ref,OFAT|LOCO,,Ridge,49,LOCO,OFAT,Thickness_mean,,,,6,6,6,OFAT,12.9225,29.25743135830362
loocv_ref,OFAT|LOCO,,Ridge,49,LOCO,OFAT,Thickness_mean,,,,7,7,7,OFAT,13.2775,16.7984748195535
loocv_ref,OFAT|LOCO,,Ridge,49,LOCO,OFAT,Thickness_mean,,,,8,8,8,OFAT,15.329999999999998,16.286980864155904
loocv_ref,OFAT|LOCO,,Ridge,49,LOCO,OFAT,Thickness_mean,,,,9,9,9,OFAT,7.855,12.656265543237318
loocv_ref,OFAT|LOCO,,Ridge,49,LOCO,OFAT,Thickness_mean,,,,10,10,10,OFAT,2.8075,10.482309030317612
loocv_ref,OFAT|LOCO,,Ridge,49,LOCO,OFAT,Thickness_mean,,,,11,11,11,OFAT,7.7875,17.66547251929161
loocv_ref,OFAT|LOCO,,Ridge,49,LOCO,OFAT,Thickness_mean,,,,12,12,11,OFAT,9.105,17.66547251929161
loocv_ref,OFAT|LOCO,,Ridge,49,LOCO,OFAT,Thickness_mean,,,,13,13,12,OFAT,7.734999999999999,11.066544482900579
loocv_ref,OFAT|LOCO,,Ridge,49,LOCO,OFAT,Thickness_mean,,,,14,14,10,OFAT,6.8225,10.482309030317612
loocv_ref,OFAT|LOCO,,Ridge,49,LOCO,OFAT,Thickness_mean,,,,15,15,10,OFAT,14.995,10.482309030317612
loocv_ref,OFAT|LOCO,,Ridge,49,LOCO,OFAT,Thickness_mean,,,,16,16,13,OFAT,14.025,11.085780355907445
loocv_ref,OFAT|LOCO,,Ridge,49,LOCO,OFAT,Thickness_mean,,,,17,17,10,OFAT,9.0475,10.482309030317612
loocv_ref,OFAT|LOCO,,Ridge,49,LOCO,OFAT,Thickness_mean,,,,18,18,14,OFAT,22.225,22.28130521355915
loocv_ref,OFAT|LOCO,,Ridge,49,LOCO,OFAT,Thickness_mean,,,,19,19,14,OFAT,25.935,22.28130521355915
loocv_ref,OFAT|LOCO,,Ridge,49,LOCO,OFAT,Thickness_mean,,,,20,20,15,OFAT,7.03,7.05825105068513
loocv_ref,OFAT|LOCO,,Ridge,49,LOCO,OFAT,Thickness_mean,,,,21,21,16,OFAT,13.5325,10.786075051693373
loocv_ref,OFAT|LOCO,,Ridge,49,LOCO,OFAT,Thickness_mean,,,,22,22,14,OFAT,25.29,22.28130521355915
loocv_ref,OFAT|LOCO,,Ridge,49,LOCO,OFAT,Thickness_mean,,,,23,23,14,OFAT,21.965,22.28130521355915
loocv_ref,OFAT|LOCO,,Ridge,49,LOCO,OFAT,Thickness_mean,,,,24,24,14,OFAT,23.082500000000003,22.28130521355915
loocv_ref,OFAT|LOCO,,Ridge,49,LOCO,OFAT,Thickness_mean,,,,25,25,14,OFAT,21.262500000000003,22.28130521355915
loocv_ref,OFAT|LOCO,,Ridge,49,LOCO,OFAT,Thickness_mean,,,,26,26,17,OFAT,17.8275,18.973378273449587
loocv_ref,OFAT|LOCO,,Ridge,49,LOCO,OFAT,Thickness_mean,,,,27,27,17,OFAT,17.345,18.973378273449587
loocv_ref,OFAT|LOCO,,Ridge,49,LOCO,OFAT,Thickness_mean,,,,28,28,17,OFAT,24.4925,18.973378273449587
loocv_ref,OFAT|LOCO,,Ridge,49,LOCO,OFAT,Thickness_mean,,,,29,29,17,OFAT,17.695,18.973378273449587
loocv_ref,OFAT|LOCO,,Ridge,49,LOCO,OFAT,Thickness_mean,,,,30,30,17,OFAT,16.814999999999998,18.973378273449587
loocv_ref,OFAT|LOCO,,Ridge,49,LOCO,OFAT,Thickness_mean,,,,31,31,18,OFAT,14.9425,16.67578221982868
loocv_ref,OFAT|LOCO,,Ridge,49,LOCO,OFAT,Thickness_mean,,,,32,32,19,OFAT,9.9625,11.504126284120163
loocv_ref,OFAT|LOCO,,Ridge,49,LOCO,OFAT,Thickness_mean,,,,33,33,20,OFAT,4.855,7.241695204836608
loocv_ref,OFAT|LOCO,,Ridge,49,LOCO,OFAT,Thickness_mean,,,,34,34,21,OFAT,1.2375,3.3521673562384375
loocv_ref,OFAT|LOCO,,Ridge,49,LOCO,OFAT,Thickness_mean,,,,35,35,22,OFAT,2.0275,4.128687428412853
loocv_ref,OFAT|LOCO,,Ridge,49,LOCO,OFAT,Thickness_mean,,,,36,36,23,OFAT,3.535,5.672767808196637
loocv_ref,OFAT|LOCO,,Ridge,49,LOCO,OFAT,Thickness_mean,,,,37,37,20,OFAT,8.6425,7.241695204836608
loocv_ref,OFAT|LOCO,,Ridge,49,LOCO,OFAT,Thickness_mean,,,,38,38,19,OFAT,12.75,11.504126284120163
loocv_ref,OFAT|LOCO,,Ridge,49,LOCO,OFAT,Thickness_mean,,,,39,39,18,OFAT,16.965,16.67578221982868
loocv_ref,OFAT|LOCO,,Ridge,49,LOCO,OFAT,Thickness_mean,,,,40,40,19,OFAT,19.6525,11.504126284120163
loocv_ref,OFAT|LOCO,,Ridge,49,LOCO,OFAT,Thickness_mean,,,,41,41,19,OFAT,9.2675,11.504126284120163
loocv_ref,OFAT|LOCO,,Ridge,50,LOCO,OFAT,Thickness_mean,,,,0,0,0,OFAT,36.34,16.081829776430943
loocv_ref,OFAT|LOCO,,Ridge,50,LOCO,OFAT,Thickness_mean,,,,1,1,1,OFAT,19.9225,23.459722831508664
loocv_ref,OFAT|LOCO,,Ridge,50,LOCO,OFAT,Thickness_mean,,,,2,2,2,OFAT,25.6625,19.048804716712382
loocv_ref,OFAT|LOCO,,Ridge,50,LOCO,OFAT,Thickness_mean,,,,3,3,3,OFAT,20.2075,18.434495094783834
loocv_ref,OFAT|LOCO,,Ridge,50,LOCO,OFAT,Thickness_mean,,,,4,4,4,OFAT,15.345,19.162911994817243
loocv_ref,OFAT|LOCO,,Ridge,50,LOCO,OFAT,Thickness_mean,,,,5,5,5,OFAT,14.265,19.189532088078224
loocv_ref,OFAT|LOCO,,Ridge,50,LOCO,OFAT,Thickness_mean,,,,6,6,6,OFAT,12.9225,26.060399481485
loocv_ref,OFAT|LOCO,,Ridge,50,LOCO,OFAT,Thickness_mean,,,,7,7,7,OFAT,13.2775,16.7984748195535
loocv_ref,OFAT|LOCO,,Ridge,50,LOCO,OFAT,Thickness_mean,,,,8,8,8,OFAT,15.329999999999998,17.22092805976984
loocv_ref,OFAT|LOCO,,Ridge,50,LOCO,OFAT,Thickness_mean,,,,9,9,9,OFAT,7.855,12.656265543237318
loocv_ref,OFAT|LOCO,,Ridge,50,LOCO,OFAT,Thickness_mean,,,,10,10,10,OFAT,2.8075,9.791644865976721
loocv_ref,OFAT|LOCO,,Ridge,50,LOCO,OFAT,Thickness_mean,,,,11,11,11,OFAT,7.7875,16.133815501881962
loocv_ref,OFAT|LOCO,,Ridge,50,LOCO,OFAT,Thickness_mean,,,,12,12,11,OFAT,9.105,16.133815501881962
loocv_ref,OFAT|LOCO,,Ridge,50,LOCO,OFAT,Thickness_mean,,,,13,13,12,OFAT,7.734999999999999,11.066544482900579
loocv_ref,OFAT|LOCO,,Ridge,50,LOCO,OFAT,Thickness_mean,,,,14,14,10,OFAT,6.8225,9.791644865976721
loocv_ref,OFAT|LOCO,,Ridge,50,LOCO,OFAT,Thickness_mean,,,,15,15,10,OFAT,14.995,9.791644865976721
loocv_ref,OFAT|LOCO,,Ridge,50,LOCO,OFAT,Thickness_mean,,,,16,16,13,OFAT,14.025,11.085780355907445
loocv_ref,OFAT|LOCO,,Ridge,50,LOCO,OFAT,Thickness_mean,,,,17,17,10,OFAT,9.0475,9.791644865976721
loocv_ref,OFAT|LOCO,,Ridge,50,LOCO,OFAT,Thickness_mean,,,,18,18,14,OFAT,22.225,19.014184284587806
loocv_ref,OFAT|LOCO,,Ridge,50,LOCO,OFAT,Thickness_mean,,,,19,19,14,OFAT,25.935,19.014184284587806
loocv_ref,OFAT|LOCO,,Ridge,50,LOCO,OFAT,Thickness_mean,,,,20,20,15,OFAT,7.03,7.05825105068513
loocv_ref,OFAT|LOCO,,Ridge,50,LOCO,OFAT,Thickness_mean,,,,21,21,16,OFAT,13.5325,10.316943309821777
loocv_ref,OFAT|LOCO,,Ridge,50,LOCO,OFAT,Thickness_mean,,,,22,22,14,OFAT,25.29,19.014184284587806
loocv_ref,OFAT|LOCO,,Ridge,50,LOCO,OFAT,Thickness_mean,,,,23,23,14,OFAT,21.965,19.014184284587806
loocv_ref,OFAT|LOCO,,Ridge,50,LOCO,OFAT,Thickness_mean,,,,24,24,14,OFAT,23.082500000000003,19.014184284587806
loocv_ref,OFAT|LOCO,,Ridge,50,LOCO,OFAT,Thickness_mean,,,,25,25,14,OFAT,21.262500000000003,19.014184284587806
loocv_ref,OFAT|LOCO,,Ridge,50,LOCO,OFAT,Thickness_mean,,,,26,26,17,OFAT,17.8275,18.301792287863247
loocv_ref,OFAT|LOCO,,Ridge,50,LOCO,OFAT,Thickness_mean,,,,27,27,17,OFAT,17.345,18.301792287863247
loocv_ref,OFAT|LOCO,,Ridge,50,LOCO,OFAT,Thickness_mean,,,,28,28,17,OFAT,24.4925,18.301792287863247
loocv_ref,OFAT|LOCO,,Ridge,50,LOCO,OFAT,Thickness_mean,,,,29,29,17,OFAT,17.695,18.301792287863247
loocv_ref,OFAT|LOCO,,Ridge,50,LOCO,OFAT,Thickness_mean,,,,30,30,17,OFAT,16.814999999999998,18.301792287863247
loocv_ref,OFAT|LOCO,,Ridge,50,LOCO,OFAT,Thickness_mean,,,,31,31,18,OFAT,14.9425,16.67578221982868
loocv_ref,OFAT|LOCO,,Ridge,50,LOCO,OFAT,Thickness_mean,,,,32,32,19,OFAT,9.9625,11.504126284120163
loocv_ref,OFAT|LOCO,,Ridge,50,LOCO,OFAT,Thickness_mean,,,,33,33,20,OFAT,4.855,7.241695204836608
loocv_ref,OFAT|LOCO,,Ridge,50,LOCO,OFAT,Thickness_mean,,,,34,34,21,OFAT,1.2375,3.3521673562384375
loocv_ref,OFAT|LOCO,,Ridge,50,LOCO,OFAT,Thickness_mean,,,,35,35,22,OFAT,2.0275,4.128687428412853
loocv_ref,OFAT|LOCO,,Ridge,50,LOCO,OFAT,Thickness_mean,,,,36,36,23,OFAT,3.535,5.672767808196637
loocv_ref,OFAT|LOCO,,Ridge,50,LOCO,OFAT,Thickness_mean,,,,37,37,20,OFAT,8.6425,7.241695204836608
loocv_ref,OFAT|LOCO,,Ridge,50,LOCO,OFAT,Thickness_mean,,,,38,38,19,OFAT,12.75,11.504126284120163
loocv_ref,OFAT|LOCO,,Ridge,50,LOCO,OFAT,Thickness_mean,,,,39,39,18,OFAT,16.965,16.67578221982868
loocv_ref,OFAT|LOCO,,Ridge,50,LOCO,OFAT,Thickness_mean,,,,40,40,19,OFAT,19.6525,11.504126284120163
loocv_ref,OFAT|LOCO,,Ridge,50,LOCO,OFAT,Thickness_mean,,,,41,41,19,OFAT,9.2675,11.504126284120163
loocv_ref,OFAT|LOCO,,Ridge,51,LOCO,OFAT,Thickness_mean,,,,0,0,0,OFAT,36.34,16.081829776430943
loocv_ref,OFAT|LOCO,,Ridge,51,LOCO,OFAT,Thickness_mean,,,,1,1,1,OFAT,19.9225,22.116569134396176
loocv_ref,OFAT|LOCO,,Ridge,51,LOCO,OFAT,Thickness_mean,,,,2,2,2,OFAT,25.6625,19.048804716712382
loocv_ref,OFAT|LOCO,,Ridge,51,LOCO,OFAT,Thickness_mean,,,,3,3,3,OFAT,20.2075,17.956742202981182
loocv_ref,OFAT|LOCO,,Ridge,51,LOCO,OFAT,Thickness_mean,,,,4,4,4,OFAT,15.345,19.162911994817243
loocv_ref,OFAT|LOCO,,Ridge,51,LOCO,OFAT,Thickness_mean,,,,5,5,5,OFAT,14.265,19.189532088078224
loocv_ref,OFAT|LOCO,,Ridge,51,LOCO,OFAT,Thickness_mean,,,,6,6,6,OFAT,12.9225,32.017676126618284
loocv_ref,OFAT|LOCO,,Ridge,51,LOCO,OFAT,Thickness_mean,,,,7,7,7,OFAT,13.2775,15.66975887433073
loocv_ref,OFAT|LOCO,,Ridge,51,LOCO,OFAT,Thickness_mean,,,,8,8,8,OFAT,15.329999999999998,16.286980864155904
loocv_ref,OFAT|LOCO,,Ridge,51,LOCO,OFAT,Thickness_mean,,,,9,9,9,OFAT,7.855,10.899815410141024
loocv_ref,OFAT|LOCO,,Ridge,51,LOCO,OFAT,Thickness_mean,,,,10,10,10,OFAT,2.8075,9.448355625442169
loocv_ref,OFAT|LOCO,,Ridge,51,LOCO,OFAT,Thickness_mean,,,,11,11,11,OFAT,7.7875,17.66547251929161
loocv_ref,OFAT|LOCO,,Ridge,51,LOCO,OFAT,Thickness_mean,,,,12,12,11,OFAT,9.105,17.66547251929161
loocv_ref,OFAT|LOCO,,Ridge,51,LOCO,OFAT,Thickness_mean,,,,13,13,12,OFAT,7.734999999999999,10.75813176602463
loocv_ref,OFAT|LOCO,,Ridge,51,LOCO,OFAT,Thickness_mean,,,,14,14,10,OFAT,6.8225,9.448355625442169
loocv_ref,OFAT|LOCO,,Ridge,51,LOCO,OFAT,Thickness_mean,,,,15,15,10,OFAT,14.995,9.448355625442169
loocv_ref,OFAT|LOCO,,Ridge,51,LOCO,OFAT,Thickness_mean,,,,16,16,13,OFAT,14.025,10.673086153694268
loocv_ref,OFAT|LOCO,,Ridge,51,LOCO,OFAT,Thickness_mean,,,,17,17,10,OFAT,9.0475,9.448355625442169
loocv_ref,OFAT|LOCO,,Ridge,51,LOCO,OFAT,Thickness_mean,,,,18,18,14,OFAT,22.225,20.89316152216138
loocv_ref,OFAT|LOCO,,Ridge,51,LOCO,OFAT,Thickness_mean,,,,19,19,14,OFAT,25.935,20.89316152216138
loocv_ref,OFAT|LOCO,,Ridge,51,LOCO,OFAT,Thickness_mean,,,,20,20,15,OFAT,7.03,5.882912076145553
loocv_ref,OFAT|LOCO,,Ridge,51,LOCO,OFAT,Thickness_mean,,,,21,21,16,OFAT,13.5325,10.316943309821777
loocv_ref,OFAT|LOCO,,Ridge,51,LOCO,OFAT,Thickness_mean,,,,22,22,14,OFAT,25.29,20.89316152216138
loocv_ref,OFAT|LOCO,,Ridge,51,LOCO,OFAT,Thickness_mean,,,,23,23,14,OFAT,21.965,20.89316152216138
loocv_ref,OFAT|LOCO,,Ridge,51,LOCO,OFAT,Thickness_mean,,,,24,24,14,OFAT,23.082500000000003,20.89316152216138
loocv_ref,OFAT|LOCO,,Ridge,51,LOCO,OFAT,Thickness_mean,,,,25,25,14,OFAT,21.262500000000003,20.89316152216138
loocv_ref,OFAT|LOCO,,Ridge,51,LOCO,OFAT,Thickness_mean,,,,26,26,17,OFAT,17.8275,18.301792287863247
loocv_ref,OFAT|LOCO,,Ridge,51,LOCO,OFAT,Thickness_mean,,,,27,27,17,OFAT,17.345,18.301792287863247
loocv_ref,OFAT|LOCO,,Ridge,51,LOCO,OFAT,Thickness_mean,,,,28,28,17,OFAT,24.4925,18.301792287863247
loocv_ref,OFAT|LOCO,,Ridge,51,LOCO,OFAT,Thickness_mean,,,,29,29,17,OFAT,17.695,18.301792287863247
loocv_ref,OFAT|LOCO,,Ridge,51,LOCO,OFAT,Thickness_mean,,,,30,30,17,OFAT,16.814999999999998,18.301792287863247
loocv_ref,OFAT|LOCO,,Ridge,51,LOCO,OFAT,Thickness_mean,,,,31,31,18,OFAT,14.9425,17.317692628494218
loocv_ref,OFAT|LOCO,,Ridge,51,LOCO,OFAT,Thickness_mean,,,,32,32,19,OFAT,9.9625,11.504126284120163
loocv_ref,OFAT|LOCO,,Ridge,51,LOCO,OFAT,Thickness_mean,,,,33,33,20,OFAT,4.855,6.029548454269998
loocv_ref,OFAT|LOCO,,Ridge,51,LOCO,OFAT,Thickness_mean,,,,34,34,21,OFAT,1.2375,1.4669247092970323
loocv_ref,OFAT|LOCO,,Ridge,51,LOCO,OFAT,Thickness_mean,,,,35,35,22,OFAT,2.0275,2.3916752670123795
loocv_ref,OFAT|LOCO,,Ridge,51,LOCO,OFAT,Thickness_mean,,,,36,36,23,OFAT,3.535,4.22736820836481
loocv_ref,OFAT|LOCO,,Ridge,51,LOCO,OFAT,Thickness_mean,,,,37,37,20,OFAT,8.6425,6.029548454269998
loocv_ref,OFAT|LOCO,,Ridge,51,LOCO,OFAT,Thickness_mean,,,,38,38,19,OFAT,12.75,11.504126284120163
loocv_ref,OFAT|LOCO,,Ridge,51,LOCO,OFAT,Thickness_mean,,,,39,39,18,OFAT,16.965,17.317692628494218
loocv_ref,OFAT|LOCO,,Ridge,51,LOCO,OFAT,Thickness_mean,,,,40,40,19,OFAT,19.6525,11.504126284120163
loocv_ref,OFAT|LOCO,,Ridge,51,LOCO,OFAT,Thickness_mean,,,,41,41,19,OFAT,9.2675,11.504126284120163
loocv_ref,OFAT|LOCO,,Random Forest,42,LOCO,OFAT,Thickness_mean,,,,0,0,0,OFAT,36.34,20.561499313515416
loocv_ref,OFAT|LOCO,,Random Forest,42,LOCO,OFAT,Thickness_mean,,,,1,1,1,OFAT,19.9225,27.402290139772475
loocv_ref,OFAT|LOCO,,Random Forest,42,LOCO,OFAT,Thickness_mean,,,,2,2,2,OFAT,25.6625,24.401146992954036
loocv_ref,OFAT|LOCO,,Random Forest,42,LOCO,OFAT,Thickness_mean,,,,3,3,3,OFAT,20.2075,16.288577240340558
loocv_ref,OFAT|LOCO,,Random Forest,42,LOCO,OFAT,Thickness_mean,,,,4,4,4,OFAT,15.345,16.801807073522294
loocv_ref,OFAT|LOCO,,Random Forest,42,LOCO,OFAT,Thickness_mean,,,,5,5,5,OFAT,14.265,16.952753290478668
loocv_ref,OFAT|LOCO,,Random Forest,42,LOCO,OFAT,Thickness_mean,,,,6,6,6,OFAT,12.9225,16.867718763165588
loocv_ref,OFAT|LOCO,,Random Forest,42,LOCO,OFAT,Thickness_mean,,,,7,7,7,OFAT,13.2775,16.970517630757428
loocv_ref,OFAT|LOCO,,Random Forest,42,LOCO,OFAT,Thickness_mean,,,,8,8,8,OFAT,15.329999999999998,17.247597313520178
loocv_ref,OFAT|LOCO,,Random Forest,42,LOCO,OFAT,Thickness_mean,,,,9,9,9,OFAT,7.855,8.242140712169777
loocv_ref,OFAT|LOCO,,Random Forest,42,LOCO,OFAT,Thickness_mean,,,,10,10,10,OFAT,2.8075,7.900142857142859
loocv_ref,OFAT|LOCO,,Random Forest,42,LOCO,OFAT,Thickness_mean,,,,11,11,11,OFAT,7.7875,8.619502500000008
loocv_ref,OFAT|LOCO,,Random Forest,42,LOCO,OFAT,Thickness_mean,,,,12,12,11,OFAT,9.105,8.619502500000008
loocv_ref,OFAT|LOCO,,Random Forest,42,LOCO,OFAT,Thickness_mean,,,,13,13,12,OFAT,7.734999999999999,7.964396696428572
loocv_ref,OFAT|LOCO,,Random Forest,42,LOCO,OFAT,Thickness_mean,,,,14,14,10,OFAT,6.8225,7.900142857142859
loocv_ref,OFAT|LOCO,,Random Forest,42,LOCO,OFAT,Thickness_mean,,,,15,15,10,OFAT,14.995,7.900142857142859
loocv_ref,OFAT|LOCO,,Random Forest,42,LOCO,OFAT,Thickness_mean,,,,16,16,13,OFAT,14.025,13.066451532287157
loocv_ref,OFAT|LOCO,,Random Forest,42,LOCO,OFAT,Thickness_mean,,,,17,17,10,OFAT,9.0475,7.900142857142859
loocv_ref,OFAT|LOCO,,Random Forest,42,LOCO,OFAT,Thickness_mean,,,,18,18,14,OFAT,22.225,17.37240381285886
loocv_ref,OFAT|LOCO,,Random Forest,42,LOCO,OFAT,Thickness_mean,,,,19,19,14,OFAT,25.935,17.37240381285886
loocv_ref,OFAT|LOCO,,Random Forest,42,LOCO,OFAT,Thickness_mean,,,,20,20,15,OFAT,7.03,5.9214933829365055
loocv_ref,OFAT|LOCO,,Random Forest,42,LOCO,OFAT,Thickness_mean,,,,21,21,16,OFAT,13.5325,11.044320833333337
loocv_ref,OFAT|LOCO,,Random Forest,42,LOCO,OFAT,Thickness_mean,,,,22,22,14,OFAT,25.29,17.37240381285886
loocv_ref,OFAT|LOCO,,Random Forest,42,LOCO,OFAT,Thickness_mean,,,,23,23,14,OFAT,21.965,17.37240381285886
loocv_ref,OFAT|LOCO,,Random Forest,42,LOCO,OFAT,Thickness_mean,,,,24,24,14,OFAT,23.082500000000003,17.37240381285886
loocv_ref,OFAT|LOCO,,Random Forest,42,LOCO,OFAT,Thickness_mean,,,,25,25,14,OFAT,21.262500000000003,17.37240381285886
loocv_ref,OFAT|LOCO,,Random Forest,42,LOCO,OFAT,Thickness_mean,,,,26,26,17,OFAT,17.8275,16.132529426745638
loocv_ref,OFAT|LOCO,,Random Forest,42,LOCO,OFAT,Thickness_mean,,,,27,27,17,OFAT,17.345,16.132529426745638
loocv_ref,OFAT|LOCO,,Random Forest,42,LOCO,OFAT,Thickness_mean,,,,28,28,17,OFAT,24.4925,16.132529426745638
loocv_ref,OFAT|LOCO,,Random Forest,42,LOCO,OFAT,Thickness_mean,,,,29,29,17,OFAT,17.695,16.132529426745638
loocv_ref,OFAT|LOCO,,Random Forest,42,LOCO,OFAT,Thickness_mean,,,,30,30,17,OFAT,16.814999999999998,16.132529426745638
loocv_ref,OFAT|LOCO,,Random Forest,42,LOCO,OFAT,Thickness_mean,,,,31,31,18,OFAT,14.9425,17.628234202701297
loocv_ref,OFAT|LOCO,,Random Forest,42,LOCO,OFAT,Thickness_mean,,,,32,32,19,OFAT,9.9625,12.877099242007992
loocv_ref,OFAT|LOCO,,Random Forest,42,LOCO,OFAT,Thickness_mean,,,,33,33,20,OFAT,4.855,6.362281453176451
loocv_ref,OFAT|LOCO,,Random Forest,42,LOCO,OFAT,Thickness_mean,,,,34,34,21,OFAT,1.2375,4.2371018750000005
loocv_ref,OFAT|LOCO,,Random Forest,42,LOCO,OFAT,Thickness_mean,,,,35,35,22,OFAT,2.0275,3.9986535416666675
loocv_ref,OFAT|LOCO,,Random Forest,42,LOCO,OFAT,Thickness_mean,,,,36,36,23,OFAT,3.535,3.4606999999999988
loocv_ref,OFAT|LOCO,,Random Forest,42,LOCO,OFAT,Thickness_mean,,,,37,37,20,OFAT,8.6425,6.362281453176451
loocv_ref,OFAT|LOCO,,Random Forest,42,LOCO,OFAT,Thickness_mean,,,,38,38,19,OFAT,12.75,12.877099242007992
loocv_ref,OFAT|LOCO,,Random Forest,42,LOCO,OFAT,Thickness_mean,,,,39,39,18,OFAT,16.965,17.628234202701297
loocv_ref,OFAT|LOCO,,Random Forest,42,LOCO,OFAT,Thickness_mean,,,,40,40,19,OFAT,19.6525,12.877099242007992
loocv_ref,OFAT|LOCO,,Random Forest,42,LOCO,OFAT,Thickness_mean,,,,41,41,19,OFAT,9.2675,12.877099242007992
loocv_ref,OFAT|LOCO,,Random Forest,43,LOCO,OFAT,Thickness_mean,,,,0,0,0,OFAT,36.34,16.125362499999973
loocv_ref,OFAT|LOCO,,Random Forest,43,LOCO,OFAT,Thickness_mean,,,,1,1,1,OFAT,19.9225,27.662424999999967
loocv_ref,OFAT|LOCO,,Random Forest,43,LOCO,OFAT,Thickness_mean,,,,2,2,2,OFAT,25.6625,24.17047726235569
loocv_ref,OFAT|LOCO,,Random Forest,43,LOCO,OFAT,Thickness_mean,,,,3,3,3,OFAT,20.2075,15.366000000000007
loocv_ref,OFAT|LOCO,,Random Forest,43,LOCO,OFAT,Thickness_mean,,,,4,4,4,OFAT,15.345,15.29770000000001
loocv_ref,OFAT|LOCO,,Random Forest,43,LOCO,OFAT,Thickness_mean,,,,5,5,5,OFAT,14.265,15.459217142857135
loocv_ref,OFAT|LOCO,,Random Forest,43,LOCO,OFAT,Thickness_mean,,,,6,6,6,OFAT,12.9225,14.45285255952381
loocv_ref,OFAT|LOCO,,Random Forest,43,LOCO,OFAT,Thickness_mean,,,,7,7,7,OFAT,13.2775,15.146707164502148
loocv_ref,OFAT|LOCO,,Random Forest,43,LOCO,OFAT,Thickness_mean,,,,8,8,8,OFAT,15.329999999999998,17.95984172619046
loocv_ref,OFAT|LOCO,,Random Forest,43,LOCO,OFAT,Thickness_mean,,,,9,9,9,OFAT,7.855,8.927039404761913
loocv_ref,OFAT|LOCO,,Random Forest,43,LOCO,OFAT,Thickness_mean,,,,10,10,10,OFAT,2.8075,7.525883333333336
loocv_ref,OFAT|LOCO,,Random Forest,43,LOCO,OFAT,Thickness_mean,,,,11,11,11,OFAT,7.7875,7.827133690476196
loocv_ref,OFAT|LOCO,,Random Forest,43,LOCO,OFAT,Thickness_mean,,,,12,12,11,OFAT,9.105,7.827133690476196
loocv_ref,OFAT|LOCO,,Random Forest,43,LOCO,OFAT,Thickness_mean,,,,13,13,12,OFAT,7.734999999999999,8.54169458964647
loocv_ref,OFAT|LOCO,,Random Forest,43,LOCO,OFAT,Thickness_mean,,,,14,14,10,OFAT,6.8225,7.525883333333336
loocv_ref,OFAT|LOCO,,Random Forest,43,LOCO,OFAT,Thickness_mean,,,,15,15,10,OFAT,14.995,7.525883333333336
loocv_ref,OFAT|LOCO,,Random Forest,43,LOCO,OFAT,Thickness_mean,,,,16,16,13,OFAT,14.025,13.399047554945069
loocv_ref,OFAT|LOCO,,Random Forest,43,LOCO,OFAT,Thickness_mean,,,,17,17,10,OFAT,9.0475,7.525883333333336
loocv_ref,OFAT|LOCO,,Random Forest,43,LOCO,OFAT,Thickness_mean,,,,18,18,14,OFAT,22.225,17.053723699039928
loocv_ref,OFAT|LOCO,,Random Forest,43,LOCO,OFAT,Thickness_mean,,,,19,19,14,OFAT,25.935,17.053723699039928
loocv_ref,OFAT|LOCO,,Random Forest,43,LOCO,OFAT,Thickness_mean,,,,20,20,15,OFAT,7.03,6.409843333333332
loocv_ref,OFAT|LOCO,,Random Forest,43,LOCO,OFAT,Thickness_mean,,,,21,21,16,OFAT,13.5325,12.60717293560606
loocv_ref,OFAT|LOCO,,Random Forest,43,LOCO,OFAT,Thickness_mean,,,,22,22,14,OFAT,25.29,17.053723699039928
loocv_ref,OFAT|LOCO,,Random Forest,43,LOCO,OFAT,Thickness_mean,,,,23,23,14,OFAT,21.965,17.053723699039928
loocv_ref,OFAT|LOCO,,Random Forest,43,LOCO,OFAT,Thickness_mean,,,,24,24,14,OFAT,23.082500000000003,17.053723699039928
loocv_ref,OFAT|LOCO,,Random Forest,43,LOCO,OFAT,Thickness_mean,,,,25,25,14,OFAT,21.262500000000003,17.053723699039928
loocv_ref,OFAT|LOCO,,Random Forest,43,LOCO,OFAT,Thickness_mean,,,,26,26,17,OFAT,17.8275,16.116373906408143
loocv_ref,OFAT|LOCO,,Random Forest,43,LOCO,OFAT,Thickness_mean,,,,27,27,17,OFAT,17.345,16.116373906408143
loocv_ref,OFAT|LOCO,,Random Forest,43,LOCO,OFAT,Thickness_mean,,,,28,28,17,OFAT,24.4925,16.116373906408143
loocv_ref,OFAT|LOCO,,Random Forest,43,LOCO,OFAT,Thickness_mean,,,,29,29,17,OFAT,17.695,16.116373906408143
loocv_ref,OFAT|LOCO,,Random Forest,43,LOCO,OFAT,Thickness_mean,,,,30,30,17,OFAT,16.814999999999998,16.116373906408143
loocv_ref,OFAT|LOCO,,Random Forest,43,LOCO,OFAT,Thickness_mean,,,,31,31,18,OFAT,14.9425,18.472653825757575
loocv_ref,OFAT|LOCO,,Random Forest,43,LOCO,OFAT,Thickness_mean,,,,32,32,19,OFAT,9.9625,13.600806875000014
loocv_ref,OFAT|LOCO,,Random Forest,43,LOCO,OFAT,Thickness_mean,,,,33,33,20,OFAT,4.855,6.30800527777777
loocv_ref,OFAT|LOCO,,Random Forest,43,LOCO,OFAT,Thickness_mean,,,,34,34,21,OFAT,1.2375,2.896549999999999
loocv_ref,OFAT|LOCO,,Random Forest,43,LOCO,OFAT,Thickness_mean,,,,35,35,22,OFAT,2.0275,2.375150000000002
loocv_ref,OFAT|LOCO,,Random Forest,43,LOCO,OFAT,Thickness_mean,,,,36,36,23,OFAT,3.535,3.7843370439976667
loocv_ref,OFAT|LOCO,,Random Forest,43,LOCO,OFAT,Thickness_mean,,,,37,37,20,OFAT,8.6425,6.30800527777777
loocv_ref,OFAT|LOCO,,Random Forest,43,LOCO,OFAT,Thickness_mean,,,,38,38,19,OFAT,12.75,13.600806875000014
loocv_ref,OFAT|LOCO,,Random Forest,43,LOCO,OFAT,Thickness_mean,,,,39,39,18,OFAT,16.965,18.472653825757575
loocv_ref,OFAT|LOCO,,Random Forest,43,LOCO,OFAT,Thickness_mean,,,,40,40,19,OFAT,19.6525,13.600806875000014
loocv_ref,OFAT|LOCO,,Random Forest,43,LOCO,OFAT,Thickness_mean,,,,41,41,19,OFAT,9.2675,13.600806875000014
loocv_ref,OFAT|LOCO,,Random Forest,44,LOCO,OFAT,Thickness_mean,,,,0,0,0,OFAT,36.34,19.389942837301593
loocv_ref,OFAT|LOCO,,Random Forest,44,LOCO,OFAT,Thickness_mean,,,,1,1,1,OFAT,19.9225,24.308788795648795
loocv_ref,OFAT|LOCO,,Random Forest,44,LOCO,OFAT,Thickness_mean,,,,2,2,2,OFAT,25.6625,22.368592632930792
loocv_ref,OFAT|LOCO,,Random Forest,44,LOCO,OFAT,Thickness_mean,,,,3,3,3,OFAT,20.2075,17.27711700112901
loocv_ref,OFAT|LOCO,,Random Forest,44,LOCO,OFAT,Thickness_mean,,,,4,4,4,OFAT,15.345,17.716679367444872
loocv_ref,OFAT|LOCO,,Random Forest,44,LOCO,OFAT,Thickness_mean,,,,5,5,5,OFAT,14.265,18.10164128102807
loocv_ref,OFAT|LOCO,,Random Forest,44,LOCO,OFAT,Thickness_mean,,,,6,6,6,OFAT,12.9225,16.079685089285718
loocv_ref,OFAT|LOCO,,Random Forest,44,LOCO,OFAT,Thickness_mean,,,,7,7,7,OFAT,13.2775,15.124582686688308
loocv_ref,OFAT|LOCO,,Random Forest,44,LOCO,OFAT,Thickness_mean,,,,8,8,8,OFAT,15.329999999999998,18.299461994047608
loocv_ref,OFAT|LOCO,,Random Forest,44,LOCO,OFAT,Thickness_mean,,,,9,9,9,OFAT,7.855,8.712536071428577
loocv_ref,OFAT|LOCO,,Random Forest,44,LOCO,OFAT,Thickness_mean,,,,10,10,10,OFAT,2.8075,7.874804583333338
loocv_ref,OFAT|LOCO,,Random Forest,44,LOCO,OFAT,Thickness_mean,,,,11,11,11,OFAT,7.7875,8.745385208333342
loocv_ref,OFAT|LOCO,,Random Forest,44,LOCO,OFAT,Thickness_mean,,,,12,12,11,OFAT,9.105,8.745385208333342
loocv_ref,OFAT|LOCO,,Random Forest,44,LOCO,OFAT,Thickness_mean,,,,13,13,12,OFAT,7.734999999999999,8.344433749999999
loocv_ref,OFAT|LOCO,,Random Forest,44,LOCO,OFAT,Thickness_mean,,,,14,14,10,OFAT,6.8225,7.874804583333338
loocv_ref,OFAT|LOCO,,Random Forest,44,LOCO,OFAT,Thickness_mean,,,,15,15,10,OFAT,14.995,7.874804583333338
loocv_ref,OFAT|LOCO,,Random Forest,44,LOCO,OFAT,Thickness_mean,,,,16,16,13,OFAT,14.025,13.281434880952396
loocv_ref,OFAT|LOCO,,Random Forest,44,LOCO,OFAT,Thickness_mean,,,,17,17,10,OFAT,9.0475,7.874804583333338
loocv_ref,OFAT|LOCO,,Random Forest,44,LOCO,OFAT,Thickness_mean,,,,18,18,14,OFAT,22.225,17.55988418537737
loocv_ref,OFAT|LOCO,,Random Forest,44,LOCO,OFAT,Thickness_mean,,,,19,19,14,OFAT,25.935,17.55988418537737
loocv_ref,OFAT|LOCO,,Random Forest,44,LOCO,OFAT,Thickness_mean,,,,20,20,15,OFAT,7.03,6.6050562500000005
loocv_ref,OFAT|LOCO,,Random Forest,44,LOCO,OFAT,Thickness_mean,,,,21,21,16,OFAT,13.5325,12.048716527777778
loocv_ref,OFAT|LOCO,,Random Forest,44,LOCO,OFAT,Thickness_mean,,,,22,22,14,OFAT,25.29,17.55988418537737
loocv_ref,OFAT|LOCO,,Random Forest,44,LOCO,OFAT,Thickness_mean,,,,23,23,14,OFAT,21.965,17.55988418537737
loocv_ref,OFAT|LOCO,,Random Forest,44,LOCO,OFAT,Thickness_mean,,,,24,24,14,OFAT,23.082500000000003,17.55988418537737
loocv_ref,OFAT|LOCO,,Random Forest,44,LOCO,OFAT,Thickness_mean,,,,25,25,14,OFAT,21.262500000000003,17.55988418537737
loocv_ref,OFAT|LOCO,,Random Forest,44,LOCO,OFAT,Thickness_mean,,,,26,26,17,OFAT,17.8275,15.945622835497824
loocv_ref,OFAT|LOCO,,Random Forest,44,LOCO,OFAT,Thickness_mean,,,,27,27,17,OFAT,17.345,15.945622835497824
loocv_ref,OFAT|LOCO,,Random Forest,44,LOCO,OFAT,Thickness_mean,,,,28,28,17,OFAT,24.4925,15.945622835497824
loocv_ref,OFAT|LOCO,,Random Forest,44,LOCO,OFAT,Thickness_mean,,,,29,29,17,OFAT,17.695,15.945622835497824
loocv_ref,OFAT|LOCO,,Random Forest,44,LOCO,OFAT,Thickness_mean,,,,30,30,17,OFAT,16.814999999999998,15.945622835497824
loocv_ref,OFAT|LOCO,,Random Forest,44,LOCO,OFAT,Thickness_mean,,,,31,31,18,OFAT,14.9425,17.61271462017621
loocv_ref,OFAT|LOCO,,Random Forest,44,LOCO,OFAT,Thickness_mean,,,,32,32,19,OFAT,9.9625,12.96912125000001
loocv_ref,OFAT|LOCO,,Random Forest,44,LOCO,OFAT,Thickness_mean,,,,33,33,20,OFAT,4.855,6.566951563852815
loocv_ref,OFAT|LOCO,,Random Forest,44,LOCO,OFAT,Thickness_mean,,,,34,34,21,OFAT,1.2375,2.7784000000000013
loocv_ref,OFAT|LOCO,,Random Forest,44,LOCO,OFAT,Thickness_mean,,,,35,35,22,OFAT,2.0275,2.2017000000000015
loocv_ref,OFAT|LOCO,,Random Forest,44,LOCO,OFAT,Thickness_mean,,,,36,36,23,OFAT,3.535,3.7591196428571374
loocv_ref,OFAT|LOCO,,Random Forest,44,LOCO,OFAT,Thickness_mean,,,,37,37,20,OFAT,8.6425,6.566951563852815
loocv_ref,OFAT|LOCO,,Random Forest,44,LOCO,OFAT,Thickness_mean,,,,38,38,19,OFAT,12.75,12.96912125000001
loocv_ref,OFAT|LOCO,,Random Forest,44,LOCO,OFAT,Thickness_mean,,,,39,39,18,OFAT,16.965,17.61271462017621
loocv_ref,OFAT|LOCO,,Random Forest,44,LOCO,OFAT,Thickness_mean,,,,40,40,19,OFAT,19.6525,12.96912125000001
loocv_ref,OFAT|LOCO,,Random Forest,44,LOCO,OFAT,Thickness_mean,,,,41,41,19,OFAT,9.2675,12.96912125000001
loocv_ref,OFAT|LOCO,,Random Forest,45,LOCO,OFAT,Thickness_mean,,,,0,0,0,OFAT,36.34,19.697028353174606
loocv_ref,OFAT|LOCO,,Random Forest,45,LOCO,OFAT,Thickness_mean,,,,1,1,1,OFAT,19.9225,27.16153541666663
loocv_ref,OFAT|LOCO,,Random Forest,45,LOCO,OFAT,Thickness_mean,,,,2,2,2,OFAT,25.6625,23.90013183531745
loocv_ref,OFAT|LOCO,,Random Forest,45,LOCO,OFAT,Thickness_mean,,,,3,3,3,OFAT,20.2075,15.293816250000004
loocv_ref,OFAT|LOCO,,Random Forest,45,LOCO,OFAT,Thickness_mean,,,,4,4,4,OFAT,15.345,15.557784758019752
loocv_ref,OFAT|LOCO,,Random Forest,45,LOCO,OFAT,Thickness_mean,,,,5,5,5,OFAT,14.265,16.47161073412698
loocv_ref,OFAT|LOCO,,Random Forest,45,LOCO,OFAT,Thickness_mean,,,,6,6,6,OFAT,12.9225,16.25163076118326
loocv_ref,OFAT|LOCO,,Random Forest,45,LOCO,OFAT,Thickness_mean,,,,7,7,7,OFAT,13.2775,16.09470074592074
loocv_ref,OFAT|LOCO,,Random Forest,45,LOCO,OFAT,Thickness_mean,,,,8,8,8,OFAT,15.329999999999998,18.230209159451658
loocv_ref,OFAT|LOCO,,Random Forest,45,LOCO,OFAT,Thickness_mean,,,,9,9,9,OFAT,7.855,8.236602748224001
loocv_ref,OFAT|LOCO,,Random Forest,45,LOCO,OFAT,Thickness_mean,,,,10,10,10,OFAT,2.8075,7.546568244047616
loocv_ref,OFAT|LOCO,,Random Forest,45,LOCO,OFAT,Thickness_mean,,,,11,11,11,OFAT,7.7875,7.9718751993145744
loocv_ref,OFAT|LOCO,,Random Forest,45,LOCO,OFAT,Thickness_mean,,,,12,12,11,OFAT,9.105,7.9718751993145744
loocv_ref,OFAT|LOCO,,Random Forest,45,LOCO,OFAT,Thickness_mean,,,,13,13,12,OFAT,7.734999999999999,8.329384770229773
loocv_ref,OFAT|LOCO,,Random Forest,45,LOCO,OFAT,Thickness_mean,,,,14,14,10,OFAT,6.8225,7.546568244047616
loocv_ref,OFAT|LOCO,,Random Forest,45,LOCO,OFAT,Thickness_mean,,,,15,15,10,OFAT,14.995,7.546568244047616
loocv_ref,OFAT|LOCO,,Random Forest,45,LOCO,OFAT,Thickness_mean,,,,16,16,13,OFAT,14.025,12.912725168650798
loocv_ref,OFAT|LOCO,,Random Forest,45,LOCO,OFAT,Thickness_mean,,,,17,17,10,OFAT,9.0475,7.546568244047616
loocv_ref,OFAT|LOCO,,Random Forest,45,LOCO,OFAT,Thickness_mean,,,,18,18,14,OFAT,22.225,18.237970734126986
loocv_ref,OFAT|LOCO,,Random Forest,45,LOCO,OFAT,Thickness_mean,,,,19,19,14,OFAT,25.935,18.237970734126986
loocv_ref,OFAT|LOCO,,Random Forest,45,LOCO,OFAT,Thickness_mean,,,,20,20,15,OFAT,7.03,6.3801731885822495
loocv_ref,OFAT|LOCO,,Random Forest,45,LOCO,OFAT,Thickness_mean,,,,21,21,16,OFAT,13.5325,12.281012552199114
loocv_ref,OFAT|LOCO,,Random Forest,45,LOCO,OFAT,Thickness_mean,,,,22,22,14,OFAT,25.29,18.237970734126986
loocv_ref,OFAT|LOCO,,Random Forest,45,LOCO,OFAT,Thickness_mean,,,,23,23,14,OFAT,21.965,18.237970734126986
loocv_ref,OFAT|LOCO,,Random Forest,45,LOCO,OFAT,Thickness_mean,,,,24,24,14,OFAT,23.082500000000003,18.237970734126986
loocv_ref,OFAT|LOCO,,Random Forest,45,LOCO,OFAT,Thickness_mean,,,,25,25,14,OFAT,21.262500000000003,18.237970734126986
loocv_ref,OFAT|LOCO,,Random Forest,45,LOCO,OFAT,Thickness_mean,,,,26,26,17,OFAT,17.8275,16.425767545185614
loocv_ref,OFAT|LOCO,,Random Forest,45,LOCO,OFAT,Thickness_mean,,,,27,27,17,OFAT,17.345,16.425767545185614
loocv_ref,OFAT|LOCO,,Random Forest,45,LOCO,OFAT,Thickness_mean,,,,28,28,17,OFAT,24.4925,16.425767545185614
loocv_ref,OFAT|LOCO,,Random Forest,45,LOCO,OFAT,Thickness_mean,,,,29,29,17,OFAT,17.695,16.425767545185614
loocv_ref,OFAT|LOCO,,Random Forest,45,LOCO,OFAT,Thickness_mean,,,,30,30,17,OFAT,16.814999999999998,16.425767545185614
loocv_ref,OFAT|LOCO,,Random Forest,45,LOCO,OFAT,Thickness_mean,,,,31,31,18,OFAT,14.9425,17.689818318433154
loocv_ref,OFAT|LOCO,,Random Forest,45,LOCO,OFAT,Thickness_mean,,,,32,32,19,OFAT,9.9625,14.394455558120933
loocv_ref,OFAT|LOCO,,Random Forest,45,LOCO,OFAT,Thickness_mean,,,,33,33,20,OFAT,4.855,6.412409549131424
loocv_ref,OFAT|LOCO,,Random Forest,45,LOCO,OFAT,Thickness_mean,,,,34,34,21,OFAT,1.2375,3.50543383748196
loocv_ref,OFAT|LOCO,,Random Forest,45,LOCO,OFAT,Thickness_mean,,,,35,35,22,OFAT,2.0275,3.1095591351010112
loocv_ref,OFAT|LOCO,,Random Forest,45,LOCO,OFAT,Thickness_mean,,,,36,36,23,OFAT,3.535,3.5001249999999975
loocv_ref,OFAT|LOCO,,Random Forest,45,LOCO,OFAT,Thickness_mean,,,,37,37,20,OFAT,8.6425,6.412409549131424
loocv_ref,OFAT|LOCO,,Random Forest,45,LOCO,OFAT,Thickness_mean,,,,38,38,19,OFAT,12.75,14.394455558120933
loocv_ref,OFAT|LOCO,,Random Forest,45,LOCO,OFAT,Thickness_mean,,,,39,39,18,OFAT,16.965,17.689818318433154
loocv_ref,OFAT|LOCO,,Random Forest,45,LOCO,OFAT,Thickness_mean,,,,40,40,19,OFAT,19.6525,14.394455558120933
loocv_ref,OFAT|LOCO,,Random Forest,45,LOCO,OFAT,Thickness_mean,,,,41,41,19,OFAT,9.2675,14.394455558120933
loocv_ref,OFAT|LOCO,,Random Forest,46,LOCO,OFAT,Thickness_mean,,,,0,0,0,OFAT,36.34,20.401649999999965
loocv_ref,OFAT|LOCO,,Random Forest,46,LOCO,OFAT,Thickness_mean,,,,1,1,1,OFAT,19.9225,26.451112499999972
loocv_ref,OFAT|LOCO,,Random Forest,46,LOCO,OFAT,Thickness_mean,,,,2,2,2,OFAT,25.6625,22.800586249999984
loocv_ref,OFAT|LOCO,,Random Forest,46,LOCO,OFAT,Thickness_mean,,,,3,3,3,OFAT,20.2075,15.773925000000013
loocv_ref,OFAT|LOCO,,Random Forest,46,LOCO,OFAT,Thickness_mean,,,,4,4,4,OFAT,15.345,15.85123214285715
loocv_ref,OFAT|LOCO,,Random Forest,46,LOCO,OFAT,Thickness_mean,,,,5,5,5,OFAT,14.265,15.920077976190473
loocv_ref,OFAT|LOCO,,Random Forest,46,LOCO,OFAT,Thickness_mean,,,,6,6,6,OFAT,12.9225,15.288701582792209
loocv_ref,OFAT|LOCO,,Random Forest,46,LOCO,OFAT,Thickness_mean,,,,7,7,7,OFAT,13.2775,15.227866295093788
loocv_ref,OFAT|LOCO,,Random Forest,46,LOCO,OFAT,Thickness_mean,,,,8,8,8,OFAT,15.329999999999998,18.79669012445886
loocv_ref,OFAT|LOCO,,Random Forest,46,LOCO,OFAT,Thickness_mean,,,,9,9,9,OFAT,7.855,8.308501190476196
loocv_ref,OFAT|LOCO,,Random Forest,46,LOCO,OFAT,Thickness_mean,,,,10,10,10,OFAT,2.8075,7.459567916666669
loocv_ref,OFAT|LOCO,,Random Forest,46,LOCO,OFAT,Thickness_mean,,,,11,11,11,OFAT,7.7875,8.334754474206356
loocv_ref,OFAT|LOCO,,Random Forest,46,LOCO,OFAT,Thickness_mean,,,,12,12,11,OFAT,9.105,8.334754474206356
loocv_ref,OFAT|LOCO,,Random Forest,46,LOCO,OFAT,Thickness_mean,,,,13,13,12,OFAT,7.734999999999999,8.50197086309524
loocv_ref,OFAT|LOCO,,Random Forest,46,LOCO,OFAT,Thickness_mean,,,,14,14,10,OFAT,6.8225,7.459567916666669
loocv_ref,OFAT|LOCO,,Random Forest,46,LOCO,OFAT,Thickness_mean,,,,15,15,10,OFAT,14.995,7.459567916666669
loocv_ref,OFAT|LOCO,,Random Forest,46,LOCO,OFAT,Thickness_mean,,,,16,16,13,OFAT,14.025,13.478994166805427
loocv_ref,OFAT|LOCO,,Random Forest,46,LOCO,OFAT,Thickness_mean,,,,17,17,10,OFAT,9.0475,7.459567916666669
loocv_ref,OFAT|LOCO,,Random Forest,46,LOCO,OFAT,Thickness_mean,,,,18,18,14,OFAT,22.225,18.51058254058441
loocv_ref,OFAT|LOCO,,Random Forest,46,LOCO,OFAT,Thickness_mean,,,,19,19,14,OFAT,25.935,18.51058254058441
loocv_ref,OFAT|LOCO,,Random Forest,46,LOCO,OFAT,Thickness_mean,,,,20,20,15,OFAT,7.03,6.055482393211363
loocv_ref,OFAT|LOCO,,Random Forest,46,LOCO,OFAT,Thickness_mean,,,,21,21,16,OFAT,13.5325,11.648710481970422
loocv_ref,OFAT|LOCO,,Random Forest,46,LOCO,OFAT,Thickness_mean,,,,22,22,14,OFAT,25.29,18.51058254058441
loocv_ref,OFAT|LOCO,,Random Forest,46,LOCO,OFAT,Thickness_mean,,,,23,23,14,OFAT,21.965,18.51058254058441
loocv_ref,OFAT|LOCO,,Random Forest,46,LOCO,OFAT,Thickness_mean,,,,24,24,14,OFAT,23.082500000000003,18.51058254058441
loocv_ref,OFAT|LOCO,,Random Forest,46,LOCO,OFAT,Thickness_mean,,,,25,25,14,OFAT,21.262500000000003,18.51058254058441
loocv_ref,OFAT|LOCO,,Random Forest,46,LOCO,OFAT,Thickness_mean,,,,26,26,17,OFAT,17.8275,15.732046785714267
loocv_ref,OFAT|LOCO,,Random Forest,46,LOCO,OFAT,Thickness_mean,,,,27,27,17,OFAT,17.345,15.732046785714267
loocv_ref,OFAT|LOCO,,Random Forest,46,LOCO,OFAT,Thickness_mean,,,,28,28,17,OFAT,24.4925,15.732046785714267
loocv_ref,OFAT|LOCO,,Random Forest,46,LOCO,OFAT,Thickness_mean,,,,29,29,17,OFAT,17.695,15.732046785714267
loocv_ref,OFAT|LOCO,,Random Forest,46,LOCO,OFAT,Thickness_mean,,,,30,30,17,OFAT,16.814999999999998,15.732046785714267
loocv_ref,OFAT|LOCO,,Random Forest,46,LOCO,OFAT,Thickness_mean,,,,31,31,18,OFAT,14.9425,17.89030344062257
loocv_ref,OFAT|LOCO,,Random Forest,46,LOCO,OFAT,Thickness_mean,,,,32,32,19,OFAT,9.9625,13.179184583333342
loocv_ref,OFAT|LOCO,,Random Forest,46,LOCO,OFAT,Thickness_mean,,,,33,33,20,OFAT,4.855,6.580357440476182
loocv_ref,OFAT|LOCO,,Random Forest,46,LOCO,OFAT,Thickness_mean,,,,34,34,21,OFAT,1.2375,2.9653750000000003
loocv_ref,OFAT|LOCO,,Random Forest,46,LOCO,OFAT,Thickness_mean,,,,35,35,22,OFAT,2.0275,2.412375000000003
loocv_ref,OFAT|LOCO,,Random Forest,46,LOCO,OFAT,Thickness_mean,,,,36,36,23,OFAT,3.535,4.095524999999992
loocv_ref,OFAT|LOCO,,Random Forest,46,LOCO,OFAT,Thickness_mean,,,,37,37,20,OFAT,8.6425,6.580357440476182
loocv_ref,OFAT|LOCO,,Random Forest,46,LOCO,OFAT,Thickness_mean,,,,38,38,19,OFAT,12.75,13.179184583333342
loocv_ref,OFAT|LOCO,,Random Forest,46,LOCO,OFAT,Thickness_mean,,,,39,39,18,OFAT,16.965,17.89030344062257
loocv_ref,OFAT|LOCO,,Random Forest,46,LOCO,OFAT,Thickness_mean,,,,40,40,19,OFAT,19.6525,13.179184583333342
loocv_ref,OFAT|LOCO,,Random Forest,46,LOCO,OFAT,Thickness_mean,,,,41,41,19,OFAT,9.2675,13.179184583333342
loocv_ref,OFAT|LOCO,,Random Forest,47,LOCO,OFAT,Thickness_mean,,,,0,0,0,OFAT,36.34,20.47701999999996
loocv_ref,OFAT|LOCO,,Random Forest,47,LOCO,OFAT,Thickness_mean,,,,1,1,1,OFAT,19.9225,27.203874999999968
loocv_ref,OFAT|LOCO,,Random Forest,47,LOCO,OFAT,Thickness_mean,,,,2,2,2,OFAT,25.6625,23.428485238095224
loocv_ref,OFAT|LOCO,,Random Forest,47,LOCO,OFAT,Thickness_mean,,,,3,3,3,OFAT,20.2075,15.381225000000013
loocv_ref,OFAT|LOCO,,Random Forest,47,LOCO,OFAT,Thickness_mean,,,,4,4,4,OFAT,15.345,15.595995000000014
loocv_ref,OFAT|LOCO,,Random Forest,47,LOCO,OFAT,Thickness_mean,,,,5,5,5,OFAT,14.265,15.782057083333335
loocv_ref,OFAT|LOCO,,Random Forest,47,LOCO,OFAT,Thickness_mean,,,,6,6,6,OFAT,12.9225,15.356743690476197
loocv_ref,OFAT|LOCO,,Random Forest,47,LOCO,OFAT,Thickness_mean,,,,7,7,7,OFAT,13.2775,16.904991614888313
loocv_ref,OFAT|LOCO,,Random Forest,47,LOCO,OFAT,Thickness_mean,,,,8,8,8,OFAT,15.329999999999998,18.13908260912697
loocv_ref,OFAT|LOCO,,Random Forest,47,LOCO,OFAT,Thickness_mean,,,,9,9,9,OFAT,7.855,8.511237500000004
loocv_ref,OFAT|LOCO,,Random Forest,47,LOCO,OFAT,Thickness_mean,,,,10,10,10,OFAT,2.8075,7.512043958333339
loocv_ref,OFAT|LOCO,,Random Forest,47,LOCO,OFAT,Thickness_mean,,,,11,11,11,OFAT,7.7875,7.78089542203604
loocv_ref,OFAT|LOCO,,Random Forest,47,LOCO,OFAT,Thickness_mean,,,,12,12,11,OFAT,9.105,7.78089542203604
loocv_ref,OFAT|LOCO,,Random Forest,47,LOCO,OFAT,Thickness_mean,,,,13,13,12,OFAT,7.734999999999999,8.22477287698413
loocv_ref,OFAT|LOCO,,Random Forest,47,LOCO,OFAT,Thickness_mean,,,,14,14,10,OFAT,6.8225,7.512043958333339
loocv_ref,OFAT|LOCO,,Random Forest,47,LOCO,OFAT,Thickness_mean,,,,15,15,10,OFAT,14.995,7.512043958333339
loocv_ref,OFAT|LOCO,,Random Forest,47,LOCO,OFAT,Thickness_mean,,,,16,16,13,OFAT,14.025,12.694068934884568
loocv_ref,OFAT|LOCO,,Random Forest,47,LOCO,OFAT,Thickness_mean,,,,17,17,10,OFAT,9.0475,7.512043958333339
loocv_ref,OFAT|LOCO,,Random Forest,47,LOCO,OFAT,Thickness_mean,,,,18,18,14,OFAT,22.225,18.374652675310795
loocv_ref,OFAT|LOCO,,Random Forest,47,LOCO,OFAT,Thickness_mean,,,,19,19,14,OFAT,25.935,18.374652675310795
loocv_ref,OFAT|LOCO,,Random Forest,47,LOCO,OFAT,Thickness_mean,,,,20,20,15,OFAT,7.03,5.594492976190475
loocv_ref,OFAT|LOCO,,Random Forest,47,LOCO,OFAT,Thickness_mean,,,,21,21,16,OFAT,13.5325,11.076227732683988
loocv_ref,OFAT|LOCO,,Random Forest,47,LOCO,OFAT,Thickness_mean,,,,22,22,14,OFAT,25.29,18.374652675310795
loocv_ref,OFAT|LOCO,,Random Forest,47,LOCO,OFAT,Thickness_mean,,,,23,23,14,OFAT,21.965,18.374652675310795
loocv_ref,OFAT|LOCO,,Random Forest,47,LOCO,OFAT,Thickness_mean,,,,24,24,14,OFAT,23.082500000000003,18.374652675310795
loocv_ref,OFAT|LOCO,,Random Forest,47,LOCO,OFAT,Thickness_mean,,,,25,25,14,OFAT,21.262500000000003,18.374652675310795
loocv_ref,OFAT|LOCO,,Random Forest,47,LOCO,OFAT,Thickness_mean,,,,26,26,17,OFAT,17.8275,16.174985937693524
loocv_ref,OFAT|LOCO,,Random Forest,47,LOCO,OFAT,Thickness_mean,,,,27,27,17,OFAT,17.345,16.174985937693524
loocv_ref,OFAT|LOCO,,Random Forest,47,LOCO,OFAT,Thickness_mean,,,,28,28,17,OFAT,24.4925,16.174985937693524
loocv_ref,OFAT|LOCO,,Random Forest,47,LOCO,OFAT,Thickness_mean,,,,29,29,17,OFAT,17.695,16.174985937693524
loocv_ref,OFAT|LOCO,,Random Forest,47,LOCO,OFAT,Thickness_mean,,,,30,30,17,OFAT,16.814999999999998,16.174985937693524
loocv_ref,OFAT|LOCO,,Random Forest,47,LOCO,OFAT,Thickness_mean,,,,31,31,18,OFAT,14.9425,18.830405053210672
loocv_ref,OFAT|LOCO,,Random Forest,47,LOCO,OFAT,Thickness_mean,,,,32,32,19,OFAT,9.9625,14.782061151646237
loocv_ref,OFAT|LOCO,,Random Forest,47,LOCO,OFAT,Thickness_mean,,,,33,33,20,OFAT,4.855,6.042413759920635
loocv_ref,OFAT|LOCO,,Random Forest,47,LOCO,OFAT,Thickness_mean,,,,34,34,21,OFAT,1.2375,4.6373620337301595
loocv_ref,OFAT|LOCO,,Random Forest,47,LOCO,OFAT,Thickness_mean,,,,35,35,22,OFAT,2.0275,4.401662628968258
loocv_ref,OFAT|LOCO,,Random Forest,47,LOCO,OFAT,Thickness_mean,,,,36,36,23,OFAT,3.535,3.9772415575396827
loocv_ref,OFAT|LOCO,,Random Forest,47,LOCO,OFAT,Thickness_mean,,,,37,37,20,OFAT,8.6425,6.042413759920635
loocv_ref,OFAT|LOCO,,Random Forest,47,LOCO,OFAT,Thickness_mean,,,,38,38,19,OFAT,12.75,14.782061151646237
loocv_ref,OFAT|LOCO,,Random Forest,47,LOCO,OFAT,Thickness_mean,,,,39,39,18,OFAT,16.965,18.830405053210672
loocv_ref,OFAT|LOCO,,Random Forest,47,LOCO,OFAT,Thickness_mean,,,,40,40,19,OFAT,19.6525,14.782061151646237
loocv_ref,OFAT|LOCO,,Random Forest,47,LOCO,OFAT,Thickness_mean,,,,41,41,19,OFAT,9.2675,14.782061151646237
loocv_ref,OFAT|LOCO,,Random Forest,48,LOCO,OFAT,Thickness_mean,,,,0,0,0,OFAT,36.34,21.185836154665864
loocv_ref,OFAT|LOCO,,Random Forest,48,LOCO,OFAT,Thickness_mean,,,,1,1,1,OFAT,19.9225,26.978015369352843
loocv_ref,OFAT|LOCO,,Random Forest,48,LOCO,OFAT,Thickness_mean,,,,2,2,2,OFAT,25.6625,23.138586964285704
loocv_ref,OFAT|LOCO,,Random Forest,48,LOCO,OFAT,Thickness_mean,,,,3,3,3,OFAT,20.2075,16.398560332905262
loocv_ref,OFAT|LOCO,,Random Forest,48,LOCO,OFAT,Thickness_mean,,,,4,4,4,OFAT,15.345,17.448518549643403
loocv_ref,OFAT|LOCO,,Random Forest,48,LOCO,OFAT,Thickness_mean,,,,5,5,5,OFAT,14.265,17.538426150400777
loocv_ref,OFAT|LOCO,,Random Forest,48,LOCO,OFAT,Thickness_mean,,,,6,6,6,OFAT,12.9225,17.142406752477196
loocv_ref,OFAT|LOCO,,Random Forest,48,LOCO,OFAT,Thickness_mean,,,,7,7,7,OFAT,13.2775,17.02149040976216
loocv_ref,OFAT|LOCO,,Random Forest,48,LOCO,OFAT,Thickness_mean,,,,8,8,8,OFAT,15.329999999999998,18.56939164682539
loocv_ref,OFAT|LOCO,,Random Forest,48,LOCO,OFAT,Thickness_mean,,,,9,9,9,OFAT,7.855,8.248023439893442
loocv_ref,OFAT|LOCO,,Random Forest,48,LOCO,OFAT,Thickness_mean,,,,10,10,10,OFAT,2.8075,8.03748672619048
loocv_ref,OFAT|LOCO,,Random Forest,48,LOCO,OFAT,Thickness_mean,,,,11,11,11,OFAT,7.7875,8.27791726190477
loocv_ref,OFAT|LOCO,,Random Forest,48,LOCO,OFAT,Thickness_mean,,,,12,12,11,OFAT,9.105,8.27791726190477
loocv_ref,OFAT|LOCO,,Random Forest,48,LOCO,OFAT,Thickness_mean,,,,13,13,12,OFAT,7.734999999999999,8.146443434135307
loocv_ref,OFAT|LOCO,,Random Forest,48,LOCO,OFAT,Thickness_mean,,,,14,14,10,OFAT,6.8225,8.03748672619048
loocv_ref,OFAT|LOCO,,Random Forest,48,LOCO,OFAT,Thickness_mean,,,,15,15,10,OFAT,14.995,8.03748672619048
loocv_ref,OFAT|LOCO,,Random Forest,48,LOCO,OFAT,Thickness_mean,,,,16,16,13,OFAT,14.025,13.854446987754507
loocv_ref,OFAT|LOCO,,Random Forest,48,LOCO,OFAT,Thickness_mean,,,,17,17,10,OFAT,9.0475,8.03748672619048
loocv_ref,OFAT|LOCO,,Random Forest,48,LOCO,OFAT,Thickness_mean,,,,18,18,14,OFAT,22.225,18.514074298271176
loocv_ref,OFAT|LOCO,,Random Forest,48,LOCO,OFAT,Thickness_mean,,,,19,19,14,OFAT,25.935,18.514074298271176
loocv_ref,OFAT|LOCO,,Random Forest,48,LOCO,OFAT,Thickness_mean,,,,20,20,15,OFAT,7.03,6.450568573995452
loocv_ref,OFAT|LOCO,,Random Forest,48,LOCO,OFAT,Thickness_mean,,,,21,21,16,OFAT,13.5325,12.085418909663376
loocv_ref,OFAT|LOCO,,Random Forest,48,LOCO,OFAT,Thickness_mean,,,,22,22,14,OFAT,25.29,18.514074298271176
loocv_ref,OFAT|LOCO,,Random Forest,48,LOCO,OFAT,Thickness_mean,,,,23,23,14,OFAT,21.965,18.514074298271176
loocv_ref,OFAT|LOCO,,Random Forest,48,LOCO,OFAT,Thickness_mean,,,,24,24,14,OFAT,23.082500000000003,18.514074298271176
loocv_ref,OFAT|LOCO,,Random Forest,48,LOCO,OFAT,Thickness_mean,,,,25,25,14,OFAT,21.262500000000003,18.514074298271176
loocv_ref,OFAT|LOCO,,Random Forest,48,LOCO,OFAT,Thickness_mean,,,,26,26,17,OFAT,17.8275,16.011213669012765
loocv_ref,OFAT|LOCO,,Random Forest,48,LOCO,OFAT,Thickness_mean,,,,27,27,17,OFAT,17.345,16.011213669012765
loocv_ref,OFAT|LOCO,,Random Forest,48,LOCO,OFAT,Thickness_mean,,,,28,28,17,OFAT,24.4925,16.011213669012765
loocv_ref,OFAT|LOCO,,Random Forest,48,LOCO,OFAT,Thickness_mean,,,,29,29,17,OFAT,17.695,16.011213669012765
loocv_ref,OFAT|LOCO,,Random Forest,48,LOCO,OFAT,Thickness_mean,,,,30,30,17,OFAT,16.814999999999998,16.011213669012765
loocv_ref,OFAT|LOCO,,Random Forest,48,LOCO,OFAT,Thickness_mean,,,,31,31,18,OFAT,14.9425,18.611837687728944
loocv_ref,OFAT|LOCO,,Random Forest,48,LOCO,OFAT,Thickness_mean,,,,32,32,19,OFAT,9.9625,14.279816798770868
loocv_ref,OFAT|LOCO,,Random Forest,48,LOCO,OFAT,Thickness_mean,,,,33,33,20,OFAT,4.855,7.02975733000917
loocv_ref,OFAT|LOCO,,Random Forest,48,LOCO,OFAT,Thickness_mean,,,,34,34,21,OFAT,1.2375,4.060808160173162
loocv_ref,OFAT|LOCO,,Random Forest,48,LOCO,OFAT,Thickness_mean,,,,35,35,22,OFAT,2.0275,2.546422817460319
loocv_ref,OFAT|LOCO,,Random Forest,48,LOCO,OFAT,Thickness_mean,,,,36,36,23,OFAT,3.535,3.8545863316544557
loocv_ref,OFAT|LOCO,,Random Forest,48,LOCO,OFAT,Thickness_mean,,,,37,37,20,OFAT,8.6425,7.02975733000917
loocv_ref,OFAT|LOCO,,Random Forest,48,LOCO,OFAT,Thickness_mean,,,,38,38,19,OFAT,12.75,14.279816798770868
loocv_ref,OFAT|LOCO,,Random Forest,48,LOCO,OFAT,Thickness_mean,,,,39,39,18,OFAT,16.965,18.611837687728944
loocv_ref,OFAT|LOCO,,Random Forest,48,LOCO,OFAT,Thickness_mean,,,,40,40,19,OFAT,19.6525,14.279816798770868
loocv_ref,OFAT|LOCO,,Random Forest,48,LOCO,OFAT,Thickness_mean,,,,41,41,19,OFAT,9.2675,14.279816798770868
loocv_ref,OFAT|LOCO,,Random Forest,49,LOCO,OFAT,Thickness_mean,,,,0,0,0,OFAT,36.34,20.897835189775495
loocv_ref,OFAT|LOCO,,Random Forest,49,LOCO,OFAT,Thickness_mean,,,,1,1,1,OFAT,19.9225,27.11957902777776
loocv_ref,OFAT|LOCO,,Random Forest,49,LOCO,OFAT,Thickness_mean,,,,2,2,2,OFAT,25.6625,23.728594464285706
loocv_ref,OFAT|LOCO,,Random Forest,49,LOCO,OFAT,Thickness_mean,,,,3,3,3,OFAT,20.2075,15.381971488095244
loocv_ref,OFAT|LOCO,,Random Forest,49,LOCO,OFAT,Thickness_mean,,,,4,4,4,OFAT,15.345,16.804220136191713
loocv_ref,OFAT|LOCO,,Random Forest,49,LOCO,OFAT,Thickness_mean,,,,5,5,5,OFAT,14.265,16.99022266019241
loocv_ref,OFAT|LOCO,,Random Forest,49,LOCO,OFAT,Thickness_mean,,,,6,6,6,OFAT,12.9225,17.69279277786376
loocv_ref,OFAT|LOCO,,Random Forest,49,LOCO,OFAT,Thickness_mean,,,,7,7,7,OFAT,13.2775,16.953119872638055
loocv_ref,OFAT|LOCO,,Random Forest,49,LOCO,OFAT,Thickness_mean,,,,8,8,8,OFAT,15.329999999999998,17.89242011402411
loocv_ref,OFAT|LOCO,,Random Forest,49,LOCO,OFAT,Thickness_mean,,,,9,9,9,OFAT,7.855,8.340490750421964
loocv_ref,OFAT|LOCO,,Random Forest,49,LOCO,OFAT,Thickness_mean,,,,10,10,10,OFAT,2.8075,7.530073750000005
loocv_ref,OFAT|LOCO,,Random Forest,49,LOCO,OFAT,Thickness_mean,,,,11,11,11,OFAT,7.7875,7.793001630591631
loocv_ref,OFAT|LOCO,,Random Forest,49,LOCO,OFAT,Thickness_mean,,,,12,12,11,OFAT,9.105,7.793001630591631
loocv_ref,OFAT|LOCO,,Random Forest,49,LOCO,OFAT,Thickness_mean,,,,13,13,12,OFAT,7.734999999999999,8.576074553571429
loocv_ref,OFAT|LOCO,,Random Forest,49,LOCO,OFAT,Thickness_mean,,,,14,14,10,OFAT,6.8225,7.530073750000005
loocv_ref,OFAT|LOCO,,Random Forest,49,LOCO,OFAT,Thickness_mean,,,,15,15,10,OFAT,14.995,7.530073750000005
loocv_ref,OFAT|LOCO,,Random Forest,49,LOCO,OFAT,Thickness_mean,,,,16,16,13,OFAT,14.025,13.578306196174804
loocv_ref,OFAT|LOCO,,Random Forest,49,LOCO,OFAT,Thickness_mean,,,,17,17,10,OFAT,9.0475,7.530073750000005
loocv_ref,OFAT|LOCO,,Random Forest,49,LOCO,OFAT,Thickness_mean,,,,18,18,14,OFAT,22.225,18.495359475108216
loocv_ref,OFAT|LOCO,,Random Forest,49,LOCO,OFAT,Thickness_mean,,,,19,19,14,OFAT,25.935,18.495359475108216
loocv_ref,OFAT|LOCO,,Random Forest,49,LOCO,OFAT,Thickness_mean,,,,20,20,15,OFAT,7.03,6.303494859272666
loocv_ref,OFAT|LOCO,,Random Forest,49,LOCO,OFAT,Thickness_mean,,,,21,21,16,OFAT,13.5325,11.898914963162166
loocv_ref,OFAT|LOCO,,Random Forest,49,LOCO,OFAT,Thickness_mean,,,,22,22,14,OFAT,25.29,18.495359475108216
loocv_ref,OFAT|LOCO,,Random Forest,49,LOCO,OFAT,Thickness_mean,,,,23,23,14,OFAT,21.965,18.495359475108216
loocv_ref,OFAT|LOCO,,Random Forest,49,LOCO,OFAT,Thickness_mean,,,,24,24,14,OFAT,23.082500000000003,18.495359475108216
loocv_ref,OFAT|LOCO,,Random Forest,49,LOCO,OFAT,Thickness_mean,,,,25,25,14,OFAT,21.262500000000003,18.495359475108216
loocv_ref,OFAT|LOCO,,Random Forest,49,LOCO,OFAT,Thickness_mean,,,,26,26,17,OFAT,17.8275,16.083083948412693
loocv_ref,OFAT|LOCO,,Random Forest,49,LOCO,OFAT,Thickness_mean,,,,27,27,17,OFAT,17.345,16.083083948412693
loocv_ref,OFAT|LOCO,,Random Forest,49,LOCO,OFAT,Thickness_mean,,,,28,28,17,OFAT,24.4925,16.083083948412693
loocv_ref,OFAT|LOCO,,Random Forest,49,LOCO,OFAT,Thickness_mean,,,,29,29,17,OFAT,17.695,16.083083948412693
loocv_ref,OFAT|LOCO,,Random Forest,49,LOCO,OFAT,Thickness_mean,,,,30,30,17,OFAT,16.814999999999998,16.083083948412693
loocv_ref,OFAT|LOCO,,Random Forest,49,LOCO,OFAT,Thickness_mean,,,,31,31,18,OFAT,14.9425,18.06003749427451
loocv_ref,OFAT|LOCO,,Random Forest,49,LOCO,OFAT,Thickness_mean,,,,32,32,19,OFAT,9.9625,13.205925744047637
loocv_ref,OFAT|LOCO,,Random Forest,49,LOCO,OFAT,Thickness_mean,,,,33,33,20,OFAT,4.855,6.7131071126096105
loocv_ref,OFAT|LOCO,,Random Forest,49,LOCO,OFAT,Thickness_mean,,,,34,34,21,OFAT,1.2375,4.274280833333334
loocv_ref,OFAT|LOCO,,Random Forest,49,LOCO,OFAT,Thickness_mean,,,,35,35,22,OFAT,2.0275,4.026615833333334
loocv_ref,OFAT|LOCO,,Random Forest,49,LOCO,OFAT,Thickness_mean,,,,36,36,23,OFAT,3.535,3.5313033333333332
loocv_ref,OFAT|LOCO,,Random Forest,49,LOCO,OFAT,Thickness_mean,,,,37,37,20,OFAT,8.6425,6.7131071126096105
loocv_ref,OFAT|LOCO,,Random Forest,49,LOCO,OFAT,Thickness_mean,,,,38,38,19,OFAT,12.75,13.205925744047637
loocv_ref,OFAT|LOCO,,Random Forest,49,LOCO,OFAT,Thickness_mean,,,,39,39,18,OFAT,16.965,18.06003749427451
loocv_ref,OFAT|LOCO,,Random Forest,49,LOCO,OFAT,Thickness_mean,,,,40,40,19,OFAT,19.6525,13.205925744047637
loocv_ref,OFAT|LOCO,,Random Forest,49,LOCO,OFAT,Thickness_mean,,,,41,41,19,OFAT,9.2675,13.205925744047637
loocv_ref,OFAT|LOCO,,Random Forest,50,LOCO,OFAT,Thickness_mean,,,,0,0,0,OFAT,36.34,16.330746874999978
loocv_ref,OFAT|LOCO,,Random Forest,50,LOCO,OFAT,Thickness_mean,,,,1,1,1,OFAT,19.9225,26.807399999999962
loocv_ref,OFAT|LOCO,,Random Forest,50,LOCO,OFAT,Thickness_mean,,,,2,2,2,OFAT,25.6625,23.288949999999982
loocv_ref,OFAT|LOCO,,Random Forest,50,LOCO,OFAT,Thickness_mean,,,,3,3,3,OFAT,20.2075,15.485150000000012
loocv_ref,OFAT|LOCO,,Random Forest,50,LOCO,OFAT,Thickness_mean,,,,4,4,4,OFAT,15.345,16.845355179544498
loocv_ref,OFAT|LOCO,,Random Forest,50,LOCO,OFAT,Thickness_mean,,,,5,5,5,OFAT,14.265,17.148035335244014
loocv_ref,OFAT|LOCO,,Random Forest,50,LOCO,OFAT,Thickness_mean,,,,6,6,6,OFAT,12.9225,17.027445324627784
loocv_ref,OFAT|LOCO,,Random Forest,50,LOCO,OFAT,Thickness_mean,,,,7,7,7,OFAT,13.2775,17.041683148837347
loocv_ref,OFAT|LOCO,,Random Forest,50,LOCO,OFAT,Thickness_mean,,,,8,8,8,OFAT,15.329999999999998,17.764464208733294
loocv_ref,OFAT|LOCO,,Random Forest,50,LOCO,OFAT,Thickness_mean,,,,9,9,9,OFAT,7.855,8.399889186507938
loocv_ref,OFAT|LOCO,,Random Forest,50,LOCO,OFAT,Thickness_mean,,,,10,10,10,OFAT,2.8075,7.736615150932401
loocv_ref,OFAT|LOCO,,Random Forest,50,LOCO,OFAT,Thickness_mean,,,,11,11,11,OFAT,7.7875,8.665799534632036
loocv_ref,OFAT|LOCO,,Random Forest,50,LOCO,OFAT,Thickness_mean,,,,12,12,11,OFAT,9.105,8.665799534632036
loocv_ref,OFAT|LOCO,,Random Forest,50,LOCO,OFAT,Thickness_mean,,,,13,13,12,OFAT,7.734999999999999,8.240954388666891
loocv_ref,OFAT|LOCO,,Random Forest,50,LOCO,OFAT,Thickness_mean,,,,14,14,10,OFAT,6.8225,7.736615150932401
loocv_ref,OFAT|LOCO,,Random Forest,50,LOCO,OFAT,Thickness_mean,,,,15,15,10,OFAT,14.995,7.736615150932401
loocv_ref,OFAT|LOCO,,Random Forest,50,LOCO,OFAT,Thickness_mean,,,,16,16,13,OFAT,14.025,13.422984391440716
loocv_ref,OFAT|LOCO,,Random Forest,50,LOCO,OFAT,Thickness_mean,,,,17,17,10,OFAT,9.0475,7.736615150932401
loocv_ref,OFAT|LOCO,,Random Forest,50,LOCO,OFAT,Thickness_mean,,,,18,18,14,OFAT,22.225,17.548065510661726
loocv_ref,OFAT|LOCO,,Random Forest,50,LOCO,OFAT,Thickness_mean,,,,19,19,14,OFAT,25.935,17.548065510661726
loocv_ref,OFAT|LOCO,,Random Forest,50,LOCO,OFAT,Thickness_mean,,,,20,20,15,OFAT,7.03,6.404466971049784
loocv_ref,OFAT|LOCO,,Random Forest,50,LOCO,OFAT,Thickness_mean,,,,21,21,16,OFAT,13.5325,11.492868336536082
loocv_ref,OFAT|LOCO,,Random Forest,50,LOCO,OFAT,Thickness_mean,,,,22,22,14,OFAT,25.29,17.548065510661726
loocv_ref,OFAT|LOCO,,Random Forest,50,LOCO,OFAT,Thickness_mean,,,,23,23,14,OFAT,21.965,17.548065510661726
loocv_ref,OFAT|LOCO,,Random Forest,50,LOCO,OFAT,Thickness_mean,,,,24,24,14,OFAT,23.082500000000003,17.548065510661726
loocv_ref,OFAT|LOCO,,Random Forest,50,LOCO,OFAT,Thickness_mean,,,,25,25,14,OFAT,21.262500000000003,17.548065510661726
loocv_ref,OFAT|LOCO,,Random Forest,50,LOCO,OFAT,Thickness_mean,,,,26,26,17,OFAT,17.8275,16.09324293542039
loocv_ref,OFAT|LOCO,,Random Forest,50,LOCO,OFAT,Thickness_mean,,,,27,27,17,OFAT,17.345,16.09324293542039
loocv_ref,OFAT|LOCO,,Random Forest,50,LOCO,OFAT,Thickness_mean,,,,28,28,17,OFAT,24.4925,16.09324293542039
loocv_ref,OFAT|LOCO,,Random Forest,50,LOCO,OFAT,Thickness_mean,,,,29,29,17,OFAT,17.695,16.09324293542039
loocv_ref,OFAT|LOCO,,Random Forest,50,LOCO,OFAT,Thickness_mean,,,,30,30,17,OFAT,16.814999999999998,16.09324293542039
loocv_ref,OFAT|LOCO,,Random Forest,50,LOCO,OFAT,Thickness_mean,,,,31,31,18,OFAT,14.9425,17.535067386530095
loocv_ref,OFAT|LOCO,,Random Forest,50,LOCO,OFAT,Thickness_mean,,,,32,32,19,OFAT,9.9625,14.518240600587387
loocv_ref,OFAT|LOCO,,Random Forest,50,LOCO,OFAT,Thickness_mean,,,,33,33,20,OFAT,4.855,6.875043180361303
loocv_ref,OFAT|LOCO,,Random Forest,50,LOCO,OFAT,Thickness_mean,,,,34,34,21,OFAT,1.2375,3.5567527777777763
loocv_ref,OFAT|LOCO,,Random Forest,50,LOCO,OFAT,Thickness_mean,,,,35,35,22,OFAT,2.0275,3.103228194444446
loocv_ref,OFAT|LOCO,,Random Forest,50,LOCO,OFAT,Thickness_mean,,,,36,36,23,OFAT,3.535,4.0422030995393445
loocv_ref,OFAT|LOCO,,Random Forest,50,LOCO,OFAT,Thickness_mean,,,,37,37,20,OFAT,8.6425,6.875043180361303
loocv_ref,OFAT|LOCO,,Random Forest,50,LOCO,OFAT,Thickness_mean,,,,38,38,19,OFAT,12.75,14.518240600587387
loocv_ref,OFAT|LOCO,,Random Forest,50,LOCO,OFAT,Thickness_mean,,,,39,39,18,OFAT,16.965,17.535067386530095
loocv_ref,OFAT|LOCO,,Random Forest,50,LOCO,OFAT,Thickness_mean,,,,40,40,19,OFAT,19.6525,14.518240600587387
loocv_ref,OFAT|LOCO,,Random Forest,50,LOCO,OFAT,Thickness_mean,,,,41,41,19,OFAT,9.2675,14.518240600587387
loocv_ref,OFAT|LOCO,,Random Forest,51,LOCO,OFAT,Thickness_mean,,,,0,0,0,OFAT,36.34,20.967825833333304
loocv_ref,OFAT|LOCO,,Random Forest,51,LOCO,OFAT,Thickness_mean,,,,1,1,1,OFAT,19.9225,26.165096089727136
loocv_ref,OFAT|LOCO,,Random Forest,51,LOCO,OFAT,Thickness_mean,,,,2,2,2,OFAT,25.6625,22.72045069754171
loocv_ref,OFAT|LOCO,,Random Forest,51,LOCO,OFAT,Thickness_mean,,,,3,3,3,OFAT,20.2075,15.15949354166667
loocv_ref,OFAT|LOCO,,Random Forest,51,LOCO,OFAT,Thickness_mean,,,,4,4,4,OFAT,15.345,15.40902125
loocv_ref,OFAT|LOCO,,Random Forest,51,LOCO,OFAT,Thickness_mean,,,,5,5,5,OFAT,14.265,15.617940833333325
loocv_ref,OFAT|LOCO,,Random Forest,51,LOCO,OFAT,Thickness_mean,,,,6,6,6,OFAT,12.9225,15.776006851551227
loocv_ref,OFAT|LOCO,,Random Forest,51,LOCO,OFAT,Thickness_mean,,,,7,7,7,OFAT,13.2775,15.495642232142853
loocv_ref,OFAT|LOCO,,Random Forest,51,LOCO,OFAT,Thickness_mean,,,,8,8,8,OFAT,15.329999999999998,17.93596347222221
loocv_ref,OFAT|LOCO,,Random Forest,51,LOCO,OFAT,Thickness_mean,,,,9,9,9,OFAT,7.855,8.398396250000006
loocv_ref,OFAT|LOCO,,Random Forest,51,LOCO,OFAT,Thickness_mean,,,,10,10,10,OFAT,2.8075,7.707822593795093
loocv_ref,OFAT|LOCO,,Random Forest,51,LOCO,OFAT,Thickness_mean,,,,11,11,11,OFAT,7.7875,8.244179345238102
loocv_ref,OFAT|LOCO,,Random Forest,51,LOCO,OFAT,Thickness_mean,,,,12,12,11,OFAT,9.105,8.244179345238102
loocv_ref,OFAT|LOCO,,Random Forest,51,LOCO,OFAT,Thickness_mean,,,,13,13,12,OFAT,7.734999999999999,8.86898140873016
loocv_ref,OFAT|LOCO,,Random Forest,51,LOCO,OFAT,Thickness_mean,,,,14,14,10,OFAT,6.8225,7.707822593795093
loocv_ref,OFAT|LOCO,,Random Forest,51,LOCO,OFAT,Thickness_mean,,,,15,15,10,OFAT,14.995,7.707822593795093
loocv_ref,OFAT|LOCO,,Random Forest,51,LOCO,OFAT,Thickness_mean,,,,16,16,13,OFAT,14.025,13.199504484126994
loocv_ref,OFAT|LOCO,,Random Forest,51,LOCO,OFAT,Thickness_mean,,,,17,17,10,OFAT,9.0475,7.707822593795093
loocv_ref,OFAT|LOCO,,Random Forest,51,LOCO,OFAT,Thickness_mean,,,,18,18,14,OFAT,22.225,17.128474117438937
loocv_ref,OFAT|LOCO,,Random Forest,51,LOCO,OFAT,Thickness_mean,,,,19,19,14,OFAT,25.935,17.128474117438937
loocv_ref,OFAT|LOCO,,Random Forest,51,LOCO,OFAT,Thickness_mean,,,,20,20,15,OFAT,7.03,6.71554375
loocv_ref,OFAT|LOCO,,Random Forest,51,LOCO,OFAT,Thickness_mean,,,,21,21,16,OFAT,13.5325,11.633493640873017
loocv_ref,OFAT|LOCO,,Random Forest,51,LOCO,OFAT,Thickness_mean,,,,22,22,14,OFAT,25.29,17.128474117438937
loocv_ref,OFAT|LOCO,,Random Forest,51,LOCO,OFAT,Thickness_mean,,,,23,23,14,OFAT,21.965,17.128474117438937
loocv_ref,OFAT|LOCO,,Random Forest,51,LOCO,OFAT,Thickness_mean,,,,24,24,14,OFAT,23.082500000000003,17.128474117438937
loocv_ref,OFAT|LOCO,,Random Forest,51,LOCO,OFAT,Thickness_mean,,,,25,25,14,OFAT,21.262500000000003,17.128474117438937
loocv_ref,OFAT|LOCO,,Random Forest,51,LOCO,OFAT,Thickness_mean,,,,26,26,17,OFAT,17.8275,16.511152681865116
loocv_ref,OFAT|LOCO,,Random Forest,51,LOCO,OFAT,Thickness_mean,,,,27,27,17,OFAT,17.345,16.511152681865116
loocv_ref,OFAT|LOCO,,Random Forest,51,LOCO,OFAT,Thickness_mean,,,,28,28,17,OFAT,24.4925,16.511152681865116
loocv_ref,OFAT|LOCO,,Random Forest,51,LOCO,OFAT,Thickness_mean,,,,29,29,17,OFAT,17.695,16.511152681865116
loocv_ref,OFAT|LOCO,,Random Forest,51,LOCO,OFAT,Thickness_mean,,,,30,30,17,OFAT,16.814999999999998,16.511152681865116
loocv_ref,OFAT|LOCO,,Random Forest,51,LOCO,OFAT,Thickness_mean,,,,31,31,18,OFAT,14.9425,18.869379365079368
loocv_ref,OFAT|LOCO,,Random Forest,51,LOCO,OFAT,Thickness_mean,,,,32,32,19,OFAT,9.9625,14.64871781393304
loocv_ref,OFAT|LOCO,,Random Forest,51,LOCO,OFAT,Thickness_mean,,,,33,33,20,OFAT,4.855,6.1505508333333285
loocv_ref,OFAT|LOCO,,Random Forest,51,LOCO,OFAT,Thickness_mean,,,,34,34,21,OFAT,1.2375,3.0349312499999983
loocv_ref,OFAT|LOCO,,Random Forest,51,LOCO,OFAT,Thickness_mean,,,,35,35,22,OFAT,2.0275,2.505631250000002
loocv_ref,OFAT|LOCO,,Random Forest,51,LOCO,OFAT,Thickness_mean,,,,36,36,23,OFAT,3.535,3.823056249999994
loocv_ref,OFAT|LOCO,,Random Forest,51,LOCO,OFAT,Thickness_mean,,,,37,37,20,OFAT,8.6425,6.1505508333333285
loocv_ref,OFAT|LOCO,,Random Forest,51,LOCO,OFAT,Thickness_mean,,,,38,38,19,OFAT,12.75,14.64871781393304
loocv_ref,OFAT|LOCO,,Random Forest,51,LOCO,OFAT,Thickness_mean,,,,39,39,18,OFAT,16.965,18.869379365079368
loocv_ref,OFAT|LOCO,,Random Forest,51,LOCO,OFAT,Thickness_mean,,,,40,40,19,OFAT,19.6525,14.64871781393304
loocv_ref,OFAT|LOCO,,Random Forest,51,LOCO,OFAT,Thickness_mean,,,,41,41,19,OFAT,9.2675,14.64871781393304
loocv_ref,OFAT|LOCO,,XGBoost,42,LOCO,OFAT,Thickness_mean,,,,0,0,0,OFAT,36.34,16.199861526489258
loocv_ref,OFAT|LOCO,,XGBoost,42,LOCO,OFAT,Thickness_mean,,,,1,1,1,OFAT,19.9225,28.3647518157959
loocv_ref,OFAT|LOCO,,XGBoost,42,LOCO,OFAT,Thickness_mean,,,,2,2,2,OFAT,25.6625,23.61884880065918
loocv_ref,OFAT|LOCO,,XGBoost,42,LOCO,OFAT,Thickness_mean,,,,3,3,3,OFAT,20.2075,18.940425872802734
loocv_ref,OFAT|LOCO,,XGBoost,42,LOCO,OFAT,Thickness_mean,,,,4,4,4,OFAT,15.345,13.953384399414062
loocv_ref,OFAT|LOCO,,XGBoost,42,LOCO,OFAT,Thickness_mean,,,,5,5,5,OFAT,14.265,13.710248947143555
loocv_ref,OFAT|LOCO,,XGBoost,42,LOCO,OFAT,Thickness_mean,,,,6,6,6,OFAT,12.9225,18.556610107421875
loocv_ref,OFAT|LOCO,,XGBoost,42,LOCO,OFAT,Thickness_mean,,,,7,7,7,OFAT,13.2775,16.886486053466797
loocv_ref,OFAT|LOCO,,XGBoost,42,LOCO,OFAT,Thickness_mean,,,,8,8,8,OFAT,15.329999999999998,17.5074462890625
loocv_ref,OFAT|LOCO,,XGBoost,42,LOCO,OFAT,Thickness_mean,,,,9,9,9,OFAT,7.855,9.606770515441895
loocv_ref,OFAT|LOCO,,XGBoost,42,LOCO,OFAT,Thickness_mean,,,,10,10,10,OFAT,2.8075,9.648979187011719
loocv_ref,OFAT|LOCO,,XGBoost,42,LOCO,OFAT,Thickness_mean,,,,11,11,11,OFAT,7.7875,13.329336166381836
loocv_ref,OFAT|LOCO,,XGBoost,42,LOCO,OFAT,Thickness_mean,,,,12,12,11,OFAT,9.105,13.329336166381836
loocv_ref,OFAT|LOCO,,XGBoost,42,LOCO,OFAT,Thickness_mean,,,,13,13,12,OFAT,7.734999999999999,8.646928787231445
loocv_ref,OFAT|LOCO,,XGBoost,42,LOCO,OFAT,Thickness_mean,,,,14,14,10,OFAT,6.8225,9.648979187011719
loocv_ref,OFAT|LOCO,,XGBoost,42,LOCO,OFAT,Thickness_mean,,,,15,15,10,OFAT,14.995,9.648979187011719
loocv_ref,OFAT|LOCO,,XGBoost,42,LOCO,OFAT,Thickness_mean,,,,16,16,13,OFAT,14.025,13.435123443603516
loocv_ref,OFAT|LOCO,,XGBoost,42,LOCO,OFAT,Thickness_mean,,,,17,17,10,OFAT,9.0475,9.648979187011719
loocv_ref,OFAT|LOCO,,XGBoost,42,LOCO,OFAT,Thickness_mean,,,,18,18,14,OFAT,22.225,17.977582931518555
loocv_ref,OFAT|LOCO,,XGBoost,42,LOCO,OFAT,Thickness_mean,,,,19,19,14,OFAT,25.935,17.977582931518555
loocv_ref,OFAT|LOCO,,XGBoost,42,LOCO,OFAT,Thickness_mean,,,,20,20,15,OFAT,7.03,3.8621022701263428
loocv_ref,OFAT|LOCO,,XGBoost,42,LOCO,OFAT,Thickness_mean,,,,21,21,16,OFAT,13.5325,8.299652099609375
loocv_ref,OFAT|LOCO,,XGBoost,42,LOCO,OFAT,Thickness_mean,,,,22,22,14,OFAT,25.29,17.977582931518555
loocv_ref,OFAT|LOCO,,XGBoost,42,LOCO,OFAT,Thickness_mean,,,,23,23,14,OFAT,21.965,17.977582931518555
loocv_ref,OFAT|LOCO,,XGBoost,42,LOCO,OFAT,Thickness_mean,,,,24,24,14,OFAT,23.082500000000003,17.977582931518555
loocv_ref,OFAT|LOCO,,XGBoost,42,LOCO,OFAT,Thickness_mean,,,,25,25,14,OFAT,21.262500000000003,17.977582931518555
loocv_ref,OFAT|LOCO,,XGBoost,42,LOCO,OFAT,Thickness_mean,,,,26,26,17,OFAT,17.8275,16.942140579223633
loocv_ref,OFAT|LOCO,,XGBoost,42,LOCO,OFAT,Thickness_mean,,,,27,27,17,OFAT,17.345,16.942140579223633
loocv_ref,OFAT|LOCO,,XGBoost,42,LOCO,OFAT,Thickness_mean,,,,28,28,17,OFAT,24.4925,16.942140579223633
loocv_ref,OFAT|LOCO,,XGBoost,42,LOCO,OFAT,Thickness_mean,,,,29,29,17,OFAT,17.695,16.942140579223633
loocv_ref,OFAT|LOCO,,XGBoost,42,LOCO,OFAT,Thickness_mean,,,,30,30,17,OFAT,16.814999999999998,16.942140579223633
loocv_ref,OFAT|LOCO,,XGBoost,42,LOCO,OFAT,Thickness_mean,,,,31,31,18,OFAT,14.9425,12.91321086883545
loocv_ref,OFAT|LOCO,,XGBoost,42,LOCO,OFAT,Thickness_mean,,,,32,32,19,OFAT,9.9625,14.39612865447998
loocv_ref,OFAT|LOCO,,XGBoost,42,LOCO,OFAT,Thickness_mean,,,,33,33,20,OFAT,4.855,6.74536657333374
loocv_ref,OFAT|LOCO,,XGBoost,42,LOCO,OFAT,Thickness_mean,,,,34,34,21,OFAT,1.2375,5.8291239738464355
loocv_ref,OFAT|LOCO,,XGBoost,42,LOCO,OFAT,Thickness_mean,,,,35,35,22,OFAT,2.0275,5.363625526428223
loocv_ref,OFAT|LOCO,,XGBoost,42,LOCO,OFAT,Thickness_mean,,,,36,36,23,OFAT,3.535,5.245368957519531
loocv_ref,OFAT|LOCO,,XGBoost,42,LOCO,OFAT,Thickness_mean,,,,37,37,20,OFAT,8.6425,6.74536657333374
loocv_ref,OFAT|LOCO,,XGBoost,42,LOCO,OFAT,Thickness_mean,,,,38,38,19,OFAT,12.75,14.39612865447998
loocv_ref,OFAT|LOCO,,XGBoost,42,LOCO,OFAT,Thickness_mean,,,,39,39,18,OFAT,16.965,12.91321086883545
loocv_ref,OFAT|LOCO,,XGBoost,42,LOCO,OFAT,Thickness_mean,,,,40,40,19,OFAT,19.6525,14.39612865447998
loocv_ref,OFAT|LOCO,,XGBoost,42,LOCO,OFAT,Thickness_mean,,,,41,41,19,OFAT,9.2675,14.39612865447998
loocv_ref,OFAT|LOCO,,XGBoost,43,LOCO,OFAT,Thickness_mean,,,,0,0,0,OFAT,36.34,19.504261016845703
loocv_ref,OFAT|LOCO,,XGBoost,43,LOCO,OFAT,Thickness_mean,,,,1,1,1,OFAT,19.9225,28.350170135498047
loocv_ref,OFAT|LOCO,,XGBoost,43,LOCO,OFAT,Thickness_mean,,,,2,2,2,OFAT,25.6625,23.918994903564453
loocv_ref,OFAT|LOCO,,XGBoost,43,LOCO,OFAT,Thickness_mean,,,,3,3,3,OFAT,20.2075,15.052722930908203
loocv_ref,OFAT|LOCO,,XGBoost,43,LOCO,OFAT,Thickness_mean,,,,4,4,4,OFAT,15.345,14.196684837341309
loocv_ref,OFAT|LOCO,,XGBoost,43,LOCO,OFAT,Thickness_mean,,,,5,5,5,OFAT,14.265,14.347153663635254
loocv_ref,OFAT|LOCO,,XGBoost,43,LOCO,OFAT,Thickness_mean,,,,6,6,6,OFAT,12.9225,17.99207305908203
loocv_ref,OFAT|LOCO,,XGBoost,43,LOCO,OFAT,Thickness_mean,,,,7,7,7,OFAT,13.2775,13.964305877685547
loocv_ref,OFAT|LOCO,,XGBoost,43,LOCO,OFAT,Thickness_mean,,,,8,8,8,OFAT,15.329999999999998,22.154359817504883
loocv_ref,OFAT|LOCO,,XGBoost,43,LOCO,OFAT,Thickness_mean,,,,9,9,9,OFAT,7.855,9.370684623718262
loocv_ref,OFAT|LOCO,,XGBoost,43,LOCO,OFAT,Thickness_mean,,,,10,10,10,OFAT,2.8075,7.008487701416016
loocv_ref,OFAT|LOCO,,XGBoost,43,LOCO,OFAT,Thickness_mean,,,,11,11,11,OFAT,7.7875,9.369361877441406
loocv_ref,OFAT|LOCO,,XGBoost,43,LOCO,OFAT,Thickness_mean,,,,12,12,11,OFAT,9.105,9.369361877441406
loocv_ref,OFAT|LOCO,,XGBoost,43,LOCO,OFAT,Thickness_mean,,,,13,13,12,OFAT,7.734999999999999,6.759444713592529
loocv_ref,OFAT|LOCO,,XGBoost,43,LOCO,OFAT,Thickness_mean,,,,14,14,10,OFAT,6.8225,7.008487701416016
loocv_ref,OFAT|LOCO,,XGBoost,43,LOCO,OFAT,Thickness_mean,,,,15,15,10,OFAT,14.995,7.008487701416016
loocv_ref,OFAT|LOCO,,XGBoost,43,LOCO,OFAT,Thickness_mean,,,,16,16,13,OFAT,14.025,13.686203002929688
loocv_ref,OFAT|LOCO,,XGBoost,43,LOCO,OFAT,Thickness_mean,,,,17,17,10,OFAT,9.0475,7.008487701416016
loocv_ref,OFAT|LOCO,,XGBoost,43,LOCO,OFAT,Thickness_mean,,,,18,18,14,OFAT,22.225,17.312801361083984
loocv_ref,OFAT|LOCO,,XGBoost,43,LOCO,OFAT,Thickness_mean,,,,19,19,14,OFAT,25.935,17.312801361083984
loocv_ref,OFAT|LOCO,,XGBoost,43,LOCO,OFAT,Thickness_mean,,,,20,20,15,OFAT,7.03,3.629776954650879
loocv_ref,OFAT|LOCO,,XGBoost,43,LOCO,OFAT,Thickness_mean,,,,21,21,16,OFAT,13.5325,8.691169738769531
loocv_ref,OFAT|LOCO,,XGBoost,43,LOCO,OFAT,Thickness_mean,,,,22,22,14,OFAT,25.29,17.312801361083984
loocv_ref,OFAT|LOCO,,XGBoost,43,LOCO,OFAT,Thickness_mean,,,,23,23,14,OFAT,21.965,17.312801361083984
loocv_ref,OFAT|LOCO,,XGBoost,43,LOCO,OFAT,Thickness_mean,,,,24,24,14,OFAT,23.082500000000003,17.312801361083984
loocv_ref,OFAT|LOCO,,XGBoost,43,LOCO,OFAT,Thickness_mean,,,,25,25,14,OFAT,21.262500000000003,17.312801361083984
loocv_ref,OFAT|LOCO,,XGBoost,43,LOCO,OFAT,Thickness_mean,,,,26,26,17,OFAT,17.8275,18.729684829711914
loocv_ref,OFAT|LOCO,,XGBoost,43,LOCO,OFAT,Thickness_mean,,,,27,27,17,OFAT,17.345,18.729684829711914
loocv_ref,OFAT|LOCO,,XGBoost,43,LOCO,OFAT,Thickness_mean,,,,28,28,17,OFAT,24.4925,18.729684829711914
loocv_ref,OFAT|LOCO,,XGBoost,43,LOCO,OFAT,Thickness_mean,,,,29,29,17,OFAT,17.695,18.729684829711914
loocv_ref,OFAT|LOCO,,XGBoost,43,LOCO,OFAT,Thickness_mean,,,,30,30,17,OFAT,16.814999999999998,18.729684829711914
loocv_ref,OFAT|LOCO,,XGBoost,43,LOCO,OFAT,Thickness_mean,,,,31,31,18,OFAT,14.9425,12.95832347869873
loocv_ref,OFAT|LOCO,,XGBoost,43,LOCO,OFAT,Thickness_mean,,,,32,32,19,OFAT,9.9625,14.230565071105957
loocv_ref,OFAT|LOCO,,XGBoost,43,LOCO,OFAT,Thickness_mean,,,,33,33,20,OFAT,4.855,6.707473278045654
loocv_ref,OFAT|LOCO,,XGBoost,43,LOCO,OFAT,Thickness_mean,,,,34,34,21,OFAT,1.2375,5.837292671203613
loocv_ref,OFAT|LOCO,,XGBoost,43,LOCO,OFAT,Thickness_mean,,,,35,35,22,OFAT,2.0275,5.675295352935791
loocv_ref,OFAT|LOCO,,XGBoost,43,LOCO,OFAT,Thickness_mean,,,,36,36,23,OFAT,3.535,5.301774978637695
loocv_ref,OFAT|LOCO,,XGBoost,43,LOCO,OFAT,Thickness_mean,,,,37,37,20,OFAT,8.6425,6.707473278045654
loocv_ref,OFAT|LOCO,,XGBoost,43,LOCO,OFAT,Thickness_mean,,,,38,38,19,OFAT,12.75,14.230565071105957
loocv_ref,OFAT|LOCO,,XGBoost,43,LOCO,OFAT,Thickness_mean,,,,39,39,18,OFAT,16.965,12.95832347869873
loocv_ref,OFAT|LOCO,,XGBoost,43,LOCO,OFAT,Thickness_mean,,,,40,40,19,OFAT,19.6525,14.230565071105957
loocv_ref,OFAT|LOCO,,XGBoost,43,LOCO,OFAT,Thickness_mean,,,,41,41,19,OFAT,9.2675,14.230565071105957
loocv_ref,OFAT|LOCO,,XGBoost,44,LOCO,OFAT,Thickness_mean,,,,0,0,0,OFAT,36.34,16.884241104125977
loocv_ref,OFAT|LOCO,,XGBoost,44,LOCO,OFAT,Thickness_mean,,,,1,1,1,OFAT,19.9225,27.71245765686035
loocv_ref,OFAT|LOCO,,XGBoost,44,LOCO,OFAT,Thickness_mean,,,,2,2,2,OFAT,25.6625,23.88999366760254
loocv_ref,OFAT|LOCO,,XGBoost,44,LOCO,OFAT,Thickness_mean,,,,3,3,3,OFAT,20.2075,18.315637588500977
loocv_ref,OFAT|LOCO,,XGBoost,44,LOCO,OFAT,Thickness_mean,,,,4,4,4,OFAT,15.345,14.310080528259277
loocv_ref,OFAT|LOCO,,XGBoost,44,LOCO,OFAT,Thickness_mean,,,,5,5,5,OFAT,14.265,14.261031150817871
loocv_ref,OFAT|LOCO,,XGBoost,44,LOCO,OFAT,Thickness_mean,,,,6,6,6,OFAT,12.9225,19.87286376953125
loocv_ref,OFAT|LOCO,,XGBoost,44,LOCO,OFAT,Thickness_mean,,,,7,7,7,OFAT,13.2775,16.90790557861328
loocv_ref,OFAT|LOCO,,XGBoost,44,LOCO,OFAT,Thickness_mean,,,,8,8,8,OFAT,15.329999999999998,18.979141235351562
loocv_ref,OFAT|LOCO,,XGBoost,44,LOCO,OFAT,Thickness_mean,,,,9,9,9,OFAT,7.855,9.276302337646484
loocv_ref,OFAT|LOCO,,XGBoost,44,LOCO,OFAT,Thickness_mean,,,,10,10,10,OFAT,2.8075,7.204365253448486
loocv_ref,OFAT|LOCO,,XGBoost,44,LOCO,OFAT,Thickness_mean,,,,11,11,11,OFAT,7.7875,10.28888988494873
loocv_ref,OFAT|LOCO,,XGBoost,44,LOCO,OFAT,Thickness_mean,,,,12,12,11,OFAT,9.105,10.28888988494873
loocv_ref,OFAT|LOCO,,XGBoost,44,LOCO,OFAT,Thickness_mean,,,,13,13,12,OFAT,7.734999999999999,8.2372465133667
loocv_ref,OFAT|LOCO,,XGBoost,44,LOCO,OFAT,Thickness_mean,,,,14,14,10,OFAT,6.8225,7.204365253448486
loocv_ref,OFAT|LOCO,,XGBoost,44,LOCO,OFAT,Thickness_mean,,,,15,15,10,OFAT,14.995,7.204365253448486
loocv_ref,OFAT|LOCO,,XGBoost,44,LOCO,OFAT,Thickness_mean,,,,16,16,13,OFAT,14.025,12.9503812789917
loocv_ref,OFAT|LOCO,,XGBoost,44,LOCO,OFAT,Thickness_mean,,,,17,17,10,OFAT,9.0475,7.204365253448486
loocv_ref,OFAT|LOCO,,XGBoost,44,LOCO,OFAT,Thickness_mean,,,,18,18,14,OFAT,22.225,18.717082977294922
loocv_ref,OFAT|LOCO,,XGBoost,44,LOCO,OFAT,Thickness_mean,,,,19,19,14,OFAT,25.935,18.717082977294922
loocv_ref,OFAT|LOCO,,XGBoost,44,LOCO,OFAT,Thickness_mean,,,,20,20,15,OFAT,7.03,3.815178871154785
loocv_ref,OFAT|LOCO,,XGBoost,44,LOCO,OFAT,Thickness_mean,,,,21,21,16,OFAT,13.5325,8.077165603637695
loocv_ref,OFAT|LOCO,,XGBoost,44,LOCO,OFAT,Thickness_mean,,,,22,22,14,OFAT,25.29,18.717082977294922
loocv_ref,OFAT|LOCO,,XGBoost,44,LOCO,OFAT,Thickness_mean,,,,23,23,14,OFAT,21.965,18.717082977294922
loocv_ref,OFAT|LOCO,,XGBoost,44,LOCO,OFAT,Thickness_mean,,,,24,24,14,OFAT,23.082500000000003,18.717082977294922
loocv_ref,OFAT|LOCO,,XGBoost,44,LOCO,OFAT,Thickness_mean,,,,25,25,14,OFAT,21.262500000000003,18.717082977294922
loocv_ref,OFAT|LOCO,,XGBoost,44,LOCO,OFAT,Thickness_mean,,,,26,26,17,OFAT,17.8275,14.654704093933105
loocv_ref,OFAT|LOCO,,XGBoost,44,LOCO,OFAT,Thickness_mean,,,,27,27,17,OFAT,17.345,14.654704093933105
loocv_ref,OFAT|LOCO,,XGBoost,44,LOCO,OFAT,Thickness_mean,,,,28,28,17,OFAT,24.4925,14.654704093933105
loocv_ref,OFAT|LOCO,,XGBoost,44,LOCO,OFAT,Thickness_mean,,,,29,29,17,OFAT,17.695,14.654704093933105
loocv_ref,OFAT|LOCO,,XGBoost,44,LOCO,OFAT,Thickness_mean,,,,30,30,17,OFAT,16.814999999999998,14.654704093933105
loocv_ref,OFAT|LOCO,,XGBoost,44,LOCO,OFAT,Thickness_mean,,,,31,31,18,OFAT,14.9425,12.828686714172363
loocv_ref,OFAT|LOCO,,XGBoost,44,LOCO,OFAT,Thickness_mean,,,,32,32,19,OFAT,9.9625,14.16788101196289
loocv_ref,OFAT|LOCO,,XGBoost,44,LOCO,OFAT,Thickness_mean,,,,33,33,20,OFAT,4.855,7.206896781921387
loocv_ref,OFAT|LOCO,,XGBoost,44,LOCO,OFAT,Thickness_mean,,,,34,34,21,OFAT,1.2375,5.749114036560059
loocv_ref,OFAT|LOCO,,XGBoost,44,LOCO,OFAT,Thickness_mean,,,,35,35,22,OFAT,2.0275,5.591180801391602
loocv_ref,OFAT|LOCO,,XGBoost,44,LOCO,OFAT,Thickness_mean,,,,36,36,23,OFAT,3.535,5.223806381225586
loocv_ref,OFAT|LOCO,,XGBoost,44,LOCO,OFAT,Thickness_mean,,,,37,37,20,OFAT,8.6425,7.206896781921387
loocv_ref,OFAT|LOCO,,XGBoost,44,LOCO,OFAT,Thickness_mean,,,,38,38,19,OFAT,12.75,14.16788101196289
loocv_ref,OFAT|LOCO,,XGBoost,44,LOCO,OFAT,Thickness_mean,,,,39,39,18,OFAT,16.965,12.828686714172363
loocv_ref,OFAT|LOCO,,XGBoost,44,LOCO,OFAT,Thickness_mean,,,,40,40,19,OFAT,19.6525,14.16788101196289
loocv_ref,OFAT|LOCO,,XGBoost,44,LOCO,OFAT,Thickness_mean,,,,41,41,19,OFAT,9.2675,14.16788101196289
loocv_ref,OFAT|LOCO,,XGBoost,45,LOCO,OFAT,Thickness_mean,,,,0,0,0,OFAT,36.34,17.543598175048828
loocv_ref,OFAT|LOCO,,XGBoost,45,LOCO,OFAT,Thickness_mean,,,,1,1,1,OFAT,19.9225,28.819076538085938
loocv_ref,OFAT|LOCO,,XGBoost,45,LOCO,OFAT,Thickness_mean,,,,2,2,2,OFAT,25.6625,21.52901840209961
loocv_ref,OFAT|LOCO,,XGBoost,45,LOCO,OFAT,Thickness_mean,,,,3,3,3,OFAT,20.2075,16.442319869995117
loocv_ref,OFAT|LOCO,,XGBoost,45,LOCO,OFAT,Thickness_mean,,,,4,4,4,OFAT,15.345,15.478729248046875
loocv_ref,OFAT|LOCO,,XGBoost,45,LOCO,OFAT,Thickness_mean,,,,5,5,5,OFAT,14.265,15.714005470275879
loocv_ref,OFAT|LOCO,,XGBoost,45,LOCO,OFAT,Thickness_mean,,,,6,6,6,OFAT,12.9225,18.48806381225586
loocv_ref,OFAT|LOCO,,XGBoost,45,LOCO,OFAT,Thickness_mean,,,,7,7,7,OFAT,13.2775,17.282880783081055
loocv_ref,OFAT|LOCO,,XGBoost,45,LOCO,OFAT,Thickness_mean,,,,8,8,8,OFAT,15.329999999999998,20.904842376708984
loocv_ref,OFAT|LOCO,,XGBoost,45,LOCO,OFAT,Thickness_mean,,,,9,9,9,OFAT,7.855,10.454936027526855
loocv_ref,OFAT|LOCO,,XGBoost,45,LOCO,OFAT,Thickness_mean,,,,10,10,10,OFAT,2.8075,8.349794387817383
loocv_ref,OFAT|LOCO,,XGBoost,45,LOCO,OFAT,Thickness_mean,,,,11,11,11,OFAT,7.7875,11.609623908996582
loocv_ref,OFAT|LOCO,,XGBoost,45,LOCO,OFAT,Thickness_mean,,,,12,12,11,OFAT,9.105,11.609623908996582
loocv_ref,OFAT|LOCO,,XGBoost,45,LOCO,OFAT,Thickness_mean,,,,13,13,12,OFAT,7.734999999999999,8.823074340820312
loocv_ref,OFAT|LOCO,,XGBoost,45,LOCO,OFAT,Thickness_mean,,,,14,14,10,OFAT,6.8225,8.349794387817383
loocv_ref,OFAT|LOCO,,XGBoost,45,LOCO,OFAT,Thickness_mean,,,,15,15,10,OFAT,14.995,8.349794387817383
loocv_ref,OFAT|LOCO,,XGBoost,45,LOCO,OFAT,Thickness_mean,,,,16,16,13,OFAT,14.025,13.021452903747559
loocv_ref,OFAT|LOCO,,XGBoost,45,LOCO,OFAT,Thickness_mean,,,,17,17,10,OFAT,9.0475,8.349794387817383
loocv_ref,OFAT|LOCO,,XGBoost,45,LOCO,OFAT,Thickness_mean,,,,18,18,14,OFAT,22.225,17.904308319091797
loocv_ref,OFAT|LOCO,,XGBoost,45,LOCO,OFAT,Thickness_mean,,,,19,19,14,OFAT,25.935,17.904308319091797
loocv_ref,OFAT|LOCO,,XGBoost,45,LOCO,OFAT,Thickness_mean,,,,20,20,15,OFAT,7.03,4.223056316375732
loocv_ref,OFAT|LOCO,,XGBoost,45,LOCO,OFAT,Thickness_mean,,,,21,21,16,OFAT,13.5325,8.575068473815918
loocv_ref,OFAT|LOCO,,XGBoost,45,LOCO,OFAT,Thickness_mean,,,,22,22,14,OFAT,25.29,17.904308319091797
loocv_ref,OFAT|LOCO,,XGBoost,45,LOCO,OFAT,Thickness_mean,,,,23,23,14,OFAT,21.965,17.904308319091797
loocv_ref,OFAT|LOCO,,XGBoost,45,LOCO,OFAT,Thickness_mean,,,,24,24,14,OFAT,23.082500000000003,17.904308319091797
loocv_ref,OFAT|LOCO,,XGBoost,45,LOCO,OFAT,Thickness_mean,,,,25,25,14,OFAT,21.262500000000003,17.904308319091797
loocv_ref,OFAT|LOCO,,XGBoost,45,LOCO,OFAT,Thickness_mean,,,,26,26,17,OFAT,17.8275,17.169572830200195
loocv_ref,OFAT|LOCO,,XGBoost,45,LOCO,OFAT,Thickness_mean,,,,27,27,17,OFAT,17.345,17.169572830200195
loocv_ref,OFAT|LOCO,,XGBoost,45,LOCO,OFAT,Thickness_mean,,,,28,28,17,OFAT,24.4925,17.169572830200195
loocv_ref,OFAT|LOCO,,XGBoost,45,LOCO,OFAT,Thickness_mean,,,,29,29,17,OFAT,17.695,17.169572830200195
loocv_ref,OFAT|LOCO,,XGBoost,45,LOCO,OFAT,Thickness_mean,,,,30,30,17,OFAT,16.814999999999998,17.169572830200195
loocv_ref,OFAT|LOCO,,XGBoost,45,LOCO,OFAT,Thickness_mean,,,,31,31,18,OFAT,14.9425,13.044357299804688
loocv_ref,OFAT|LOCO,,XGBoost,45,LOCO,OFAT,Thickness_mean,,,,32,32,19,OFAT,9.9625,14.117171287536621
loocv_ref,OFAT|LOCO,,XGBoost,45,LOCO,OFAT,Thickness_mean,,,,33,33,20,OFAT,4.855,7.2888994216918945
loocv_ref,OFAT|LOCO,,XGBoost,45,LOCO,OFAT,Thickness_mean,,,,34,34,21,OFAT,1.2375,4.60510778427124
loocv_ref,OFAT|LOCO,,XGBoost,45,LOCO,OFAT,Thickness_mean,,,,35,35,22,OFAT,2.0275,4.259721279144287
loocv_ref,OFAT|LOCO,,XGBoost,45,LOCO,OFAT,Thickness_mean,,,,36,36,23,OFAT,3.535,3.5355851650238037
loocv_ref,OFAT|LOCO,,XGBoost,45,LOCO,OFAT,Thickness_mean,,,,37,37,20,OFAT,8.6425,7.2888994216918945
loocv_ref,OFAT|LOCO,,XGBoost,45,LOCO,OFAT,Thickness_mean,,,,38,38,19,OFAT,12.75,14.117171287536621
loocv_ref,OFAT|LOCO,,XGBoost,45,LOCO,OFAT,Thickness_mean,,,,39,39,18,OFAT,16.965,13.044357299804688
loocv_ref,OFAT|LOCO,,XGBoost,45,LOCO,OFAT,Thickness_mean,,,,40,40,19,OFAT,19.6525,14.117171287536621
loocv_ref,OFAT|LOCO,,XGBoost,45,LOCO,OFAT,Thickness_mean,,,,41,41,19,OFAT,9.2675,14.117171287536621
loocv_ref,OFAT|LOCO,,XGBoost,46,LOCO,OFAT,Thickness_mean,,,,0,0,0,OFAT,36.34,17.886816024780273
loocv_ref,OFAT|LOCO,,XGBoost,46,LOCO,OFAT,Thickness_mean,,,,1,1,1,OFAT,19.9225,29.161415100097656
loocv_ref,OFAT|LOCO,,XGBoost,46,LOCO,OFAT,Thickness_mean,,,,2,2,2,OFAT,25.6625,23.961788177490234
loocv_ref,OFAT|LOCO,,XGBoost,46,LOCO,OFAT,Thickness_mean,,,,3,3,3,OFAT,20.2075,15.204174995422363
loocv_ref,OFAT|LOCO,,XGBoost,46,LOCO,OFAT,Thickness_mean,,,,4,4,4,OFAT,15.345,14.055390357971191
loocv_ref,OFAT|LOCO,,XGBoost,46,LOCO,OFAT,Thickness_mean,,,,5,5,5,OFAT,14.265,14.162835121154785
loocv_ref,OFAT|LOCO,,XGBoost,46,LOCO,OFAT,Thickness_mean,,,,6,6,6,OFAT,12.9225,19.19516372680664
loocv_ref,OFAT|LOCO,,XGBoost,46,LOCO,OFAT,Thickness_mean,,,,7,7,7,OFAT,13.2775,16.954483032226562
loocv_ref,OFAT|LOCO,,XGBoost,46,LOCO,OFAT,Thickness_mean,,,,8,8,8,OFAT,15.329999999999998,22.46042823791504
loocv_ref,OFAT|LOCO,,XGBoost,46,LOCO,OFAT,Thickness_mean,,,,9,9,9,OFAT,7.855,9.177290916442871
loocv_ref,OFAT|LOCO,,XGBoost,46,LOCO,OFAT,Thickness_mean,,,,10,10,10,OFAT,2.8075,7.78707218170166
loocv_ref,OFAT|LOCO,,XGBoost,46,LOCO,OFAT,Thickness_mean,,,,11,11,11,OFAT,7.7875,9.399154663085938
loocv_ref,OFAT|LOCO,,XGBoost,46,LOCO,OFAT,Thickness_mean,,,,12,12,11,OFAT,9.105,9.399154663085938
loocv_ref,OFAT|LOCO,,XGBoost,46,LOCO,OFAT,Thickness_mean,,,,13,13,12,OFAT,7.734999999999999,8.025710105895996
loocv_ref,OFAT|LOCO,,XGBoost,46,LOCO,OFAT,Thickness_mean,,,,14,14,10,OFAT,6.8225,7.78707218170166
loocv_ref,OFAT|LOCO,,XGBoost,46,LOCO,OFAT,Thickness_mean,,,,15,15,10,OFAT,14.995,7.78707218170166
loocv_ref,OFAT|LOCO,,XGBoost,46,LOCO,OFAT,Thickness_mean,,,,16,16,13,OFAT,14.025,13.15192985534668
loocv_ref,OFAT|LOCO,,XGBoost,46,LOCO,OFAT,Thickness_mean,,,,17,17,10,OFAT,9.0475,7.78707218170166
loocv_ref,OFAT|LOCO,,XGBoost,46,LOCO,OFAT,Thickness_mean,,,,18,18,14,OFAT,22.225,18.324609756469727
loocv_ref,OFAT|LOCO,,XGBoost,46,LOCO,OFAT,Thickness_mean,,,,19,19,14,OFAT,25.935,18.324609756469727
loocv_ref,OFAT|LOCO,,XGBoost,46,LOCO,OFAT,Thickness_mean,,,,20,20,15,OFAT,7.03,3.565594434738159
loocv_ref,OFAT|LOCO,,XGBoost,46,LOCO,OFAT,Thickness_mean,,,,21,21,16,OFAT,13.5325,7.962851047515869
loocv_ref,OFAT|LOCO,,XGBoost,46,LOCO,OFAT,Thickness_mean,,,,22,22,14,OFAT,25.29,18.324609756469727
loocv_ref,OFAT|LOCO,,XGBoost,46,LOCO,OFAT,Thickness_mean,,,,23,23,14,OFAT,21.965,18.324609756469727
loocv_ref,OFAT|LOCO,,XGBoost,46,LOCO,OFAT,Thickness_mean,,,,24,24,14,OFAT,23.082500000000003,18.324609756469727
loocv_ref,OFAT|LOCO,,XGBoost,46,LOCO,OFAT,Thickness_mean,,,,25,25,14,OFAT,21.262500000000003,18.324609756469727
loocv_ref,OFAT|LOCO,,XGBoost,46,LOCO,OFAT,Thickness_mean,,,,26,26,17,OFAT,17.8275,16.817068099975586
loocv_ref,OFAT|LOCO,,XGBoost,46,LOCO,OFAT,Thickness_mean,,,,27,27,17,OFAT,17.345,16.817068099975586
loocv_ref,OFAT|LOCO,,XGBoost,46,LOCO,OFAT,Thickness_mean,,,,28,28,17,OFAT,24.4925,16.817068099975586
loocv_ref,OFAT|LOCO,,XGBoost,46,LOCO,OFAT,Thickness_mean,,,,29,29,17,OFAT,17.695,16.817068099975586
loocv_ref,OFAT|LOCO,,XGBoost,46,LOCO,OFAT,Thickness_mean,,,,30,30,17,OFAT,16.814999999999998,16.817068099975586
loocv_ref,OFAT|LOCO,,XGBoost,46,LOCO,OFAT,Thickness_mean,,,,31,31,18,OFAT,14.9425,12.974325180053711
loocv_ref,OFAT|LOCO,,XGBoost,46,LOCO,OFAT,Thickness_mean,,,,32,32,19,OFAT,9.9625,14.147001266479492
loocv_ref,OFAT|LOCO,,XGBoost,46,LOCO,OFAT,Thickness_mean,,,,33,33,20,OFAT,4.855,7.052670478820801
loocv_ref,OFAT|LOCO,,XGBoost,46,LOCO,OFAT,Thickness_mean,,,,34,34,21,OFAT,1.2375,5.673861503601074
loocv_ref,OFAT|LOCO,,XGBoost,46,LOCO,OFAT,Thickness_mean,,,,35,35,22,OFAT,2.0275,5.484201431274414
loocv_ref,OFAT|LOCO,,XGBoost,46,LOCO,OFAT,Thickness_mean,,,,36,36,23,OFAT,3.535,5.027810573577881
loocv_ref,OFAT|LOCO,,XGBoost,46,LOCO,OFAT,Thickness_mean,,,,37,37,20,OFAT,8.6425,7.052670478820801
loocv_ref,OFAT|LOCO,,XGBoost,46,LOCO,OFAT,Thickness_mean,,,,38,38,19,OFAT,12.75,14.147001266479492
loocv_ref,OFAT|LOCO,,XGBoost,46,LOCO,OFAT,Thickness_mean,,,,39,39,18,OFAT,16.965,12.974325180053711
loocv_ref,OFAT|LOCO,,XGBoost,46,LOCO,OFAT,Thickness_mean,,,,40,40,19,OFAT,19.6525,14.147001266479492
loocv_ref,OFAT|LOCO,,XGBoost,46,LOCO,OFAT,Thickness_mean,,,,41,41,19,OFAT,9.2675,14.147001266479492
loocv_ref,OFAT|LOCO,,XGBoost,47,LOCO,OFAT,Thickness_mean,,,,0,0,0,OFAT,36.34,18.056623458862305
loocv_ref,OFAT|LOCO,,XGBoost,47,LOCO,OFAT,Thickness_mean,,,,1,1,1,OFAT,19.9225,28.439373016357422
loocv_ref,OFAT|LOCO,,XGBoost,47,LOCO,OFAT,Thickness_mean,,,,2,2,2,OFAT,25.6625,22.15241813659668
loocv_ref,OFAT|LOCO,,XGBoost,47,LOCO,OFAT,Thickness_mean,,,,3,3,3,OFAT,20.2075,16.805965423583984
loocv_ref,OFAT|LOCO,,XGBoost,47,LOCO,OFAT,Thickness_mean,,,,4,4,4,OFAT,15.345,16.290103912353516
loocv_ref,OFAT|LOCO,,XGBoost,47,LOCO,OFAT,Thickness_mean,,,,5,5,5,OFAT,14.265,13.794769287109375
loocv_ref,OFAT|LOCO,,XGBoost,47,LOCO,OFAT,Thickness_mean,,,,6,6,6,OFAT,12.9225,18.714351654052734
loocv_ref,OFAT|LOCO,,XGBoost,47,LOCO,OFAT,Thickness_mean,,,,7,7,7,OFAT,13.2775,17.057395935058594
loocv_ref,OFAT|LOCO,,XGBoost,47,LOCO,OFAT,Thickness_mean,,,,8,8,8,OFAT,15.329999999999998,19.001462936401367
loocv_ref,OFAT|LOCO,,XGBoost,47,LOCO,OFAT,Thickness_mean,,,,9,9,9,OFAT,7.855,10.879759788513184
loocv_ref,OFAT|LOCO,,XGBoost,47,LOCO,OFAT,Thickness_mean,,,,10,10,10,OFAT,2.8075,8.691095352172852
loocv_ref,OFAT|LOCO,,XGBoost,47,LOCO,OFAT,Thickness_mean,,,,11,11,11,OFAT,7.7875,9.961488723754883
loocv_ref,OFAT|LOCO,,XGBoost,47,LOCO,OFAT,Thickness_mean,,,,12,12,11,OFAT,9.105,9.961488723754883
loocv_ref,OFAT|LOCO,,XGBoost,47,LOCO,OFAT,Thickness_mean,,,,13,13,12,OFAT,7.734999999999999,9.150153160095215
loocv_ref,OFAT|LOCO,,XGBoost,47,LOCO,OFAT,Thickness_mean,,,,14,14,10,OFAT,6.8225,8.691095352172852
loocv_ref,OFAT|LOCO,,XGBoost,47,LOCO,OFAT,Thickness_mean,,,,15,15,10,OFAT,14.995,8.691095352172852
loocv_ref,OFAT|LOCO,,XGBoost,47,LOCO,OFAT,Thickness_mean,,,,16,16,13,OFAT,14.025,13.676989555358887
loocv_ref,OFAT|LOCO,,XGBoost,47,LOCO,OFAT,Thickness_mean,,,,17,17,10,OFAT,9.0475,8.691095352172852
loocv_ref,OFAT|LOCO,,XGBoost,47,LOCO,OFAT,Thickness_mean,,,,18,18,14,OFAT,22.225,17.903827667236328
loocv_ref,OFAT|LOCO,,XGBoost,47,LOCO,OFAT,Thickness_mean,,,,19,19,14,OFAT,25.935,17.903827667236328
loocv_ref,OFAT|LOCO,,XGBoost,47,LOCO,OFAT,Thickness_mean,,,,20,20,15,OFAT,7.03,3.6724956035614014
loocv_ref,OFAT|LOCO,,XGBoost,47,LOCO,OFAT,Thickness_mean,,,,21,21,16,OFAT,13.5325,8.296601295471191
loocv_ref,OFAT|LOCO,,XGBoost,47,LOCO,OFAT,Thickness_mean,,,,22,22,14,OFAT,25.29,17.903827667236328
loocv_ref,OFAT|LOCO,,XGBoost,47,LOCO,OFAT,Thickness_mean,,,,23,23,14,OFAT,21.965,17.903827667236328
loocv_ref,OFAT|LOCO,,XGBoost,47,LOCO,OFAT,Thickness_mean,,,,24,24,14,OFAT,23.082500000000003,17.903827667236328
loocv_ref,OFAT|LOCO,,XGBoost,47,LOCO,OFAT,Thickness_mean,,,,25,25,14,OFAT,21.262500000000003,17.903827667236328
loocv_ref,OFAT|LOCO,,XGBoost,47,LOCO,OFAT,Thickness_mean,,,,26,26,17,OFAT,17.8275,15.899613380432129
loocv_ref,OFAT|LOCO,,XGBoost,47,LOCO,OFAT,Thickness_mean,,,,27,27,17,OFAT,17.345,15.899613380432129
loocv_ref,OFAT|LOCO,,XGBoost,47,LOCO,OFAT,Thickness_mean,,,,28,28,17,OFAT,24.4925,15.899613380432129
loocv_ref,OFAT|LOCO,,XGBoost,47,LOCO,OFAT,Thickness_mean,,,,29,29,17,OFAT,17.695,15.899613380432129
loocv_ref,OFAT|LOCO,,XGBoost,47,LOCO,OFAT,Thickness_mean,,,,30,30,17,OFAT,16.814999999999998,15.899613380432129
loocv_ref,OFAT|LOCO,,XGBoost,47,LOCO,OFAT,Thickness_mean,,,,31,31,18,OFAT,14.9425,13.101890563964844
loocv_ref,OFAT|LOCO,,XGBoost,47,LOCO,OFAT,Thickness_mean,,,,32,32,19,OFAT,9.9625,14.266125679016113
loocv_ref,OFAT|LOCO,,XGBoost,47,LOCO,OFAT,Thickness_mean,,,,33,33,20,OFAT,4.855,7.093512535095215
loocv_ref,OFAT|LOCO,,XGBoost,47,LOCO,OFAT,Thickness_mean,,,,34,34,21,OFAT,1.2375,5.654708385467529
loocv_ref,OFAT|LOCO,,XGBoost,47,LOCO,OFAT,Thickness_mean,,,,35,35,22,OFAT,2.0275,5.433711528778076
loocv_ref,OFAT|LOCO,,XGBoost,47,LOCO,OFAT,Thickness_mean,,,,36,36,23,OFAT,3.535,5.010980129241943
loocv_ref,OFAT|LOCO,,XGBoost,47,LOCO,OFAT,Thickness_mean,,,,37,37,20,OFAT,8.6425,7.093512535095215
loocv_ref,OFAT|LOCO,,XGBoost,47,LOCO,OFAT,Thickness_mean,,,,38,38,19,OFAT,12.75,14.266125679016113
loocv_ref,OFAT|LOCO,,XGBoost,47,LOCO,OFAT,Thickness_mean,,,,39,39,18,OFAT,16.965,13.101890563964844
loocv_ref,OFAT|LOCO,,XGBoost,47,LOCO,OFAT,Thickness_mean,,,,40,40,19,OFAT,19.6525,14.266125679016113
loocv_ref,OFAT|LOCO,,XGBoost,47,LOCO,OFAT,Thickness_mean,,,,41,41,19,OFAT,9.2675,14.266125679016113
loocv_ref,OFAT|LOCO,,XGBoost,48,LOCO,OFAT,Thickness_mean,,,,0,0,0,OFAT,36.34,18.569366455078125
loocv_ref,OFAT|LOCO,,XGBoost,48,LOCO,OFAT,Thickness_mean,,,,1,1,1,OFAT,19.9225,26.65108871459961
loocv_ref,OFAT|LOCO,,XGBoost,48,LOCO,OFAT,Thickness_mean,,,,2,2,2,OFAT,25.6625,21.768815994262695
loocv_ref,OFAT|LOCO,,XGBoost,48,LOCO,OFAT,Thickness_mean,,,,3,3,3,OFAT,20.2075,16.50326919555664
loocv_ref,OFAT|LOCO,,XGBoost,48,LOCO,OFAT,Thickness_mean,,,,4,4,4,OFAT,15.345,14.538201332092285
loocv_ref,OFAT|LOCO,,XGBoost,48,LOCO,OFAT,Thickness_mean,,,,5,5,5,OFAT,14.265,17.652982711791992
loocv_ref,OFAT|LOCO,,XGBoost,48,LOCO,OFAT,Thickness_mean,,,,6,6,6,OFAT,12.9225,18.703744888305664
loocv_ref,OFAT|LOCO,,XGBoost,48,LOCO,OFAT,Thickness_mean,,,,7,7,7,OFAT,13.2775,18.124143600463867
loocv_ref,OFAT|LOCO,,XGBoost,48,LOCO,OFAT,Thickness_mean,,,,8,8,8,OFAT,15.329999999999998,20.739816665649414
loocv_ref,OFAT|LOCO,,XGBoost,48,LOCO,OFAT,Thickness_mean,,,,9,9,9,OFAT,7.855,10.006277084350586
loocv_ref,OFAT|LOCO,,XGBoost,48,LOCO,OFAT,Thickness_mean,,,,10,10,10,OFAT,2.8075,6.962228298187256
loocv_ref,OFAT|LOCO,,XGBoost,48,LOCO,OFAT,Thickness_mean,,,,11,11,11,OFAT,7.7875,9.622562408447266
loocv_ref,OFAT|LOCO,,XGBoost,48,LOCO,OFAT,Thickness_mean,,,,12,12,11,OFAT,9.105,9.622562408447266
loocv_ref,OFAT|LOCO,,XGBoost,48,LOCO,OFAT,Thickness_mean,,,,13,13,12,OFAT,7.734999999999999,8.347247123718262
loocv_ref,OFAT|LOCO,,XGBoost,48,LOCO,OFAT,Thickness_mean,,,,14,14,10,OFAT,6.8225,6.962228298187256
loocv_ref,OFAT|LOCO,,XGBoost,48,LOCO,OFAT,Thickness_mean,,,,15,15,10,OFAT,14.995,6.962228298187256
loocv_ref,OFAT|LOCO,,XGBoost,48,LOCO,OFAT,Thickness_mean,,,,16,16,13,OFAT,14.025,13.168582916259766
loocv_ref,OFAT|LOCO,,XGBoost,48,LOCO,OFAT,Thickness_mean,,,,17,17,10,OFAT,9.0475,6.962228298187256
loocv_ref,OFAT|LOCO,,XGBoost,48,LOCO,OFAT,Thickness_mean,,,,18,18,14,OFAT,22.225,18.044965744018555
loocv_ref,OFAT|LOCO,,XGBoost,48,LOCO,OFAT,Thickness_mean,,,,19,19,14,OFAT,25.935,18.044965744018555
loocv_ref,OFAT|LOCO,,XGBoost,48,LOCO,OFAT,Thickness_mean,,,,20,20,15,OFAT,7.03,3.7690279483795166
loocv_ref,OFAT|LOCO,,XGBoost,48,LOCO,OFAT,Thickness_mean,,,,21,21,16,OFAT,13.5325,8.448193550109863
loocv_ref,OFAT|LOCO,,XGBoost,48,LOCO,OFAT,Thickness_mean,,,,22,22,14,OFAT,25.29,18.044965744018555
loocv_ref,OFAT|LOCO,,XGBoost,48,LOCO,OFAT,Thickness_mean,,,,23,23,14,OFAT,21.965,18.044965744018555
loocv_ref,OFAT|LOCO,,XGBoost,48,LOCO,OFAT,Thickness_mean,,,,24,24,14,OFAT,23.082500000000003,18.044965744018555
loocv_ref,OFAT|LOCO,,XGBoost,48,LOCO,OFAT,Thickness_mean,,,,25,25,14,OFAT,21.262500000000003,18.044965744018555
loocv_ref,OFAT|LOCO,,XGBoost,48,LOCO,OFAT,Thickness_mean,,,,26,26,17,OFAT,17.8275,15.338935852050781
loocv_ref,OFAT|LOCO,,XGBoost,48,LOCO,OFAT,Thickness_mean,,,,27,27,17,OFAT,17.345,15.338935852050781
loocv_ref,OFAT|LOCO,,XGBoost,48,LOCO,OFAT,Thickness_mean,,,,28,28,17,OFAT,24.4925,15.338935852050781
loocv_ref,OFAT|LOCO,,XGBoost,48,LOCO,OFAT,Thickness_mean,,,,29,29,17,OFAT,17.695,15.338935852050781
loocv_ref,OFAT|LOCO,,XGBoost,48,LOCO,OFAT,Thickness_mean,,,,30,30,17,OFAT,16.814999999999998,15.338935852050781
loocv_ref,OFAT|LOCO,,XGBoost,48,LOCO,OFAT,Thickness_mean,,,,31,31,18,OFAT,14.9425,12.901368141174316
loocv_ref,OFAT|LOCO,,XGBoost,48,LOCO,OFAT,Thickness_mean,,,,32,32,19,OFAT,9.9625,14.010611534118652
loocv_ref,OFAT|LOCO,,XGBoost,48,LOCO,OFAT,Thickness_mean,,,,33,33,20,OFAT,4.855,7.0359416007995605
loocv_ref,OFAT|LOCO,,XGBoost,48,LOCO,OFAT,Thickness_mean,,,,34,34,21,OFAT,1.2375,4.76032829284668
loocv_ref,OFAT|LOCO,,XGBoost,48,LOCO,OFAT,Thickness_mean,,,,35,35,22,OFAT,2.0275,4.388394355773926
loocv_ref,OFAT|LOCO,,XGBoost,48,LOCO,OFAT,Thickness_mean,,,,36,36,23,OFAT,3.535,3.8063342571258545
loocv_ref,OFAT|LOCO,,XGBoost,48,LOCO,OFAT,Thickness_mean,,,,37,37,20,OFAT,8.6425,7.0359416007995605
loocv_ref,OFAT|LOCO,,XGBoost,48,LOCO,OFAT,Thickness_mean,,,,38,38,19,OFAT,12.75,14.010611534118652
loocv_ref,OFAT|LOCO,,XGBoost,48,LOCO,OFAT,Thickness_mean,,,,39,39,18,OFAT,16.965,12.901368141174316
loocv_ref,OFAT|LOCO,,XGBoost,48,LOCO,OFAT,Thickness_mean,,,,40,40,19,OFAT,19.6525,14.010611534118652
loocv_ref,OFAT|LOCO,,XGBoost,48,LOCO,OFAT,Thickness_mean,,,,41,41,19,OFAT,9.2675,14.010611534118652
loocv_ref,OFAT|LOCO,,XGBoost,49,LOCO,OFAT,Thickness_mean,,,,0,0,0,OFAT,36.34,18.366727828979492
loocv_ref,OFAT|LOCO,,XGBoost,49,LOCO,OFAT,Thickness_mean,,,,1,1,1,OFAT,19.9225,29.05752182006836
loocv_ref,OFAT|LOCO,,XGBoost,49,LOCO,OFAT,Thickness_mean,,,,2,2,2,OFAT,25.6625,23.86515235900879
loocv_ref,OFAT|LOCO,,XGBoost,49,LOCO,OFAT,Thickness_mean,,,,3,3,3,OFAT,20.2075,16.053585052490234
loocv_ref,OFAT|LOCO,,XGBoost,49,LOCO,OFAT,Thickness_mean,,,,4,4,4,OFAT,15.345,14.248939514160156
loocv_ref,OFAT|LOCO,,XGBoost,49,LOCO,OFAT,Thickness_mean,,,,5,5,5,OFAT,14.265,14.378619194030762
loocv_ref,OFAT|LOCO,,XGBoost,49,LOCO,OFAT,Thickness_mean,,,,6,6,6,OFAT,12.9225,20.156036376953125
loocv_ref,OFAT|LOCO,,XGBoost,49,LOCO,OFAT,Thickness_mean,,,,7,7,7,OFAT,13.2775,16.61130714416504
loocv_ref,OFAT|LOCO,,XGBoost,49,LOCO,OFAT,Thickness_mean,,,,8,8,8,OFAT,15.329999999999998,20.297714233398438
loocv_ref,OFAT|LOCO,,XGBoost,49,LOCO,OFAT,Thickness_mean,,,,9,9,9,OFAT,7.855,11.095006942749023
loocv_ref,OFAT|LOCO,,XGBoost,49,LOCO,OFAT,Thickness_mean,,,,10,10,10,OFAT,2.8075,6.860415935516357
loocv_ref,OFAT|LOCO,,XGBoost,49,LOCO,OFAT,Thickness_mean,,,,11,11,11,OFAT,7.7875,10.049870491027832
loocv_ref,OFAT|LOCO,,XGBoost,49,LOCO,OFAT,Thickness_mean,,,,12,12,11,OFAT,9.105,10.049870491027832
loocv_ref,OFAT|LOCO,,XGBoost,49,LOCO,OFAT,Thickness_mean,,,,13,13,12,OFAT,7.734999999999999,7.953713417053223
loocv_ref,OFAT|LOCO,,XGBoost,49,LOCO,OFAT,Thickness_mean,,,,14,14,10,OFAT,6.8225,6.860415935516357
loocv_ref,OFAT|LOCO,,XGBoost,49,LOCO,OFAT,Thickness_mean,,,,15,15,10,OFAT,14.995,6.860415935516357
loocv_ref,OFAT|LOCO,,XGBoost,49,LOCO,OFAT,Thickness_mean,,,,16,16,13,OFAT,14.025,12.966500282287598
loocv_ref,OFAT|LOCO,,XGBoost,49,LOCO,OFAT,Thickness_mean,,,,17,17,10,OFAT,9.0475,6.860415935516357
loocv_ref,OFAT|LOCO,,XGBoost,49,LOCO,OFAT,Thickness_mean,,,,18,18,14,OFAT,22.225,18.813692092895508
loocv_ref,OFAT|LOCO,,XGBoost,49,LOCO,OFAT,Thickness_mean,,,,19,19,14,OFAT,25.935,18.813692092895508
loocv_ref,OFAT|LOCO,,XGBoost,49,LOCO,OFAT,Thickness_mean,,,,20,20,15,OFAT,7.03,5.061376571655273
loocv_ref,OFAT|LOCO,,XGBoost,49,LOCO,OFAT,Thickness_mean,,,,21,21,16,OFAT,13.5325,8.061866760253906
loocv_ref,OFAT|LOCO,,XGBoost,49,LOCO,OFAT,Thickness_mean,,,,22,22,14,OFAT,25.29,18.813692092895508
loocv_ref,OFAT|LOCO,,XGBoost,49,LOCO,OFAT,Thickness_mean,,,,23,23,14,OFAT,21.965,18.813692092895508
loocv_ref,OFAT|LOCO,,XGBoost,49,LOCO,OFAT,Thickness_mean,,,,24,24,14,OFAT,23.082500000000003,18.813692092895508
loocv_ref,OFAT|LOCO,,XGBoost,49,LOCO,OFAT,Thickness_mean,,,,25,25,14,OFAT,21.262500000000003,18.813692092895508
loocv_ref,OFAT|LOCO,,XGBoost,49,LOCO,OFAT,Thickness_mean,,,,26,26,17,OFAT,17.8275,15.590750694274902
loocv_ref,OFAT|LOCO,,XGBoost,49,LOCO,OFAT,Thickness_mean,,,,27,27,17,OFAT,17.345,15.590750694274902
loocv_ref,OFAT|LOCO,,XGBoost,49,LOCO,OFAT,Thickness_mean,,,,28,28,17,OFAT,24.4925,15.590750694274902
loocv_ref,OFAT|LOCO,,XGBoost,49,LOCO,OFAT,Thickness_mean,,,,29,29,17,OFAT,17.695,15.590750694274902
loocv_ref,OFAT|LOCO,,XGBoost,49,LOCO,OFAT,Thickness_mean,,,,30,30,17,OFAT,16.814999999999998,15.590750694274902
loocv_ref,OFAT|LOCO,,XGBoost,49,LOCO,OFAT,Thickness_mean,,,,31,31,18,OFAT,14.9425,13.383362770080566
loocv_ref,OFAT|LOCO,,XGBoost,49,LOCO,OFAT,Thickness_mean,,,,32,32,19,OFAT,9.9625,14.341060638427734
loocv_ref,OFAT|LOCO,,XGBoost,49,LOCO,OFAT,Thickness_mean,,,,33,33,20,OFAT,4.855,7.015983581542969
loocv_ref,OFAT|LOCO,,XGBoost,49,LOCO,OFAT,Thickness_mean,,,,34,34,21,OFAT,1.2375,5.786694049835205
loocv_ref,OFAT|LOCO,,XGBoost,49,LOCO,OFAT,Thickness_mean,,,,35,35,22,OFAT,2.0275,5.613258361816406
loocv_ref,OFAT|LOCO,,XGBoost,49,LOCO,OFAT,Thickness_mean,,,,36,36,23,OFAT,3.535,5.155955791473389
loocv_ref,OFAT|LOCO,,XGBoost,49,LOCO,OFAT,Thickness_mean,,,,37,37,20,OFAT,8.6425,7.015983581542969
loocv_ref,OFAT|LOCO,,XGBoost,49,LOCO,OFAT,Thickness_mean,,,,38,38,19,OFAT,12.75,14.341060638427734
loocv_ref,OFAT|LOCO,,XGBoost,49,LOCO,OFAT,Thickness_mean,,,,39,39,18,OFAT,16.965,13.383362770080566
loocv_ref,OFAT|LOCO,,XGBoost,49,LOCO,OFAT,Thickness_mean,,,,40,40,19,OFAT,19.6525,14.341060638427734
loocv_ref,OFAT|LOCO,,XGBoost,49,LOCO,OFAT,Thickness_mean,,,,41,41,19,OFAT,9.2675,14.341060638427734
loocv_ref,OFAT|LOCO,,XGBoost,50,LOCO,OFAT,Thickness_mean,,,,0,0,0,OFAT,36.34,18.562707901000977
loocv_ref,OFAT|LOCO,,XGBoost,50,LOCO,OFAT,Thickness_mean,,,,1,1,1,OFAT,19.9225,26.546560287475586
loocv_ref,OFAT|LOCO,,XGBoost,50,LOCO,OFAT,Thickness_mean,,,,2,2,2,OFAT,25.6625,21.6517276763916
loocv_ref,OFAT|LOCO,,XGBoost,50,LOCO,OFAT,Thickness_mean,,,,3,3,3,OFAT,20.2075,16.172704696655273
loocv_ref,OFAT|LOCO,,XGBoost,50,LOCO,OFAT,Thickness_mean,,,,4,4,4,OFAT,15.345,14.243546485900879
loocv_ref,OFAT|LOCO,,XGBoost,50,LOCO,OFAT,Thickness_mean,,,,5,5,5,OFAT,14.265,14.245877265930176
loocv_ref,OFAT|LOCO,,XGBoost,50,LOCO,OFAT,Thickness_mean,,,,6,6,6,OFAT,12.9225,17.56359100341797
loocv_ref,OFAT|LOCO,,XGBoost,50,LOCO,OFAT,Thickness_mean,,,,7,7,7,OFAT,13.2775,15.21960735321045
loocv_ref,OFAT|LOCO,,XGBoost,50,LOCO,OFAT,Thickness_mean,,,,8,8,8,OFAT,15.329999999999998,20.02043342590332
loocv_ref,OFAT|LOCO,,XGBoost,50,LOCO,OFAT,Thickness_mean,,,,9,9,9,OFAT,7.855,9.385350227355957
loocv_ref,OFAT|LOCO,,XGBoost,50,LOCO,OFAT,Thickness_mean,,,,10,10,10,OFAT,2.8075,7.598908424377441
loocv_ref,OFAT|LOCO,,XGBoost,50,LOCO,OFAT,Thickness_mean,,,,11,11,11,OFAT,7.7875,9.719857215881348
loocv_ref,OFAT|LOCO,,XGBoost,50,LOCO,OFAT,Thickness_mean,,,,12,12,11,OFAT,9.105,9.719857215881348
loocv_ref,OFAT|LOCO,,XGBoost,50,LOCO,OFAT,Thickness_mean,,,,13,13,12,OFAT,7.734999999999999,8.872103691101074
loocv_ref,OFAT|LOCO,,XGBoost,50,LOCO,OFAT,Thickness_mean,,,,14,14,10,OFAT,6.8225,7.598908424377441
loocv_ref,OFAT|LOCO,,XGBoost,50,LOCO,OFAT,Thickness_mean,,,,15,15,10,OFAT,14.995,7.598908424377441
loocv_ref,OFAT|LOCO,,XGBoost,50,LOCO,OFAT,Thickness_mean,,,,16,16,13,OFAT,14.025,13.61245059967041
loocv_ref,OFAT|LOCO,,XGBoost,50,LOCO,OFAT,Thickness_mean,,,,17,17,10,OFAT,9.0475,7.598908424377441
loocv_ref,OFAT|LOCO,,XGBoost,50,LOCO,OFAT,Thickness_mean,,,,18,18,14,OFAT,22.225,17.732303619384766
loocv_ref,OFAT|LOCO,,XGBoost,50,LOCO,OFAT,Thickness_mean,,,,19,19,14,OFAT,25.935,17.732303619384766
loocv_ref,OFAT|LOCO,,XGBoost,50,LOCO,OFAT,Thickness_mean,,,,20,20,15,OFAT,7.03,3.7668216228485107
loocv_ref,OFAT|LOCO,,XGBoost,50,LOCO,OFAT,Thickness_mean,,,,21,21,16,OFAT,13.5325,8.42208480834961
loocv_ref,OFAT|LOCO,,XGBoost,50,LOCO,OFAT,Thickness_mean,,,,22,22,14,OFAT,25.29,17.732303619384766
loocv_ref,OFAT|LOCO,,XGBoost,50,LOCO,OFAT,Thickness_mean,,,,23,23,14,OFAT,21.965,17.732303619384766
loocv_ref,OFAT|LOCO,,XGBoost,50,LOCO,OFAT,Thickness_mean,,,,24,24,14,OFAT,23.082500000000003,17.732303619384766
loocv_ref,OFAT|LOCO,,XGBoost,50,LOCO,OFAT,Thickness_mean,,,,25,25,14,OFAT,21.262500000000003,17.732303619384766
loocv_ref,OFAT|LOCO,,XGBoost,50,LOCO,OFAT,Thickness_mean,,,,26,26,17,OFAT,17.8275,15.865589141845703
loocv_ref,OFAT|LOCO,,XGBoost,50,LOCO,OFAT,Thickness_mean,,,,27,27,17,OFAT,17.345,15.865589141845703
loocv_ref,OFAT|LOCO,,XGBoost,50,LOCO,OFAT,Thickness_mean,,,,28,28,17,OFAT,24.4925,15.865589141845703
loocv_ref,OFAT|LOCO,,XGBoost,50,LOCO,OFAT,Thickness_mean,,,,29,29,17,OFAT,17.695,15.865589141845703
loocv_ref,OFAT|LOCO,,XGBoost,50,LOCO,OFAT,Thickness_mean,,,,30,30,17,OFAT,16.814999999999998,15.865589141845703
loocv_ref,OFAT|LOCO,,XGBoost,50,LOCO,OFAT,Thickness_mean,,,,31,31,18,OFAT,14.9425,12.932238578796387
loocv_ref,OFAT|LOCO,,XGBoost,50,LOCO,OFAT,Thickness_mean,,,,32,32,19,OFAT,9.9625,14.356783866882324
loocv_ref,OFAT|LOCO,,XGBoost,50,LOCO,OFAT,Thickness_mean,,,,33,33,20,OFAT,4.855,7.140502452850342
loocv_ref,OFAT|LOCO,,XGBoost,50,LOCO,OFAT,Thickness_mean,,,,34,34,21,OFAT,1.2375,3.972417116165161
loocv_ref,OFAT|LOCO,,XGBoost,50,LOCO,OFAT,Thickness_mean,,,,35,35,22,OFAT,2.0275,3.636435031890869
loocv_ref,OFAT|LOCO,,XGBoost,50,LOCO,OFAT,Thickness_mean,,,,36,36,23,OFAT,3.535,3.080871105194092
loocv_ref,OFAT|LOCO,,XGBoost,50,LOCO,OFAT,Thickness_mean,,,,37,37,20,OFAT,8.6425,7.140502452850342
loocv_ref,OFAT|LOCO,,XGBoost,50,LOCO,OFAT,Thickness_mean,,,,38,38,19,OFAT,12.75,14.356783866882324
loocv_ref,OFAT|LOCO,,XGBoost,50,LOCO,OFAT,Thickness_mean,,,,39,39,18,OFAT,16.965,12.932238578796387
loocv_ref,OFAT|LOCO,,XGBoost,50,LOCO,OFAT,Thickness_mean,,,,40,40,19,OFAT,19.6525,14.356783866882324
loocv_ref,OFAT|LOCO,,XGBoost,50,LOCO,OFAT,Thickness_mean,,,,41,41,19,OFAT,9.2675,14.356783866882324
loocv_ref,OFAT|LOCO,,XGBoost,51,LOCO,OFAT,Thickness_mean,,,,0,0,0,OFAT,36.34,18.677156448364258
loocv_ref,OFAT|LOCO,,XGBoost,51,LOCO,OFAT,Thickness_mean,,,,1,1,1,OFAT,19.9225,28.143991470336914
loocv_ref,OFAT|LOCO,,XGBoost,51,LOCO,OFAT,Thickness_mean,,,,2,2,2,OFAT,25.6625,23.24262046813965
loocv_ref,OFAT|LOCO,,XGBoost,51,LOCO,OFAT,Thickness_mean,,,,3,3,3,OFAT,20.2075,18.21501922607422
loocv_ref,OFAT|LOCO,,XGBoost,51,LOCO,OFAT,Thickness_mean,,,,4,4,4,OFAT,15.345,14.449972152709961
loocv_ref,OFAT|LOCO,,XGBoost,51,LOCO,OFAT,Thickness_mean,,,,5,5,5,OFAT,14.265,14.529058456420898
loocv_ref,OFAT|LOCO,,XGBoost,51,LOCO,OFAT,Thickness_mean,,,,6,6,6,OFAT,12.9225,18.863073348999023
loocv_ref,OFAT|LOCO,,XGBoost,51,LOCO,OFAT,Thickness_mean,,,,7,7,7,OFAT,13.2775,16.70029640197754
loocv_ref,OFAT|LOCO,,XGBoost,51,LOCO,OFAT,Thickness_mean,,,,8,8,8,OFAT,15.329999999999998,20.226953506469727
loocv_ref,OFAT|LOCO,,XGBoost,51,LOCO,OFAT,Thickness_mean,,,,9,9,9,OFAT,7.855,10.141799926757812
loocv_ref,OFAT|LOCO,,XGBoost,51,LOCO,OFAT,Thickness_mean,,,,10,10,10,OFAT,2.8075,8.314103126525879
loocv_ref,OFAT|LOCO,,XGBoost,51,LOCO,OFAT,Thickness_mean,,,,11,11,11,OFAT,7.7875,11.473906517028809
loocv_ref,OFAT|LOCO,,XGBoost,51,LOCO,OFAT,Thickness_mean,,,,12,12,11,OFAT,9.105,11.473906517028809
loocv_ref,OFAT|LOCO,,XGBoost,51,LOCO,OFAT,Thickness_mean,,,,13,13,12,OFAT,7.734999999999999,8.472433090209961
loocv_ref,OFAT|LOCO,,XGBoost,51,LOCO,OFAT,Thickness_mean,,,,14,14,10,OFAT,6.8225,8.314103126525879
loocv_ref,OFAT|LOCO,,XGBoost,51,LOCO,OFAT,Thickness_mean,,,,15,15,10,OFAT,14.995,8.314103126525879
loocv_ref,OFAT|LOCO,,XGBoost,51,LOCO,OFAT,Thickness_mean,,,,16,16,13,OFAT,14.025,13.421810150146484
loocv_ref,OFAT|LOCO,,XGBoost,51,LOCO,OFAT,Thickness_mean,,,,17,17,10,OFAT,9.0475,8.314103126525879
loocv_ref,OFAT|LOCO,,XGBoost,51,LOCO,OFAT,Thickness_mean,,,,18,18,14,OFAT,22.225,18.085691452026367
loocv_ref,OFAT|LOCO,,XGBoost,51,LOCO,OFAT,Thickness_mean,,,,19,19,14,OFAT,25.935,18.085691452026367
loocv_ref,OFAT|LOCO,,XGBoost,51,LOCO,OFAT,Thickness_mean,,,,20,20,15,OFAT,7.03,3.8666162490844727
loocv_ref,OFAT|LOCO,,XGBoost,51,LOCO,OFAT,Thickness_mean,,,,21,21,16,OFAT,13.5325,8.31208610534668
loocv_ref,OFAT|LOCO,,XGBoost,51,LOCO,OFAT,Thickness_mean,,,,22,22,14,OFAT,25.29,18.085691452026367
loocv_ref,OFAT|LOCO,,XGBoost,51,LOCO,OFAT,Thickness_mean,,,,23,23,14,OFAT,21.965,18.085691452026367
loocv_ref,OFAT|LOCO,,XGBoost,51,LOCO,OFAT,Thickness_mean,,,,24,24,14,OFAT,23.082500000000003,18.085691452026367
loocv_ref,OFAT|LOCO,,XGBoost,51,LOCO,OFAT,Thickness_mean,,,,25,25,14,OFAT,21.262500000000003,18.085691452026367
loocv_ref,OFAT|LOCO,,XGBoost,51,LOCO,OFAT,Thickness_mean,,,,26,26,17,OFAT,17.8275,15.556509971618652
loocv_ref,OFAT|LOCO,,XGBoost,51,LOCO,OFAT,Thickness_mean,,,,27,27,17,OFAT,17.345,15.556509971618652
loocv_ref,OFAT|LOCO,,XGBoost,51,LOCO,OFAT,Thickness_mean,,,,28,28,17,OFAT,24.4925,15.556509971618652
loocv_ref,OFAT|LOCO,,XGBoost,51,LOCO,OFAT,Thickness_mean,,,,29,29,17,OFAT,17.695,15.556509971618652
loocv_ref,OFAT|LOCO,,XGBoost,51,LOCO,OFAT,Thickness_mean,,,,30,30,17,OFAT,16.814999999999998,15.556509971618652
loocv_ref,OFAT|LOCO,,XGBoost,51,LOCO,OFAT,Thickness_mean,,,,31,31,18,OFAT,14.9425,13.01873779296875
loocv_ref,OFAT|LOCO,,XGBoost,51,LOCO,OFAT,Thickness_mean,,,,32,32,19,OFAT,9.9625,14.228337287902832
loocv_ref,OFAT|LOCO,,XGBoost,51,LOCO,OFAT,Thickness_mean,,,,33,33,20,OFAT,4.855,7.077752590179443
loocv_ref,OFAT|LOCO,,XGBoost,51,LOCO,OFAT,Thickness_mean,,,,34,34,21,OFAT,1.2375,5.473343372344971
loocv_ref,OFAT|LOCO,,XGBoost,51,LOCO,OFAT,Thickness_mean,,,,35,35,22,OFAT,2.0275,5.22157621383667
loocv_ref,OFAT|LOCO,,XGBoost,51,LOCO,OFAT,Thickness_mean,,,,36,36,23,OFAT,3.535,4.813131332397461
loocv_ref,OFAT|LOCO,,XGBoost,51,LOCO,OFAT,Thickness_mean,,,,37,37,20,OFAT,8.6425,7.077752590179443
loocv_ref,OFAT|LOCO,,XGBoost,51,LOCO,OFAT,Thickness_mean,,,,38,38,19,OFAT,12.75,14.228337287902832
loocv_ref,OFAT|LOCO,,XGBoost,51,LOCO,OFAT,Thickness_mean,,,,39,39,18,OFAT,16.965,13.01873779296875
loocv_ref,OFAT|LOCO,,XGBoost,51,LOCO,OFAT,Thickness_mean,,,,40,40,19,OFAT,19.6525,14.228337287902832
loocv_ref,OFAT|LOCO,,XGBoost,51,LOCO,OFAT,Thickness_mean,,,,41,41,19,OFAT,9.2675,14.228337287902832
loocv_ref,OFAT|LOCO,,GPR,42,LOCO,OFAT,Thickness_mean,,,,0,0,0,OFAT,36.34,18.417067921929277
loocv_ref,OFAT|LOCO,,GPR,42,LOCO,OFAT,Thickness_mean,,,,1,1,1,OFAT,19.9225,31.014959560662618
loocv_ref,OFAT|LOCO,,GPR,42,LOCO,OFAT,Thickness_mean,,,,2,2,2,OFAT,25.6625,20.53061514832001
loocv_ref,OFAT|LOCO,,GPR,42,LOCO,OFAT,Thickness_mean,,,,3,3,3,OFAT,20.2075,17.571613953113754
loocv_ref,OFAT|LOCO,,GPR,42,LOCO,OFAT,Thickness_mean,,,,4,4,4,OFAT,15.345,16.844199543842336
loocv_ref,OFAT|LOCO,,GPR,42,LOCO,OFAT,Thickness_mean,,,,5,5,5,OFAT,14.265,15.649632564402822
loocv_ref,OFAT|LOCO,,GPR,42,LOCO,OFAT,Thickness_mean,,,,6,6,6,OFAT,12.9225,32.860046879832794
loocv_ref,OFAT|LOCO,,GPR,42,LOCO,OFAT,Thickness_mean,,,,7,7,7,OFAT,13.2775,19.227856931729395
loocv_ref,OFAT|LOCO,,GPR,42,LOCO,OFAT,Thickness_mean,,,,8,8,8,OFAT,15.329999999999998,14.29035136246538
loocv_ref,OFAT|LOCO,,GPR,42,LOCO,OFAT,Thickness_mean,,,,9,9,9,OFAT,7.855,31.851585446676683
loocv_ref,OFAT|LOCO,,GPR,42,LOCO,OFAT,Thickness_mean,,,,10,10,10,OFAT,2.8075,10.113391812235278
loocv_ref,OFAT|LOCO,,GPR,42,LOCO,OFAT,Thickness_mean,,,,11,11,11,OFAT,7.7875,9.108808416905605
loocv_ref,OFAT|LOCO,,GPR,42,LOCO,OFAT,Thickness_mean,,,,12,12,11,OFAT,9.105,9.108808416905605
loocv_ref,OFAT|LOCO,,GPR,42,LOCO,OFAT,Thickness_mean,,,,13,13,12,OFAT,7.734999999999999,8.976541853712778
loocv_ref,OFAT|LOCO,,GPR,42,LOCO,OFAT,Thickness_mean,,,,14,14,10,OFAT,6.8225,10.113391812235278
loocv_ref,OFAT|LOCO,,GPR,42,LOCO,OFAT,Thickness_mean,,,,15,15,10,OFAT,14.995,10.113391812235278
loocv_ref,OFAT|LOCO,,GPR,42,LOCO,OFAT,Thickness_mean,,,,16,16,13,OFAT,14.025,10.800472816668552
loocv_ref,OFAT|LOCO,,GPR,42,LOCO,OFAT,Thickness_mean,,,,17,17,10,OFAT,9.0475,10.113391812235278
loocv_ref,OFAT|LOCO,,GPR,42,LOCO,OFAT,Thickness_mean,,,,18,18,14,OFAT,22.225,19.411860351813743
loocv_ref,OFAT|LOCO,,GPR,42,LOCO,OFAT,Thickness_mean,,,,19,19,14,OFAT,25.935,19.411860351813743
loocv_ref,OFAT|LOCO,,GPR,42,LOCO,OFAT,Thickness_mean,,,,20,20,15,OFAT,7.03,6.045778873946274
loocv_ref,OFAT|LOCO,,GPR,42,LOCO,OFAT,Thickness_mean,,,,21,21,16,OFAT,13.5325,10.426522776643118
loocv_ref,OFAT|LOCO,,GPR,42,LOCO,OFAT,Thickness_mean,,,,22,22,14,OFAT,25.29,19.411860351813743
loocv_ref,OFAT|LOCO,,GPR,42,LOCO,OFAT,Thickness_mean,,,,23,23,14,OFAT,21.965,19.411860351813743
loocv_ref,OFAT|LOCO,,GPR,42,LOCO,OFAT,Thickness_mean,,,,24,24,14,OFAT,23.082500000000003,19.411860351813775
loocv_ref,OFAT|LOCO,,GPR,42,LOCO,OFAT,Thickness_mean,,,,25,25,14,OFAT,21.262500000000003,19.411860351813775
loocv_ref,OFAT|LOCO,,GPR,42,LOCO,OFAT,Thickness_mean,,,,26,26,17,OFAT,17.8275,19.29858072938206
loocv_ref,OFAT|LOCO,,GPR,42,LOCO,OFAT,Thickness_mean,,,,27,27,17,OFAT,17.345,19.29858072938206
loocv_ref,OFAT|LOCO,,GPR,42,LOCO,OFAT,Thickness_mean,,,,28,28,17,OFAT,24.4925,19.29858072938206
loocv_ref,OFAT|LOCO,,GPR,42,LOCO,OFAT,Thickness_mean,,,,29,29,17,OFAT,17.695,19.29858072938206
loocv_ref,OFAT|LOCO,,GPR,42,LOCO,OFAT,Thickness_mean,,,,30,30,17,OFAT,16.814999999999998,19.29858072938205
loocv_ref,OFAT|LOCO,,GPR,42,LOCO,OFAT,Thickness_mean,,,,31,31,18,OFAT,14.9425,18.196657150344233
loocv_ref,OFAT|LOCO,,GPR,42,LOCO,OFAT,Thickness_mean,,,,32,32,19,OFAT,9.9625,11.645990536123552
loocv_ref,OFAT|LOCO,,GPR,42,LOCO,OFAT,Thickness_mean,,,,33,33,20,OFAT,4.855,6.207945753330437
loocv_ref,OFAT|LOCO,,GPR,42,LOCO,OFAT,Thickness_mean,,,,34,34,21,OFAT,1.2375,3.07672305473492
loocv_ref,OFAT|LOCO,,GPR,42,LOCO,OFAT,Thickness_mean,,,,35,35,22,OFAT,2.0275,3.482354646638491
loocv_ref,OFAT|LOCO,,GPR,42,LOCO,OFAT,Thickness_mean,,,,36,36,23,OFAT,3.535,4.715961842082976
loocv_ref,OFAT|LOCO,,GPR,42,LOCO,OFAT,Thickness_mean,,,,37,37,20,OFAT,8.6425,6.207945753330437
loocv_ref,OFAT|LOCO,,GPR,42,LOCO,OFAT,Thickness_mean,,,,38,38,19,OFAT,12.75,11.645990536123552
loocv_ref,OFAT|LOCO,,GPR,42,LOCO,OFAT,Thickness_mean,,,,39,39,18,OFAT,16.965,18.196657150344233
loocv_ref,OFAT|LOCO,,GPR,42,LOCO,OFAT,Thickness_mean,,,,40,40,19,OFAT,19.6525,11.645990536123552
loocv_ref,OFAT|LOCO,,GPR,42,LOCO,OFAT,Thickness_mean,,,,41,41,19,OFAT,9.2675,11.645990536123552
loocv_ref,OFAT|LOCO,,GPR,43,LOCO,OFAT,Thickness_mean,,,,0,0,0,OFAT,36.34,18.417066565792517
loocv_ref,OFAT|LOCO,,GPR,43,LOCO,OFAT,Thickness_mean,,,,1,1,1,OFAT,19.9225,31.014974345016398
loocv_ref,OFAT|LOCO,,GPR,43,LOCO,OFAT,Thickness_mean,,,,2,2,2,OFAT,25.6625,20.530597085385615
loocv_ref,OFAT|LOCO,,GPR,43,LOCO,OFAT,Thickness_mean,,,,3,3,3,OFAT,20.2075,17.57161246967853
loocv_ref,OFAT|LOCO,,GPR,43,LOCO,OFAT,Thickness_mean,,,,4,4,4,OFAT,15.345,16.844198818031746
loocv_ref,OFAT|LOCO,,GPR,43,LOCO,OFAT,Thickness_mean,,,,5,5,5,OFAT,14.265,15.649655746905749
loocv_ref,OFAT|LOCO,,GPR,43,LOCO,OFAT,Thickness_mean,,,,6,6,6,OFAT,12.9225,32.8598980640721
loocv_ref,OFAT|LOCO,,GPR,43,LOCO,OFAT,Thickness_mean,,,,7,7,7,OFAT,13.2775,19.227863146448982
loocv_ref,OFAT|LOCO,,GPR,43,LOCO,OFAT,Thickness_mean,,,,8,8,8,OFAT,15.329999999999998,14.290382767383111
loocv_ref,OFAT|LOCO,,GPR,43,LOCO,OFAT,Thickness_mean,,,,9,9,9,OFAT,7.855,31.85160082750185
loocv_ref,OFAT|LOCO,,GPR,43,LOCO,OFAT,Thickness_mean,,,,10,10,10,OFAT,2.8075,10.113391197690632
loocv_ref,OFAT|LOCO,,GPR,43,LOCO,OFAT,Thickness_mean,,,,11,11,11,OFAT,7.7875,9.10880994719301
loocv_ref,OFAT|LOCO,,GPR,43,LOCO,OFAT,Thickness_mean,,,,12,12,11,OFAT,9.105,9.10880994719301
loocv_ref,OFAT|LOCO,,GPR,43,LOCO,OFAT,Thickness_mean,,,,13,13,12,OFAT,7.734999999999999,8.97653468979382
loocv_ref,OFAT|LOCO,,GPR,43,LOCO,OFAT,Thickness_mean,,,,14,14,10,OFAT,6.8225,10.113391197690632
loocv_ref,OFAT|LOCO,,GPR,43,LOCO,OFAT,Thickness_mean,,,,15,15,10,OFAT,14.995,10.113391197690632
loocv_ref,OFAT|LOCO,,GPR,43,LOCO,OFAT,Thickness_mean,,,,16,16,13,OFAT,14.025,10.800470104568644
loocv_ref,OFAT|LOCO,,GPR,43,LOCO,OFAT,Thickness_mean,,,,17,17,10,OFAT,9.0475,10.113391197690632
loocv_ref,OFAT|LOCO,,GPR,43,LOCO,OFAT,Thickness_mean,,,,18,18,14,OFAT,22.225,19.41186236516255
loocv_ref,OFAT|LOCO,,GPR,43,LOCO,OFAT,Thickness_mean,,,,19,19,14,OFAT,25.935,19.41186236516255
loocv_ref,OFAT|LOCO,,GPR,43,LOCO,OFAT,Thickness_mean,,,,20,20,15,OFAT,7.03,6.045776062561556
loocv_ref,OFAT|LOCO,,GPR,43,LOCO,OFAT,Thickness_mean,,,,21,21,16,OFAT,13.5325,10.426521830642388
loocv_ref,OFAT|LOCO,,GPR,43,LOCO,OFAT,Thickness_mean,,,,22,22,14,OFAT,25.29,19.41186236516255
loocv_ref,OFAT|LOCO,,GPR,43,LOCO,OFAT,Thickness_mean,,,,23,23,14,OFAT,21.965,19.41186236516255
loocv_ref,OFAT|LOCO,,GPR,43,LOCO,OFAT,Thickness_mean,,,,24,24,14,OFAT,23.082500000000003,19.41186236516254
loocv_ref,OFAT|LOCO,,GPR,43,LOCO,OFAT,Thickness_mean,,,,25,25,14,OFAT,21.262500000000003,19.41186236516254
loocv_ref,OFAT|LOCO,,GPR,43,LOCO,OFAT,Thickness_mean,,,,26,26,17,OFAT,17.8275,19.298582663174187
loocv_ref,OFAT|LOCO,,GPR,43,LOCO,OFAT,Thickness_mean,,,,27,27,17,OFAT,17.345,19.298582663174187
loocv_ref,OFAT|LOCO,,GPR,43,LOCO,OFAT,Thickness_mean,,,,28,28,17,OFAT,24.4925,19.298582663174187
loocv_ref,OFAT|LOCO,,GPR,43,LOCO,OFAT,Thickness_mean,,,,29,29,17,OFAT,17.695,19.298582663174187
loocv_ref,OFAT|LOCO,,GPR,43,LOCO,OFAT,Thickness_mean,,,,30,30,17,OFAT,16.814999999999998,19.29858266317416
loocv_ref,OFAT|LOCO,,GPR,43,LOCO,OFAT,Thickness_mean,,,,31,31,18,OFAT,14.9425,18.19665323991513
loocv_ref,OFAT|LOCO,,GPR,43,LOCO,OFAT,Thickness_mean,,,,32,32,19,OFAT,9.9625,11.64599186958742
loocv_ref,OFAT|LOCO,,GPR,43,LOCO,OFAT,Thickness_mean,,,,33,33,20,OFAT,4.855,6.207943276318725
loocv_ref,OFAT|LOCO,,GPR,43,LOCO,OFAT,Thickness_mean,,,,34,34,21,OFAT,1.2375,3.076719805438408
loocv_ref,OFAT|LOCO,,GPR,43,LOCO,OFAT,Thickness_mean,,,,35,35,22,OFAT,2.0275,3.4823567348389677
loocv_ref,OFAT|LOCO,,GPR,43,LOCO,OFAT,Thickness_mean,,,,36,36,23,OFAT,3.535,4.715960425967662
loocv_ref,OFAT|LOCO,,GPR,43,LOCO,OFAT,Thickness_mean,,,,37,37,20,OFAT,8.6425,6.207943276318725
loocv_ref,OFAT|LOCO,,GPR,43,LOCO,OFAT,Thickness_mean,,,,38,38,19,OFAT,12.75,11.64599186958742
loocv_ref,OFAT|LOCO,,GPR,43,LOCO,OFAT,Thickness_mean,,,,39,39,18,OFAT,16.965,18.19665323991513
loocv_ref,OFAT|LOCO,,GPR,43,LOCO,OFAT,Thickness_mean,,,,40,40,19,OFAT,19.6525,11.64599186958742
loocv_ref,OFAT|LOCO,,GPR,43,LOCO,OFAT,Thickness_mean,,,,41,41,19,OFAT,9.2675,11.64599186958742
loocv_ref,OFAT|LOCO,,GPR,44,LOCO,OFAT,Thickness_mean,,,,0,0,0,OFAT,36.34,18.417033124449087
loocv_ref,OFAT|LOCO,,GPR,44,LOCO,OFAT,Thickness_mean,,,,1,1,1,OFAT,19.9225,31.014975623333065
loocv_ref,OFAT|LOCO,,GPR,44,LOCO,OFAT,Thickness_mean,,,,2,2,2,OFAT,25.6625,20.5305994920608
loocv_ref,OFAT|LOCO,,GPR,44,LOCO,OFAT,Thickness_mean,,,,3,3,3,OFAT,20.2075,17.571610972232914
loocv_ref,OFAT|LOCO,,GPR,44,LOCO,OFAT,Thickness_mean,,,,4,4,4,OFAT,15.345,16.84418720874564
loocv_ref,OFAT|LOCO,,GPR,44,LOCO,OFAT,Thickness_mean,,,,5,5,5,OFAT,14.265,15.649661060494116
loocv_ref,OFAT|LOCO,,GPR,44,LOCO,OFAT,Thickness_mean,,,,6,6,6,OFAT,12.9225,32.86031846632266
loocv_ref,OFAT|LOCO,,GPR,44,LOCO,OFAT,Thickness_mean,,,,7,7,7,OFAT,13.2775,19.22786243088929
loocv_ref,OFAT|LOCO,,GPR,44,LOCO,OFAT,Thickness_mean,,,,8,8,8,OFAT,15.329999999999998,14.290432877041239
loocv_ref,OFAT|LOCO,,GPR,44,LOCO,OFAT,Thickness_mean,,,,9,9,9,OFAT,7.855,31.85160435973317
loocv_ref,OFAT|LOCO,,GPR,44,LOCO,OFAT,Thickness_mean,,,,10,10,10,OFAT,2.8075,10.113392123997585
loocv_ref,OFAT|LOCO,,GPR,44,LOCO,OFAT,Thickness_mean,,,,11,11,11,OFAT,7.7875,9.108811366161074
loocv_ref,OFAT|LOCO,,GPR,44,LOCO,OFAT,Thickness_mean,,,,12,12,11,OFAT,9.105,9.108811366161074
loocv_ref,OFAT|LOCO,,GPR,44,LOCO,OFAT,Thickness_mean,,,,13,13,12,OFAT,7.734999999999999,8.976534217382843
loocv_ref,OFAT|LOCO,,GPR,44,LOCO,OFAT,Thickness_mean,,,,14,14,10,OFAT,6.8225,10.113392123997585
loocv_ref,OFAT|LOCO,,GPR,44,LOCO,OFAT,Thickness_mean,,,,15,15,10,OFAT,14.995,10.113392123997585
loocv_ref,OFAT|LOCO,,GPR,44,LOCO,OFAT,Thickness_mean,,,,16,16,13,OFAT,14.025,10.800470848047034
loocv_ref,OFAT|LOCO,,GPR,44,LOCO,OFAT,Thickness_mean,,,,17,17,10,OFAT,9.0475,10.113392123997585
loocv_ref,OFAT|LOCO,,GPR,44,LOCO,OFAT,Thickness_mean,,,,18,18,14,OFAT,22.225,19.41186063005504
loocv_ref,OFAT|LOCO,,GPR,44,LOCO,OFAT,Thickness_mean,,,,19,19,14,OFAT,25.935,19.41186063005504
loocv_ref,OFAT|LOCO,,GPR,44,LOCO,OFAT,Thickness_mean,,,,20,20,15,OFAT,7.03,6.04577566036291
loocv_ref,OFAT|LOCO,,GPR,44,LOCO,OFAT,Thickness_mean,,,,21,21,16,OFAT,13.5325,10.42652308784861
loocv_ref,OFAT|LOCO,,GPR,44,LOCO,OFAT,Thickness_mean,,,,22,22,14,OFAT,25.29,19.41186063005504
loocv_ref,OFAT|LOCO,,GPR,44,LOCO,OFAT,Thickness_mean,,,,23,23,14,OFAT,21.965,19.41186063005504
loocv_ref,OFAT|LOCO,,GPR,44,LOCO,OFAT,Thickness_mean,,,,24,24,14,OFAT,23.082500000000003,19.41186063005504
loocv_ref,OFAT|LOCO,,GPR,44,LOCO,OFAT,Thickness_mean,,,,25,25,14,OFAT,21.262500000000003,19.41186063005504
loocv_ref,OFAT|LOCO,,GPR,44,LOCO,OFAT,Thickness_mean,,,,26,26,17,OFAT,17.8275,19.298581425394538
loocv_ref,OFAT|LOCO,,GPR,44,LOCO,OFAT,Thickness_mean,,,,27,27,17,OFAT,17.345,19.298581425394538
loocv_ref,OFAT|LOCO,,GPR,44,LOCO,OFAT,Thickness_mean,,,,28,28,17,OFAT,24.4925,19.298581425394538
loocv_ref,OFAT|LOCO,,GPR,44,LOCO,OFAT,Thickness_mean,,,,29,29,17,OFAT,17.695,19.298581425394538
loocv_ref,OFAT|LOCO,,GPR,44,LOCO,OFAT,Thickness_mean,,,,30,30,17,OFAT,16.814999999999998,19.298581425394538
loocv_ref,OFAT|LOCO,,GPR,44,LOCO,OFAT,Thickness_mean,,,,31,31,18,OFAT,14.9425,18.196651178794973
loocv_ref,OFAT|LOCO,,GPR,44,LOCO,OFAT,Thickness_mean,,,,32,32,19,OFAT,9.9625,11.64599033475207
loocv_ref,OFAT|LOCO,,GPR,44,LOCO,OFAT,Thickness_mean,,,,33,33,20,OFAT,4.855,6.207945580048445
loocv_ref,OFAT|LOCO,,GPR,44,LOCO,OFAT,Thickness_mean,,,,34,34,21,OFAT,1.2375,3.0767186655394667
loocv_ref,OFAT|LOCO,,GPR,44,LOCO,OFAT,Thickness_mean,,,,35,35,22,OFAT,2.0275,3.482357296827603
loocv_ref,OFAT|LOCO,,GPR,44,LOCO,OFAT,Thickness_mean,,,,36,36,23,OFAT,3.535,4.7159615884123145
loocv_ref,OFAT|LOCO,,GPR,44,LOCO,OFAT,Thickness_mean,,,,37,37,20,OFAT,8.6425,6.207945580048445
loocv_ref,OFAT|LOCO,,GPR,44,LOCO,OFAT,Thickness_mean,,,,38,38,19,OFAT,12.75,11.64599033475207
loocv_ref,OFAT|LOCO,,GPR,44,LOCO,OFAT,Thickness_mean,,,,39,39,18,OFAT,16.965,18.196651178794973
loocv_ref,OFAT|LOCO,,GPR,44,LOCO,OFAT,Thickness_mean,,,,40,40,19,OFAT,19.6525,11.64599033475207
loocv_ref,OFAT|LOCO,,GPR,44,LOCO,OFAT,Thickness_mean,,,,41,41,19,OFAT,9.2675,11.64599033475207
loocv_ref,OFAT|LOCO,,GPR,45,LOCO,OFAT,Thickness_mean,,,,0,0,0,OFAT,36.34,18.41702584635847
loocv_ref,OFAT|LOCO,,GPR,45,LOCO,OFAT,Thickness_mean,,,,1,1,1,OFAT,19.9225,31.014977756129568
loocv_ref,OFAT|LOCO,,GPR,45,LOCO,OFAT,Thickness_mean,,,,2,2,2,OFAT,25.6625,20.53058916422882
loocv_ref,OFAT|LOCO,,GPR,45,LOCO,OFAT,Thickness_mean,,,,3,3,3,OFAT,20.2075,17.57162255663615
loocv_ref,OFAT|LOCO,,GPR,45,LOCO,OFAT,Thickness_mean,,,,4,4,4,OFAT,15.345,16.84418714760547
loocv_ref,OFAT|LOCO,,GPR,45,LOCO,OFAT,Thickness_mean,,,,5,5,5,OFAT,14.265,15.649647355154796
loocv_ref,OFAT|LOCO,,GPR,45,LOCO,OFAT,Thickness_mean,,,,6,6,6,OFAT,12.9225,32.860020225099184
loocv_ref,OFAT|LOCO,,GPR,45,LOCO,OFAT,Thickness_mean,,,,7,7,7,OFAT,13.2775,19.22786171677771
loocv_ref,OFAT|LOCO,,GPR,45,LOCO,OFAT,Thickness_mean,,,,8,8,8,OFAT,15.329999999999998,14.290424860177298
loocv_ref,OFAT|LOCO,,GPR,45,LOCO,OFAT,Thickness_mean,,,,9,9,9,OFAT,7.855,31.85159020072561
loocv_ref,OFAT|LOCO,,GPR,45,LOCO,OFAT,Thickness_mean,,,,10,10,10,OFAT,2.8075,10.113392102598972
loocv_ref,OFAT|LOCO,,GPR,45,LOCO,OFAT,Thickness_mean,,,,11,11,11,OFAT,7.7875,9.10881038091992
loocv_ref,OFAT|LOCO,,GPR,45,LOCO,OFAT,Thickness_mean,,,,12,12,11,OFAT,9.105,9.10881038091992
loocv_ref,OFAT|LOCO,,GPR,45,LOCO,OFAT,Thickness_mean,,,,13,13,12,OFAT,7.734999999999999,8.976527075285357
loocv_ref,OFAT|LOCO,,GPR,45,LOCO,OFAT,Thickness_mean,,,,14,14,10,OFAT,6.8225,10.113392102598972
loocv_ref,OFAT|LOCO,,GPR,45,LOCO,OFAT,Thickness_mean,,,,15,15,10,OFAT,14.995,10.113392102598972
loocv_ref,OFAT|LOCO,,GPR,45,LOCO,OFAT,Thickness_mean,,,,16,16,13,OFAT,14.025,10.800470092327776
loocv_ref,OFAT|LOCO,,GPR,45,LOCO,OFAT,Thickness_mean,,,,17,17,10,OFAT,9.0475,10.113392102598972
loocv_ref,OFAT|LOCO,,GPR,45,LOCO,OFAT,Thickness_mean,,,,18,18,14,OFAT,22.225,19.41186063005504
loocv_ref,OFAT|LOCO,,GPR,45,LOCO,OFAT,Thickness_mean,,,,19,19,14,OFAT,25.935,19.41186063005504
loocv_ref,OFAT|LOCO,,GPR,45,LOCO,OFAT,Thickness_mean,,,,20,20,15,OFAT,7.03,6.045775121569562
loocv_ref,OFAT|LOCO,,GPR,45,LOCO,OFAT,Thickness_mean,,,,21,21,16,OFAT,13.5325,10.426513866919192
loocv_ref,OFAT|LOCO,,GPR,45,LOCO,OFAT,Thickness_mean,,,,22,22,14,OFAT,25.29,19.41186063005504
loocv_ref,OFAT|LOCO,,GPR,45,LOCO,OFAT,Thickness_mean,,,,23,23,14,OFAT,21.965,19.41186063005504
loocv_ref,OFAT|LOCO,,GPR,45,LOCO,OFAT,Thickness_mean,,,,24,24,14,OFAT,23.082500000000003,19.41186063005504
loocv_ref,OFAT|LOCO,,GPR,45,LOCO,OFAT,Thickness_mean,,,,25,25,14,OFAT,21.262500000000003,19.41186063005504
loocv_ref,OFAT|LOCO,,GPR,45,LOCO,OFAT,Thickness_mean,,,,26,26,17,OFAT,17.8275,19.29858437482719
loocv_ref,OFAT|LOCO,,GPR,45,LOCO,OFAT,Thickness_mean,,,,27,27,17,OFAT,17.345,19.29858437482719
loocv_ref,OFAT|LOCO,,GPR,45,LOCO,OFAT,Thickness_mean,,,,28,28,17,OFAT,24.4925,19.29858437482719
loocv_ref,OFAT|LOCO,,GPR,45,LOCO,OFAT,Thickness_mean,,,,29,29,17,OFAT,17.695,19.29858437482719
loocv_ref,OFAT|LOCO,,GPR,45,LOCO,OFAT,Thickness_mean,,,,30,30,17,OFAT,16.814999999999998,19.29858437482719
loocv_ref,OFAT|LOCO,,GPR,45,LOCO,OFAT,Thickness_mean,,,,31,31,18,OFAT,14.9425,18.196650704218513
loocv_ref,OFAT|LOCO,,GPR,45,LOCO,OFAT,Thickness_mean,,,,32,32,19,OFAT,9.9625,11.645989837309832
loocv_ref,OFAT|LOCO,,GPR,45,LOCO,OFAT,Thickness_mean,,,,33,33,20,OFAT,4.855,6.207939171446281
loocv_ref,OFAT|LOCO,,GPR,45,LOCO,OFAT,Thickness_mean,,,,34,34,21,OFAT,1.2375,3.0767069363725668
loocv_ref,OFAT|LOCO,,GPR,45,LOCO,OFAT,Thickness_mean,,,,35,35,22,OFAT,2.0275,3.4823609234808224
loocv_ref,OFAT|LOCO,,GPR,45,LOCO,OFAT,Thickness_mean,,,,36,36,23,OFAT,3.535,4.71596142843566
loocv_ref,OFAT|LOCO,,GPR,45,LOCO,OFAT,Thickness_mean,,,,37,37,20,OFAT,8.6425,6.207939171446281
loocv_ref,OFAT|LOCO,,GPR,45,LOCO,OFAT,Thickness_mean,,,,38,38,19,OFAT,12.75,11.645989837309832
loocv_ref,OFAT|LOCO,,GPR,45,LOCO,OFAT,Thickness_mean,,,,39,39,18,OFAT,16.965,18.196650704218513
loocv_ref,OFAT|LOCO,,GPR,45,LOCO,OFAT,Thickness_mean,,,,40,40,19,OFAT,19.6525,11.645989837309832
loocv_ref,OFAT|LOCO,,GPR,45,LOCO,OFAT,Thickness_mean,,,,41,41,19,OFAT,9.2675,11.645989837309832
loocv_ref,OFAT|LOCO,,GPR,46,LOCO,OFAT,Thickness_mean,,,,0,0,0,OFAT,36.34,18.41707179486076
loocv_ref,OFAT|LOCO,,GPR,46,LOCO,OFAT,Thickness_mean,,,,1,1,1,OFAT,19.9225,31.0149703877293
loocv_ref,OFAT|LOCO,,GPR,46,LOCO,OFAT,Thickness_mean,,,,2,2,2,OFAT,25.6625,20.53063862610827
loocv_ref,OFAT|LOCO,,GPR,46,LOCO,OFAT,Thickness_mean,,,,3,3,3,OFAT,20.2075,17.571612272266098
loocv_ref,OFAT|LOCO,,GPR,46,LOCO,OFAT,Thickness_mean,,,,4,4,4,OFAT,15.345,16.84419954451006
loocv_ref,OFAT|LOCO,,GPR,46,LOCO,OFAT,Thickness_mean,,,,5,5,5,OFAT,14.265,15.649654326254076
loocv_ref,OFAT|LOCO,,GPR,46,LOCO,OFAT,Thickness_mean,,,,6,6,6,OFAT,12.9225,32.859900561075875
loocv_ref,OFAT|LOCO,,GPR,46,LOCO,OFAT,Thickness_mean,,,,7,7,7,OFAT,13.2775,19.22786288641516
loocv_ref,OFAT|LOCO,,GPR,46,LOCO,OFAT,Thickness_mean,,,,8,8,8,OFAT,15.329999999999998,14.290421545922262
loocv_ref,OFAT|LOCO,,GPR,46,LOCO,OFAT,Thickness_mean,,,,9,9,9,OFAT,7.855,31.851191867335363
loocv_ref,OFAT|LOCO,,GPR,46,LOCO,OFAT,Thickness_mean,,,,10,10,10,OFAT,2.8075,10.113392213820966
loocv_ref,OFAT|LOCO,,GPR,46,LOCO,OFAT,Thickness_mean,,,,11,11,11,OFAT,7.7875,9.108809669796946
loocv_ref,OFAT|LOCO,,GPR,46,LOCO,OFAT,Thickness_mean,,,,12,12,11,OFAT,9.105,9.108809669796946
loocv_ref,OFAT|LOCO,,GPR,46,LOCO,OFAT,Thickness_mean,,,,13,13,12,OFAT,7.734999999999999,8.976534177282169
loocv_ref,OFAT|LOCO,,GPR,46,LOCO,OFAT,Thickness_mean,,,,14,14,10,OFAT,6.8225,10.113392213820966
loocv_ref,OFAT|LOCO,,GPR,46,LOCO,OFAT,Thickness_mean,,,,15,15,10,OFAT,14.995,10.113392213820966
loocv_ref,OFAT|LOCO,,GPR,46,LOCO,OFAT,Thickness_mean,,,,16,16,13,OFAT,14.025,10.800470065650984
loocv_ref,OFAT|LOCO,,GPR,46,LOCO,OFAT,Thickness_mean,,,,17,17,10,OFAT,9.0475,10.113392213820966
loocv_ref,OFAT|LOCO,,GPR,46,LOCO,OFAT,Thickness_mean,,,,18,18,14,OFAT,22.225,19.41186063005504
loocv_ref,OFAT|LOCO,,GPR,46,LOCO,OFAT,Thickness_mean,,,,19,19,14,OFAT,25.935,19.41186063005504
loocv_ref,OFAT|LOCO,,GPR,46,LOCO,OFAT,Thickness_mean,,,,20,20,15,OFAT,7.03,6.045774717278233
loocv_ref,OFAT|LOCO,,GPR,46,LOCO,OFAT,Thickness_mean,,,,21,21,16,OFAT,13.5325,10.426522498890753
loocv_ref,OFAT|LOCO,,GPR,46,LOCO,OFAT,Thickness_mean,,,,22,22,14,OFAT,25.29,19.41186063005504
loocv_ref,OFAT|LOCO,,GPR,46,LOCO,OFAT,Thickness_mean,,,,23,23,14,OFAT,21.965,19.41186063005504
loocv_ref,OFAT|LOCO,,GPR,46,LOCO,OFAT,Thickness_mean,,,,24,24,14,OFAT,23.082500000000003,19.41186063005504
loocv_ref,OFAT|LOCO,,GPR,46,LOCO,OFAT,Thickness_mean,,,,25,25,14,OFAT,21.262500000000003,19.41186063005504
loocv_ref,OFAT|LOCO,,GPR,46,LOCO,OFAT,Thickness_mean,,,,26,26,17,OFAT,17.8275,19.298582006086477
loocv_ref,OFAT|LOCO,,GPR,46,LOCO,OFAT,Thickness_mean,,,,27,27,17,OFAT,17.345,19.298582006086477
loocv_ref,OFAT|LOCO,,GPR,46,LOCO,OFAT,Thickness_mean,,,,28,28,17,OFAT,24.4925,19.298582006086477
loocv_ref,OFAT|LOCO,,GPR,46,LOCO,OFAT,Thickness_mean,,,,29,29,17,OFAT,17.695,19.298582006086477
loocv_ref,OFAT|LOCO,,GPR,46,LOCO,OFAT,Thickness_mean,,,,30,30,17,OFAT,16.814999999999998,19.298582006086477
loocv_ref,OFAT|LOCO,,GPR,46,LOCO,OFAT,Thickness_mean,,,,31,31,18,OFAT,14.9425,18.196648315498127
loocv_ref,OFAT|LOCO,,GPR,46,LOCO,OFAT,Thickness_mean,,,,32,32,19,OFAT,9.9625,11.645989885469394
loocv_ref,OFAT|LOCO,,GPR,46,LOCO,OFAT,Thickness_mean,,,,33,33,20,OFAT,4.855,6.207944458596417
loocv_ref,OFAT|LOCO,,GPR,46,LOCO,OFAT,Thickness_mean,,,,34,34,21,OFAT,1.2375,3.07668918561407
loocv_ref,OFAT|LOCO,,GPR,46,LOCO,OFAT,Thickness_mean,,,,35,35,22,OFAT,2.0275,3.4823435159109284
loocv_ref,OFAT|LOCO,,GPR,46,LOCO,OFAT,Thickness_mean,,,,36,36,23,OFAT,3.535,4.715963249766636
loocv_ref,OFAT|LOCO,,GPR,46,LOCO,OFAT,Thickness_mean,,,,37,37,20,OFAT,8.6425,6.207944458596417
loocv_ref,OFAT|LOCO,,GPR,46,LOCO,OFAT,Thickness_mean,,,,38,38,19,OFAT,12.75,11.645989885469394
loocv_ref,OFAT|LOCO,,GPR,46,LOCO,OFAT,Thickness_mean,,,,39,39,18,OFAT,16.965,18.196648315498127
loocv_ref,OFAT|LOCO,,GPR,46,LOCO,OFAT,Thickness_mean,,,,40,40,19,OFAT,19.6525,11.645989885469394
loocv_ref,OFAT|LOCO,,GPR,46,LOCO,OFAT,Thickness_mean,,,,41,41,19,OFAT,9.2675,11.645989885469394
loocv_ref,OFAT|LOCO,,GPR,47,LOCO,OFAT,Thickness_mean,,,,0,0,0,OFAT,36.34,18.417207146900303
loocv_ref,OFAT|LOCO,,GPR,47,LOCO,OFAT,Thickness_mean,,,,1,1,1,OFAT,19.9225,31.014967055301305
loocv_ref,OFAT|LOCO,,GPR,47,LOCO,OFAT,Thickness_mean,,,,2,2,2,OFAT,25.6625,20.530616469181872
loocv_ref,OFAT|LOCO,,GPR,47,LOCO,OFAT,Thickness_mean,,,,3,3,3,OFAT,20.2075,17.571610131765574
loocv_ref,OFAT|LOCO,,GPR,47,LOCO,OFAT,Thickness_mean,,,,4,4,4,OFAT,15.345,16.844187871180303
loocv_ref,OFAT|LOCO,,GPR,47,LOCO,OFAT,Thickness_mean,,,,5,5,5,OFAT,14.265,15.649654844762907
loocv_ref,OFAT|LOCO,,GPR,47,LOCO,OFAT,Thickness_mean,,,,6,6,6,OFAT,12.9225,32.859973146576706
loocv_ref,OFAT|LOCO,,GPR,47,LOCO,OFAT,Thickness_mean,,,,7,7,7,OFAT,13.2775,19.2278627891465
loocv_ref,OFAT|LOCO,,GPR,47,LOCO,OFAT,Thickness_mean,,,,8,8,8,OFAT,15.329999999999998,14.290420987144016
loocv_ref,OFAT|LOCO,,GPR,47,LOCO,OFAT,Thickness_mean,,,,9,9,9,OFAT,7.855,31.851580109024493
loocv_ref,OFAT|LOCO,,GPR,47,LOCO,OFAT,Thickness_mean,,,,10,10,10,OFAT,2.8075,10.113395262088542
loocv_ref,OFAT|LOCO,,GPR,47,LOCO,OFAT,Thickness_mean,,,,11,11,11,OFAT,7.7875,9.108809962382683
loocv_ref,OFAT|LOCO,,GPR,47,LOCO,OFAT,Thickness_mean,,,,12,12,11,OFAT,9.105,9.108809962382683
loocv_ref,OFAT|LOCO,,GPR,47,LOCO,OFAT,Thickness_mean,,,,13,13,12,OFAT,7.734999999999999,8.976534815739901
loocv_ref,OFAT|LOCO,,GPR,47,LOCO,OFAT,Thickness_mean,,,,14,14,10,OFAT,6.8225,10.113395262088542
loocv_ref,OFAT|LOCO,,GPR,47,LOCO,OFAT,Thickness_mean,,,,15,15,10,OFAT,14.995,10.113395262088542
loocv_ref,OFAT|LOCO,,GPR,47,LOCO,OFAT,Thickness_mean,,,,16,16,13,OFAT,14.025,10.800470150169621
loocv_ref,OFAT|LOCO,,GPR,47,LOCO,OFAT,Thickness_mean,,,,17,17,10,OFAT,9.0475,10.113395262088542
loocv_ref,OFAT|LOCO,,GPR,47,LOCO,OFAT,Thickness_mean,,,,18,18,14,OFAT,22.225,19.41186058379632
loocv_ref,OFAT|LOCO,,GPR,47,LOCO,OFAT,Thickness_mean,,,,19,19,14,OFAT,25.935,19.41186058379632
loocv_ref,OFAT|LOCO,,GPR,47,LOCO,OFAT,Thickness_mean,,,,20,20,15,OFAT,7.03,6.0457757101243885
loocv_ref,OFAT|LOCO,,GPR,47,LOCO,OFAT,Thickness_mean,,,,21,21,16,OFAT,13.5325,10.426523126336665
loocv_ref,OFAT|LOCO,,GPR,47,LOCO,OFAT,Thickness_mean,,,,22,22,14,OFAT,25.29,19.41186058379632
loocv_ref,OFAT|LOCO,,GPR,47,LOCO,OFAT,Thickness_mean,,,,23,23,14,OFAT,21.965,19.41186058379632
loocv_ref,OFAT|LOCO,,GPR,47,LOCO,OFAT,Thickness_mean,,,,24,24,14,OFAT,23.082500000000003,19.41186058379632
loocv_ref,OFAT|LOCO,,GPR,47,LOCO,OFAT,Thickness_mean,,,,25,25,14,OFAT,21.262500000000003,19.41186058379632
loocv_ref,OFAT|LOCO,,GPR,47,LOCO,OFAT,Thickness_mean,,,,26,26,17,OFAT,17.8275,19.29858309617015
loocv_ref,OFAT|LOCO,,GPR,47,LOCO,OFAT,Thickness_mean,,,,27,27,17,OFAT,17.345,19.29858309617015
loocv_ref,OFAT|LOCO,,GPR,47,LOCO,OFAT,Thickness_mean,,,,28,28,17,OFAT,24.4925,19.29858309617015
loocv_ref,OFAT|LOCO,,GPR,47,LOCO,OFAT,Thickness_mean,,,,29,29,17,OFAT,17.695,19.29858309617015
loocv_ref,OFAT|LOCO,,GPR,47,LOCO,OFAT,Thickness_mean,,,,30,30,17,OFAT,16.814999999999998,19.29858309617015
loocv_ref,OFAT|LOCO,,GPR,47,LOCO,OFAT,Thickness_mean,,,,31,31,18,OFAT,14.9425,18.196654321079187
loocv_ref,OFAT|LOCO,,GPR,47,LOCO,OFAT,Thickness_mean,,,,32,32,19,OFAT,9.9625,11.645990262880646
loocv_ref,OFAT|LOCO,,GPR,47,LOCO,OFAT,Thickness_mean,,,,33,33,20,OFAT,4.855,6.207943844217267
loocv_ref,OFAT|LOCO,,GPR,47,LOCO,OFAT,Thickness_mean,,,,34,34,21,OFAT,1.2375,3.0767301665375033
loocv_ref,OFAT|LOCO,,GPR,47,LOCO,OFAT,Thickness_mean,,,,35,35,22,OFAT,2.0275,3.4823548804512523
loocv_ref,OFAT|LOCO,,GPR,47,LOCO,OFAT,Thickness_mean,,,,36,36,23,OFAT,3.535,4.715960589061764
loocv_ref,OFAT|LOCO,,GPR,47,LOCO,OFAT,Thickness_mean,,,,37,37,20,OFAT,8.6425,6.207943844217267
loocv_ref,OFAT|LOCO,,GPR,47,LOCO,OFAT,Thickness_mean,,,,38,38,19,OFAT,12.75,11.645990262880646
loocv_ref,OFAT|LOCO,,GPR,47,LOCO,OFAT,Thickness_mean,,,,39,39,18,OFAT,16.965,18.196654321079187
loocv_ref,OFAT|LOCO,,GPR,47,LOCO,OFAT,Thickness_mean,,,,40,40,19,OFAT,19.6525,11.645990262880646
loocv_ref,OFAT|LOCO,,GPR,47,LOCO,OFAT,Thickness_mean,,,,41,41,19,OFAT,9.2675,11.645990262880646
loocv_ref,OFAT|LOCO,,GPR,48,LOCO,OFAT,Thickness_mean,,,,0,0,0,OFAT,36.34,18.417267990187536
loocv_ref,OFAT|LOCO,,GPR,48,LOCO,OFAT,Thickness_mean,,,,1,1,1,OFAT,19.9225,31.01497390674532
loocv_ref,OFAT|LOCO,,GPR,48,LOCO,OFAT,Thickness_mean,,,,2,2,2,OFAT,25.6625,20.53063937440033
loocv_ref,OFAT|LOCO,,GPR,48,LOCO,OFAT,Thickness_mean,,,,3,3,3,OFAT,20.2075,17.571612326257235
loocv_ref,OFAT|LOCO,,GPR,48,LOCO,OFAT,Thickness_mean,,,,4,4,4,OFAT,15.345,16.84418714760547
loocv_ref,OFAT|LOCO,,GPR,48,LOCO,OFAT,Thickness_mean,,,,5,5,5,OFAT,14.265,15.64961353685629
loocv_ref,OFAT|LOCO,,GPR,48,LOCO,OFAT,Thickness_mean,,,,6,6,6,OFAT,12.9225,32.85989508650135
loocv_ref,OFAT|LOCO,,GPR,48,LOCO,OFAT,Thickness_mean,,,,7,7,7,OFAT,13.2775,19.22786400227723
loocv_ref,OFAT|LOCO,,GPR,48,LOCO,OFAT,Thickness_mean,,,,8,8,8,OFAT,15.329999999999998,14.290048616170726
loocv_ref,OFAT|LOCO,,GPR,48,LOCO,OFAT,Thickness_mean,,,,9,9,9,OFAT,7.855,31.851609267253846
loocv_ref,OFAT|LOCO,,GPR,48,LOCO,OFAT,Thickness_mean,,,,10,10,10,OFAT,2.8075,10.113389851406097
loocv_ref,OFAT|LOCO,,GPR,48,LOCO,OFAT,Thickness_mean,,,,11,11,11,OFAT,7.7875,9.108809237597331
loocv_ref,OFAT|LOCO,,GPR,48,LOCO,OFAT,Thickness_mean,,,,12,12,11,OFAT,9.105,9.108809237597331
loocv_ref,OFAT|LOCO,,GPR,48,LOCO,OFAT,Thickness_mean,,,,13,13,12,OFAT,7.734999999999999,8.97654616729324
loocv_ref,OFAT|LOCO,,GPR,48,LOCO,OFAT,Thickness_mean,,,,14,14,10,OFAT,6.8225,10.113389851406097
loocv_ref,OFAT|LOCO,,GPR,48,LOCO,OFAT,Thickness_mean,,,,15,15,10,OFAT,14.995,10.113389851406097
loocv_ref,OFAT|LOCO,,GPR,48,LOCO,OFAT,Thickness_mean,,,,16,16,13,OFAT,14.025,10.8004653313516
loocv_ref,OFAT|LOCO,,GPR,48,LOCO,OFAT,Thickness_mean,,,,17,17,10,OFAT,9.0475,10.113389851406097
loocv_ref,OFAT|LOCO,,GPR,48,LOCO,OFAT,Thickness_mean,,,,18,18,14,OFAT,22.225,19.41186063005504
loocv_ref,OFAT|LOCO,,GPR,48,LOCO,OFAT,Thickness_mean,,,,19,19,14,OFAT,25.935,19.41186063005504
loocv_ref,OFAT|LOCO,,GPR,48,LOCO,OFAT,Thickness_mean,,,,20,20,15,OFAT,7.03,6.04577616931704
loocv_ref,OFAT|LOCO,,GPR,48,LOCO,OFAT,Thickness_mean,,,,21,21,16,OFAT,13.5325,10.42652197075197
loocv_ref,OFAT|LOCO,,GPR,48,LOCO,OFAT,Thickness_mean,,,,22,22,14,OFAT,25.29,19.41186063005504
loocv_ref,OFAT|LOCO,,GPR,48,LOCO,OFAT,Thickness_mean,,,,23,23,14,OFAT,21.965,19.41186063005504
loocv_ref,OFAT|LOCO,,GPR,48,LOCO,OFAT,Thickness_mean,,,,24,24,14,OFAT,23.082500000000003,19.41186063005504
loocv_ref,OFAT|LOCO,,GPR,48,LOCO,OFAT,Thickness_mean,,,,25,25,14,OFAT,21.262500000000003,19.41186063005504
loocv_ref,OFAT|LOCO,,GPR,48,LOCO,OFAT,Thickness_mean,,,,26,26,17,OFAT,17.8275,19.298581809995856
loocv_ref,OFAT|LOCO,,GPR,48,LOCO,OFAT,Thickness_mean,,,,27,27,17,OFAT,17.345,19.298581809995856
loocv_ref,OFAT|LOCO,,GPR,48,LOCO,OFAT,Thickness_mean,,,,28,28,17,OFAT,24.4925,19.298581809995856
loocv_ref,OFAT|LOCO,,GPR,48,LOCO,OFAT,Thickness_mean,,,,29,29,17,OFAT,17.695,19.298581809995856
loocv_ref,OFAT|LOCO,,GPR,48,LOCO,OFAT,Thickness_mean,,,,30,30,17,OFAT,16.814999999999998,19.298581809995856
loocv_ref,OFAT|LOCO,,GPR,48,LOCO,OFAT,Thickness_mean,,,,31,31,18,OFAT,14.9425,18.196642926236905
loocv_ref,OFAT|LOCO,,GPR,48,LOCO,OFAT,Thickness_mean,,,,32,32,19,OFAT,9.9625,11.64598335233133
loocv_ref,OFAT|LOCO,,GPR,48,LOCO,OFAT,Thickness_mean,,,,33,33,20,OFAT,4.855,6.207944004615513
loocv_ref,OFAT|LOCO,,GPR,48,LOCO,OFAT,Thickness_mean,,,,34,34,21,OFAT,1.2375,3.076712966702873
loocv_ref,OFAT|LOCO,,GPR,48,LOCO,OFAT,Thickness_mean,,,,35,35,22,OFAT,2.0275,3.4823698580175506
loocv_ref,OFAT|LOCO,,GPR,48,LOCO,OFAT,Thickness_mean,,,,36,36,23,OFAT,3.535,4.715967291027859
loocv_ref,OFAT|LOCO,,GPR,48,LOCO,OFAT,Thickness_mean,,,,37,37,20,OFAT,8.6425,6.207944004615513
loocv_ref,OFAT|LOCO,,GPR,48,LOCO,OFAT,Thickness_mean,,,,38,38,19,OFAT,12.75,11.64598335233133
loocv_ref,OFAT|LOCO,,GPR,48,LOCO,OFAT,Thickness_mean,,,,39,39,18,OFAT,16.965,18.196642926236905
loocv_ref,OFAT|LOCO,,GPR,48,LOCO,OFAT,Thickness_mean,,,,40,40,19,OFAT,19.6525,11.64598335233133
loocv_ref,OFAT|LOCO,,GPR,48,LOCO,OFAT,Thickness_mean,,,,41,41,19,OFAT,9.2675,11.64598335233133
loocv_ref,OFAT|LOCO,,GPR,49,LOCO,OFAT,Thickness_mean,,,,0,0,0,OFAT,36.34,18.41715451394058
loocv_ref,OFAT|LOCO,,GPR,49,LOCO,OFAT,Thickness_mean,,,,1,1,1,OFAT,19.9225,31.014974303273412
loocv_ref,OFAT|LOCO,,GPR,49,LOCO,OFAT,Thickness_mean,,,,2,2,2,OFAT,25.6625,20.53062518078885
loocv_ref,OFAT|LOCO,,GPR,49,LOCO,OFAT,Thickness_mean,,,,3,3,3,OFAT,20.2075,17.57161241675773
loocv_ref,OFAT|LOCO,,GPR,49,LOCO,OFAT,Thickness_mean,,,,4,4,4,OFAT,15.345,16.84420698331269
loocv_ref,OFAT|LOCO,,GPR,49,LOCO,OFAT,Thickness_mean,,,,5,5,5,OFAT,14.265,15.649659556535767
loocv_ref,OFAT|LOCO,,GPR,49,LOCO,OFAT,Thickness_mean,,,,6,6,6,OFAT,12.9225,32.85919951012086
loocv_ref,OFAT|LOCO,,GPR,49,LOCO,OFAT,Thickness_mean,,,,7,7,7,OFAT,13.2775,19.227861028789842
loocv_ref,OFAT|LOCO,,GPR,49,LOCO,OFAT,Thickness_mean,,,,8,8,8,OFAT,15.329999999999998,14.290395060392102
loocv_ref,OFAT|LOCO,,GPR,49,LOCO,OFAT,Thickness_mean,,,,9,9,9,OFAT,7.855,31.851594834782652
loocv_ref,OFAT|LOCO,,GPR,49,LOCO,OFAT,Thickness_mean,,,,10,10,10,OFAT,2.8075,10.113391608141054
loocv_ref,OFAT|LOCO,,GPR,49,LOCO,OFAT,Thickness_mean,,,,11,11,11,OFAT,7.7875,9.108805785079914
loocv_ref,OFAT|LOCO,,GPR,49,LOCO,OFAT,Thickness_mean,,,,12,12,11,OFAT,9.105,9.108805785079914
loocv_ref,OFAT|LOCO,,GPR,49,LOCO,OFAT,Thickness_mean,,,,13,13,12,OFAT,7.734999999999999,8.976534213107271
loocv_ref,OFAT|LOCO,,GPR,49,LOCO,OFAT,Thickness_mean,,,,14,14,10,OFAT,6.8225,10.113391608141054
loocv_ref,OFAT|LOCO,,GPR,49,LOCO,OFAT,Thickness_mean,,,,15,15,10,OFAT,14.995,10.113391608141054
loocv_ref,OFAT|LOCO,,GPR,49,LOCO,OFAT,Thickness_mean,,,,16,16,13,OFAT,14.025,10.800470133732682
loocv_ref,OFAT|LOCO,,GPR,49,LOCO,OFAT,Thickness_mean,,,,17,17,10,OFAT,9.0475,10.113391608141054
loocv_ref,OFAT|LOCO,,GPR,49,LOCO,OFAT,Thickness_mean,,,,18,18,14,OFAT,22.225,19.41186063005504
loocv_ref,OFAT|LOCO,,GPR,49,LOCO,OFAT,Thickness_mean,,,,19,19,14,OFAT,25.935,19.41186063005504
loocv_ref,OFAT|LOCO,,GPR,49,LOCO,OFAT,Thickness_mean,,,,20,20,15,OFAT,7.03,6.045773429943566
loocv_ref,OFAT|LOCO,,GPR,49,LOCO,OFAT,Thickness_mean,,,,21,21,16,OFAT,13.5325,10.426522257894202
loocv_ref,OFAT|LOCO,,GPR,49,LOCO,OFAT,Thickness_mean,,,,22,22,14,OFAT,25.29,19.41186063005504
loocv_ref,OFAT|LOCO,,GPR,49,LOCO,OFAT,Thickness_mean,,,,23,23,14,OFAT,21.965,19.41186063005504
loocv_ref,OFAT|LOCO,,GPR,49,LOCO,OFAT,Thickness_mean,,,,24,24,14,OFAT,23.082500000000003,19.41186063005504
loocv_ref,OFAT|LOCO,,GPR,49,LOCO,OFAT,Thickness_mean,,,,25,25,14,OFAT,21.262500000000003,19.41186063005504
loocv_ref,OFAT|LOCO,,GPR,49,LOCO,OFAT,Thickness_mean,,,,26,26,17,OFAT,17.8275,19.298581113140973
loocv_ref,OFAT|LOCO,,GPR,49,LOCO,OFAT,Thickness_mean,,,,27,27,17,OFAT,17.345,19.298581113140973
loocv_ref,OFAT|LOCO,,GPR,49,LOCO,OFAT,Thickness_mean,,,,28,28,17,OFAT,24.4925,19.298581113140973
loocv_ref,OFAT|LOCO,,GPR,49,LOCO,OFAT,Thickness_mean,,,,29,29,17,OFAT,17.695,19.298581113140973
loocv_ref,OFAT|LOCO,,GPR,49,LOCO,OFAT,Thickness_mean,,,,30,30,17,OFAT,16.814999999999998,19.29858111314096
loocv_ref,OFAT|LOCO,,GPR,49,LOCO,OFAT,Thickness_mean,,,,31,31,18,OFAT,14.9425,18.196653852899832
loocv_ref,OFAT|LOCO,,GPR,49,LOCO,OFAT,Thickness_mean,,,,32,32,19,OFAT,9.9625,11.645991283968254
loocv_ref,OFAT|LOCO,,GPR,49,LOCO,OFAT,Thickness_mean,,,,33,33,20,OFAT,4.855,6.207950758918987
loocv_ref,OFAT|LOCO,,GPR,49,LOCO,OFAT,Thickness_mean,,,,34,34,21,OFAT,1.2375,3.0767214225590607
loocv_ref,OFAT|LOCO,,GPR,49,LOCO,OFAT,Thickness_mean,,,,35,35,22,OFAT,2.0275,3.482329520602896
loocv_ref,OFAT|LOCO,,GPR,49,LOCO,OFAT,Thickness_mean,,,,36,36,23,OFAT,3.535,4.715958950262111
loocv_ref,OFAT|LOCO,,GPR,49,LOCO,OFAT,Thickness_mean,,,,37,37,20,OFAT,8.6425,6.207950758918987
loocv_ref,OFAT|LOCO,,GPR,49,LOCO,OFAT,Thickness_mean,,,,38,38,19,OFAT,12.75,11.645991283968254
loocv_ref,OFAT|LOCO,,GPR,49,LOCO,OFAT,Thickness_mean,,,,39,39,18,OFAT,16.965,18.196653852899832
loocv_ref,OFAT|LOCO,,GPR,49,LOCO,OFAT,Thickness_mean,,,,40,40,19,OFAT,19.6525,11.645991283968254
loocv_ref,OFAT|LOCO,,GPR,49,LOCO,OFAT,Thickness_mean,,,,41,41,19,OFAT,9.2675,11.645991283968254
loocv_ref,OFAT|LOCO,,GPR,50,LOCO,OFAT,Thickness_mean,,,,0,0,0,OFAT,36.34,18.417092315366535
loocv_ref,OFAT|LOCO,,GPR,50,LOCO,OFAT,Thickness_mean,,,,1,1,1,OFAT,19.9225,31.01497364412471
loocv_ref,OFAT|LOCO,,GPR,50,LOCO,OFAT,Thickness_mean,,,,2,2,2,OFAT,25.6625,20.530614180191648
loocv_ref,OFAT|LOCO,,GPR,50,LOCO,OFAT,Thickness_mean,,,,3,3,3,OFAT,20.2075,17.571612242339583
loocv_ref,OFAT|LOCO,,GPR,50,LOCO,OFAT,Thickness_mean,,,,4,4,4,OFAT,15.345,16.844198737016153
loocv_ref,OFAT|LOCO,,GPR,50,LOCO,OFAT,Thickness_mean,,,,5,5,5,OFAT,14.265,15.649656083321341
loocv_ref,OFAT|LOCO,,GPR,50,LOCO,OFAT,Thickness_mean,,,,6,6,6,OFAT,12.9225,32.85999972583524
loocv_ref,OFAT|LOCO,,GPR,50,LOCO,OFAT,Thickness_mean,,,,7,7,7,OFAT,13.2775,19.227862539302993
loocv_ref,OFAT|LOCO,,GPR,50,LOCO,OFAT,Thickness_mean,,,,8,8,8,OFAT,15.329999999999998,14.290424050992328
loocv_ref,OFAT|LOCO,,GPR,50,LOCO,OFAT,Thickness_mean,,,,9,9,9,OFAT,7.855,31.8515997657573
loocv_ref,OFAT|LOCO,,GPR,50,LOCO,OFAT,Thickness_mean,,,,10,10,10,OFAT,2.8075,10.113390721464473
loocv_ref,OFAT|LOCO,,GPR,50,LOCO,OFAT,Thickness_mean,,,,11,11,11,OFAT,7.7875,9.108809072026858
loocv_ref,OFAT|LOCO,,GPR,50,LOCO,OFAT,Thickness_mean,,,,12,12,11,OFAT,9.105,9.108809072026858
loocv_ref,OFAT|LOCO,,GPR,50,LOCO,OFAT,Thickness_mean,,,,13,13,12,OFAT,7.734999999999999,8.976536845181716
loocv_ref,OFAT|LOCO,,GPR,50,LOCO,OFAT,Thickness_mean,,,,14,14,10,OFAT,6.8225,10.113390721464473
loocv_ref,OFAT|LOCO,,GPR,50,LOCO,OFAT,Thickness_mean,,,,15,15,10,OFAT,14.995,10.113390721464473
loocv_ref,OFAT|LOCO,,GPR,50,LOCO,OFAT,Thickness_mean,,,,16,16,13,OFAT,14.025,10.800471499248687
loocv_ref,OFAT|LOCO,,GPR,50,LOCO,OFAT,Thickness_mean,,,,17,17,10,OFAT,9.0475,10.113390721464473
loocv_ref,OFAT|LOCO,,GPR,50,LOCO,OFAT,Thickness_mean,,,,18,18,14,OFAT,22.225,19.41186063005504
loocv_ref,OFAT|LOCO,,GPR,50,LOCO,OFAT,Thickness_mean,,,,19,19,14,OFAT,25.935,19.41186063005504
loocv_ref,OFAT|LOCO,,GPR,50,LOCO,OFAT,Thickness_mean,,,,20,20,15,OFAT,7.03,6.0457765592939
loocv_ref,OFAT|LOCO,,GPR,50,LOCO,OFAT,Thickness_mean,,,,21,21,16,OFAT,13.5325,10.426523211488146
loocv_ref,OFAT|LOCO,,GPR,50,LOCO,OFAT,Thickness_mean,,,,22,22,14,OFAT,25.29,19.41186063005504
loocv_ref,OFAT|LOCO,,GPR,50,LOCO,OFAT,Thickness_mean,,,,23,23,14,OFAT,21.965,19.41186063005504
loocv_ref,OFAT|LOCO,,GPR,50,LOCO,OFAT,Thickness_mean,,,,24,24,14,OFAT,23.082500000000003,19.41186063005504
loocv_ref,OFAT|LOCO,,GPR,50,LOCO,OFAT,Thickness_mean,,,,25,25,14,OFAT,21.262500000000003,19.41186063005504
loocv_ref,OFAT|LOCO,,GPR,50,LOCO,OFAT,Thickness_mean,,,,26,26,17,OFAT,17.8275,19.29858248423015
loocv_ref,OFAT|LOCO,,GPR,50,LOCO,OFAT,Thickness_mean,,,,27,27,17,OFAT,17.345,19.29858248423015
loocv_ref,OFAT|LOCO,,GPR,50,LOCO,OFAT,Thickness_mean,,,,28,28,17,OFAT,24.4925,19.29858248423015
loocv_ref,OFAT|LOCO,,GPR,50,LOCO,OFAT,Thickness_mean,,,,29,29,17,OFAT,17.695,19.29858248423015
loocv_ref,OFAT|LOCO,,GPR,50,LOCO,OFAT,Thickness_mean,,,,30,30,17,OFAT,16.814999999999998,19.298582484230177
loocv_ref,OFAT|LOCO,,GPR,50,LOCO,OFAT,Thickness_mean,,,,31,31,18,OFAT,14.9425,18.196653040880026
loocv_ref,OFAT|LOCO,,GPR,50,LOCO,OFAT,Thickness_mean,,,,32,32,19,OFAT,9.9625,11.645992911852277
loocv_ref,OFAT|LOCO,,GPR,50,LOCO,OFAT,Thickness_mean,,,,33,33,20,OFAT,4.855,6.207943150998986
loocv_ref,OFAT|LOCO,,GPR,50,LOCO,OFAT,Thickness_mean,,,,34,34,21,OFAT,1.2375,3.0767223504236103
loocv_ref,OFAT|LOCO,,GPR,50,LOCO,OFAT,Thickness_mean,,,,35,35,22,OFAT,2.0275,3.4823599860731917
loocv_ref,OFAT|LOCO,,GPR,50,LOCO,OFAT,Thickness_mean,,,,36,36,23,OFAT,3.535,4.7159620233355035
loocv_ref,OFAT|LOCO,,GPR,50,LOCO,OFAT,Thickness_mean,,,,37,37,20,OFAT,8.6425,6.207943150998986
loocv_ref,OFAT|LOCO,,GPR,50,LOCO,OFAT,Thickness_mean,,,,38,38,19,OFAT,12.75,11.645992911852277
loocv_ref,OFAT|LOCO,,GPR,50,LOCO,OFAT,Thickness_mean,,,,39,39,18,OFAT,16.965,18.196653040880026
loocv_ref,OFAT|LOCO,,GPR,50,LOCO,OFAT,Thickness_mean,,,,40,40,19,OFAT,19.6525,11.645992911852277
loocv_ref,OFAT|LOCO,,GPR,50,LOCO,OFAT,Thickness_mean,,,,41,41,19,OFAT,9.2675,11.645992911852277
loocv_ref,OFAT|LOCO,,GPR,51,LOCO,OFAT,Thickness_mean,,,,0,0,0,OFAT,36.34,18.41708291717921
loocv_ref,OFAT|LOCO,,GPR,51,LOCO,OFAT,Thickness_mean,,,,1,1,1,OFAT,19.9225,31.01497528810288
loocv_ref,OFAT|LOCO,,GPR,51,LOCO,OFAT,Thickness_mean,,,,2,2,2,OFAT,25.6625,20.530607577222156
loocv_ref,OFAT|LOCO,,GPR,51,LOCO,OFAT,Thickness_mean,,,,3,3,3,OFAT,20.2075,17.57161245195931
loocv_ref,OFAT|LOCO,,GPR,51,LOCO,OFAT,Thickness_mean,,,,4,4,4,OFAT,15.345,16.844200880115757
loocv_ref,OFAT|LOCO,,GPR,51,LOCO,OFAT,Thickness_mean,,,,5,5,5,OFAT,14.265,15.64966169936568
loocv_ref,OFAT|LOCO,,GPR,51,LOCO,OFAT,Thickness_mean,,,,6,6,6,OFAT,12.9225,32.86017957097518
loocv_ref,OFAT|LOCO,,GPR,51,LOCO,OFAT,Thickness_mean,,,,7,7,7,OFAT,13.2775,19.22786254655888
loocv_ref,OFAT|LOCO,,GPR,51,LOCO,OFAT,Thickness_mean,,,,8,8,8,OFAT,15.329999999999998,14.290421763109991
loocv_ref,OFAT|LOCO,,GPR,51,LOCO,OFAT,Thickness_mean,,,,9,9,9,OFAT,7.855,31.851606633864858
loocv_ref,OFAT|LOCO,,GPR,51,LOCO,OFAT,Thickness_mean,,,,10,10,10,OFAT,2.8075,10.113392562806894
loocv_ref,OFAT|LOCO,,GPR,51,LOCO,OFAT,Thickness_mean,,,,11,11,11,OFAT,7.7875,9.108809484988438
loocv_ref,OFAT|LOCO,,GPR,51,LOCO,OFAT,Thickness_mean,,,,12,12,11,OFAT,9.105,9.108809484988438
loocv_ref,OFAT|LOCO,,GPR,51,LOCO,OFAT,Thickness_mean,,,,13,13,12,OFAT,7.734999999999999,8.976532214695524
loocv_ref,OFAT|LOCO,,GPR,51,LOCO,OFAT,Thickness_mean,,,,14,14,10,OFAT,6.8225,10.113392562806894
loocv_ref,OFAT|LOCO,,GPR,51,LOCO,OFAT,Thickness_mean,,,,15,15,10,OFAT,14.995,10.113392562806894
loocv_ref,OFAT|LOCO,,GPR,51,LOCO,OFAT,Thickness_mean,,,,16,16,13,OFAT,14.025,10.800470231531582
loocv_ref,OFAT|LOCO,,GPR,51,LOCO,OFAT,Thickness_mean,,,,17,17,10,OFAT,9.0475,10.113392562806894
loocv_ref,OFAT|LOCO,,GPR,51,LOCO,OFAT,Thickness_mean,,,,18,18,14,OFAT,22.225,19.41186063005504
loocv_ref,OFAT|LOCO,,GPR,51,LOCO,OFAT,Thickness_mean,,,,19,19,14,OFAT,25.935,19.41186063005504
loocv_ref,OFAT|LOCO,,GPR,51,LOCO,OFAT,Thickness_mean,,,,20,20,15,OFAT,7.03,6.045775438791981
loocv_ref,OFAT|LOCO,,GPR,51,LOCO,OFAT,Thickness_mean,,,,21,21,16,OFAT,13.5325,10.426523256207341
loocv_ref,OFAT|LOCO,,GPR,51,LOCO,OFAT,Thickness_mean,,,,22,22,14,OFAT,25.29,19.41186063005504
loocv_ref,OFAT|LOCO,,GPR,51,LOCO,OFAT,Thickness_mean,,,,23,23,14,OFAT,21.965,19.41186063005504
loocv_ref,OFAT|LOCO,,GPR,51,LOCO,OFAT,Thickness_mean,,,,24,24,14,OFAT,23.082500000000003,19.41186063005504
loocv_ref,OFAT|LOCO,,GPR,51,LOCO,OFAT,Thickness_mean,,,,25,25,14,OFAT,21.262500000000003,19.41186063005504
loocv_ref,OFAT|LOCO,,GPR,51,LOCO,OFAT,Thickness_mean,,,,26,26,17,OFAT,17.8275,19.2985828255873
loocv_ref,OFAT|LOCO,,GPR,51,LOCO,OFAT,Thickness_mean,,,,27,27,17,OFAT,17.345,19.2985828255873
loocv_ref,OFAT|LOCO,,GPR,51,LOCO,OFAT,Thickness_mean,,,,28,28,17,OFAT,24.4925,19.2985828255873
loocv_ref,OFAT|LOCO,,GPR,51,LOCO,OFAT,Thickness_mean,,,,29,29,17,OFAT,17.695,19.2985828255873
loocv_ref,OFAT|LOCO,,GPR,51,LOCO,OFAT,Thickness_mean,,,,30,30,17,OFAT,16.814999999999998,19.2985828255873
loocv_ref,OFAT|LOCO,,GPR,51,LOCO,OFAT,Thickness_mean,,,,31,31,18,OFAT,14.9425,18.196644371866494
loocv_ref,OFAT|LOCO,,GPR,51,LOCO,OFAT,Thickness_mean,,,,32,32,19,OFAT,9.9625,11.645988988265673
loocv_ref,OFAT|LOCO,,GPR,51,LOCO,OFAT,Thickness_mean,,,,33,33,20,OFAT,4.855,6.207942944210647
loocv_ref,OFAT|LOCO,,GPR,51,LOCO,OFAT,Thickness_mean,,,,34,34,21,OFAT,1.2375,3.0767207957083293
loocv_ref,OFAT|LOCO,,GPR,51,LOCO,OFAT,Thickness_mean,,,,35,35,22,OFAT,2.0275,3.482357390336105
loocv_ref,OFAT|LOCO,,GPR,51,LOCO,OFAT,Thickness_mean,,,,36,36,23,OFAT,3.535,4.715962036846854
loocv_ref,OFAT|LOCO,,GPR,51,LOCO,OFAT,Thickness_mean,,,,37,37,20,OFAT,8.6425,6.207942944210647
loocv_ref,OFAT|LOCO,,GPR,51,LOCO,OFAT,Thickness_mean,,,,38,38,19,OFAT,12.75,11.645988988265673
loocv_ref,OFAT|LOCO,,GPR,51,LOCO,OFAT,Thickness_mean,,,,39,39,18,OFAT,16.965,18.196644371866494
loocv_ref,OFAT|LOCO,,GPR,51,LOCO,OFAT,Thickness_mean,,,,40,40,19,OFAT,19.6525,11.645988988265673
loocv_ref,OFAT|LOCO,,GPR,51,LOCO,OFAT,Thickness_mean,,,,41,41,19,OFAT,9.2675,11.645988988265673
loocv_ref,Augmented|LOOCV,,Ridge,42,LOOCV,Augmented,Thickness_mean,,,,0,0,0,OFAT,36.34,16.30772745445049
loocv_ref,Augmented|LOOCV,,Ridge,42,LOOCV,Augmented,Thickness_mean,,,,1,1,1,OFAT,19.9225,20.55789208891946
loocv_ref,Augmented|LOOCV,,Ridge,42,LOOCV,Augmented,Thickness_mean,,,,2,2,2,OFAT,25.6625,19.412357439762232
loocv_ref,Augmented|LOOCV,,Ridge,42,LOOCV,Augmented,Thickness_mean,,,,3,3,3,OFAT,20.2075,19.123827142155957
loocv_ref,Augmented|LOOCV,,Ridge,42,LOOCV,Augmented,Thickness_mean,,,,4,4,4,OFAT,15.345,19.65156695816266
loocv_ref,Augmented|LOOCV,,Ridge,42,LOOCV,Augmented,Thickness_mean,,,,5,5,5,OFAT,14.265,19.785306463556896
loocv_ref,Augmented|LOOCV,,Ridge,42,LOOCV,Augmented,Thickness_mean,,,,6,6,6,OFAT,12.9225,20.985140143963317
loocv_ref,Augmented|LOOCV,,Ridge,42,LOOCV,Augmented,Thickness_mean,,,,7,7,7,OFAT,13.2775,18.167621580254384
loocv_ref,Augmented|LOOCV,,Ridge,42,LOOCV,Augmented,Thickness_mean,,,,8,8,8,OFAT,15.329999999999998,18.31554940442803
loocv_ref,Augmented|LOOCV,,Ridge,42,LOOCV,Augmented,Thickness_mean,,,,9,9,9,OFAT,7.855,10.906659564439922
loocv_ref,Augmented|LOOCV,,Ridge,42,LOOCV,Augmented,Thickness_mean,,,,10,10,10,OFAT,2.8075,9.496201565735763
loocv_ref,Augmented|LOOCV,,Ridge,42,LOOCV,Augmented,Thickness_mean,,,,11,11,11,OFAT,7.7875,10.934779557805108
loocv_ref,Augmented|LOOCV,,Ridge,42,LOOCV,Augmented,Thickness_mean,,,,12,12,11,OFAT,9.105,10.754226162653932
loocv_ref,Augmented|LOOCV,,Ridge,42,LOOCV,Augmented,Thickness_mean,,,,13,13,12,OFAT,7.734999999999999,9.694566827338718
loocv_ref,Augmented|LOOCV,,Ridge,42,LOOCV,Augmented,Thickness_mean,,,,14,14,10,OFAT,6.8225,9.353400374178946
loocv_ref,Augmented|LOOCV,,Ridge,42,LOOCV,Augmented,Thickness_mean,,,,15,15,10,OFAT,14.995,9.062729704690001
loocv_ref,Augmented|LOOCV,,Ridge,42,LOOCV,Augmented,Thickness_mean,,,,16,16,13,OFAT,14.025,10.351275729047023
loocv_ref,Augmented|LOOCV,,Ridge,42,LOOCV,Augmented,Thickness_mean,,,,17,17,10,OFAT,9.0475,9.274263972880338
loocv_ref,Augmented|LOOCV,,Ridge,42,LOOCV,Augmented,Thickness_mean,,,,18,18,14,OFAT,22.225,21.23732291524891
loocv_ref,Augmented|LOOCV,,Ridge,42,LOOCV,Augmented,Thickness_mean,,,,19,19,14,OFAT,25.935,21.047600746480384
loocv_ref,Augmented|LOOCV,,Ridge,42,LOOCV,Augmented,Thickness_mean,,,,20,20,15,OFAT,7.03,5.77003395191622
loocv_ref,Augmented|LOOCV,,Ridge,42,LOOCV,Augmented,Thickness_mean,,,,21,21,16,OFAT,13.5325,10.010597759810507
loocv_ref,Augmented|LOOCV,,Ridge,42,LOOCV,Augmented,Thickness_mean,,,,22,22,14,OFAT,25.29,21.080584789298626
loocv_ref,Augmented|LOOCV,,Ridge,42,LOOCV,Augmented,Thickness_mean,,,,23,23,14,OFAT,21.965,21.250618808477967
loocv_ref,Augmented|LOOCV,,Ridge,42,LOOCV,Augmented,Thickness_mean,,,,24,24,14,OFAT,23.082500000000003,21.193472036618445
loocv_ref,Augmented|LOOCV,,Ridge,42,LOOCV,Augmented,Thickness_mean,,,,25,25,14,OFAT,21.262500000000003,21.28654328922188
loocv_ref,Augmented|LOOCV,,Ridge,42,LOOCV,Augmented,Thickness_mean,,,,26,26,17,OFAT,17.8275,17.84840772283657
loocv_ref,Augmented|LOOCV,,Ridge,42,LOOCV,Augmented,Thickness_mean,,,,27,27,17,OFAT,17.345,17.866275539506038
loocv_ref,Augmented|LOOCV,,Ridge,42,LOOCV,Augmented,Thickness_mean,,,,28,28,17,OFAT,24.4925,17.601591146459356
loocv_ref,Augmented|LOOCV,,Ridge,42,LOOCV,Augmented,Thickness_mean,,,,29,29,17,OFAT,17.695,17.853314428968602
loocv_ref,Augmented|LOOCV,,Ridge,42,LOOCV,Augmented,Thickness_mean,,,,30,30,17,OFAT,16.814999999999998,17.88590236403416
loocv_ref,Augmented|LOOCV,,Ridge,42,LOOCV,Augmented,Thickness_mean,,,,31,31,18,OFAT,14.9425,16.703745780974405
loocv_ref,Augmented|LOOCV,,Ridge,42,LOOCV,Augmented,Thickness_mean,,,,32,32,19,OFAT,9.9625,11.369677256799246
loocv_ref,Augmented|LOOCV,,Ridge,42,LOOCV,Augmented,Thickness_mean,,,,33,33,20,OFAT,4.855,6.0548576885704755
loocv_ref,Augmented|LOOCV,,Ridge,42,LOOCV,Augmented,Thickness_mean,,,,34,34,21,OFAT,1.2375,1.5377640660798644
loocv_ref,Augmented|LOOCV,,Ridge,42,LOOCV,Augmented,Thickness_mean,,,,35,35,22,OFAT,2.0275,2.4049959973193165
loocv_ref,Augmented|LOOCV,,Ridge,42,LOOCV,Augmented,Thickness_mean,,,,36,36,23,OFAT,3.535,4.138867267247898
loocv_ref,Augmented|LOOCV,,Ridge,42,LOOCV,Augmented,Thickness_mean,,,,37,37,20,OFAT,8.6425,5.874585682996997
loocv_ref,Augmented|LOOCV,,Ridge,42,LOOCV,Augmented,Thickness_mean,,,,38,38,19,OFAT,12.75,11.281571090910656
loocv_ref,Augmented|LOOCV,,Ridge,42,LOOCV,Augmented,Thickness_mean,,,,39,39,18,OFAT,16.965,16.63503764048508
loocv_ref,Augmented|LOOCV,,Ridge,42,LOOCV,Augmented,Thickness_mean,,,,40,40,19,OFAT,19.6525,11.063399679234973
loocv_ref,Augmented|LOOCV,,Ridge,42,LOOCV,Augmented,Thickness_mean,,,,41,41,19,OFAT,9.2675,11.391644534034246
loocv_ref,Augmented|LOOCV,,Ridge,42,LOOCV,Augmented,Thickness_mean,,,,42,44,26,DOE,5.285,5.633031811403905
loocv_ref,Augmented|LOOCV,,Ridge,42,LOOCV,Augmented,Thickness_mean,,,,43,45,27,DOE,29.6975,27.472171432115637
loocv_ref,Augmented|LOOCV,,Ridge,42,LOOCV,Augmented,Thickness_mean,,,,44,43,25,DOE,1.05,5.745216140081865
loocv_ref,Augmented|LOOCV,,Ridge,42,LOOCV,Augmented,Thickness_mean,,,,45,46,28,DOE,31.682500000000005,23.95814146571137
loocv_ref,Augmented|LOOCV,,Ridge,42,LOOCV,Augmented,Thickness_mean,,,,46,42,24,DOE,1.0625,4.066644866761235
loocv_ref,Augmented|LOOCV,,Ridge,42,LOOCV,Augmented,Thickness_mean,,,,47,49,31,DOE,25.6225,27.49887638186533
loocv_ref,Augmented|LOOCV,,Ridge,42,LOOCV,Augmented,Thickness_mean,,,,48,54,36,DOE,4.335,7.81570586913331
loocv_ref,Augmented|LOOCV,,Ridge,42,LOOCV,Augmented,Thickness_mean,,,,49,52,34,DOE,22.5,28.625652774076453
loocv_ref,Augmented|LOOCV,,Ridge,42,LOOCV,Augmented,Thickness_mean,,,,50,47,29,DOE,1.0525000000000002,5.598119439931418
loocv_ref,Augmented|LOOCV,,Ridge,42,LOOCV,Augmented,Thickness_mean,,,,51,51,33,DOE,1.1124999999999998,3.9530100147526053
loocv_ref,Augmented|LOOCV,,Ridge,42,LOOCV,Augmented,Thickness_mean,,,,52,53,35,DOE,1.285,4.220836017639881
loocv_ref,Augmented|LOOCV,,Ridge,42,LOOCV,Augmented,Thickness_mean,,,,53,56,38,DOE,21.8925,28.460103783629084
loocv_ref,Augmented|LOOCV,,Ridge,42,LOOCV,Augmented,Thickness_mean,,,,54,50,32,DOE,25.37,25.222286831660448
loocv_ref,Augmented|LOOCV,,Ridge,42,LOOCV,Augmented,Thickness_mean,,,,55,48,30,DOE,26.11,21.860011022834456
loocv_ref,Augmented|LOOCV,,Ridge,42,LOOCV,Augmented,Thickness_mean,,,,56,55,37,DOE,11.3,14.76395828446857
loocv_ref,Augmented|LOOCV,,Ridge,43,LOOCV,Augmented,Thickness_mean,,,,0,0,0,OFAT,36.34,16.320457846541007
loocv_ref,Augmented|LOOCV,,Ridge,43,LOOCV,Augmented,Thickness_mean,,,,1,1,1,OFAT,19.9225,20.55789208891946
loocv_ref,Augmented|LOOCV,,Ridge,43,LOOCV,Augmented,Thickness_mean,,,,2,2,2,OFAT,25.6625,19.412357439762232
loocv_ref,Augmented|LOOCV,,Ridge,43,LOOCV,Augmented,Thickness_mean,,,,3,3,3,OFAT,20.2075,19.123827142155957
loocv_ref,Augmented|LOOCV,,Ridge,43,LOOCV,Augmented,Thickness_mean,,,,4,4,4,OFAT,15.345,19.65156695816266
loocv_ref,Augmented|LOOCV,,Ridge,43,LOOCV,Augmented,Thickness_mean,,,,5,5,5,OFAT,14.265,19.785306463556896
loocv_ref,Augmented|LOOCV,,Ridge,43,LOOCV,Augmented,Thickness_mean,,,,6,6,6,OFAT,12.9225,20.985140143963317
loocv_ref,Augmented|LOOCV,,Ridge,43,LOOCV,Augmented,Thickness_mean,,,,7,7,7,OFAT,13.2775,18.167621580254384
loocv_ref,Augmented|LOOCV,,Ridge,43,LOOCV,Augmented,Thickness_mean,,,,8,8,8,OFAT,15.329999999999998,18.31554940442803
loocv_ref,Augmented|LOOCV,,Ridge,43,LOOCV,Augmented,Thickness_mean,,,,9,9,9,OFAT,7.855,10.906659564439922
loocv_ref,Augmented|LOOCV,,Ridge,43,LOOCV,Augmented,Thickness_mean,,,,10,10,10,OFAT,2.8075,9.496201565735763
loocv_ref,Augmented|LOOCV,,Ridge,43,LOOCV,Augmented,Thickness_mean,,,,11,11,11,OFAT,7.7875,10.934779557805108
loocv_ref,Augmented|LOOCV,,Ridge,43,LOOCV,Augmented,Thickness_mean,,,,12,12,11,OFAT,9.105,10.754226162653932
loocv_ref,Augmented|LOOCV,,Ridge,43,LOOCV,Augmented,Thickness_mean,,,,13,13,12,OFAT,7.734999999999999,9.694566827338718
loocv_ref,Augmented|LOOCV,,Ridge,43,LOOCV,Augmented,Thickness_mean,,,,14,14,10,OFAT,6.8225,9.353400374178946
loocv_ref,Augmented|LOOCV,,Ridge,43,LOOCV,Augmented,Thickness_mean,,,,15,15,10,OFAT,14.995,9.062729704690001
loocv_ref,Augmented|LOOCV,,Ridge,43,LOOCV,Augmented,Thickness_mean,,,,16,16,13,OFAT,14.025,10.351275729047023
loocv_ref,Augmented|LOOCV,,Ridge,43,LOOCV,Augmented,Thickness_mean,,,,17,17,10,OFAT,9.0475,9.274263972880338
loocv_ref,Augmented|LOOCV,,Ridge,43,LOOCV,Augmented,Thickness_mean,,,,18,18,14,OFAT,22.225,21.23732291524891
loocv_ref,Augmented|LOOCV,,Ridge,43,LOOCV,Augmented,Thickness_mean,,,,19,19,14,OFAT,25.935,21.047600746480384
loocv_ref,Augmented|LOOCV,,Ridge,43,LOOCV,Augmented,Thickness_mean,,,,20,20,15,OFAT,7.03,5.77003395191622
loocv_ref,Augmented|LOOCV,,Ridge,43,LOOCV,Augmented,Thickness_mean,,,,21,21,16,OFAT,13.5325,10.010597759810507
loocv_ref,Augmented|LOOCV,,Ridge,43,LOOCV,Augmented,Thickness_mean,,,,22,22,14,OFAT,25.29,21.080584789298626
loocv_ref,Augmented|LOOCV,,Ridge,43,LOOCV,Augmented,Thickness_mean,,,,23,23,14,OFAT,21.965,21.250618808477967
loocv_ref,Augmented|LOOCV,,Ridge,43,LOOCV,Augmented,Thickness_mean,,,,24,24,14,OFAT,23.082500000000003,21.193472036618445
loocv_ref,Augmented|LOOCV,,Ridge,43,LOOCV,Augmented,Thickness_mean,,,,25,25,14,OFAT,21.262500000000003,21.28654328922188
loocv_ref,Augmented|LOOCV,,Ridge,43,LOOCV,Augmented,Thickness_mean,,,,26,26,17,OFAT,17.8275,17.84840772283657
loocv_ref,Augmented|LOOCV,,Ridge,43,LOOCV,Augmented,Thickness_mean,,,,27,27,17,OFAT,17.345,17.866275539506038
loocv_ref,Augmented|LOOCV,,Ridge,43,LOOCV,Augmented,Thickness_mean,,,,28,28,17,OFAT,24.4925,17.601591146459356
loocv_ref,Augmented|LOOCV,,Ridge,43,LOOCV,Augmented,Thickness_mean,,,,29,29,17,OFAT,17.695,17.853314428968602
loocv_ref,Augmented|LOOCV,,Ridge,43,LOOCV,Augmented,Thickness_mean,,,,30,30,17,OFAT,16.814999999999998,17.88590236403416
loocv_ref,Augmented|LOOCV,,Ridge,43,LOOCV,Augmented,Thickness_mean,,,,31,31,18,OFAT,14.9425,16.703745780974405
loocv_ref,Augmented|LOOCV,,Ridge,43,LOOCV,Augmented,Thickness_mean,,,,32,32,19,OFAT,9.9625,11.369677256799246
loocv_ref,Augmented|LOOCV,,Ridge,43,LOOCV,Augmented,Thickness_mean,,,,33,33,20,OFAT,4.855,6.0548576885704755
loocv_ref,Augmented|LOOCV,,Ridge,43,LOOCV,Augmented,Thickness_mean,,,,34,34,21,OFAT,1.2375,1.5377640660798644
loocv_ref,Augmented|LOOCV,,Ridge,43,LOOCV,Augmented,Thickness_mean,,,,35,35,22,OFAT,2.0275,2.4049959973193165
loocv_ref,Augmented|LOOCV,,Ridge,43,LOOCV,Augmented,Thickness_mean,,,,36,36,23,OFAT,3.535,4.138867267247898
loocv_ref,Augmented|LOOCV,,Ridge,43,LOOCV,Augmented,Thickness_mean,,,,37,37,20,OFAT,8.6425,5.874585682996997
loocv_ref,Augmented|LOOCV,,Ridge,43,LOOCV,Augmented,Thickness_mean,,,,38,38,19,OFAT,12.75,11.281571090910656
loocv_ref,Augmented|LOOCV,,Ridge,43,LOOCV,Augmented,Thickness_mean,,,,39,39,18,OFAT,16.965,16.63503764048508
loocv_ref,Augmented|LOOCV,,Ridge,43,LOOCV,Augmented,Thickness_mean,,,,40,40,19,OFAT,19.6525,11.063399679234973
loocv_ref,Augmented|LOOCV,,Ridge,43,LOOCV,Augmented,Thickness_mean,,,,41,41,19,OFAT,9.2675,11.391644534034246
loocv_ref,Augmented|LOOCV,,Ridge,43,LOOCV,Augmented,Thickness_mean,,,,42,44,26,DOE,5.285,5.633031811403905
loocv_ref,Augmented|LOOCV,,Ridge,43,LOOCV,Augmented,Thickness_mean,,,,43,45,27,DOE,29.6975,25.57472763293176
loocv_ref,Augmented|LOOCV,,Ridge,43,LOOCV,Augmented,Thickness_mean,,,,44,43,25,DOE,1.05,5.745216140081865
loocv_ref,Augmented|LOOCV,,Ridge,43,LOOCV,Augmented,Thickness_mean,,,,45,46,28,DOE,31.682500000000005,24.55163864930269
loocv_ref,Augmented|LOOCV,,Ridge,43,LOOCV,Augmented,Thickness_mean,,,,46,42,24,DOE,1.0625,4.066644866761235
loocv_ref,Augmented|LOOCV,,Ridge,43,LOOCV,Augmented,Thickness_mean,,,,47,49,31,DOE,25.6225,27.49887638186533
loocv_ref,Augmented|LOOCV,,Ridge,43,LOOCV,Augmented,Thickness_mean,,,,48,54,36,DOE,4.335,7.81570586913331
loocv_ref,Augmented|LOOCV,,Ridge,43,LOOCV,Augmented,Thickness_mean,,,,49,52,34,DOE,22.5,28.625652774076453
loocv_ref,Augmented|LOOCV,,Ridge,43,LOOCV,Augmented,Thickness_mean,,,,50,47,29,DOE,1.0525000000000002,3.111565292441604
loocv_ref,Augmented|LOOCV,,Ridge,43,LOOCV,Augmented,Thickness_mean,,,,51,51,33,DOE,1.1124999999999998,1.8654775797303227
loocv_ref,Augmented|LOOCV,,Ridge,43,LOOCV,Augmented,Thickness_mean,,,,52,53,35,DOE,1.285,2.7820492962417127
loocv_ref,Augmented|LOOCV,,Ridge,43,LOOCV,Augmented,Thickness_mean,,,,53,56,38,DOE,21.8925,29.63297414582351
loocv_ref,Augmented|LOOCV,,Ridge,43,LOOCV,Augmented,Thickness_mean,,,,54,50,32,DOE,25.37,27.211276403218463
loocv_ref,Augmented|LOOCV,,Ridge,43,LOOCV,Augmented,Thickness_mean,,,,55,48,30,DOE,26.11,22.528275385777206
loocv_ref,Augmented|LOOCV,,Ridge,43,LOOCV,Augmented,Thickness_mean,,,,56,55,37,DOE,11.3,14.465638003471053
loocv_ref,Augmented|LOOCV,,Ridge,44,LOOCV,Augmented,Thickness_mean,,,,0,0,0,OFAT,36.34,16.319239058505694
loocv_ref,Augmented|LOOCV,,Ridge,44,LOOCV,Augmented,Thickness_mean,,,,1,1,1,OFAT,19.9225,20.55789208891946
loocv_ref,Augmented|LOOCV,,Ridge,44,LOOCV,Augmented,Thickness_mean,,,,2,2,2,OFAT,25.6625,19.412357439762232
loocv_ref,Augmented|LOOCV,,Ridge,44,LOOCV,Augmented,Thickness_mean,,,,3,3,3,OFAT,20.2075,19.187268967012365
loocv_ref,Augmented|LOOCV,,Ridge,44,LOOCV,Augmented,Thickness_mean,,,,4,4,4,OFAT,15.345,19.65156695816266
loocv_ref,Augmented|LOOCV,,Ridge,44,LOOCV,Augmented,Thickness_mean,,,,5,5,5,OFAT,14.265,19.859536933525714
loocv_ref,Augmented|LOOCV,,Ridge,44,LOOCV,Augmented,Thickness_mean,,,,6,6,6,OFAT,12.9225,21.29447599488228
loocv_ref,Augmented|LOOCV,,Ridge,44,LOOCV,Augmented,Thickness_mean,,,,7,7,7,OFAT,13.2775,18.21095915997538
loocv_ref,Augmented|LOOCV,,Ridge,44,LOOCV,Augmented,Thickness_mean,,,,8,8,8,OFAT,15.329999999999998,18.381790826813496
loocv_ref,Augmented|LOOCV,,Ridge,44,LOOCV,Augmented,Thickness_mean,,,,9,9,9,OFAT,7.855,10.675449971939805
loocv_ref,Augmented|LOOCV,,Ridge,44,LOOCV,Augmented,Thickness_mean,,,,10,10,10,OFAT,2.8075,9.322272407968853
loocv_ref,Augmented|LOOCV,,Ridge,44,LOOCV,Augmented,Thickness_mean,,,,11,11,11,OFAT,7.7875,10.88297311243075
loocv_ref,Augmented|LOOCV,,Ridge,44,LOOCV,Augmented,Thickness_mean,,,,12,12,11,OFAT,9.105,10.692611434860913
loocv_ref,Augmented|LOOCV,,Ridge,44,LOOCV,Augmented,Thickness_mean,,,,13,13,12,OFAT,7.734999999999999,9.551459892133877
loocv_ref,Augmented|LOOCV,,Ridge,44,LOOCV,Augmented,Thickness_mean,,,,14,14,10,OFAT,6.8225,9.177527355181958
loocv_ref,Augmented|LOOCV,,Ridge,44,LOOCV,Augmented,Thickness_mean,,,,15,15,10,OFAT,14.995,8.882899971894059
loocv_ref,Augmented|LOOCV,,Ridge,44,LOOCV,Augmented,Thickness_mean,,,,16,16,13,OFAT,14.025,10.222237646232145
loocv_ref,Augmented|LOOCV,,Ridge,44,LOOCV,Augmented,Thickness_mean,,,,17,17,10,OFAT,9.0475,9.097313720698562
loocv_ref,Augmented|LOOCV,,Ridge,44,LOOCV,Augmented,Thickness_mean,,,,18,18,14,OFAT,22.225,21.55436091421318
loocv_ref,Augmented|LOOCV,,Ridge,44,LOOCV,Augmented,Thickness_mean,,,,19,19,14,OFAT,25.935,21.36024440895195
loocv_ref,Augmented|LOOCV,,Ridge,44,LOOCV,Augmented,Thickness_mean,,,,20,20,15,OFAT,7.03,5.450535409364633
loocv_ref,Augmented|LOOCV,,Ridge,44,LOOCV,Augmented,Thickness_mean,,,,21,21,16,OFAT,13.5325,9.867424358031744
loocv_ref,Augmented|LOOCV,,Ridge,44,LOOCV,Augmented,Thickness_mean,,,,22,22,14,OFAT,25.29,21.393992426712998
loocv_ref,Augmented|LOOCV,,Ridge,44,LOOCV,Augmented,Thickness_mean,,,,23,23,14,OFAT,21.965,21.56796476633391
loocv_ref,Augmented|LOOCV,,Ridge,44,LOOCV,Augmented,Thickness_mean,,,,24,24,14,OFAT,23.082500000000003,21.509494363468836
loocv_ref,Augmented|LOOCV,,Ridge,44,LOOCV,Augmented,Thickness_mean,,,,25,25,14,OFAT,21.262500000000003,21.60472132831397
loocv_ref,Augmented|LOOCV,,Ridge,44,LOOCV,Augmented,Thickness_mean,,,,26,26,17,OFAT,17.8275,18.024382535481728
loocv_ref,Augmented|LOOCV,,Ridge,44,LOOCV,Augmented,Thickness_mean,,,,27,27,17,OFAT,17.345,18.042529547310632
loocv_ref,Augmented|LOOCV,,Ridge,44,LOOCV,Augmented,Thickness_mean,,,,28,28,17,OFAT,24.4925,17.77370930472597
loocv_ref,Augmented|LOOCV,,Ridge,44,LOOCV,Augmented,Thickness_mean,,,,29,29,17,OFAT,17.695,18.029365911787075
loocv_ref,Augmented|LOOCV,,Ridge,44,LOOCV,Augmented,Thickness_mean,,,,30,30,17,OFAT,16.814999999999998,18.06246305253202
loocv_ref,Augmented|LOOCV,,Ridge,44,LOOCV,Augmented,Thickness_mean,,,,31,31,18,OFAT,14.9425,16.83090232530021
loocv_ref,Augmented|LOOCV,,Ridge,44,LOOCV,Augmented,Thickness_mean,,,,32,32,19,OFAT,9.9625,11.277686089949622
loocv_ref,Augmented|LOOCV,,Ridge,44,LOOCV,Augmented,Thickness_mean,,,,33,33,20,OFAT,4.855,5.74475484585674
loocv_ref,Augmented|LOOCV,,Ridge,44,LOOCV,Augmented,Thickness_mean,,,,34,34,21,OFAT,1.2375,1.0426700074383177
loocv_ref,Augmented|LOOCV,,Ridge,44,LOOCV,Augmented,Thickness_mean,,,,35,35,22,OFAT,2.0275,1.9455551621113116
loocv_ref,Augmented|LOOCV,,Ridge,44,LOOCV,Augmented,Thickness_mean,,,,36,36,23,OFAT,3.535,3.7505655204827217
loocv_ref,Augmented|LOOCV,,Ridge,44,LOOCV,Augmented,Thickness_mean,,,,37,37,20,OFAT,8.6425,5.560799685030679
loocv_ref,Augmented|LOOCV,,Ridge,44,LOOCV,Augmented,Thickness_mean,,,,38,38,19,OFAT,12.75,11.281571090910656
loocv_ref,Augmented|LOOCV,,Ridge,44,LOOCV,Augmented,Thickness_mean,,,,39,39,18,OFAT,16.965,16.63503764048508
loocv_ref,Augmented|LOOCV,,Ridge,44,LOOCV,Augmented,Thickness_mean,,,,40,40,19,OFAT,19.6525,10.968239519469599
loocv_ref,Augmented|LOOCV,,Ridge,44,LOOCV,Augmented,Thickness_mean,,,,41,41,19,OFAT,9.2675,11.391644534034246
loocv_ref,Augmented|LOOCV,,Ridge,44,LOOCV,Augmented,Thickness_mean,,,,42,44,26,DOE,5.285,5.633031811403905
loocv_ref,Augmented|LOOCV,,Ridge,44,LOOCV,Augmented,Thickness_mean,,,,43,45,27,DOE,29.6975,27.472171432115637
loocv_ref,Augmented|LOOCV,,Ridge,44,LOOCV,Augmented,Thickness_mean,,,,44,43,25,DOE,1.05,4.02313184280294
loocv_ref,Augmented|LOOCV,,Ridge,44,LOOCV,Augmented,Thickness_mean,,,,45,46,28,DOE,31.682500000000005,24.55163864930269
loocv_ref,Augmented|LOOCV,,Ridge,44,LOOCV,Augmented,Thickness_mean,,,,46,42,24,DOE,1.0625,1.7521457194851457
loocv_ref,Augmented|LOOCV,,Ridge,44,LOOCV,Augmented,Thickness_mean,,,,47,49,31,DOE,25.6225,27.49887638186533
loocv_ref,Augmented|LOOCV,,Ridge,44,LOOCV,Augmented,Thickness_mean,,,,48,54,36,DOE,4.335,7.386258099840811
loocv_ref,Augmented|LOOCV,,Ridge,44,LOOCV,Augmented,Thickness_mean,,,,49,52,34,DOE,22.5,28.625652774076453
loocv_ref,Augmented|LOOCV,,Ridge,44,LOOCV,Augmented,Thickness_mean,,,,50,47,29,DOE,1.0525000000000002,4.013356875927325
loocv_ref,Augmented|LOOCV,,Ridge,44,LOOCV,Augmented,Thickness_mean,,,,51,51,33,DOE,1.1124999999999998,2.612037612957483
loocv_ref,Augmented|LOOCV,,Ridge,44,LOOCV,Augmented,Thickness_mean,,,,52,53,35,DOE,1.285,3.2604191596558696
loocv_ref,Augmented|LOOCV,,Ridge,44,LOOCV,Augmented,Thickness_mean,,,,53,56,38,DOE,21.8925,28.460103783629084
loocv_ref,Augmented|LOOCV,,Ridge,44,LOOCV,Augmented,Thickness_mean,,,,54,50,32,DOE,25.37,26.51481012379498
loocv_ref,Augmented|LOOCV,,Ridge,44,LOOCV,Augmented,Thickness_mean,,,,55,48,30,DOE,26.11,22.375147330062017
loocv_ref,Augmented|LOOCV,,Ridge,44,LOOCV,Augmented,Thickness_mean,,,,56,55,37,DOE,11.3,14.56310153615354
loocv_ref,Augmented|LOOCV,,Ridge,45,LOOCV,Augmented,Thickness_mean,,,,0,0,0,OFAT,36.34,16.316578958163284
loocv_ref,Augmented|LOOCV,,Ridge,45,LOOCV,Augmented,Thickness_mean,,,,1,1,1,OFAT,19.9225,20.55789208891946
loocv_ref,Augmented|LOOCV,,Ridge,45,LOOCV,Augmented,Thickness_mean,,,,2,2,2,OFAT,25.6625,19.412357439762232
loocv_ref,Augmented|LOOCV,,Ridge,45,LOOCV,Augmented,Thickness_mean,,,,3,3,3,OFAT,20.2075,18.917182864960864
loocv_ref,Augmented|LOOCV,,Ridge,45,LOOCV,Augmented,Thickness_mean,,,,4,4,4,OFAT,15.345,19.65156695816266
loocv_ref,Augmented|LOOCV,,Ridge,45,LOOCV,Augmented,Thickness_mean,,,,5,5,5,OFAT,14.265,19.785306463556896
loocv_ref,Augmented|LOOCV,,Ridge,45,LOOCV,Augmented,Thickness_mean,,,,6,6,6,OFAT,12.9225,20.23927776091434
loocv_ref,Augmented|LOOCV,,Ridge,45,LOOCV,Augmented,Thickness_mean,,,,7,7,7,OFAT,13.2775,17.980852374848418
loocv_ref,Augmented|LOOCV,,Ridge,45,LOOCV,Augmented,Thickness_mean,,,,8,8,8,OFAT,15.329999999999998,18.0819276583332
loocv_ref,Augmented|LOOCV,,Ridge,45,LOOCV,Augmented,Thickness_mean,,,,9,9,9,OFAT,7.855,11.487476400455908
loocv_ref,Augmented|LOOCV,,Ridge,45,LOOCV,Augmented,Thickness_mean,,,,10,10,10,OFAT,2.8075,9.967994848440114
loocv_ref,Augmented|LOOCV,,Ridge,45,LOOCV,Augmented,Thickness_mean,,,,11,11,11,OFAT,7.7875,11.13387534957625
loocv_ref,Augmented|LOOCV,,Ridge,45,LOOCV,Augmented,Thickness_mean,,,,12,12,11,OFAT,9.105,10.977691619595756
loocv_ref,Augmented|LOOCV,,Ridge,45,LOOCV,Augmented,Thickness_mean,,,,13,13,12,OFAT,7.734999999999999,10.098746934104955
loocv_ref,Augmented|LOOCV,,Ridge,45,LOOCV,Augmented,Thickness_mean,,,,14,14,10,OFAT,6.8225,9.830551385209667
loocv_ref,Augmented|LOOCV,,Ridge,45,LOOCV,Augmented,Thickness_mean,,,,15,15,10,OFAT,14.995,9.550786328360143
loocv_ref,Augmented|LOOCV,,Ridge,45,LOOCV,Augmented,Thickness_mean,,,,16,16,13,OFAT,14.025,10.702712641734324
loocv_ref,Augmented|LOOCV,,Ridge,45,LOOCV,Augmented,Thickness_mean,,,,17,17,10,OFAT,9.0475,9.75438408615917
loocv_ref,Augmented|LOOCV,,Ridge,45,LOOCV,Augmented,Thickness_mean,,,,18,18,14,OFAT,22.225,20.390232121406317
loocv_ref,Augmented|LOOCV,,Ridge,45,LOOCV,Augmented,Thickness_mean,,,,19,19,14,OFAT,25.935,20.2124376446002
loocv_ref,Augmented|LOOCV,,Ridge,45,LOOCV,Augmented,Thickness_mean,,,,20,20,15,OFAT,7.03,5.77003395191622
loocv_ref,Augmented|LOOCV,,Ridge,45,LOOCV,Augmented,Thickness_mean,,,,21,21,16,OFAT,13.5325,10.010597759810507
loocv_ref,Augmented|LOOCV,,Ridge,45,LOOCV,Augmented,Thickness_mean,,,,22,22,14,OFAT,25.29,21.080584789298626
loocv_ref,Augmented|LOOCV,,Ridge,45,LOOCV,Augmented,Thickness_mean,,,,23,23,14,OFAT,21.965,21.250618808477967
loocv_ref,Augmented|LOOCV,,Ridge,45,LOOCV,Augmented,Thickness_mean,,,,24,24,14,OFAT,23.082500000000003,21.193472036618445
loocv_ref,Augmented|LOOCV,,Ridge,45,LOOCV,Augmented,Thickness_mean,,,,25,25,14,OFAT,21.262500000000003,21.28654328922188
loocv_ref,Augmented|LOOCV,,Ridge,45,LOOCV,Augmented,Thickness_mean,,,,26,26,17,OFAT,17.8275,17.84840772283657
loocv_ref,Augmented|LOOCV,,Ridge,45,LOOCV,Augmented,Thickness_mean,,,,27,27,17,OFAT,17.345,17.866275539506038
loocv_ref,Augmented|LOOCV,,Ridge,45,LOOCV,Augmented,Thickness_mean,,,,28,28,17,OFAT,24.4925,17.601591146459356
loocv_ref,Augmented|LOOCV,,Ridge,45,LOOCV,Augmented,Thickness_mean,,,,29,29,17,OFAT,17.695,17.853314428968602
loocv_ref,Augmented|LOOCV,,Ridge,45,LOOCV,Augmented,Thickness_mean,,,,30,30,17,OFAT,16.814999999999998,17.88590236403416
loocv_ref,Augmented|LOOCV,,Ridge,45,LOOCV,Augmented,Thickness_mean,,,,31,31,18,OFAT,14.9425,16.703745780974405
loocv_ref,Augmented|LOOCV,,Ridge,45,LOOCV,Augmented,Thickness_mean,,,,32,32,19,OFAT,9.9625,11.369677256799246
loocv_ref,Augmented|LOOCV,,Ridge,45,LOOCV,Augmented,Thickness_mean,,,,33,33,20,OFAT,4.855,6.0548576885704755
loocv_ref,Augmented|LOOCV,,Ridge,45,LOOCV,Augmented,Thickness_mean,,,,34,34,21,OFAT,1.2375,1.5377640660798644
loocv_ref,Augmented|LOOCV,,Ridge,45,LOOCV,Augmented,Thickness_mean,,,,35,35,22,OFAT,2.0275,2.4049959973193165
loocv_ref,Augmented|LOOCV,,Ridge,45,LOOCV,Augmented,Thickness_mean,,,,36,36,23,OFAT,3.535,4.138867267247898
loocv_ref,Augmented|LOOCV,,Ridge,45,LOOCV,Augmented,Thickness_mean,,,,37,37,20,OFAT,8.6425,5.874585682996997
loocv_ref,Augmented|LOOCV,,Ridge,45,LOOCV,Augmented,Thickness_mean,,,,38,38,19,OFAT,12.75,11.281571090910656
loocv_ref,Augmented|LOOCV,,Ridge,45,LOOCV,Augmented,Thickness_mean,,,,39,39,18,OFAT,16.965,16.63503764048508
loocv_ref,Augmented|LOOCV,,Ridge,45,LOOCV,Augmented,Thickness_mean,,,,40,40,19,OFAT,19.6525,11.063399679234973
loocv_ref,Augmented|LOOCV,,Ridge,45,LOOCV,Augmented,Thickness_mean,,,,41,41,19,OFAT,9.2675,11.391644534034246
loocv_ref,Augmented|LOOCV,,Ridge,45,LOOCV,Augmented,Thickness_mean,,,,42,44,26,DOE,5.285,6.8783522632272165
loocv_ref,Augmented|LOOCV,,Ridge,45,LOOCV,Augmented,Thickness_mean,,,,43,45,27,DOE,29.6975,27.472171432115637
loocv_ref,Augmented|LOOCV,,Ridge,45,LOOCV,Augmented,Thickness_mean,,,,44,43,25,DOE,1.05,4.482064977715671
loocv_ref,Augmented|LOOCV,,Ridge,45,LOOCV,Augmented,Thickness_mean,,,,45,46,28,DOE,31.682500000000005,23.95814146571137
loocv_ref,Augmented|LOOCV,,Ridge,45,LOOCV,Augmented,Thickness_mean,,,,46,42,24,DOE,1.0625,4.066644866761235
loocv_ref,Augmented|LOOCV,,Ridge,45,LOOCV,Augmented,Thickness_mean,,,,47,49,31,DOE,25.6225,27.49887638186533
loocv_ref,Augmented|LOOCV,,Ridge,45,LOOCV,Augmented,Thickness_mean,,,,48,54,36,DOE,4.335,7.386258099840811
loocv_ref,Augmented|LOOCV,,Ridge,45,LOOCV,Augmented,Thickness_mean,,,,49,52,34,DOE,22.5,28.625652774076453
loocv_ref,Augmented|LOOCV,,Ridge,45,LOOCV,Augmented,Thickness_mean,,,,50,47,29,DOE,1.0525000000000002,4.013356875927325
loocv_ref,Augmented|LOOCV,,Ridge,45,LOOCV,Augmented,Thickness_mean,,,,51,51,33,DOE,1.1124999999999998,2.612037612957483
loocv_ref,Augmented|LOOCV,,Ridge,45,LOOCV,Augmented,Thickness_mean,,,,52,53,35,DOE,1.285,3.2604191596558696
loocv_ref,Augmented|LOOCV,,Ridge,45,LOOCV,Augmented,Thickness_mean,,,,53,56,38,DOE,21.8925,28.460103783629084
loocv_ref,Augmented|LOOCV,,Ridge,45,LOOCV,Augmented,Thickness_mean,,,,54,50,32,DOE,25.37,26.51481012379498
loocv_ref,Augmented|LOOCV,,Ridge,45,LOOCV,Augmented,Thickness_mean,,,,55,48,30,DOE,26.11,22.375147330062017
loocv_ref,Augmented|LOOCV,,Ridge,45,LOOCV,Augmented,Thickness_mean,,,,56,55,37,DOE,11.3,14.56310153615354
loocv_ref,Augmented|LOOCV,,Ridge,46,LOOCV,Augmented,Thickness_mean,,,,0,0,0,OFAT,36.34,16.316578958163284
loocv_ref,Augmented|LOOCV,,Ridge,46,LOOCV,Augmented,Thickness_mean,,,,1,1,1,OFAT,19.9225,19.94799297210831
loocv_ref,Augmented|LOOCV,,Ridge,46,LOOCV,Augmented,Thickness_mean,,,,2,2,2,OFAT,25.6625,19.04196214174722
loocv_ref,Augmented|LOOCV,,Ridge,46,LOOCV,Augmented,Thickness_mean,,,,3,3,3,OFAT,20.2075,18.917182864960864
loocv_ref,Augmented|LOOCV,,Ridge,46,LOOCV,Augmented,Thickness_mean,,,,4,4,4,OFAT,15.345,19.65156695816266
loocv_ref,Augmented|LOOCV,,Ridge,46,LOOCV,Augmented,Thickness_mean,,,,5,5,5,OFAT,14.265,19.785306463556896
loocv_ref,Augmented|LOOCV,,Ridge,46,LOOCV,Augmented,Thickness_mean,,,,6,6,6,OFAT,12.9225,20.23927776091434
loocv_ref,Augmented|LOOCV,,Ridge,46,LOOCV,Augmented,Thickness_mean,,,,7,7,7,OFAT,13.2775,18.167621580254384
loocv_ref,Augmented|LOOCV,,Ridge,46,LOOCV,Augmented,Thickness_mean,,,,8,8,8,OFAT,15.329999999999998,18.31554940442803
loocv_ref,Augmented|LOOCV,,Ridge,46,LOOCV,Augmented,Thickness_mean,,,,9,9,9,OFAT,7.855,10.906659564439922
loocv_ref,Augmented|LOOCV,,Ridge,46,LOOCV,Augmented,Thickness_mean,,,,10,10,10,OFAT,2.8075,9.496201565735763
loocv_ref,Augmented|LOOCV,,Ridge,46,LOOCV,Augmented,Thickness_mean,,,,11,11,11,OFAT,7.7875,10.934779557805108
loocv_ref,Augmented|LOOCV,,Ridge,46,LOOCV,Augmented,Thickness_mean,,,,12,12,11,OFAT,9.105,10.754226162653932
loocv_ref,Augmented|LOOCV,,Ridge,46,LOOCV,Augmented,Thickness_mean,,,,13,13,12,OFAT,7.734999999999999,9.694566827338718
loocv_ref,Augmented|LOOCV,,Ridge,46,LOOCV,Augmented,Thickness_mean,,,,14,14,10,OFAT,6.8225,9.353400374178946
loocv_ref,Augmented|LOOCV,,Ridge,46,LOOCV,Augmented,Thickness_mean,,,,15,15,10,OFAT,14.995,9.062729704690001
loocv_ref,Augmented|LOOCV,,Ridge,46,LOOCV,Augmented,Thickness_mean,,,,16,16,13,OFAT,14.025,10.351275729047023
loocv_ref,Augmented|LOOCV,,Ridge,46,LOOCV,Augmented,Thickness_mean,,,,17,17,10,OFAT,9.0475,9.274263972880338
loocv_ref,Augmented|LOOCV,,Ridge,46,LOOCV,Augmented,Thickness_mean,,,,18,18,14,OFAT,22.225,21.23732291524891
loocv_ref,Augmented|LOOCV,,Ridge,46,LOOCV,Augmented,Thickness_mean,,,,19,19,14,OFAT,25.935,21.047600746480384
loocv_ref,Augmented|LOOCV,,Ridge,46,LOOCV,Augmented,Thickness_mean,,,,20,20,15,OFAT,7.03,5.77003395191622
loocv_ref,Augmented|LOOCV,,Ridge,46,LOOCV,Augmented,Thickness_mean,,,,21,21,16,OFAT,13.5325,10.010597759810507
loocv_ref,Augmented|LOOCV,,Ridge,46,LOOCV,Augmented,Thickness_mean,,,,22,22,14,OFAT,25.29,21.080584789298626
loocv_ref,Augmented|LOOCV,,Ridge,46,LOOCV,Augmented,Thickness_mean,,,,23,23,14,OFAT,21.965,21.250618808477967
loocv_ref,Augmented|LOOCV,,Ridge,46,LOOCV,Augmented,Thickness_mean,,,,24,24,14,OFAT,23.082500000000003,21.193472036618445
loocv_ref,Augmented|LOOCV,,Ridge,46,LOOCV,Augmented,Thickness_mean,,,,25,25,14,OFAT,21.262500000000003,21.28654328922188
loocv_ref,Augmented|LOOCV,,Ridge,46,LOOCV,Augmented,Thickness_mean,,,,26,26,17,OFAT,17.8275,17.84840772283657
loocv_ref,Augmented|LOOCV,,Ridge,46,LOOCV,Augmented,Thickness_mean,,,,27,27,17,OFAT,17.345,17.866275539506038
loocv_ref,Augmented|LOOCV,,Ridge,46,LOOCV,Augmented,Thickness_mean,,,,28,28,17,OFAT,24.4925,17.601591146459356
loocv_ref,Augmented|LOOCV,,Ridge,46,LOOCV,Augmented,Thickness_mean,,,,29,29,17,OFAT,17.695,17.853314428968602
loocv_ref,Augmented|LOOCV,,Ridge,46,LOOCV,Augmented,Thickness_mean,,,,30,30,17,OFAT,16.814999999999998,17.88590236403416
loocv_ref,Augmented|LOOCV,,Ridge,46,LOOCV,Augmented,Thickness_mean,,,,31,31,18,OFAT,14.9425,16.703745780974405
loocv_ref,Augmented|LOOCV,,Ridge,46,LOOCV,Augmented,Thickness_mean,,,,32,32,19,OFAT,9.9625,11.369677256799246
loocv_ref,Augmented|LOOCV,,Ridge,46,LOOCV,Augmented,Thickness_mean,,,,33,33,20,OFAT,4.855,6.0548576885704755
loocv_ref,Augmented|LOOCV,,Ridge,46,LOOCV,Augmented,Thickness_mean,,,,34,34,21,OFAT,1.2375,1.5377640660798644
loocv_ref,Augmented|LOOCV,,Ridge,46,LOOCV,Augmented,Thickness_mean,,,,35,35,22,OFAT,2.0275,2.4049959973193165
loocv_ref,Augmented|LOOCV,,Ridge,46,LOOCV,Augmented,Thickness_mean,,,,36,36,23,OFAT,3.535,4.138867267247898
loocv_ref,Augmented|LOOCV,,Ridge,46,LOOCV,Augmented,Thickness_mean,,,,37,37,20,OFAT,8.6425,5.874585682996997
loocv_ref,Augmented|LOOCV,,Ridge,46,LOOCV,Augmented,Thickness_mean,,,,38,38,19,OFAT,12.75,11.281571090910656
loocv_ref,Augmented|LOOCV,,Ridge,46,LOOCV,Augmented,Thickness_mean,,,,39,39,18,OFAT,16.965,16.63503764048508
loocv_ref,Augmented|LOOCV,,Ridge,46,LOOCV,Augmented,Thickness_mean,,,,40,40,19,OFAT,19.6525,11.063399679234973
loocv_ref,Augmented|LOOCV,,Ridge,46,LOOCV,Augmented,Thickness_mean,,,,41,41,19,OFAT,9.2675,11.391644534034246
loocv_ref,Augmented|LOOCV,,Ridge,46,LOOCV,Augmented,Thickness_mean,,,,42,44,26,DOE,5.285,5.633031811403905
loocv_ref,Augmented|LOOCV,,Ridge,46,LOOCV,Augmented,Thickness_mean,,,,43,45,27,DOE,29.6975,27.472171432115637
loocv_ref,Augmented|LOOCV,,Ridge,46,LOOCV,Augmented,Thickness_mean,,,,44,43,25,DOE,1.05,4.482064977715671
loocv_ref,Augmented|LOOCV,,Ridge,46,LOOCV,Augmented,Thickness_mean,,,,45,46,28,DOE,31.682500000000005,24.55163864930269
loocv_ref,Augmented|LOOCV,,Ridge,46,LOOCV,Augmented,Thickness_mean,,,,46,42,24,DOE,1.0625,1.7521457194851457
loocv_ref,Augmented|LOOCV,,Ridge,46,LOOCV,Augmented,Thickness_mean,,,,47,49,31,DOE,25.6225,27.49887638186533
loocv_ref,Augmented|LOOCV,,Ridge,46,LOOCV,Augmented,Thickness_mean,,,,48,54,36,DOE,4.335,7.271567715317276
loocv_ref,Augmented|LOOCV,,Ridge,46,LOOCV,Augmented,Thickness_mean,,,,49,52,34,DOE,22.5,29.21371600403828
loocv_ref,Augmented|LOOCV,,Ridge,46,LOOCV,Augmented,Thickness_mean,,,,50,47,29,DOE,1.0525000000000002,3.4104076793206133
loocv_ref,Augmented|LOOCV,,Ridge,46,LOOCV,Augmented,Thickness_mean,,,,51,51,33,DOE,1.1124999999999998,2.111810887004914
loocv_ref,Augmented|LOOCV,,Ridge,46,LOOCV,Augmented,Thickness_mean,,,,52,53,35,DOE,1.285,2.934752257848494
loocv_ref,Augmented|LOOCV,,Ridge,46,LOOCV,Augmented,Thickness_mean,,,,53,56,38,DOE,21.8925,29.63297414582351
loocv_ref,Augmented|LOOCV,,Ridge,46,LOOCV,Augmented,Thickness_mean,,,,54,50,32,DOE,25.37,27.211276403218463
loocv_ref,Augmented|LOOCV,,Ridge,46,LOOCV,Augmented,Thickness_mean,,,,55,48,30,DOE,26.11,22.594368736274618
loocv_ref,Augmented|LOOCV,,Ridge,46,LOOCV,Augmented,Thickness_mean,,,,56,55,37,DOE,11.3,14.412492473024038
loocv_ref,Augmented|LOOCV,,Ridge,47,LOOCV,Augmented,Thickness_mean,,,,0,0,0,OFAT,36.34,16.30772745445049
loocv_ref,Augmented|LOOCV,,Ridge,47,LOOCV,Augmented,Thickness_mean,,,,1,1,1,OFAT,19.9225,20.55789208891946
loocv_ref,Augmented|LOOCV,,Ridge,47,LOOCV,Augmented,Thickness_mean,,,,2,2,2,OFAT,25.6625,19.552266314585523
loocv_ref,Augmented|LOOCV,,Ridge,47,LOOCV,Augmented,Thickness_mean,,,,3,3,3,OFAT,20.2075,19.206907759218268
loocv_ref,Augmented|LOOCV,,Ridge,47,LOOCV,Augmented,Thickness_mean,,,,4,4,4,OFAT,15.345,19.75546093644562
loocv_ref,Augmented|LOOCV,,Ridge,47,LOOCV,Augmented,Thickness_mean,,,,5,5,5,OFAT,14.265,19.892292827400706
loocv_ref,Augmented|LOOCV,,Ridge,47,LOOCV,Augmented,Thickness_mean,,,,6,6,6,OFAT,12.9225,21.455076703246718
loocv_ref,Augmented|LOOCV,,Ridge,47,LOOCV,Augmented,Thickness_mean,,,,7,7,7,OFAT,13.2775,18.221795674487932
loocv_ref,Augmented|LOOCV,,Ridge,47,LOOCV,Augmented,Thickness_mean,,,,8,8,8,OFAT,15.329999999999998,18.40694743541078
loocv_ref,Augmented|LOOCV,,Ridge,47,LOOCV,Augmented,Thickness_mean,,,,9,9,9,OFAT,7.855,10.675449971939805
loocv_ref,Augmented|LOOCV,,Ridge,47,LOOCV,Augmented,Thickness_mean,,,,10,10,10,OFAT,2.8075,9.245599645949177
loocv_ref,Augmented|LOOCV,,Ridge,47,LOOCV,Augmented,Thickness_mean,,,,11,11,11,OFAT,7.7875,10.862644530771936
loocv_ref,Augmented|LOOCV,,Ridge,47,LOOCV,Augmented,Thickness_mean,,,,12,12,11,OFAT,9.105,10.667296385136526
loocv_ref,Augmented|LOOCV,,Ridge,47,LOOCV,Augmented,Thickness_mean,,,,13,13,12,OFAT,7.734999999999999,9.482654824413567
loocv_ref,Augmented|LOOCV,,Ridge,47,LOOCV,Augmented,Thickness_mean,,,,14,14,10,OFAT,6.8225,9.091308258301783
loocv_ref,Augmented|LOOCV,,Ridge,47,LOOCV,Augmented,Thickness_mean,,,,15,15,10,OFAT,14.995,8.7947522307861
loocv_ref,Augmented|LOOCV,,Ridge,47,LOOCV,Augmented,Thickness_mean,,,,16,16,13,OFAT,14.025,10.159060039941949
loocv_ref,Augmented|LOOCV,,Ridge,47,LOOCV,Augmented,Thickness_mean,,,,17,17,10,OFAT,9.0475,9.010569541725168
loocv_ref,Augmented|LOOCV,,Ridge,47,LOOCV,Augmented,Thickness_mean,,,,18,18,14,OFAT,22.225,21.710573431189378
loocv_ref,Augmented|LOOCV,,Ridge,47,LOOCV,Augmented,Thickness_mean,,,,19,19,14,OFAT,25.935,21.514304084931275
loocv_ref,Augmented|LOOCV,,Ridge,47,LOOCV,Augmented,Thickness_mean,,,,20,20,15,OFAT,7.03,5.293697718953
loocv_ref,Augmented|LOOCV,,Ridge,47,LOOCV,Augmented,Thickness_mean,,,,21,21,16,OFAT,13.5325,9.79729602897958
loocv_ref,Augmented|LOOCV,,Ridge,47,LOOCV,Augmented,Thickness_mean,,,,22,22,14,OFAT,25.29,21.54842638367426
loocv_ref,Augmented|LOOCV,,Ridge,47,LOOCV,Augmented,Thickness_mean,,,,23,23,14,OFAT,21.965,21.724328156264065
loocv_ref,Augmented|LOOCV,,Ridge,47,LOOCV,Augmented,Thickness_mean,,,,24,24,14,OFAT,23.082500000000003,21.665209289837268
loocv_ref,Augmented|LOOCV,,Ridge,47,LOOCV,Augmented,Thickness_mean,,,,25,25,14,OFAT,21.262500000000003,21.761492365360112
loocv_ref,Augmented|LOOCV,,Ridge,47,LOOCV,Augmented,Thickness_mean,,,,26,26,17,OFAT,17.8275,18.11118848458825
loocv_ref,Augmented|LOOCV,,Ridge,47,LOOCV,Augmented,Thickness_mean,,,,27,27,17,OFAT,17.345,18.129471518853276
loocv_ref,Augmented|LOOCV,,Ridge,47,LOOCV,Augmented,Thickness_mean,,,,28,28,17,OFAT,24.4925,17.858636311787432
loocv_ref,Augmented|LOOCV,,Ridge,47,LOOCV,Augmented,Thickness_mean,,,,29,29,17,OFAT,17.695,18.11620921420507
loocv_ref,Augmented|LOOCV,,Ridge,47,LOOCV,Augmented,Thickness_mean,,,,30,30,17,OFAT,16.814999999999998,18.14955443732056
loocv_ref,Augmented|LOOCV,,Ridge,47,LOOCV,Augmented,Thickness_mean,,,,31,31,18,OFAT,14.9425,16.893691923989685
loocv_ref,Augmented|LOOCV,,Ridge,47,LOOCV,Augmented,Thickness_mean,,,,32,32,19,OFAT,9.9625,11.232712807140569
loocv_ref,Augmented|LOOCV,,Ridge,47,LOOCV,Augmented,Thickness_mean,,,,33,33,20,OFAT,4.855,5.592534609793125
loocv_ref,Augmented|LOOCV,,Ridge,47,LOOCV,Augmented,Thickness_mean,,,,34,34,21,OFAT,1.2375,0.7994566278003354
loocv_ref,Augmented|LOOCV,,Ridge,47,LOOCV,Augmented,Thickness_mean,,,,35,35,22,OFAT,2.0275,1.719882958305023
loocv_ref,Augmented|LOOCV,,Ridge,47,LOOCV,Augmented,Thickness_mean,,,,36,36,23,OFAT,3.535,3.559887010229927
loocv_ref,Augmented|LOOCV,,Ridge,47,LOOCV,Augmented,Thickness_mean,,,,37,37,20,OFAT,8.6425,5.406773325324648
loocv_ref,Augmented|LOOCV,,Ridge,47,LOOCV,Augmented,Thickness_mean,,,,38,38,19,OFAT,12.75,11.143253429095772
loocv_ref,Augmented|LOOCV,,Ridge,47,LOOCV,Augmented,Thickness_mean,,,,39,39,18,OFAT,16.965,16.82364365927807
loocv_ref,Augmented|LOOCV,,Ridge,47,LOOCV,Augmented,Thickness_mean,,,,40,40,19,OFAT,19.6525,10.921731148574086
loocv_ref,Augmented|LOOCV,,Ridge,47,LOOCV,Augmented,Thickness_mean,,,,41,41,19,OFAT,9.2675,11.255017477182227
loocv_ref,Augmented|LOOCV,,Ridge,47,LOOCV,Augmented,Thickness_mean,,,,42,44,26,DOE,5.285,5.633031811403905
loocv_ref,Augmented|LOOCV,,Ridge,47,LOOCV,Augmented,Thickness_mean,,,,43,45,27,DOE,29.6975,27.472171432115637
loocv_ref,Augmented|LOOCV,,Ridge,47,LOOCV,Augmented,Thickness_mean,,,,44,43,25,DOE,1.05,4.482064977715671
loocv_ref,Augmented|LOOCV,,Ridge,47,LOOCV,Augmented,Thickness_mean,,,,45,46,28,DOE,31.682500000000005,24.55163864930269
loocv_ref,Augmented|LOOCV,,Ridge,47,LOOCV,Augmented,Thickness_mean,,,,46,42,24,DOE,1.0625,1.7521457194851457
loocv_ref,Augmented|LOOCV,,Ridge,47,LOOCV,Augmented,Thickness_mean,,,,47,49,31,DOE,25.6225,27.49887638186533
loocv_ref,Augmented|LOOCV,,Ridge,47,LOOCV,Augmented,Thickness_mean,,,,48,54,36,DOE,4.335,7.386258099840811
loocv_ref,Augmented|LOOCV,,Ridge,47,LOOCV,Augmented,Thickness_mean,,,,49,52,34,DOE,22.5,28.625652774076453
loocv_ref,Augmented|LOOCV,,Ridge,47,LOOCV,Augmented,Thickness_mean,,,,50,47,29,DOE,1.0525000000000002,4.013356875927325
loocv_ref,Augmented|LOOCV,,Ridge,47,LOOCV,Augmented,Thickness_mean,,,,51,51,33,DOE,1.1124999999999998,2.612037612957483
loocv_ref,Augmented|LOOCV,,Ridge,47,LOOCV,Augmented,Thickness_mean,,,,52,53,35,DOE,1.285,3.2604191596558696
loocv_ref,Augmented|LOOCV,,Ridge,47,LOOCV,Augmented,Thickness_mean,,,,53,56,38,DOE,21.8925,28.460103783629084
loocv_ref,Augmented|LOOCV,,Ridge,47,LOOCV,Augmented,Thickness_mean,,,,54,50,32,DOE,25.37,26.51481012379498
loocv_ref,Augmented|LOOCV,,Ridge,47,LOOCV,Augmented,Thickness_mean,,,,55,48,30,DOE,26.11,22.375147330062017
loocv_ref,Augmented|LOOCV,,Ridge,47,LOOCV,Augmented,Thickness_mean,,,,56,55,37,DOE,11.3,14.56310153615354
loocv_ref,Augmented|LOOCV,,Ridge,48,LOOCV,Augmented,Thickness_mean,,,,0,0,0,OFAT,36.34,16.30772745445049
loocv_ref,Augmented|LOOCV,,Ridge,48,LOOCV,Augmented,Thickness_mean,,,,1,1,1,OFAT,19.9225,20.8077424916251
loocv_ref,Augmented|LOOCV,,Ridge,48,LOOCV,Augmented,Thickness_mean,,,,2,2,2,OFAT,25.6625,19.59962572305623
loocv_ref,Augmented|LOOCV,,Ridge,48,LOOCV,Augmented,Thickness_mean,,,,3,3,3,OFAT,20.2075,19.215876324759716
loocv_ref,Augmented|LOOCV,,Ridge,48,LOOCV,Augmented,Thickness_mean,,,,4,4,4,OFAT,15.345,19.723448427129995
loocv_ref,Augmented|LOOCV,,Ridge,48,LOOCV,Augmented,Thickness_mean,,,,5,5,5,OFAT,14.265,19.859536933525714
loocv_ref,Augmented|LOOCV,,Ridge,48,LOOCV,Augmented,Thickness_mean,,,,6,6,6,OFAT,12.9225,21.455076703246718
loocv_ref,Augmented|LOOCV,,Ridge,48,LOOCV,Augmented,Thickness_mean,,,,7,7,7,OFAT,13.2775,18.226222161657216
loocv_ref,Augmented|LOOCV,,Ridge,48,LOOCV,Augmented,Thickness_mean,,,,8,8,8,OFAT,15.329999999999998,18.409604059212445
loocv_ref,Augmented|LOOCV,,Ridge,48,LOOCV,Augmented,Thickness_mean,,,,9,9,9,OFAT,7.855,10.55835568808647
loocv_ref,Augmented|LOOCV,,Ridge,48,LOOCV,Augmented,Thickness_mean,,,,10,10,10,OFAT,2.8075,9.237000818775991
loocv_ref,Augmented|LOOCV,,Ridge,48,LOOCV,Augmented,Thickness_mean,,,,11,11,11,OFAT,7.7875,10.862644530771936
loocv_ref,Augmented|LOOCV,,Ridge,48,LOOCV,Augmented,Thickness_mean,,,,12,12,11,OFAT,9.105,10.667296385136526
loocv_ref,Augmented|LOOCV,,Ridge,48,LOOCV,Augmented,Thickness_mean,,,,13,13,12,OFAT,7.734999999999999,9.482654824413567
loocv_ref,Augmented|LOOCV,,Ridge,48,LOOCV,Augmented,Thickness_mean,,,,14,14,10,OFAT,6.8225,9.091308258301783
loocv_ref,Augmented|LOOCV,,Ridge,48,LOOCV,Augmented,Thickness_mean,,,,15,15,10,OFAT,14.995,8.7947522307861
loocv_ref,Augmented|LOOCV,,Ridge,48,LOOCV,Augmented,Thickness_mean,,,,16,16,13,OFAT,14.025,10.159060039941949
loocv_ref,Augmented|LOOCV,,Ridge,48,LOOCV,Augmented,Thickness_mean,,,,17,17,10,OFAT,9.0475,9.010569541725168
loocv_ref,Augmented|LOOCV,,Ridge,48,LOOCV,Augmented,Thickness_mean,,,,18,18,14,OFAT,22.225,21.710573431189378
loocv_ref,Augmented|LOOCV,,Ridge,48,LOOCV,Augmented,Thickness_mean,,,,19,19,14,OFAT,25.935,21.514304084931275
loocv_ref,Augmented|LOOCV,,Ridge,48,LOOCV,Augmented,Thickness_mean,,,,20,20,15,OFAT,7.03,5.293697718953
loocv_ref,Augmented|LOOCV,,Ridge,48,LOOCV,Augmented,Thickness_mean,,,,21,21,16,OFAT,13.5325,9.79729602897958
loocv_ref,Augmented|LOOCV,,Ridge,48,LOOCV,Augmented,Thickness_mean,,,,22,22,14,OFAT,25.29,21.54842638367426
loocv_ref,Augmented|LOOCV,,Ridge,48,LOOCV,Augmented,Thickness_mean,,,,23,23,14,OFAT,21.965,21.724328156264065
loocv_ref,Augmented|LOOCV,,Ridge,48,LOOCV,Augmented,Thickness_mean,,,,24,24,14,OFAT,23.082500000000003,21.665209289837268
loocv_ref,Augmented|LOOCV,,Ridge,48,LOOCV,Augmented,Thickness_mean,,,,25,25,14,OFAT,21.262500000000003,21.761492365360112
loocv_ref,Augmented|LOOCV,,Ridge,48,LOOCV,Augmented,Thickness_mean,,,,26,26,17,OFAT,17.8275,18.11118848458825
loocv_ref,Augmented|LOOCV,,Ridge,48,LOOCV,Augmented,Thickness_mean,,,,27,27,17,OFAT,17.345,18.129471518853276
loocv_ref,Augmented|LOOCV,,Ridge,48,LOOCV,Augmented,Thickness_mean,,,,28,28,17,OFAT,24.4925,17.858636311787432
loocv_ref,Augmented|LOOCV,,Ridge,48,LOOCV,Augmented,Thickness_mean,,,,29,29,17,OFAT,17.695,18.11620921420507
loocv_ref,Augmented|LOOCV,,Ridge,48,LOOCV,Augmented,Thickness_mean,,,,30,30,17,OFAT,16.814999999999998,18.14955443732056
loocv_ref,Augmented|LOOCV,,Ridge,48,LOOCV,Augmented,Thickness_mean,,,,31,31,18,OFAT,14.9425,16.893691923989685
loocv_ref,Augmented|LOOCV,,Ridge,48,LOOCV,Augmented,Thickness_mean,,,,32,32,19,OFAT,9.9625,11.232712807140569
loocv_ref,Augmented|LOOCV,,Ridge,48,LOOCV,Augmented,Thickness_mean,,,,33,33,20,OFAT,4.855,5.592534609793125
loocv_ref,Augmented|LOOCV,,Ridge,48,LOOCV,Augmented,Thickness_mean,,,,34,34,21,OFAT,1.2375,0.7994566278003354
loocv_ref,Augmented|LOOCV,,Ridge,48,LOOCV,Augmented,Thickness_mean,,,,35,35,22,OFAT,2.0275,1.719882958305023
loocv_ref,Augmented|LOOCV,,Ridge,48,LOOCV,Augmented,Thickness_mean,,,,36,36,23,OFAT,3.535,3.559887010229927
loocv_ref,Augmented|LOOCV,,Ridge,48,LOOCV,Augmented,Thickness_mean,,,,37,37,20,OFAT,8.6425,5.406773325324648
loocv_ref,Augmented|LOOCV,,Ridge,48,LOOCV,Augmented,Thickness_mean,,,,38,38,19,OFAT,12.75,11.143253429095772
loocv_ref,Augmented|LOOCV,,Ridge,48,LOOCV,Augmented,Thickness_mean,,,,39,39,18,OFAT,16.965,16.82364365927807
loocv_ref,Augmented|LOOCV,,Ridge,48,LOOCV,Augmented,Thickness_mean,,,,40,40,19,OFAT,19.6525,10.921731148574086
loocv_ref,Augmented|LOOCV,,Ridge,48,LOOCV,Augmented,Thickness_mean,,,,41,41,19,OFAT,9.2675,11.255017477182227
loocv_ref,Augmented|LOOCV,,Ridge,48,LOOCV,Augmented,Thickness_mean,,,,42,44,26,DOE,5.285,4.8628224201459584
loocv_ref,Augmented|LOOCV,,Ridge,48,LOOCV,Augmented,Thickness_mean,,,,43,45,27,DOE,29.6975,28.646639019989486
loocv_ref,Augmented|LOOCV,,Ridge,48,LOOCV,Augmented,Thickness_mean,,,,44,43,25,DOE,1.05,3.8007545064487367
loocv_ref,Augmented|LOOCV,,Ridge,48,LOOCV,Augmented,Thickness_mean,,,,45,46,28,DOE,31.682500000000005,24.73000739221297
loocv_ref,Augmented|LOOCV,,Ridge,48,LOOCV,Augmented,Thickness_mean,,,,46,42,24,DOE,1.0625,0.7674955859509858
loocv_ref,Augmented|LOOCV,,Ridge,48,LOOCV,Augmented,Thickness_mean,,,,47,49,31,DOE,25.6225,28.179174818969763
loocv_ref,Augmented|LOOCV,,Ridge,48,LOOCV,Augmented,Thickness_mean,,,,48,54,36,DOE,4.335,7.239814044366596
loocv_ref,Augmented|LOOCV,,Ridge,48,LOOCV,Augmented,Thickness_mean,,,,49,52,34,DOE,22.5,28.625652774076453
loocv_ref,Augmented|LOOCV,,Ridge,48,LOOCV,Augmented,Thickness_mean,,,,50,47,29,DOE,1.0525000000000002,4.013356875927325
loocv_ref,Augmented|LOOCV,,Ridge,48,LOOCV,Augmented,Thickness_mean,,,,51,51,33,DOE,1.1124999999999998,2.612037612957483
loocv_ref,Augmented|LOOCV,,Ridge,48,LOOCV,Augmented,Thickness_mean,,,,52,53,35,DOE,1.285,3.2604191596558696
loocv_ref,Augmented|LOOCV,,Ridge,48,LOOCV,Augmented,Thickness_mean,,,,53,56,38,DOE,21.8925,28.460103783629084
loocv_ref,Augmented|LOOCV,,Ridge,48,LOOCV,Augmented,Thickness_mean,,,,54,50,32,DOE,25.37,26.51481012379498
loocv_ref,Augmented|LOOCV,,Ridge,48,LOOCV,Augmented,Thickness_mean,,,,55,48,30,DOE,26.11,22.375147330062017
loocv_ref,Augmented|LOOCV,,Ridge,48,LOOCV,Augmented,Thickness_mean,,,,56,55,37,DOE,11.3,14.56310153615354
loocv_ref,Augmented|LOOCV,,Ridge,49,LOOCV,Augmented,Thickness_mean,,,,0,0,0,OFAT,36.34,16.320457846541007
loocv_ref,Augmented|LOOCV,,Ridge,49,LOOCV,Augmented,Thickness_mean,,,,1,1,1,OFAT,19.9225,20.8077424916251
loocv_ref,Augmented|LOOCV,,Ridge,49,LOOCV,Augmented,Thickness_mean,,,,2,2,2,OFAT,25.6625,19.552266314585523
loocv_ref,Augmented|LOOCV,,Ridge,49,LOOCV,Augmented,Thickness_mean,,,,3,3,3,OFAT,20.2075,19.123827142155957
loocv_ref,Augmented|LOOCV,,Ridge,49,LOOCV,Augmented,Thickness_mean,,,,4,4,4,OFAT,15.345,19.723448427129995
loocv_ref,Augmented|LOOCV,,Ridge,49,LOOCV,Augmented,Thickness_mean,,,,5,5,5,OFAT,14.265,19.859536933525714
loocv_ref,Augmented|LOOCV,,Ridge,49,LOOCV,Augmented,Thickness_mean,,,,6,6,6,OFAT,12.9225,21.29447599488228
loocv_ref,Augmented|LOOCV,,Ridge,49,LOOCV,Augmented,Thickness_mean,,,,7,7,7,OFAT,13.2775,18.167621580254384
loocv_ref,Augmented|LOOCV,,Ridge,49,LOOCV,Augmented,Thickness_mean,,,,8,8,8,OFAT,15.329999999999998,18.31554940442803
loocv_ref,Augmented|LOOCV,,Ridge,49,LOOCV,Augmented,Thickness_mean,,,,9,9,9,OFAT,7.855,10.906659564439922
loocv_ref,Augmented|LOOCV,,Ridge,49,LOOCV,Augmented,Thickness_mean,,,,10,10,10,OFAT,2.8075,9.496201565735763
loocv_ref,Augmented|LOOCV,,Ridge,49,LOOCV,Augmented,Thickness_mean,,,,11,11,11,OFAT,7.7875,10.934779557805108
loocv_ref,Augmented|LOOCV,,Ridge,49,LOOCV,Augmented,Thickness_mean,,,,12,12,11,OFAT,9.105,10.754226162653932
loocv_ref,Augmented|LOOCV,,Ridge,49,LOOCV,Augmented,Thickness_mean,,,,13,13,12,OFAT,7.734999999999999,9.694566827338718
loocv_ref,Augmented|LOOCV,,Ridge,49,LOOCV,Augmented,Thickness_mean,,,,14,14,10,OFAT,6.8225,9.353400374178946
loocv_ref,Augmented|LOOCV,,Ridge,49,LOOCV,Augmented,Thickness_mean,,,,15,15,10,OFAT,14.995,9.062729704690001
loocv_ref,Augmented|LOOCV,,Ridge,49,LOOCV,Augmented,Thickness_mean,,,,16,16,13,OFAT,14.025,10.351275729047023
loocv_ref,Augmented|LOOCV,,Ridge,49,LOOCV,Augmented,Thickness_mean,,,,17,17,10,OFAT,9.0475,9.274263972880338
loocv_ref,Augmented|LOOCV,,Ridge,49,LOOCV,Augmented,Thickness_mean,,,,18,18,14,OFAT,22.225,21.23732291524891
loocv_ref,Augmented|LOOCV,,Ridge,49,LOOCV,Augmented,Thickness_mean,,,,19,19,14,OFAT,25.935,21.047600746480384
loocv_ref,Augmented|LOOCV,,Ridge,49,LOOCV,Augmented,Thickness_mean,,,,20,20,15,OFAT,7.03,5.77003395191622
loocv_ref,Augmented|LOOCV,,Ridge,49,LOOCV,Augmented,Thickness_mean,,,,21,21,16,OFAT,13.5325,10.010597759810507
loocv_ref,Augmented|LOOCV,,Ridge,49,LOOCV,Augmented,Thickness_mean,,,,22,22,14,OFAT,25.29,21.080584789298626
loocv_ref,Augmented|LOOCV,,Ridge,49,LOOCV,Augmented,Thickness_mean,,,,23,23,14,OFAT,21.965,21.250618808477967
loocv_ref,Augmented|LOOCV,,Ridge,49,LOOCV,Augmented,Thickness_mean,,,,24,24,14,OFAT,23.082500000000003,21.193472036618445
loocv_ref,Augmented|LOOCV,,Ridge,49,LOOCV,Augmented,Thickness_mean,,,,25,25,14,OFAT,21.262500000000003,21.28654328922188
loocv_ref,Augmented|LOOCV,,Ridge,49,LOOCV,Augmented,Thickness_mean,,,,26,26,17,OFAT,17.8275,17.84840772283657
loocv_ref,Augmented|LOOCV,,Ridge,49,LOOCV,Augmented,Thickness_mean,,,,27,27,17,OFAT,17.345,17.866275539506038
loocv_ref,Augmented|LOOCV,,Ridge,49,LOOCV,Augmented,Thickness_mean,,,,28,28,17,OFAT,24.4925,17.601591146459356
loocv_ref,Augmented|LOOCV,,Ridge,49,LOOCV,Augmented,Thickness_mean,,,,29,29,17,OFAT,17.695,17.853314428968602
loocv_ref,Augmented|LOOCV,,Ridge,49,LOOCV,Augmented,Thickness_mean,,,,30,30,17,OFAT,16.814999999999998,17.88590236403416
loocv_ref,Augmented|LOOCV,,Ridge,49,LOOCV,Augmented,Thickness_mean,,,,31,31,18,OFAT,14.9425,16.703745780974405
loocv_ref,Augmented|LOOCV,,Ridge,49,LOOCV,Augmented,Thickness_mean,,,,32,32,19,OFAT,9.9625,11.369677256799246
loocv_ref,Augmented|LOOCV,,Ridge,49,LOOCV,Augmented,Thickness_mean,,,,33,33,20,OFAT,4.855,6.0548576885704755
loocv_ref,Augmented|LOOCV,,Ridge,49,LOOCV,Augmented,Thickness_mean,,,,34,34,21,OFAT,1.2375,1.5377640660798644
loocv_ref,Augmented|LOOCV,,Ridge,49,LOOCV,Augmented,Thickness_mean,,,,35,35,22,OFAT,2.0275,2.4049959973193165
loocv_ref,Augmented|LOOCV,,Ridge,49,LOOCV,Augmented,Thickness_mean,,,,36,36,23,OFAT,3.535,4.138867267247898
loocv_ref,Augmented|LOOCV,,Ridge,49,LOOCV,Augmented,Thickness_mean,,,,37,37,20,OFAT,8.6425,5.874585682996997
loocv_ref,Augmented|LOOCV,,Ridge,49,LOOCV,Augmented,Thickness_mean,,,,38,38,19,OFAT,12.75,11.281571090910656
loocv_ref,Augmented|LOOCV,,Ridge,49,LOOCV,Augmented,Thickness_mean,,,,39,39,18,OFAT,16.965,16.63503764048508
loocv_ref,Augmented|LOOCV,,Ridge,49,LOOCV,Augmented,Thickness_mean,,,,40,40,19,OFAT,19.6525,11.063399679234973
loocv_ref,Augmented|LOOCV,,Ridge,49,LOOCV,Augmented,Thickness_mean,,,,41,41,19,OFAT,9.2675,11.391644534034246
loocv_ref,Augmented|LOOCV,,Ridge,49,LOOCV,Augmented,Thickness_mean,,,,42,44,26,DOE,5.285,5.633031811403905
loocv_ref,Augmented|LOOCV,,Ridge,49,LOOCV,Augmented,Thickness_mean,,,,43,45,27,DOE,29.6975,27.472171432115637
loocv_ref,Augmented|LOOCV,,Ridge,49,LOOCV,Augmented,Thickness_mean,,,,44,43,25,DOE,1.05,4.02313184280294
loocv_ref,Augmented|LOOCV,,Ridge,49,LOOCV,Augmented,Thickness_mean,,,,45,46,28,DOE,31.682500000000005,24.55163864930269
loocv_ref,Augmented|LOOCV,,Ridge,49,LOOCV,Augmented,Thickness_mean,,,,46,42,24,DOE,1.0625,4.066644866761235
loocv_ref,Augmented|LOOCV,,Ridge,49,LOOCV,Augmented,Thickness_mean,,,,47,49,31,DOE,25.6225,27.49887638186533
loocv_ref,Augmented|LOOCV,,Ridge,49,LOOCV,Augmented,Thickness_mean,,,,48,54,36,DOE,4.335,7.386258099840811
loocv_ref,Augmented|LOOCV,,Ridge,49,LOOCV,Augmented,Thickness_mean,,,,49,52,34,DOE,22.5,28.625652774076453
loocv_ref,Augmented|LOOCV,,Ridge,49,LOOCV,Augmented,Thickness_mean,,,,50,47,29,DOE,1.0525000000000002,4.013356875927325
loocv_ref,Augmented|LOOCV,,Ridge,49,LOOCV,Augmented,Thickness_mean,,,,51,51,33,DOE,1.1124999999999998,2.612037612957483
loocv_ref,Augmented|LOOCV,,Ridge,49,LOOCV,Augmented,Thickness_mean,,,,52,53,35,DOE,1.285,3.2604191596558696
loocv_ref,Augmented|LOOCV,,Ridge,49,LOOCV,Augmented,Thickness_mean,,,,53,56,38,DOE,21.8925,28.460103783629084
loocv_ref,Augmented|LOOCV,,Ridge,49,LOOCV,Augmented,Thickness_mean,,,,54,50,32,DOE,25.37,26.51481012379498
loocv_ref,Augmented|LOOCV,,Ridge,49,LOOCV,Augmented,Thickness_mean,,,,55,48,30,DOE,26.11,22.375147330062017
loocv_ref,Augmented|LOOCV,,Ridge,49,LOOCV,Augmented,Thickness_mean,,,,56,55,37,DOE,11.3,14.56310153615354
loocv_ref,Augmented|LOOCV,,Ridge,50,LOOCV,Augmented,Thickness_mean,,,,0,0,0,OFAT,36.34,16.320457846541007
loocv_ref,Augmented|LOOCV,,Ridge,50,LOOCV,Augmented,Thickness_mean,,,,1,1,1,OFAT,19.9225,20.55789208891946
loocv_ref,Augmented|LOOCV,,Ridge,50,LOOCV,Augmented,Thickness_mean,,,,2,2,2,OFAT,25.6625,19.412357439762232
loocv_ref,Augmented|LOOCV,,Ridge,50,LOOCV,Augmented,Thickness_mean,,,,3,3,3,OFAT,20.2075,19.123827142155957
loocv_ref,Augmented|LOOCV,,Ridge,50,LOOCV,Augmented,Thickness_mean,,,,4,4,4,OFAT,15.345,19.65156695816266
loocv_ref,Augmented|LOOCV,,Ridge,50,LOOCV,Augmented,Thickness_mean,,,,5,5,5,OFAT,14.265,19.785306463556896
loocv_ref,Augmented|LOOCV,,Ridge,50,LOOCV,Augmented,Thickness_mean,,,,6,6,6,OFAT,12.9225,20.985140143963317
loocv_ref,Augmented|LOOCV,,Ridge,50,LOOCV,Augmented,Thickness_mean,,,,7,7,7,OFAT,13.2775,18.167621580254384
loocv_ref,Augmented|LOOCV,,Ridge,50,LOOCV,Augmented,Thickness_mean,,,,8,8,8,OFAT,15.329999999999998,18.31554940442803
loocv_ref,Augmented|LOOCV,,Ridge,50,LOOCV,Augmented,Thickness_mean,,,,9,9,9,OFAT,7.855,10.906659564439922
loocv_ref,Augmented|LOOCV,,Ridge,50,LOOCV,Augmented,Thickness_mean,,,,10,10,10,OFAT,2.8075,9.496201565735763
loocv_ref,Augmented|LOOCV,,Ridge,50,LOOCV,Augmented,Thickness_mean,,,,11,11,11,OFAT,7.7875,10.934779557805108
loocv_ref,Augmented|LOOCV,,Ridge,50,LOOCV,Augmented,Thickness_mean,,,,12,12,11,OFAT,9.105,10.754226162653932
loocv_ref,Augmented|LOOCV,,Ridge,50,LOOCV,Augmented,Thickness_mean,,,,13,13,12,OFAT,7.734999999999999,9.694566827338718
loocv_ref,Augmented|LOOCV,,Ridge,50,LOOCV,Augmented,Thickness_mean,,,,14,14,10,OFAT,6.8225,9.353400374178946
loocv_ref,Augmented|LOOCV,,Ridge,50,LOOCV,Augmented,Thickness_mean,,,,15,15,10,OFAT,14.995,9.062729704690001
loocv_ref,Augmented|LOOCV,,Ridge,50,LOOCV,Augmented,Thickness_mean,,,,16,16,13,OFAT,14.025,10.351275729047023
loocv_ref,Augmented|LOOCV,,Ridge,50,LOOCV,Augmented,Thickness_mean,,,,17,17,10,OFAT,9.0475,9.274263972880338
loocv_ref,Augmented|LOOCV,,Ridge,50,LOOCV,Augmented,Thickness_mean,,,,18,18,14,OFAT,22.225,21.23732291524891
loocv_ref,Augmented|LOOCV,,Ridge,50,LOOCV,Augmented,Thickness_mean,,,,19,19,14,OFAT,25.935,21.047600746480384
loocv_ref,Augmented|LOOCV,,Ridge,50,LOOCV,Augmented,Thickness_mean,,,,20,20,15,OFAT,7.03,5.77003395191622
loocv_ref,Augmented|LOOCV,,Ridge,50,LOOCV,Augmented,Thickness_mean,,,,21,21,16,OFAT,13.5325,10.010597759810507
loocv_ref,Augmented|LOOCV,,Ridge,50,LOOCV,Augmented,Thickness_mean,,,,22,22,14,OFAT,25.29,21.080584789298626
loocv_ref,Augmented|LOOCV,,Ridge,50,LOOCV,Augmented,Thickness_mean,,,,23,23,14,OFAT,21.965,21.250618808477967
loocv_ref,Augmented|LOOCV,,Ridge,50,LOOCV,Augmented,Thickness_mean,,,,24,24,14,OFAT,23.082500000000003,21.193472036618445
loocv_ref,Augmented|LOOCV,,Ridge,50,LOOCV,Augmented,Thickness_mean,,,,25,25,14,OFAT,21.262500000000003,21.28654328922188
loocv_ref,Augmented|LOOCV,,Ridge,50,LOOCV,Augmented,Thickness_mean,,,,26,26,17,OFAT,17.8275,17.84840772283657
loocv_ref,Augmented|LOOCV,,Ridge,50,LOOCV,Augmented,Thickness_mean,,,,27,27,17,OFAT,17.345,17.866275539506038
loocv_ref,Augmented|LOOCV,,Ridge,50,LOOCV,Augmented,Thickness_mean,,,,28,28,17,OFAT,24.4925,17.601591146459356
loocv_ref,Augmented|LOOCV,,Ridge,50,LOOCV,Augmented,Thickness_mean,,,,29,29,17,OFAT,17.695,17.853314428968602
loocv_ref,Augmented|LOOCV,,Ridge,50,LOOCV,Augmented,Thickness_mean,,,,30,30,17,OFAT,16.814999999999998,17.88590236403416
loocv_ref,Augmented|LOOCV,,Ridge,50,LOOCV,Augmented,Thickness_mean,,,,31,31,18,OFAT,14.9425,16.703745780974405
loocv_ref,Augmented|LOOCV,,Ridge,50,LOOCV,Augmented,Thickness_mean,,,,32,32,19,OFAT,9.9625,11.369677256799246
loocv_ref,Augmented|LOOCV,,Ridge,50,LOOCV,Augmented,Thickness_mean,,,,33,33,20,OFAT,4.855,6.0548576885704755
loocv_ref,Augmented|LOOCV,,Ridge,50,LOOCV,Augmented,Thickness_mean,,,,34,34,21,OFAT,1.2375,1.5377640660798644
loocv_ref,Augmented|LOOCV,,Ridge,50,LOOCV,Augmented,Thickness_mean,,,,35,35,22,OFAT,2.0275,2.4049959973193165
loocv_ref,Augmented|LOOCV,,Ridge,50,LOOCV,Augmented,Thickness_mean,,,,36,36,23,OFAT,3.535,4.138867267247898
loocv_ref,Augmented|LOOCV,,Ridge,50,LOOCV,Augmented,Thickness_mean,,,,37,37,20,OFAT,8.6425,5.874585682996997
loocv_ref,Augmented|LOOCV,,Ridge,50,LOOCV,Augmented,Thickness_mean,,,,38,38,19,OFAT,12.75,11.281571090910656
loocv_ref,Augmented|LOOCV,,Ridge,50,LOOCV,Augmented,Thickness_mean,,,,39,39,18,OFAT,16.965,16.63503764048508
loocv_ref,Augmented|LOOCV,,Ridge,50,LOOCV,Augmented,Thickness_mean,,,,40,40,19,OFAT,19.6525,11.063399679234973
loocv_ref,Augmented|LOOCV,,Ridge,50,LOOCV,Augmented,Thickness_mean,,,,41,41,19,OFAT,9.2675,11.391644534034246
loocv_ref,Augmented|LOOCV,,Ridge,50,LOOCV,Augmented,Thickness_mean,,,,42,44,26,DOE,5.285,5.633031811403905
loocv_ref,Augmented|LOOCV,,Ridge,50,LOOCV,Augmented,Thickness_mean,,,,43,45,27,DOE,29.6975,27.472171432115637
loocv_ref,Augmented|LOOCV,,Ridge,50,LOOCV,Augmented,Thickness_mean,,,,44,43,25,DOE,1.05,4.482064977715671
loocv_ref,Augmented|LOOCV,,Ridge,50,LOOCV,Augmented,Thickness_mean,,,,45,46,28,DOE,31.682500000000005,24.55163864930269
loocv_ref,Augmented|LOOCV,,Ridge,50,LOOCV,Augmented,Thickness_mean,,,,46,42,24,DOE,1.0625,1.7521457194851457
loocv_ref,Augmented|LOOCV,,Ridge,50,LOOCV,Augmented,Thickness_mean,,,,47,49,31,DOE,25.6225,27.49887638186533
loocv_ref,Augmented|LOOCV,,Ridge,50,LOOCV,Augmented,Thickness_mean,,,,48,54,36,DOE,4.335,7.386258099840811
loocv_ref,Augmented|LOOCV,,Ridge,50,LOOCV,Augmented,Thickness_mean,,,,49,52,34,DOE,22.5,28.625652774076453
loocv_ref,Augmented|LOOCV,,Ridge,50,LOOCV,Augmented,Thickness_mean,,,,50,47,29,DOE,1.0525000000000002,4.013356875927325
loocv_ref,Augmented|LOOCV,,Ridge,50,LOOCV,Augmented,Thickness_mean,,,,51,51,33,DOE,1.1124999999999998,2.612037612957483
loocv_ref,Augmented|LOOCV,,Ridge,50,LOOCV,Augmented,Thickness_mean,,,,52,53,35,DOE,1.285,3.2604191596558696
loocv_ref,Augmented|LOOCV,,Ridge,50,LOOCV,Augmented,Thickness_mean,,,,53,56,38,DOE,21.8925,29.238964630574934
loocv_ref,Augmented|LOOCV,,Ridge,50,LOOCV,Augmented,Thickness_mean,,,,54,50,32,DOE,25.37,26.98380235339608
loocv_ref,Augmented|LOOCV,,Ridge,50,LOOCV,Augmented,Thickness_mean,,,,55,48,30,DOE,26.11,22.528275385777206
loocv_ref,Augmented|LOOCV,,Ridge,50,LOOCV,Augmented,Thickness_mean,,,,56,55,37,DOE,11.3,14.465638003471053
loocv_ref,Augmented|LOOCV,,Ridge,51,LOOCV,Augmented,Thickness_mean,,,,0,0,0,OFAT,36.34,16.320457846541007
loocv_ref,Augmented|LOOCV,,Ridge,51,LOOCV,Augmented,Thickness_mean,,,,1,1,1,OFAT,19.9225,20.55789208891946
loocv_ref,Augmented|LOOCV,,Ridge,51,LOOCV,Augmented,Thickness_mean,,,,2,2,2,OFAT,25.6625,19.552266314585523
loocv_ref,Augmented|LOOCV,,Ridge,51,LOOCV,Augmented,Thickness_mean,,,,3,3,3,OFAT,20.2075,19.187268967012365
loocv_ref,Augmented|LOOCV,,Ridge,51,LOOCV,Augmented,Thickness_mean,,,,4,4,4,OFAT,15.345,19.723448427129995
loocv_ref,Augmented|LOOCV,,Ridge,51,LOOCV,Augmented,Thickness_mean,,,,5,5,5,OFAT,14.265,19.859536933525714
loocv_ref,Augmented|LOOCV,,Ridge,51,LOOCV,Augmented,Thickness_mean,,,,6,6,6,OFAT,12.9225,21.455076703246718
loocv_ref,Augmented|LOOCV,,Ridge,51,LOOCV,Augmented,Thickness_mean,,,,7,7,7,OFAT,13.2775,18.21095915997538
loocv_ref,Augmented|LOOCV,,Ridge,51,LOOCV,Augmented,Thickness_mean,,,,8,8,8,OFAT,15.329999999999998,18.381790826813496
loocv_ref,Augmented|LOOCV,,Ridge,51,LOOCV,Augmented,Thickness_mean,,,,9,9,9,OFAT,7.855,10.675449971939805
loocv_ref,Augmented|LOOCV,,Ridge,51,LOOCV,Augmented,Thickness_mean,,,,10,10,10,OFAT,2.8075,9.496201565735763
loocv_ref,Augmented|LOOCV,,Ridge,51,LOOCV,Augmented,Thickness_mean,,,,11,11,11,OFAT,7.7875,10.934779557805108
loocv_ref,Augmented|LOOCV,,Ridge,51,LOOCV,Augmented,Thickness_mean,,,,12,12,11,OFAT,9.105,10.754226162653932
loocv_ref,Augmented|LOOCV,,Ridge,51,LOOCV,Augmented,Thickness_mean,,,,13,13,12,OFAT,7.734999999999999,9.694566827338718
loocv_ref,Augmented|LOOCV,,Ridge,51,LOOCV,Augmented,Thickness_mean,,,,14,14,10,OFAT,6.8225,9.353400374178946
loocv_ref,Augmented|LOOCV,,Ridge,51,LOOCV,Augmented,Thickness_mean,,,,15,15,10,OFAT,14.995,9.062729704690001
loocv_ref,Augmented|LOOCV,,Ridge,51,LOOCV,Augmented,Thickness_mean,,,,16,16,13,OFAT,14.025,10.351275729047023
loocv_ref,Augmented|LOOCV,,Ridge,51,LOOCV,Augmented,Thickness_mean,,,,17,17,10,OFAT,9.0475,9.274263972880338
loocv_ref,Augmented|LOOCV,,Ridge,51,LOOCV,Augmented,Thickness_mean,,,,18,18,14,OFAT,22.225,21.23732291524891
loocv_ref,Augmented|LOOCV,,Ridge,51,LOOCV,Augmented,Thickness_mean,,,,19,19,14,OFAT,25.935,21.047600746480384
loocv_ref,Augmented|LOOCV,,Ridge,51,LOOCV,Augmented,Thickness_mean,,,,20,20,15,OFAT,7.03,5.77003395191622
loocv_ref,Augmented|LOOCV,,Ridge,51,LOOCV,Augmented,Thickness_mean,,,,21,21,16,OFAT,13.5325,10.010597759810507
loocv_ref,Augmented|LOOCV,,Ridge,51,LOOCV,Augmented,Thickness_mean,,,,22,22,14,OFAT,25.29,21.080584789298626
loocv_ref,Augmented|LOOCV,,Ridge,51,LOOCV,Augmented,Thickness_mean,,,,23,23,14,OFAT,21.965,21.250618808477967
loocv_ref,Augmented|LOOCV,,Ridge,51,LOOCV,Augmented,Thickness_mean,,,,24,24,14,OFAT,23.082500000000003,21.193472036618445
loocv_ref,Augmented|LOOCV,,Ridge,51,LOOCV,Augmented,Thickness_mean,,,,25,25,14,OFAT,21.262500000000003,21.28654328922188
loocv_ref,Augmented|LOOCV,,Ridge,51,LOOCV,Augmented,Thickness_mean,,,,26,26,17,OFAT,17.8275,17.84840772283657
loocv_ref,Augmented|LOOCV,,Ridge,51,LOOCV,Augmented,Thickness_mean,,,,27,27,17,OFAT,17.345,17.866275539506038
loocv_ref,Augmented|LOOCV,,Ridge,51,LOOCV,Augmented,Thickness_mean,,,,28,28,17,OFAT,24.4925,17.601591146459356
loocv_ref,Augmented|LOOCV,,Ridge,51,LOOCV,Augmented,Thickness_mean,,,,29,29,17,OFAT,17.695,17.853314428968602
loocv_ref,Augmented|LOOCV,,Ridge,51,LOOCV,Augmented,Thickness_mean,,,,30,30,17,OFAT,16.814999999999998,17.88590236403416
loocv_ref,Augmented|LOOCV,,Ridge,51,LOOCV,Augmented,Thickness_mean,,,,31,31,18,OFAT,14.9425,16.703745780974405
loocv_ref,Augmented|LOOCV,,Ridge,51,LOOCV,Augmented,Thickness_mean,,,,32,32,19,OFAT,9.9625,11.369677256799246
loocv_ref,Augmented|LOOCV,,Ridge,51,LOOCV,Augmented,Thickness_mean,,,,33,33,20,OFAT,4.855,6.0548576885704755
loocv_ref,Augmented|LOOCV,,Ridge,51,LOOCV,Augmented,Thickness_mean,,,,34,34,21,OFAT,1.2375,1.5377640660798644
loocv_ref,Augmented|LOOCV,,Ridge,51,LOOCV,Augmented,Thickness_mean,,,,35,35,22,OFAT,2.0275,2.4049959973193165
loocv_ref,Augmented|LOOCV,,Ridge,51,LOOCV,Augmented,Thickness_mean,,,,36,36,23,OFAT,3.535,4.138867267247898
loocv_ref,Augmented|LOOCV,,Ridge,51,LOOCV,Augmented,Thickness_mean,,,,37,37,20,OFAT,8.6425,5.874585682996997
loocv_ref,Augmented|LOOCV,,Ridge,51,LOOCV,Augmented,Thickness_mean,,,,38,38,19,OFAT,12.75,11.281571090910656
loocv_ref,Augmented|LOOCV,,Ridge,51,LOOCV,Augmented,Thickness_mean,,,,39,39,18,OFAT,16.965,16.63503764048508
loocv_ref,Augmented|LOOCV,,Ridge,51,LOOCV,Augmented,Thickness_mean,,,,40,40,19,OFAT,19.6525,11.063399679234973
loocv_ref,Augmented|LOOCV,,Ridge,51,LOOCV,Augmented,Thickness_mean,,,,41,41,19,OFAT,9.2675,11.391644534034246
loocv_ref,Augmented|LOOCV,,Ridge,51,LOOCV,Augmented,Thickness_mean,,,,42,44,26,DOE,5.285,5.633031811403905
loocv_ref,Augmented|LOOCV,,Ridge,51,LOOCV,Augmented,Thickness_mean,,,,43,45,27,DOE,29.6975,27.472171432115637
loocv_ref,Augmented|LOOCV,,Ridge,51,LOOCV,Augmented,Thickness_mean,,,,44,43,25,DOE,1.05,4.482064977715671
loocv_ref,Augmented|LOOCV,,Ridge,51,LOOCV,Augmented,Thickness_mean,,,,45,46,28,DOE,31.682500000000005,24.55163864930269
loocv_ref,Augmented|LOOCV,,Ridge,51,LOOCV,Augmented,Thickness_mean,,,,46,42,24,DOE,1.0625,1.7521457194851457
loocv_ref,Augmented|LOOCV,,Ridge,51,LOOCV,Augmented,Thickness_mean,,,,47,49,31,DOE,25.6225,28.179174818969763
loocv_ref,Augmented|LOOCV,,Ridge,51,LOOCV,Augmented,Thickness_mean,,,,48,54,36,DOE,4.335,7.271567715317276
loocv_ref,Augmented|LOOCV,,Ridge,51,LOOCV,Augmented,Thickness_mean,,,,49,52,34,DOE,22.5,28.625652774076453
loocv_ref,Augmented|LOOCV,,Ridge,51,LOOCV,Augmented,Thickness_mean,,,,50,47,29,DOE,1.0525000000000002,4.013356875927325
loocv_ref,Augmented|LOOCV,,Ridge,51,LOOCV,Augmented,Thickness_mean,,,,51,51,33,DOE,1.1124999999999998,2.612037612957483
loocv_ref,Augmented|LOOCV,,Ridge,51,LOOCV,Augmented,Thickness_mean,,,,52,53,35,DOE,1.285,3.2604191596558696
loocv_ref,Augmented|LOOCV,,Ridge,51,LOOCV,Augmented,Thickness_mean,,,,53,56,38,DOE,21.8925,28.460103783629084
loocv_ref,Augmented|LOOCV,,Ridge,51,LOOCV,Augmented,Thickness_mean,,,,54,50,32,DOE,25.37,26.51481012379498
loocv_ref,Augmented|LOOCV,,Ridge,51,LOOCV,Augmented,Thickness_mean,,,,55,48,30,DOE,26.11,22.375147330062017
loocv_ref,Augmented|LOOCV,,Ridge,51,LOOCV,Augmented,Thickness_mean,,,,56,55,37,DOE,11.3,14.56310153615354
loocv_ref,Augmented|LOOCV,,Random Forest,42,LOOCV,Augmented,Thickness_mean,,,,0,0,0,OFAT,36.34,20.467315510724653
loocv_ref,Augmented|LOOCV,,Random Forest,42,LOOCV,Augmented,Thickness_mean,,,,1,1,1,OFAT,19.9225,27.3997109076687
loocv_ref,Augmented|LOOCV,,Random Forest,42,LOOCV,Augmented,Thickness_mean,,,,2,2,2,OFAT,25.6625,22.395585852797122
loocv_ref,Augmented|LOOCV,,Random Forest,42,LOOCV,Augmented,Thickness_mean,,,,3,3,3,OFAT,20.2075,18.961656378062738
loocv_ref,Augmented|LOOCV,,Random Forest,42,LOOCV,Augmented,Thickness_mean,,,,4,4,4,OFAT,15.345,18.217250939414043
loocv_ref,Augmented|LOOCV,,Random Forest,42,LOOCV,Augmented,Thickness_mean,,,,5,5,5,OFAT,14.265,18.219702837991257
loocv_ref,Augmented|LOOCV,,Random Forest,42,LOOCV,Augmented,Thickness_mean,,,,6,6,6,OFAT,12.9225,18.09161322667633
loocv_ref,Augmented|LOOCV,,Random Forest,42,LOOCV,Augmented,Thickness_mean,,,,7,7,7,OFAT,13.2775,17.874193683344057
loocv_ref,Augmented|LOOCV,,Random Forest,42,LOOCV,Augmented,Thickness_mean,,,,8,8,8,OFAT,15.329999999999998,20.52363091807324
loocv_ref,Augmented|LOOCV,,Random Forest,42,LOOCV,Augmented,Thickness_mean,,,,9,9,9,OFAT,7.855,8.480243606541057
loocv_ref,Augmented|LOOCV,,Random Forest,42,LOOCV,Augmented,Thickness_mean,,,,10,10,10,OFAT,2.8075,9.046914247225086
loocv_ref,Augmented|LOOCV,,Random Forest,42,LOOCV,Augmented,Thickness_mean,,,,11,11,11,OFAT,7.7875,8.358859877778851
loocv_ref,Augmented|LOOCV,,Random Forest,42,LOOCV,Augmented,Thickness_mean,,,,12,12,11,OFAT,9.105,8.246762634974141
loocv_ref,Augmented|LOOCV,,Random Forest,42,LOOCV,Augmented,Thickness_mean,,,,13,13,12,OFAT,7.734999999999999,8.401659500324344
loocv_ref,Augmented|LOOCV,,Random Forest,42,LOOCV,Augmented,Thickness_mean,,,,14,14,10,OFAT,6.8225,8.4557612066772
loocv_ref,Augmented|LOOCV,,Random Forest,42,LOOCV,Augmented,Thickness_mean,,,,15,15,10,OFAT,14.995,6.864710833149693
loocv_ref,Augmented|LOOCV,,Random Forest,42,LOOCV,Augmented,Thickness_mean,,,,16,16,13,OFAT,14.025,12.018762297067937
loocv_ref,Augmented|LOOCV,,Random Forest,42,LOOCV,Augmented,Thickness_mean,,,,17,17,10,OFAT,9.0475,8.49095574523816
loocv_ref,Augmented|LOOCV,,Random Forest,42,LOOCV,Augmented,Thickness_mean,,,,18,18,14,OFAT,22.225,21.571976828714156
loocv_ref,Augmented|LOOCV,,Random Forest,42,LOOCV,Augmented,Thickness_mean,,,,19,19,14,OFAT,25.935,21.04597724970339
loocv_ref,Augmented|LOOCV,,Random Forest,42,LOOCV,Augmented,Thickness_mean,,,,20,20,15,OFAT,7.03,3.6202360805274454
loocv_ref,Augmented|LOOCV,,Random Forest,42,LOOCV,Augmented,Thickness_mean,,,,21,21,16,OFAT,13.5325,10.606331988772535
loocv_ref,Augmented|LOOCV,,Random Forest,42,LOOCV,Augmented,Thickness_mean,,,,22,22,14,OFAT,25.29,21.31654353556378
loocv_ref,Augmented|LOOCV,,Random Forest,42,LOOCV,Augmented,Thickness_mean,,,,23,23,14,OFAT,21.965,21.85547512063449
loocv_ref,Augmented|LOOCV,,Random Forest,42,LOOCV,Augmented,Thickness_mean,,,,24,24,14,OFAT,23.082500000000003,21.69520866920348
loocv_ref,Augmented|LOOCV,,Random Forest,42,LOOCV,Augmented,Thickness_mean,,,,25,25,14,OFAT,21.262500000000003,22.017566928635073
loocv_ref,Augmented|LOOCV,,Random Forest,42,LOOCV,Augmented,Thickness_mean,,,,26,26,17,OFAT,17.8275,17.797999240199662
loocv_ref,Augmented|LOOCV,,Random Forest,42,LOOCV,Augmented,Thickness_mean,,,,27,27,17,OFAT,17.345,17.84414338681007
loocv_ref,Augmented|LOOCV,,Random Forest,42,LOOCV,Augmented,Thickness_mean,,,,28,28,17,OFAT,24.4925,17.21135496479496
loocv_ref,Augmented|LOOCV,,Random Forest,42,LOOCV,Augmented,Thickness_mean,,,,29,29,17,OFAT,17.695,17.891174827213703
loocv_ref,Augmented|LOOCV,,Random Forest,42,LOOCV,Augmented,Thickness_mean,,,,30,30,17,OFAT,16.814999999999998,18.01897508981181
loocv_ref,Augmented|LOOCV,,Random Forest,42,LOOCV,Augmented,Thickness_mean,,,,31,31,18,OFAT,14.9425,17.81944031078117
loocv_ref,Augmented|LOOCV,,Random Forest,42,LOOCV,Augmented,Thickness_mean,,,,32,32,19,OFAT,9.9625,13.281708276552644
loocv_ref,Augmented|LOOCV,,Random Forest,42,LOOCV,Augmented,Thickness_mean,,,,33,33,20,OFAT,4.855,7.6775082331503475
loocv_ref,Augmented|LOOCV,,Random Forest,42,LOOCV,Augmented,Thickness_mean,,,,34,34,21,OFAT,1.2375,2.6070463088300584
loocv_ref,Augmented|LOOCV,,Random Forest,42,LOOCV,Augmented,Thickness_mean,,,,35,35,22,OFAT,2.0275,2.502323005397381
loocv_ref,Augmented|LOOCV,,Random Forest,42,LOOCV,Augmented,Thickness_mean,,,,36,36,23,OFAT,3.535,3.303886570931113
loocv_ref,Augmented|LOOCV,,Random Forest,42,LOOCV,Augmented,Thickness_mean,,,,37,37,20,OFAT,8.6425,5.532954324370377
loocv_ref,Augmented|LOOCV,,Random Forest,42,LOOCV,Augmented,Thickness_mean,,,,38,38,19,OFAT,12.75,12.576226362984707
loocv_ref,Augmented|LOOCV,,Random Forest,42,LOOCV,Augmented,Thickness_mean,,,,39,39,18,OFAT,16.965,16.500285484388176
loocv_ref,Augmented|LOOCV,,Random Forest,42,LOOCV,Augmented,Thickness_mean,,,,40,40,19,OFAT,19.6525,10.440397310357767
loocv_ref,Augmented|LOOCV,,Random Forest,42,LOOCV,Augmented,Thickness_mean,,,,41,41,19,OFAT,9.2675,13.481281034354993
loocv_ref,Augmented|LOOCV,,Random Forest,42,LOOCV,Augmented,Thickness_mean,,,,42,44,26,DOE,5.285,3.9895443241206876
loocv_ref,Augmented|LOOCV,,Random Forest,42,LOOCV,Augmented,Thickness_mean,,,,43,45,27,DOE,29.6975,25.779209274462755
loocv_ref,Augmented|LOOCV,,Random Forest,42,LOOCV,Augmented,Thickness_mean,,,,44,43,25,DOE,1.05,2.4548823613657373
loocv_ref,Augmented|LOOCV,,Random Forest,42,LOOCV,Augmented,Thickness_mean,,,,45,46,28,DOE,31.682500000000005,25.50614492410366
loocv_ref,Augmented|LOOCV,,Random Forest,42,LOOCV,Augmented,Thickness_mean,,,,46,42,24,DOE,1.0625,2.4516149764124777
loocv_ref,Augmented|LOOCV,,Random Forest,42,LOOCV,Augmented,Thickness_mean,,,,47,49,31,DOE,25.6225,26.174750606762522
loocv_ref,Augmented|LOOCV,,Random Forest,42,LOOCV,Augmented,Thickness_mean,,,,48,54,36,DOE,4.335,4.868654025620707
loocv_ref,Augmented|LOOCV,,Random Forest,42,LOOCV,Augmented,Thickness_mean,,,,49,52,34,DOE,22.5,26.74447828482513
loocv_ref,Augmented|LOOCV,,Random Forest,42,LOOCV,Augmented,Thickness_mean,,,,50,47,29,DOE,1.0525000000000002,2.5319265700271942
loocv_ref,Augmented|LOOCV,,Random Forest,42,LOOCV,Augmented,Thickness_mean,,,,51,51,33,DOE,1.1124999999999998,2.5254824866106107
loocv_ref,Augmented|LOOCV,,Random Forest,42,LOOCV,Augmented,Thickness_mean,,,,52,53,35,DOE,1.285,2.507961673673549
loocv_ref,Augmented|LOOCV,,Random Forest,42,LOOCV,Augmented,Thickness_mean,,,,53,56,38,DOE,21.8925,25.89380047369298
loocv_ref,Augmented|LOOCV,,Random Forest,42,LOOCV,Augmented,Thickness_mean,,,,54,50,32,DOE,25.37,22.13911226321828
loocv_ref,Augmented|LOOCV,,Random Forest,42,LOOCV,Augmented,Thickness_mean,,,,55,48,30,DOE,26.11,25.64543964734041
loocv_ref,Augmented|LOOCV,,Random Forest,42,LOOCV,Augmented,Thickness_mean,,,,56,55,37,DOE,11.3,17.600724552424325
loocv_ref,Augmented|LOOCV,,Random Forest,43,LOOCV,Augmented,Thickness_mean,,,,0,0,0,OFAT,36.34,19.567083124999968
loocv_ref,Augmented|LOOCV,,Random Forest,43,LOOCV,Augmented,Thickness_mean,,,,1,1,1,OFAT,19.9225,27.247293571428578
loocv_ref,Augmented|LOOCV,,Random Forest,43,LOOCV,Augmented,Thickness_mean,,,,2,2,2,OFAT,25.6625,24.72171339285715
loocv_ref,Augmented|LOOCV,,Random Forest,43,LOOCV,Augmented,Thickness_mean,,,,3,3,3,OFAT,20.2075,17.448504150432903
loocv_ref,Augmented|LOOCV,,Random Forest,43,LOOCV,Augmented,Thickness_mean,,,,4,4,4,OFAT,15.345,15.14630247564935
loocv_ref,Augmented|LOOCV,,Random Forest,43,LOOCV,Augmented,Thickness_mean,,,,5,5,5,OFAT,14.265,15.798709725458357
loocv_ref,Augmented|LOOCV,,Random Forest,43,LOOCV,Augmented,Thickness_mean,,,,6,6,6,OFAT,12.9225,15.2678992222361
loocv_ref,Augmented|LOOCV,,Random Forest,43,LOOCV,Augmented,Thickness_mean,,,,7,7,7,OFAT,13.2775,15.359345017690643
loocv_ref,Augmented|LOOCV,,Random Forest,43,LOOCV,Augmented,Thickness_mean,,,,8,8,8,OFAT,15.329999999999998,20.739694791666647
loocv_ref,Augmented|LOOCV,,Random Forest,43,LOOCV,Augmented,Thickness_mean,,,,9,9,9,OFAT,7.855,8.160203221500723
loocv_ref,Augmented|LOOCV,,Random Forest,43,LOOCV,Augmented,Thickness_mean,,,,10,10,10,OFAT,2.8075,10.02091107142857
loocv_ref,Augmented|LOOCV,,Random Forest,43,LOOCV,Augmented,Thickness_mean,,,,11,11,11,OFAT,7.7875,8.23702767857143
loocv_ref,Augmented|LOOCV,,Random Forest,43,LOOCV,Augmented,Thickness_mean,,,,12,12,11,OFAT,9.105,7.863323392857141
loocv_ref,Augmented|LOOCV,,Random Forest,43,LOOCV,Augmented,Thickness_mean,,,,13,13,12,OFAT,7.734999999999999,8.470088706709959
loocv_ref,Augmented|LOOCV,,Random Forest,43,LOOCV,Augmented,Thickness_mean,,,,14,14,10,OFAT,6.8225,8.843139434523811
loocv_ref,Augmented|LOOCV,,Random Forest,43,LOOCV,Augmented,Thickness_mean,,,,15,15,10,OFAT,14.995,6.7728398511904775
loocv_ref,Augmented|LOOCV,,Random Forest,43,LOOCV,Augmented,Thickness_mean,,,,16,16,13,OFAT,14.025,12.774040116480744
loocv_ref,Augmented|LOOCV,,Random Forest,43,LOOCV,Augmented,Thickness_mean,,,,17,17,10,OFAT,9.0475,8.25496074404762
loocv_ref,Augmented|LOOCV,,Random Forest,43,LOOCV,Augmented,Thickness_mean,,,,18,18,14,OFAT,22.225,23.462661502594624
loocv_ref,Augmented|LOOCV,,Random Forest,43,LOOCV,Augmented,Thickness_mean,,,,19,19,14,OFAT,25.935,22.815319868326124
loocv_ref,Augmented|LOOCV,,Random Forest,43,LOOCV,Augmented,Thickness_mean,,,,20,20,15,OFAT,7.03,4.912006250000002
loocv_ref,Augmented|LOOCV,,Random Forest,43,LOOCV,Augmented,Thickness_mean,,,,21,21,16,OFAT,13.5325,12.545517261904761
loocv_ref,Augmented|LOOCV,,Random Forest,43,LOOCV,Augmented,Thickness_mean,,,,22,22,14,OFAT,25.29,22.88819628968255
loocv_ref,Augmented|LOOCV,,Random Forest,43,LOOCV,Augmented,Thickness_mean,,,,23,23,14,OFAT,21.965,23.55513094246032
loocv_ref,Augmented|LOOCV,,Random Forest,43,LOOCV,Augmented,Thickness_mean,,,,24,24,14,OFAT,23.082500000000003,23.3133301984127
loocv_ref,Augmented|LOOCV,,Random Forest,43,LOOCV,Augmented,Thickness_mean,,,,25,25,14,OFAT,21.262500000000003,23.6828451984127
loocv_ref,Augmented|LOOCV,,Random Forest,43,LOOCV,Augmented,Thickness_mean,,,,26,26,17,OFAT,17.8275,18.705661586452763
loocv_ref,Augmented|LOOCV,,Random Forest,43,LOOCV,Augmented,Thickness_mean,,,,27,27,17,OFAT,17.345,18.81873161308463
loocv_ref,Augmented|LOOCV,,Random Forest,43,LOOCV,Augmented,Thickness_mean,,,,28,28,17,OFAT,24.4925,16.9805751392072
loocv_ref,Augmented|LOOCV,,Random Forest,43,LOOCV,Augmented,Thickness_mean,,,,29,29,17,OFAT,17.695,18.402211816696372
loocv_ref,Augmented|LOOCV,,Random Forest,43,LOOCV,Augmented,Thickness_mean,,,,30,30,17,OFAT,16.814999999999998,18.659656965771152
loocv_ref,Augmented|LOOCV,,Random Forest,43,LOOCV,Augmented,Thickness_mean,,,,31,31,18,OFAT,14.9425,17.716976650273725
loocv_ref,Augmented|LOOCV,,Random Forest,43,LOOCV,Augmented,Thickness_mean,,,,32,32,19,OFAT,9.9625,13.528587677196171
loocv_ref,Augmented|LOOCV,,Random Forest,43,LOOCV,Augmented,Thickness_mean,,,,33,33,20,OFAT,4.855,7.52239489850427
loocv_ref,Augmented|LOOCV,,Random Forest,43,LOOCV,Augmented,Thickness_mean,,,,34,34,21,OFAT,1.2375,1.9920534523809514
loocv_ref,Augmented|LOOCV,,Random Forest,43,LOOCV,Augmented,Thickness_mean,,,,35,35,22,OFAT,2.0275,1.8314235714285707
loocv_ref,Augmented|LOOCV,,Random Forest,43,LOOCV,Augmented,Thickness_mean,,,,36,36,23,OFAT,3.535,4.7587617261904755
loocv_ref,Augmented|LOOCV,,Random Forest,43,LOOCV,Augmented,Thickness_mean,,,,37,37,20,OFAT,8.6425,6.14581398809524
loocv_ref,Augmented|LOOCV,,Random Forest,43,LOOCV,Augmented,Thickness_mean,,,,38,38,19,OFAT,12.75,12.837739825937952
loocv_ref,Augmented|LOOCV,,Random Forest,43,LOOCV,Augmented,Thickness_mean,,,,39,39,18,OFAT,16.965,16.879583011294255
loocv_ref,Augmented|LOOCV,,Random Forest,43,LOOCV,Augmented,Thickness_mean,,,,40,40,19,OFAT,19.6525,10.808224583333335
loocv_ref,Augmented|LOOCV,,Random Forest,43,LOOCV,Augmented,Thickness_mean,,,,41,41,19,OFAT,9.2675,13.884790674603174
loocv_ref,Augmented|LOOCV,,Random Forest,43,LOOCV,Augmented,Thickness_mean,,,,42,44,26,DOE,5.285,4.76064181547619
loocv_ref,Augmented|LOOCV,,Random Forest,43,LOOCV,Augmented,Thickness_mean,,,,43,45,27,DOE,29.6975,25.268355793650795
loocv_ref,Augmented|LOOCV,,Random Forest,43,LOOCV,Augmented,Thickness_mean,,,,44,43,25,DOE,1.05,1.4518673214285718
loocv_ref,Augmented|LOOCV,,Random Forest,43,LOOCV,Augmented,Thickness_mean,,,,45,46,28,DOE,31.682500000000005,25.903246488095238
loocv_ref,Augmented|LOOCV,,Random Forest,43,LOOCV,Augmented,Thickness_mean,,,,46,42,24,DOE,1.0625,1.4033975297619048
loocv_ref,Augmented|LOOCV,,Random Forest,43,LOOCV,Augmented,Thickness_mean,,,,47,49,31,DOE,25.6225,26.337453373015865
loocv_ref,Augmented|LOOCV,,Random Forest,43,LOOCV,Augmented,Thickness_mean,,,,48,54,36,DOE,4.335,5.734267053571431
loocv_ref,Augmented|LOOCV,,Random Forest,43,LOOCV,Augmented,Thickness_mean,,,,49,52,34,DOE,22.5,26.45971146374457
loocv_ref,Augmented|LOOCV,,Random Forest,43,LOOCV,Augmented,Thickness_mean,,,,50,47,29,DOE,1.0525000000000002,1.3434853273809517
loocv_ref,Augmented|LOOCV,,Random Forest,43,LOOCV,Augmented,Thickness_mean,,,,51,51,33,DOE,1.1124999999999998,1.3948659821428566
loocv_ref,Augmented|LOOCV,,Random Forest,43,LOOCV,Augmented,Thickness_mean,,,,52,53,35,DOE,1.285,1.8228274999999994
loocv_ref,Augmented|LOOCV,,Random Forest,43,LOOCV,Augmented,Thickness_mean,,,,53,56,38,DOE,21.8925,25.923752830433457
loocv_ref,Augmented|LOOCV,,Random Forest,43,LOOCV,Augmented,Thickness_mean,,,,54,50,32,DOE,25.37,23.820086901501277
loocv_ref,Augmented|LOOCV,,Random Forest,43,LOOCV,Augmented,Thickness_mean,,,,55,48,30,DOE,26.11,25.705224188658566
loocv_ref,Augmented|LOOCV,,Random Forest,43,LOOCV,Augmented,Thickness_mean,,,,56,55,37,DOE,11.3,18.095037916666666
loocv_ref,Augmented|LOOCV,,Random Forest,44,LOOCV,Augmented,Thickness_mean,,,,0,0,0,OFAT,36.34,20.852774999999962
loocv_ref,Augmented|LOOCV,,Random Forest,44,LOOCV,Augmented,Thickness_mean,,,,1,1,1,OFAT,19.9225,26.436224374999988
loocv_ref,Augmented|LOOCV,,Random Forest,44,LOOCV,Augmented,Thickness_mean,,,,2,2,2,OFAT,25.6625,24.177632380952375
loocv_ref,Augmented|LOOCV,,Random Forest,44,LOOCV,Augmented,Thickness_mean,,,,3,3,3,OFAT,20.2075,17.150375
loocv_ref,Augmented|LOOCV,,Random Forest,44,LOOCV,Augmented,Thickness_mean,,,,4,4,4,OFAT,15.345,16.01504358134921
loocv_ref,Augmented|LOOCV,,Random Forest,44,LOOCV,Augmented,Thickness_mean,,,,5,5,5,OFAT,14.265,16.991064236111107
loocv_ref,Augmented|LOOCV,,Random Forest,44,LOOCV,Augmented,Thickness_mean,,,,6,6,6,OFAT,12.9225,14.855493928571427
loocv_ref,Augmented|LOOCV,,Random Forest,44,LOOCV,Augmented,Thickness_mean,,,,7,7,7,OFAT,13.2775,15.076972716450209
loocv_ref,Augmented|LOOCV,,Random Forest,44,LOOCV,Augmented,Thickness_mean,,,,8,8,8,OFAT,15.329999999999998,20.763664464285696
loocv_ref,Augmented|LOOCV,,Random Forest,44,LOOCV,Augmented,Thickness_mean,,,,9,9,9,OFAT,7.855,8.739922673160178
loocv_ref,Augmented|LOOCV,,Random Forest,44,LOOCV,Augmented,Thickness_mean,,,,10,10,10,OFAT,2.8075,10.039950624999996
loocv_ref,Augmented|LOOCV,,Random Forest,44,LOOCV,Augmented,Thickness_mean,,,,11,11,11,OFAT,7.7875,8.986177291666676
loocv_ref,Augmented|LOOCV,,Random Forest,44,LOOCV,Augmented,Thickness_mean,,,,12,12,11,OFAT,9.105,8.18250229166668
loocv_ref,Augmented|LOOCV,,Random Forest,44,LOOCV,Augmented,Thickness_mean,,,,13,13,12,OFAT,7.734999999999999,8.352640036075034
loocv_ref,Augmented|LOOCV,,Random Forest,44,LOOCV,Augmented,Thickness_mean,,,,14,14,10,OFAT,6.8225,8.942659107142859
loocv_ref,Augmented|LOOCV,,Random Forest,44,LOOCV,Augmented,Thickness_mean,,,,15,15,10,OFAT,14.995,6.518345357142855
loocv_ref,Augmented|LOOCV,,Random Forest,44,LOOCV,Augmented,Thickness_mean,,,,16,16,13,OFAT,14.025,12.759697058721267
loocv_ref,Augmented|LOOCV,,Random Forest,44,LOOCV,Augmented,Thickness_mean,,,,17,17,10,OFAT,9.0475,8.251962604267298
loocv_ref,Augmented|LOOCV,,Random Forest,44,LOOCV,Augmented,Thickness_mean,,,,18,18,14,OFAT,22.225,23.440449493284504
loocv_ref,Augmented|LOOCV,,Random Forest,44,LOOCV,Augmented,Thickness_mean,,,,19,19,14,OFAT,25.935,22.870501240079374
loocv_ref,Augmented|LOOCV,,Random Forest,44,LOOCV,Augmented,Thickness_mean,,,,20,20,15,OFAT,7.03,4.823032509920637
loocv_ref,Augmented|LOOCV,,Random Forest,44,LOOCV,Augmented,Thickness_mean,,,,21,21,16,OFAT,13.5325,11.365309774341368
loocv_ref,Augmented|LOOCV,,Random Forest,44,LOOCV,Augmented,Thickness_mean,,,,22,22,14,OFAT,25.29,22.905651551087807
loocv_ref,Augmented|LOOCV,,Random Forest,44,LOOCV,Augmented,Thickness_mean,,,,23,23,14,OFAT,21.965,23.55512385989011
loocv_ref,Augmented|LOOCV,,Random Forest,44,LOOCV,Augmented,Thickness_mean,,,,24,24,14,OFAT,23.082500000000003,23.366417560703184
loocv_ref,Augmented|LOOCV,,Random Forest,44,LOOCV,Augmented,Thickness_mean,,,,25,25,14,OFAT,21.262500000000003,23.759526875901873
loocv_ref,Augmented|LOOCV,,Random Forest,44,LOOCV,Augmented,Thickness_mean,,,,26,26,17,OFAT,17.8275,19.115872688492065
loocv_ref,Augmented|LOOCV,,Random Forest,44,LOOCV,Augmented,Thickness_mean,,,,27,27,17,OFAT,17.345,19.23492956349207
loocv_ref,Augmented|LOOCV,,Random Forest,44,LOOCV,Augmented,Thickness_mean,,,,28,28,17,OFAT,24.4925,16.10820123021879
loocv_ref,Augmented|LOOCV,,Random Forest,44,LOOCV,Augmented,Thickness_mean,,,,29,29,17,OFAT,17.695,17.345932504124615
loocv_ref,Augmented|LOOCV,,Random Forest,44,LOOCV,Augmented,Thickness_mean,,,,30,30,17,OFAT,16.814999999999998,17.42414782938477
loocv_ref,Augmented|LOOCV,,Random Forest,44,LOOCV,Augmented,Thickness_mean,,,,31,31,18,OFAT,14.9425,17.235441221246873
loocv_ref,Augmented|LOOCV,,Random Forest,44,LOOCV,Augmented,Thickness_mean,,,,32,32,19,OFAT,9.9625,13.823134087334868
loocv_ref,Augmented|LOOCV,,Random Forest,44,LOOCV,Augmented,Thickness_mean,,,,33,33,20,OFAT,4.855,7.54827671576596
loocv_ref,Augmented|LOOCV,,Random Forest,44,LOOCV,Augmented,Thickness_mean,,,,34,34,21,OFAT,1.2375,1.6652985450660447
loocv_ref,Augmented|LOOCV,,Random Forest,44,LOOCV,Augmented,Thickness_mean,,,,35,35,22,OFAT,2.0275,1.4627328777472526
loocv_ref,Augmented|LOOCV,,Random Forest,44,LOOCV,Augmented,Thickness_mean,,,,36,36,23,OFAT,3.535,5.093089718198469
loocv_ref,Augmented|LOOCV,,Random Forest,44,LOOCV,Augmented,Thickness_mean,,,,37,37,20,OFAT,8.6425,5.642050936147185
loocv_ref,Augmented|LOOCV,,Random Forest,44,LOOCV,Augmented,Thickness_mean,,,,38,38,19,OFAT,12.75,13.208066257249497
loocv_ref,Augmented|LOOCV,,Random Forest,44,LOOCV,Augmented,Thickness_mean,,,,39,39,18,OFAT,16.965,16.304915343848442
loocv_ref,Augmented|LOOCV,,Random Forest,44,LOOCV,Augmented,Thickness_mean,,,,40,40,19,OFAT,19.6525,11.6863001674349
loocv_ref,Augmented|LOOCV,,Random Forest,44,LOOCV,Augmented,Thickness_mean,,,,41,41,19,OFAT,9.2675,14.255067812357163
loocv_ref,Augmented|LOOCV,,Random Forest,44,LOOCV,Augmented,Thickness_mean,,,,42,44,26,DOE,5.285,5.272366396532605
loocv_ref,Augmented|LOOCV,,Random Forest,44,LOOCV,Augmented,Thickness_mean,,,,43,45,27,DOE,29.6975,26.79904734432233
loocv_ref,Augmented|LOOCV,,Random Forest,44,LOOCV,Augmented,Thickness_mean,,,,44,43,25,DOE,1.05,1.6099141071428573
loocv_ref,Augmented|LOOCV,,Random Forest,44,LOOCV,Augmented,Thickness_mean,,,,45,46,28,DOE,31.682500000000005,25.470897168668742
loocv_ref,Augmented|LOOCV,,Random Forest,44,LOOCV,Augmented,Thickness_mean,,,,46,42,24,DOE,1.0625,1.518827886904762
loocv_ref,Augmented|LOOCV,,Random Forest,44,LOOCV,Augmented,Thickness_mean,,,,47,49,31,DOE,25.6225,26.38472154765374
loocv_ref,Augmented|LOOCV,,Random Forest,44,LOOCV,Augmented,Thickness_mean,,,,48,54,36,DOE,4.335,5.93371092261905
loocv_ref,Augmented|LOOCV,,Random Forest,44,LOOCV,Augmented,Thickness_mean,,,,49,52,34,DOE,22.5,26.709539388632212
loocv_ref,Augmented|LOOCV,,Random Forest,44,LOOCV,Augmented,Thickness_mean,,,,50,47,29,DOE,1.0525000000000002,1.2103980357142854
loocv_ref,Augmented|LOOCV,,Random Forest,44,LOOCV,Augmented,Thickness_mean,,,,51,51,33,DOE,1.1124999999999998,1.2576607738095236
loocv_ref,Augmented|LOOCV,,Random Forest,44,LOOCV,Augmented,Thickness_mean,,,,52,53,35,DOE,1.285,1.5242230952380953
loocv_ref,Augmented|LOOCV,,Random Forest,44,LOOCV,Augmented,Thickness_mean,,,,53,56,38,DOE,21.8925,25.978132134185266
loocv_ref,Augmented|LOOCV,,Random Forest,44,LOOCV,Augmented,Thickness_mean,,,,54,50,32,DOE,25.37,24.010579914391165
loocv_ref,Augmented|LOOCV,,Random Forest,44,LOOCV,Augmented,Thickness_mean,,,,55,48,30,DOE,26.11,26.40370229076478
loocv_ref,Augmented|LOOCV,,Random Forest,44,LOOCV,Augmented,Thickness_mean,,,,56,55,37,DOE,11.3,17.5244855465368
loocv_ref,Augmented|LOOCV,,Random Forest,45,LOOCV,Augmented,Thickness_mean,,,,0,0,0,OFAT,36.34,20.24804999999996
loocv_ref,Augmented|LOOCV,,Random Forest,45,LOOCV,Augmented,Thickness_mean,,,,1,1,1,OFAT,19.9225,27.298493095238104
loocv_ref,Augmented|LOOCV,,Random Forest,45,LOOCV,Augmented,Thickness_mean,,,,2,2,2,OFAT,25.6625,22.296128930807757
loocv_ref,Augmented|LOOCV,,Random Forest,45,LOOCV,Augmented,Thickness_mean,,,,3,3,3,OFAT,20.2075,17.705074672619038
loocv_ref,Augmented|LOOCV,,Random Forest,45,LOOCV,Augmented,Thickness_mean,,,,4,4,4,OFAT,15.345,16.246800000000015
loocv_ref,Augmented|LOOCV,,Random Forest,45,LOOCV,Augmented,Thickness_mean,,,,5,5,5,OFAT,14.265,16.529279999999996
loocv_ref,Augmented|LOOCV,,Random Forest,45,LOOCV,Augmented,Thickness_mean,,,,6,6,6,OFAT,12.9225,14.950988571428576
loocv_ref,Augmented|LOOCV,,Random Forest,45,LOOCV,Augmented,Thickness_mean,,,,7,7,7,OFAT,13.2775,15.069002162698412
loocv_ref,Augmented|LOOCV,,Random Forest,45,LOOCV,Augmented,Thickness_mean,,,,8,8,8,OFAT,15.329999999999998,19.17641974206348
loocv_ref,Augmented|LOOCV,,Random Forest,45,LOOCV,Augmented,Thickness_mean,,,,9,9,9,OFAT,7.855,8.403903819444453
loocv_ref,Augmented|LOOCV,,Random Forest,45,LOOCV,Augmented,Thickness_mean,,,,10,10,10,OFAT,2.8075,10.17677625
loocv_ref,Augmented|LOOCV,,Random Forest,45,LOOCV,Augmented,Thickness_mean,,,,11,11,11,OFAT,7.7875,8.26688526785714
loocv_ref,Augmented|LOOCV,,Random Forest,45,LOOCV,Augmented,Thickness_mean,,,,12,12,11,OFAT,9.105,7.89603776785714
loocv_ref,Augmented|LOOCV,,Random Forest,45,LOOCV,Augmented,Thickness_mean,,,,13,13,12,OFAT,7.734999999999999,8.311369851190479
loocv_ref,Augmented|LOOCV,,Random Forest,45,LOOCV,Augmented,Thickness_mean,,,,14,14,10,OFAT,6.8225,8.692375456349207
loocv_ref,Augmented|LOOCV,,Random Forest,45,LOOCV,Augmented,Thickness_mean,,,,15,15,10,OFAT,14.995,6.427318214285714
loocv_ref,Augmented|LOOCV,,Random Forest,45,LOOCV,Augmented,Thickness_mean,,,,16,16,13,OFAT,14.025,12.90701715173715
loocv_ref,Augmented|LOOCV,,Random Forest,45,LOOCV,Augmented,Thickness_mean,,,,17,17,10,OFAT,9.0475,7.80911550595238
loocv_ref,Augmented|LOOCV,,Random Forest,45,LOOCV,Augmented,Thickness_mean,,,,18,18,14,OFAT,22.225,23.534596509740254
loocv_ref,Augmented|LOOCV,,Random Forest,45,LOOCV,Augmented,Thickness_mean,,,,19,19,14,OFAT,25.935,22.872076607142862
loocv_ref,Augmented|LOOCV,,Random Forest,45,LOOCV,Augmented,Thickness_mean,,,,20,20,15,OFAT,7.03,5.145218750000001
loocv_ref,Augmented|LOOCV,,Random Forest,45,LOOCV,Augmented,Thickness_mean,,,,21,21,16,OFAT,13.5325,12.3946021780303
loocv_ref,Augmented|LOOCV,,Random Forest,45,LOOCV,Augmented,Thickness_mean,,,,22,22,14,OFAT,25.29,22.75173699765513
loocv_ref,Augmented|LOOCV,,Random Forest,45,LOOCV,Augmented,Thickness_mean,,,,23,23,14,OFAT,21.965,23.288302845279716
loocv_ref,Augmented|LOOCV,,Random Forest,45,LOOCV,Augmented,Thickness_mean,,,,24,24,14,OFAT,23.082500000000003,23.09578889180264
loocv_ref,Augmented|LOOCV,,Random Forest,45,LOOCV,Augmented,Thickness_mean,,,,25,25,14,OFAT,21.262500000000003,23.439678614926752
loocv_ref,Augmented|LOOCV,,Random Forest,45,LOOCV,Augmented,Thickness_mean,,,,26,26,17,OFAT,17.8275,18.75054366702742
loocv_ref,Augmented|LOOCV,,Random Forest,45,LOOCV,Augmented,Thickness_mean,,,,27,27,17,OFAT,17.345,18.85079829004329
loocv_ref,Augmented|LOOCV,,Random Forest,45,LOOCV,Augmented,Thickness_mean,,,,28,28,17,OFAT,24.4925,17.087159007936506
loocv_ref,Augmented|LOOCV,,Random Forest,45,LOOCV,Augmented,Thickness_mean,,,,29,29,17,OFAT,17.695,18.601620049603174
loocv_ref,Augmented|LOOCV,,Random Forest,45,LOOCV,Augmented,Thickness_mean,,,,30,30,17,OFAT,16.814999999999998,18.796130724206353
loocv_ref,Augmented|LOOCV,,Random Forest,45,LOOCV,Augmented,Thickness_mean,,,,31,31,18,OFAT,14.9425,17.481583789682528
loocv_ref,Augmented|LOOCV,,Random Forest,45,LOOCV,Augmented,Thickness_mean,,,,32,32,19,OFAT,9.9625,13.838716820887448
loocv_ref,Augmented|LOOCV,,Random Forest,45,LOOCV,Augmented,Thickness_mean,,,,33,33,20,OFAT,4.855,7.564891537698413
loocv_ref,Augmented|LOOCV,,Random Forest,45,LOOCV,Augmented,Thickness_mean,,,,34,34,21,OFAT,1.2375,1.9974166666666664
loocv_ref,Augmented|LOOCV,,Random Forest,45,LOOCV,Augmented,Thickness_mean,,,,35,35,22,OFAT,2.0275,1.7481187500000002
loocv_ref,Augmented|LOOCV,,Random Forest,45,LOOCV,Augmented,Thickness_mean,,,,36,36,23,OFAT,3.535,5.110167392676764
loocv_ref,Augmented|LOOCV,,Random Forest,45,LOOCV,Augmented,Thickness_mean,,,,37,37,20,OFAT,8.6425,5.260060714285714
loocv_ref,Augmented|LOOCV,,Random Forest,45,LOOCV,Augmented,Thickness_mean,,,,38,38,19,OFAT,12.75,13.095127400793654
loocv_ref,Augmented|LOOCV,,Random Forest,45,LOOCV,Augmented,Thickness_mean,,,,39,39,18,OFAT,16.965,17.16782017135641
loocv_ref,Augmented|LOOCV,,Random Forest,45,LOOCV,Augmented,Thickness_mean,,,,40,40,19,OFAT,19.6525,10.809518958333328
loocv_ref,Augmented|LOOCV,,Random Forest,45,LOOCV,Augmented,Thickness_mean,,,,41,41,19,OFAT,9.2675,13.781292450396823
loocv_ref,Augmented|LOOCV,,Random Forest,45,LOOCV,Augmented,Thickness_mean,,,,42,44,26,DOE,5.285,5.06756338293651
loocv_ref,Augmented|LOOCV,,Random Forest,45,LOOCV,Augmented,Thickness_mean,,,,43,45,27,DOE,29.6975,25.40577533008657
loocv_ref,Augmented|LOOCV,,Random Forest,45,LOOCV,Augmented,Thickness_mean,,,,44,43,25,DOE,1.05,1.570746934523809
loocv_ref,Augmented|LOOCV,,Random Forest,45,LOOCV,Augmented,Thickness_mean,,,,45,46,28,DOE,31.682500000000005,25.815046488095245
loocv_ref,Augmented|LOOCV,,Random Forest,45,LOOCV,Augmented,Thickness_mean,,,,46,42,24,DOE,1.0625,1.5027769047619046
loocv_ref,Augmented|LOOCV,,Random Forest,45,LOOCV,Augmented,Thickness_mean,,,,47,49,31,DOE,25.6225,26.068665922619047
loocv_ref,Augmented|LOOCV,,Random Forest,45,LOOCV,Augmented,Thickness_mean,,,,48,54,36,DOE,4.335,5.844330257936511
loocv_ref,Augmented|LOOCV,,Random Forest,45,LOOCV,Augmented,Thickness_mean,,,,49,52,34,DOE,22.5,26.763999140720383
loocv_ref,Augmented|LOOCV,,Random Forest,45,LOOCV,Augmented,Thickness_mean,,,,50,47,29,DOE,1.0525000000000002,1.1727158630952375
loocv_ref,Augmented|LOOCV,,Random Forest,45,LOOCV,Augmented,Thickness_mean,,,,51,51,33,DOE,1.1124999999999998,1.2902252976190471
loocv_ref,Augmented|LOOCV,,Random Forest,45,LOOCV,Augmented,Thickness_mean,,,,52,53,35,DOE,1.285,1.6679103571428584
loocv_ref,Augmented|LOOCV,,Random Forest,45,LOOCV,Augmented,Thickness_mean,,,,53,56,38,DOE,21.8925,30.523029236111128
loocv_ref,Augmented|LOOCV,,Random Forest,45,LOOCV,Augmented,Thickness_mean,,,,54,50,32,DOE,25.37,23.640380284992784
loocv_ref,Augmented|LOOCV,,Random Forest,45,LOOCV,Augmented,Thickness_mean,,,,55,48,30,DOE,26.11,25.723761815476156
loocv_ref,Augmented|LOOCV,,Random Forest,45,LOOCV,Augmented,Thickness_mean,,,,56,55,37,DOE,11.3,16.14595993055554
loocv_ref,Augmented|LOOCV,,Random Forest,46,LOOCV,Augmented,Thickness_mean,,,,0,0,0,OFAT,36.34,20.105674999999966
loocv_ref,Augmented|LOOCV,,Random Forest,46,LOOCV,Augmented,Thickness_mean,,,,1,1,1,OFAT,19.9225,26.56698083333332
loocv_ref,Augmented|LOOCV,,Random Forest,46,LOOCV,Augmented,Thickness_mean,,,,2,2,2,OFAT,25.6625,23.60149080495893
loocv_ref,Augmented|LOOCV,,Random Forest,46,LOOCV,Augmented,Thickness_mean,,,,3,3,3,OFAT,20.2075,16.9577793452381
loocv_ref,Augmented|LOOCV,,Random Forest,46,LOOCV,Augmented,Thickness_mean,,,,4,4,4,OFAT,15.345,15.86557017857143
loocv_ref,Augmented|LOOCV,,Random Forest,46,LOOCV,Augmented,Thickness_mean,,,,5,5,5,OFAT,14.265,16.84976910714286
loocv_ref,Augmented|LOOCV,,Random Forest,46,LOOCV,Augmented,Thickness_mean,,,,6,6,6,OFAT,12.9225,15.90802767045455
loocv_ref,Augmented|LOOCV,,Random Forest,46,LOOCV,Augmented,Thickness_mean,,,,7,7,7,OFAT,13.2775,16.022287493686868
loocv_ref,Augmented|LOOCV,,Random Forest,46,LOOCV,Augmented,Thickness_mean,,,,8,8,8,OFAT,15.329999999999998,19.39409998376624
loocv_ref,Augmented|LOOCV,,Random Forest,46,LOOCV,Augmented,Thickness_mean,,,,9,9,9,OFAT,7.855,8.32587798611111
loocv_ref,Augmented|LOOCV,,Random Forest,46,LOOCV,Augmented,Thickness_mean,,,,10,10,10,OFAT,2.8075,10.03810755952381
loocv_ref,Augmented|LOOCV,,Random Forest,46,LOOCV,Augmented,Thickness_mean,,,,11,11,11,OFAT,7.7875,8.368246620670998
loocv_ref,Augmented|LOOCV,,Random Forest,46,LOOCV,Augmented,Thickness_mean,,,,12,12,11,OFAT,9.105,8.004296122835495
loocv_ref,Augmented|LOOCV,,Random Forest,46,LOOCV,Augmented,Thickness_mean,,,,13,13,12,OFAT,7.734999999999999,8.298513831168837
loocv_ref,Augmented|LOOCV,,Random Forest,46,LOOCV,Augmented,Thickness_mean,,,,14,14,10,OFAT,6.8225,8.68380079545455
loocv_ref,Augmented|LOOCV,,Random Forest,46,LOOCV,Augmented,Thickness_mean,,,,15,15,10,OFAT,14.995,6.498707857142856
loocv_ref,Augmented|LOOCV,,Random Forest,46,LOOCV,Augmented,Thickness_mean,,,,16,16,13,OFAT,14.025,12.802389106032853
loocv_ref,Augmented|LOOCV,,Random Forest,46,LOOCV,Augmented,Thickness_mean,,,,17,17,10,OFAT,9.0475,7.833098095238096
loocv_ref,Augmented|LOOCV,,Random Forest,46,LOOCV,Augmented,Thickness_mean,,,,18,18,14,OFAT,22.225,23.579192012987004
loocv_ref,Augmented|LOOCV,,Random Forest,46,LOOCV,Augmented,Thickness_mean,,,,19,19,14,OFAT,25.935,22.88176248196248
loocv_ref,Augmented|LOOCV,,Random Forest,46,LOOCV,Augmented,Thickness_mean,,,,20,20,15,OFAT,7.03,4.745311785714286
loocv_ref,Augmented|LOOCV,,Random Forest,46,LOOCV,Augmented,Thickness_mean,,,,21,21,16,OFAT,13.5325,11.063112702922078
loocv_ref,Augmented|LOOCV,,Random Forest,46,LOOCV,Augmented,Thickness_mean,,,,22,22,14,OFAT,25.29,23.013686276709407
loocv_ref,Augmented|LOOCV,,Random Forest,46,LOOCV,Augmented,Thickness_mean,,,,23,23,14,OFAT,21.965,23.477752638888898
loocv_ref,Augmented|LOOCV,,Random Forest,46,LOOCV,Augmented,Thickness_mean,,,,24,24,14,OFAT,23.082500000000003,23.273710525793646
loocv_ref,Augmented|LOOCV,,Random Forest,46,LOOCV,Augmented,Thickness_mean,,,,25,25,14,OFAT,21.262500000000003,23.587969662698416
loocv_ref,Augmented|LOOCV,,Random Forest,46,LOOCV,Augmented,Thickness_mean,,,,26,26,17,OFAT,17.8275,18.638146365093238
loocv_ref,Augmented|LOOCV,,Random Forest,46,LOOCV,Augmented,Thickness_mean,,,,27,27,17,OFAT,17.345,18.882249629884008
loocv_ref,Augmented|LOOCV,,Random Forest,46,LOOCV,Augmented,Thickness_mean,,,,28,28,17,OFAT,24.4925,16.06283238850708
loocv_ref,Augmented|LOOCV,,Random Forest,46,LOOCV,Augmented,Thickness_mean,,,,29,29,17,OFAT,17.695,18.535627606074478
loocv_ref,Augmented|LOOCV,,Random Forest,46,LOOCV,Augmented,Thickness_mean,,,,30,30,17,OFAT,16.814999999999998,18.734150341117218
loocv_ref,Augmented|LOOCV,,Random Forest,46,LOOCV,Augmented,Thickness_mean,,,,31,31,18,OFAT,14.9425,18.116229202949825
loocv_ref,Augmented|LOOCV,,Random Forest,46,LOOCV,Augmented,Thickness_mean,,,,32,32,19,OFAT,9.9625,13.566456899350648
loocv_ref,Augmented|LOOCV,,Random Forest,46,LOOCV,Augmented,Thickness_mean,,,,33,33,20,OFAT,4.855,7.255398730158731
loocv_ref,Augmented|LOOCV,,Random Forest,46,LOOCV,Augmented,Thickness_mean,,,,34,34,21,OFAT,1.2375,2.148071726190476
loocv_ref,Augmented|LOOCV,,Random Forest,46,LOOCV,Augmented,Thickness_mean,,,,35,35,22,OFAT,2.0275,1.9315589285714279
loocv_ref,Augmented|LOOCV,,Random Forest,46,LOOCV,Augmented,Thickness_mean,,,,36,36,23,OFAT,3.535,4.743179523809524
loocv_ref,Augmented|LOOCV,,Random Forest,46,LOOCV,Augmented,Thickness_mean,,,,37,37,20,OFAT,8.6425,5.693734077380952
loocv_ref,Augmented|LOOCV,,Random Forest,46,LOOCV,Augmented,Thickness_mean,,,,38,38,19,OFAT,12.75,13.011919204545455
loocv_ref,Augmented|LOOCV,,Random Forest,46,LOOCV,Augmented,Thickness_mean,,,,39,39,18,OFAT,16.965,16.998267968073584
loocv_ref,Augmented|LOOCV,,Random Forest,46,LOOCV,Augmented,Thickness_mean,,,,40,40,19,OFAT,19.6525,11.238026937229439
loocv_ref,Augmented|LOOCV,,Random Forest,46,LOOCV,Augmented,Thickness_mean,,,,41,41,19,OFAT,9.2675,13.99635183080808
loocv_ref,Augmented|LOOCV,,Random Forest,46,LOOCV,Augmented,Thickness_mean,,,,42,44,26,DOE,5.285,4.9063744426406934
loocv_ref,Augmented|LOOCV,,Random Forest,46,LOOCV,Augmented,Thickness_mean,,,,43,45,27,DOE,29.6975,24.93985793650791
loocv_ref,Augmented|LOOCV,,Random Forest,46,LOOCV,Augmented,Thickness_mean,,,,44,43,25,DOE,1.05,1.386222440476191
loocv_ref,Augmented|LOOCV,,Random Forest,46,LOOCV,Augmented,Thickness_mean,,,,45,46,28,DOE,31.682500000000005,25.82412668650793
loocv_ref,Augmented|LOOCV,,Random Forest,46,LOOCV,Augmented,Thickness_mean,,,,46,42,24,DOE,1.0625,1.3700316044372298
loocv_ref,Augmented|LOOCV,,Random Forest,46,LOOCV,Augmented,Thickness_mean,,,,47,49,31,DOE,25.6225,25.896864894688647
loocv_ref,Augmented|LOOCV,,Random Forest,46,LOOCV,Augmented,Thickness_mean,,,,48,54,36,DOE,4.335,6.032110744047617
loocv_ref,Augmented|LOOCV,,Random Forest,46,LOOCV,Augmented,Thickness_mean,,,,49,52,34,DOE,22.5,26.07061157550783
loocv_ref,Augmented|LOOCV,,Random Forest,46,LOOCV,Augmented,Thickness_mean,,,,50,47,29,DOE,1.0525000000000002,1.1991975892857147
loocv_ref,Augmented|LOOCV,,Random Forest,46,LOOCV,Augmented,Thickness_mean,,,,51,51,33,DOE,1.1124999999999998,1.3096949107142857
loocv_ref,Augmented|LOOCV,,Random Forest,46,LOOCV,Augmented,Thickness_mean,,,,52,53,35,DOE,1.285,1.6611917261904765
loocv_ref,Augmented|LOOCV,,Random Forest,46,LOOCV,Augmented,Thickness_mean,,,,53,56,38,DOE,21.8925,25.515112720057722
loocv_ref,Augmented|LOOCV,,Random Forest,46,LOOCV,Augmented,Thickness_mean,,,,54,50,32,DOE,25.37,23.327846887299476
loocv_ref,Augmented|LOOCV,,Random Forest,46,LOOCV,Augmented,Thickness_mean,,,,55,48,30,DOE,26.11,25.72894415674604
loocv_ref,Augmented|LOOCV,,Random Forest,46,LOOCV,Augmented,Thickness_mean,,,,56,55,37,DOE,11.3,16.964364791666668
loocv_ref,Augmented|LOOCV,,Random Forest,47,LOOCV,Augmented,Thickness_mean,,,,0,0,0,OFAT,36.34,20.297249999999963
loocv_ref,Augmented|LOOCV,,Random Forest,47,LOOCV,Augmented,Thickness_mean,,,,1,1,1,OFAT,19.9225,26.44878300926064
loocv_ref,Augmented|LOOCV,,Random Forest,47,LOOCV,Augmented,Thickness_mean,,,,2,2,2,OFAT,25.6625,24.38113595238095
loocv_ref,Augmented|LOOCV,,Random Forest,47,LOOCV,Augmented,Thickness_mean,,,,3,3,3,OFAT,20.2075,16.592052751623385
loocv_ref,Augmented|LOOCV,,Random Forest,47,LOOCV,Augmented,Thickness_mean,,,,4,4,4,OFAT,15.345,15.754071875000012
loocv_ref,Augmented|LOOCV,,Random Forest,47,LOOCV,Augmented,Thickness_mean,,,,5,5,5,OFAT,14.265,15.987439375000001
loocv_ref,Augmented|LOOCV,,Random Forest,47,LOOCV,Augmented,Thickness_mean,,,,6,6,6,OFAT,12.9225,14.820897946428572
loocv_ref,Augmented|LOOCV,,Random Forest,47,LOOCV,Augmented,Thickness_mean,,,,7,7,7,OFAT,13.2775,15.269813392857134
loocv_ref,Augmented|LOOCV,,Random Forest,47,LOOCV,Augmented,Thickness_mean,,,,8,8,8,OFAT,15.329999999999998,21.055081398809506
loocv_ref,Augmented|LOOCV,,Random Forest,47,LOOCV,Augmented,Thickness_mean,,,,9,9,9,OFAT,7.855,8.33182791666667
loocv_ref,Augmented|LOOCV,,Random Forest,47,LOOCV,Augmented,Thickness_mean,,,,10,10,10,OFAT,2.8075,9.873870297619048
loocv_ref,Augmented|LOOCV,,Random Forest,47,LOOCV,Augmented,Thickness_mean,,,,11,11,11,OFAT,7.7875,8.495666666666676
loocv_ref,Augmented|LOOCV,,Random Forest,47,LOOCV,Augmented,Thickness_mean,,,,12,12,11,OFAT,9.105,7.639291666666677
loocv_ref,Augmented|LOOCV,,Random Forest,47,LOOCV,Augmented,Thickness_mean,,,,13,13,12,OFAT,7.734999999999999,8.183095238095241
loocv_ref,Augmented|LOOCV,,Random Forest,47,LOOCV,Augmented,Thickness_mean,,,,14,14,10,OFAT,6.8225,8.709375922619046
loocv_ref,Augmented|LOOCV,,Random Forest,47,LOOCV,Augmented,Thickness_mean,,,,15,15,10,OFAT,14.995,6.386421304112552
loocv_ref,Augmented|LOOCV,,Random Forest,47,LOOCV,Augmented,Thickness_mean,,,,16,16,13,OFAT,14.025,12.708048803418803
loocv_ref,Augmented|LOOCV,,Random Forest,47,LOOCV,Augmented,Thickness_mean,,,,17,17,10,OFAT,9.0475,8.003535813492062
loocv_ref,Augmented|LOOCV,,Random Forest,47,LOOCV,Augmented,Thickness_mean,,,,18,18,14,OFAT,22.225,23.719200908639962
loocv_ref,Augmented|LOOCV,,Random Forest,47,LOOCV,Augmented,Thickness_mean,,,,19,19,14,OFAT,25.935,22.947365151515143
loocv_ref,Augmented|LOOCV,,Random Forest,47,LOOCV,Augmented,Thickness_mean,,,,20,20,15,OFAT,7.03,4.970085416666667
loocv_ref,Augmented|LOOCV,,Random Forest,47,LOOCV,Augmented,Thickness_mean,,,,21,21,16,OFAT,13.5325,11.289790142704518
loocv_ref,Augmented|LOOCV,,Random Forest,47,LOOCV,Augmented,Thickness_mean,,,,22,22,14,OFAT,25.29,22.83327028379493
loocv_ref,Augmented|LOOCV,,Random Forest,47,LOOCV,Augmented,Thickness_mean,,,,23,23,14,OFAT,21.965,23.3976058526196
loocv_ref,Augmented|LOOCV,,Random Forest,47,LOOCV,Augmented,Thickness_mean,,,,24,24,14,OFAT,23.082500000000003,23.171733283105777
loocv_ref,Augmented|LOOCV,,Random Forest,47,LOOCV,Augmented,Thickness_mean,,,,25,25,14,OFAT,21.262500000000003,23.545782030206418
loocv_ref,Augmented|LOOCV,,Random Forest,47,LOOCV,Augmented,Thickness_mean,,,,26,26,17,OFAT,17.8275,18.101948748280005
loocv_ref,Augmented|LOOCV,,Random Forest,47,LOOCV,Augmented,Thickness_mean,,,,27,27,17,OFAT,17.345,18.227704129618445
loocv_ref,Augmented|LOOCV,,Random Forest,47,LOOCV,Augmented,Thickness_mean,,,,28,28,17,OFAT,24.4925,15.859709481207314
loocv_ref,Augmented|LOOCV,,Random Forest,47,LOOCV,Augmented,Thickness_mean,,,,29,29,17,OFAT,17.695,17.224500706279343
loocv_ref,Augmented|LOOCV,,Random Forest,47,LOOCV,Augmented,Thickness_mean,,,,30,30,17,OFAT,16.814999999999998,19.548393065476187
loocv_ref,Augmented|LOOCV,,Random Forest,47,LOOCV,Augmented,Thickness_mean,,,,31,31,18,OFAT,14.9425,17.46073755952379
loocv_ref,Augmented|LOOCV,,Random Forest,47,LOOCV,Augmented,Thickness_mean,,,,32,32,19,OFAT,9.9625,13.95471098931805
loocv_ref,Augmented|LOOCV,,Random Forest,47,LOOCV,Augmented,Thickness_mean,,,,33,33,20,OFAT,4.855,7.639655671897549
loocv_ref,Augmented|LOOCV,,Random Forest,47,LOOCV,Augmented,Thickness_mean,,,,34,34,21,OFAT,1.2375,1.874560439213563
loocv_ref,Augmented|LOOCV,,Random Forest,47,LOOCV,Augmented,Thickness_mean,,,,35,35,22,OFAT,2.0275,1.7394775784632035
loocv_ref,Augmented|LOOCV,,Random Forest,47,LOOCV,Augmented,Thickness_mean,,,,36,36,23,OFAT,3.535,5.042730647304082
loocv_ref,Augmented|LOOCV,,Random Forest,47,LOOCV,Augmented,Thickness_mean,,,,37,37,20,OFAT,8.6425,5.724676954367119
loocv_ref,Augmented|LOOCV,,Random Forest,47,LOOCV,Augmented,Thickness_mean,,,,38,38,19,OFAT,12.75,13.512098711167676
loocv_ref,Augmented|LOOCV,,Random Forest,47,LOOCV,Augmented,Thickness_mean,,,,39,39,18,OFAT,16.965,16.50434270065231
loocv_ref,Augmented|LOOCV,,Random Forest,47,LOOCV,Augmented,Thickness_mean,,,,40,40,19,OFAT,19.6525,11.605687440476188
loocv_ref,Augmented|LOOCV,,Random Forest,47,LOOCV,Augmented,Thickness_mean,,,,41,41,19,OFAT,9.2675,14.285215310639671
loocv_ref,Augmented|LOOCV,,Random Forest,47,LOOCV,Augmented,Thickness_mean,,,,42,44,26,DOE,5.285,4.906774621038684
loocv_ref,Augmented|LOOCV,,Random Forest,47,LOOCV,Augmented,Thickness_mean,,,,43,45,27,DOE,29.6975,26.3811525798507
loocv_ref,Augmented|LOOCV,,Random Forest,47,LOOCV,Augmented,Thickness_mean,,,,44,43,25,DOE,1.05,1.4895107212925964
loocv_ref,Augmented|LOOCV,,Random Forest,47,LOOCV,Augmented,Thickness_mean,,,,45,46,28,DOE,31.682500000000005,25.122560072080688
loocv_ref,Augmented|LOOCV,,Random Forest,47,LOOCV,Augmented,Thickness_mean,,,,46,42,24,DOE,1.0625,1.6678617180735935
loocv_ref,Augmented|LOOCV,,Random Forest,47,LOOCV,Augmented,Thickness_mean,,,,47,49,31,DOE,25.6225,26.15956443792318
loocv_ref,Augmented|LOOCV,,Random Forest,47,LOOCV,Augmented,Thickness_mean,,,,48,54,36,DOE,4.335,5.858998632145074
loocv_ref,Augmented|LOOCV,,Random Forest,47,LOOCV,Augmented,Thickness_mean,,,,49,52,34,DOE,22.5,26.348298218795083
loocv_ref,Augmented|LOOCV,,Random Forest,47,LOOCV,Augmented,Thickness_mean,,,,50,47,29,DOE,1.0525000000000002,1.5100551587301583
loocv_ref,Augmented|LOOCV,,Random Forest,47,LOOCV,Augmented,Thickness_mean,,,,51,51,33,DOE,1.1124999999999998,1.5421411111111107
loocv_ref,Augmented|LOOCV,,Random Forest,47,LOOCV,Augmented,Thickness_mean,,,,52,53,35,DOE,1.285,1.811382396284271
loocv_ref,Augmented|LOOCV,,Random Forest,47,LOOCV,Augmented,Thickness_mean,,,,53,56,38,DOE,21.8925,25.708424144327896
loocv_ref,Augmented|LOOCV,,Random Forest,47,LOOCV,Augmented,Thickness_mean,,,,54,50,32,DOE,25.37,23.257071016442715
loocv_ref,Augmented|LOOCV,,Random Forest,47,LOOCV,Augmented,Thickness_mean,,,,55,48,30,DOE,26.11,26.08605405167749
loocv_ref,Augmented|LOOCV,,Random Forest,47,LOOCV,Augmented,Thickness_mean,,,,56,55,37,DOE,11.3,17.010461980078855
loocv_ref,Augmented|LOOCV,,Random Forest,48,LOOCV,Augmented,Thickness_mean,,,,0,0,0,OFAT,36.34,20.39643920634917
loocv_ref,Augmented|LOOCV,,Random Forest,48,LOOCV,Augmented,Thickness_mean,,,,1,1,1,OFAT,19.9225,27.26724999999998
loocv_ref,Augmented|LOOCV,,Random Forest,48,LOOCV,Augmented,Thickness_mean,,,,2,2,2,OFAT,25.6625,24.285889107142857
loocv_ref,Augmented|LOOCV,,Random Forest,48,LOOCV,Augmented,Thickness_mean,,,,3,3,3,OFAT,20.2075,16.719311041666675
loocv_ref,Augmented|LOOCV,,Random Forest,48,LOOCV,Augmented,Thickness_mean,,,,4,4,4,OFAT,15.345,17.538584963528255
loocv_ref,Augmented|LOOCV,,Random Forest,48,LOOCV,Augmented,Thickness_mean,,,,5,5,5,OFAT,14.265,17.604742872192247
loocv_ref,Augmented|LOOCV,,Random Forest,48,LOOCV,Augmented,Thickness_mean,,,,6,6,6,OFAT,12.9225,15.659031590909091
loocv_ref,Augmented|LOOCV,,Random Forest,48,LOOCV,Augmented,Thickness_mean,,,,7,7,7,OFAT,13.2775,15.620037975288602
loocv_ref,Augmented|LOOCV,,Random Forest,48,LOOCV,Augmented,Thickness_mean,,,,8,8,8,OFAT,15.329999999999998,19.221812400793624
loocv_ref,Augmented|LOOCV,,Random Forest,48,LOOCV,Augmented,Thickness_mean,,,,9,9,9,OFAT,7.855,8.343428244047622
loocv_ref,Augmented|LOOCV,,Random Forest,48,LOOCV,Augmented,Thickness_mean,,,,10,10,10,OFAT,2.8075,9.90020892857143
loocv_ref,Augmented|LOOCV,,Random Forest,48,LOOCV,Augmented,Thickness_mean,,,,11,11,11,OFAT,7.7875,8.233600535714293
loocv_ref,Augmented|LOOCV,,Random Forest,48,LOOCV,Augmented,Thickness_mean,,,,12,12,11,OFAT,9.105,7.823751249999998
loocv_ref,Augmented|LOOCV,,Random Forest,48,LOOCV,Augmented,Thickness_mean,,,,13,13,12,OFAT,7.734999999999999,8.259313154761902
loocv_ref,Augmented|LOOCV,,Random Forest,48,LOOCV,Augmented,Thickness_mean,,,,14,14,10,OFAT,6.8225,8.73804136904762
loocv_ref,Augmented|LOOCV,,Random Forest,48,LOOCV,Augmented,Thickness_mean,,,,15,15,10,OFAT,14.995,6.4473083333333365
loocv_ref,Augmented|LOOCV,,Random Forest,48,LOOCV,Augmented,Thickness_mean,,,,16,16,13,OFAT,14.025,13.052091921897548
loocv_ref,Augmented|LOOCV,,Random Forest,48,LOOCV,Augmented,Thickness_mean,,,,17,17,10,OFAT,9.0475,8.141996676587304
loocv_ref,Augmented|LOOCV,,Random Forest,48,LOOCV,Augmented,Thickness_mean,,,,18,18,14,OFAT,22.225,23.294986819985574
loocv_ref,Augmented|LOOCV,,Random Forest,48,LOOCV,Augmented,Thickness_mean,,,,19,19,14,OFAT,25.935,22.62774091089467
loocv_ref,Augmented|LOOCV,,Random Forest,48,LOOCV,Augmented,Thickness_mean,,,,20,20,15,OFAT,7.03,5.019736309523811
loocv_ref,Augmented|LOOCV,,Random Forest,48,LOOCV,Augmented,Thickness_mean,,,,21,21,16,OFAT,13.5325,12.07342446810543
loocv_ref,Augmented|LOOCV,,Random Forest,48,LOOCV,Augmented,Thickness_mean,,,,22,22,14,OFAT,25.29,22.99403007936507
loocv_ref,Augmented|LOOCV,,Random Forest,48,LOOCV,Augmented,Thickness_mean,,,,23,23,14,OFAT,21.965,23.548264908424912
loocv_ref,Augmented|LOOCV,,Random Forest,48,LOOCV,Augmented,Thickness_mean,,,,24,24,14,OFAT,23.082500000000003,23.39669061507936
loocv_ref,Augmented|LOOCV,,Random Forest,48,LOOCV,Augmented,Thickness_mean,,,,25,25,14,OFAT,21.262500000000003,23.70570546474359
loocv_ref,Augmented|LOOCV,,Random Forest,48,LOOCV,Augmented,Thickness_mean,,,,26,26,17,OFAT,17.8275,18.442608759920628
loocv_ref,Augmented|LOOCV,,Random Forest,48,LOOCV,Augmented,Thickness_mean,,,,27,27,17,OFAT,17.345,18.561039990079365
loocv_ref,Augmented|LOOCV,,Random Forest,48,LOOCV,Augmented,Thickness_mean,,,,28,28,17,OFAT,24.4925,17.147138432539688
loocv_ref,Augmented|LOOCV,,Random Forest,48,LOOCV,Augmented,Thickness_mean,,,,29,29,17,OFAT,17.695,18.452733442460318
loocv_ref,Augmented|LOOCV,,Random Forest,48,LOOCV,Augmented,Thickness_mean,,,,30,30,17,OFAT,16.814999999999998,18.639482222222217
loocv_ref,Augmented|LOOCV,,Random Forest,48,LOOCV,Augmented,Thickness_mean,,,,31,31,18,OFAT,14.9425,18.20022613157676
loocv_ref,Augmented|LOOCV,,Random Forest,48,LOOCV,Augmented,Thickness_mean,,,,32,32,19,OFAT,9.9625,13.774836755952386
loocv_ref,Augmented|LOOCV,,Random Forest,48,LOOCV,Augmented,Thickness_mean,,,,33,33,20,OFAT,4.855,7.487062169011542
loocv_ref,Augmented|LOOCV,,Random Forest,48,LOOCV,Augmented,Thickness_mean,,,,34,34,21,OFAT,1.2375,2.0030293849206333
loocv_ref,Augmented|LOOCV,,Random Forest,48,LOOCV,Augmented,Thickness_mean,,,,35,35,22,OFAT,2.0275,1.806206408730158
loocv_ref,Augmented|LOOCV,,Random Forest,48,LOOCV,Augmented,Thickness_mean,,,,36,36,23,OFAT,3.535,4.570537003968252
loocv_ref,Augmented|LOOCV,,Random Forest,48,LOOCV,Augmented,Thickness_mean,,,,37,37,20,OFAT,8.6425,5.797216439393939
loocv_ref,Augmented|LOOCV,,Random Forest,48,LOOCV,Augmented,Thickness_mean,,,,38,38,19,OFAT,12.75,12.740257609126981
loocv_ref,Augmented|LOOCV,,Random Forest,48,LOOCV,Augmented,Thickness_mean,,,,39,39,18,OFAT,16.965,16.708649381798757
loocv_ref,Augmented|LOOCV,,Random Forest,48,LOOCV,Augmented,Thickness_mean,,,,40,40,19,OFAT,19.6525,10.622072212301584
loocv_ref,Augmented|LOOCV,,Random Forest,48,LOOCV,Augmented,Thickness_mean,,,,41,41,19,OFAT,9.2675,13.648728320082697
loocv_ref,Augmented|LOOCV,,Random Forest,48,LOOCV,Augmented,Thickness_mean,,,,42,44,26,DOE,5.285,4.805302083333334
loocv_ref,Augmented|LOOCV,,Random Forest,48,LOOCV,Augmented,Thickness_mean,,,,43,45,27,DOE,29.6975,26.349559988934665
loocv_ref,Augmented|LOOCV,,Random Forest,48,LOOCV,Augmented,Thickness_mean,,,,44,43,25,DOE,1.05,1.5408294570707064
loocv_ref,Augmented|LOOCV,,Random Forest,48,LOOCV,Augmented,Thickness_mean,,,,45,46,28,DOE,31.682500000000005,25.216398023756224
loocv_ref,Augmented|LOOCV,,Random Forest,48,LOOCV,Augmented,Thickness_mean,,,,46,42,24,DOE,1.0625,1.4721863176406926
loocv_ref,Augmented|LOOCV,,Random Forest,48,LOOCV,Augmented,Thickness_mean,,,,47,49,31,DOE,25.6225,25.58908388826451
loocv_ref,Augmented|LOOCV,,Random Forest,48,LOOCV,Augmented,Thickness_mean,,,,48,54,36,DOE,4.335,6.130224748677721
loocv_ref,Augmented|LOOCV,,Random Forest,48,LOOCV,Augmented,Thickness_mean,,,,49,52,34,DOE,22.5,26.224640422733327
loocv_ref,Augmented|LOOCV,,Random Forest,48,LOOCV,Augmented,Thickness_mean,,,,50,47,29,DOE,1.0525000000000002,1.4011879433760692
loocv_ref,Augmented|LOOCV,,Random Forest,48,LOOCV,Augmented,Thickness_mean,,,,51,51,33,DOE,1.1124999999999998,1.4040944452075705
loocv_ref,Augmented|LOOCV,,Random Forest,48,LOOCV,Augmented,Thickness_mean,,,,52,53,35,DOE,1.285,1.6333418879731376
loocv_ref,Augmented|LOOCV,,Random Forest,48,LOOCV,Augmented,Thickness_mean,,,,53,56,38,DOE,21.8925,25.417554387626275
loocv_ref,Augmented|LOOCV,,Random Forest,48,LOOCV,Augmented,Thickness_mean,,,,54,50,32,DOE,25.37,23.54679109015984
loocv_ref,Augmented|LOOCV,,Random Forest,48,LOOCV,Augmented,Thickness_mean,,,,55,48,30,DOE,26.11,25.7409992703824
loocv_ref,Augmented|LOOCV,,Random Forest,48,LOOCV,Augmented,Thickness_mean,,,,56,55,37,DOE,11.3,16.91476916666666
loocv_ref,Augmented|LOOCV,,Random Forest,49,LOOCV,Augmented,Thickness_mean,,,,0,0,0,OFAT,36.34,20.687079296918363
loocv_ref,Augmented|LOOCV,,Random Forest,49,LOOCV,Augmented,Thickness_mean,,,,1,1,1,OFAT,19.9225,27.766129003427128
loocv_ref,Augmented|LOOCV,,Random Forest,49,LOOCV,Augmented,Thickness_mean,,,,2,2,2,OFAT,25.6625,24.260049533487344
loocv_ref,Augmented|LOOCV,,Random Forest,49,LOOCV,Augmented,Thickness_mean,,,,3,3,3,OFAT,20.2075,17.343860634018757
loocv_ref,Augmented|LOOCV,,Random Forest,49,LOOCV,Augmented,Thickness_mean,,,,4,4,4,OFAT,15.345,15.274381920995664
loocv_ref,Augmented|LOOCV,,Random Forest,49,LOOCV,Augmented,Thickness_mean,,,,5,5,5,OFAT,14.265,16.122024261363627
loocv_ref,Augmented|LOOCV,,Random Forest,49,LOOCV,Augmented,Thickness_mean,,,,6,6,6,OFAT,12.9225,15.713956482683978
loocv_ref,Augmented|LOOCV,,Random Forest,49,LOOCV,Augmented,Thickness_mean,,,,7,7,7,OFAT,13.2775,15.77188136453824
loocv_ref,Augmented|LOOCV,,Random Forest,49,LOOCV,Augmented,Thickness_mean,,,,8,8,8,OFAT,15.329999999999998,20.615918273809505
loocv_ref,Augmented|LOOCV,,Random Forest,49,LOOCV,Augmented,Thickness_mean,,,,9,9,9,OFAT,7.855,8.273194642857145
loocv_ref,Augmented|LOOCV,,Random Forest,49,LOOCV,Augmented,Thickness_mean,,,,10,10,10,OFAT,2.8075,10.51870541666667
loocv_ref,Augmented|LOOCV,,Random Forest,49,LOOCV,Augmented,Thickness_mean,,,,11,11,11,OFAT,7.7875,8.342845357142865
loocv_ref,Augmented|LOOCV,,Random Forest,49,LOOCV,Augmented,Thickness_mean,,,,12,12,11,OFAT,9.105,7.710663591269847
loocv_ref,Augmented|LOOCV,,Random Forest,49,LOOCV,Augmented,Thickness_mean,,,,13,13,12,OFAT,7.734999999999999,8.530341716269843
loocv_ref,Augmented|LOOCV,,Random Forest,49,LOOCV,Augmented,Thickness_mean,,,,14,14,10,OFAT,6.8225,9.137188660714289
loocv_ref,Augmented|LOOCV,,Random Forest,49,LOOCV,Augmented,Thickness_mean,,,,15,15,10,OFAT,14.995,6.275938035714289
loocv_ref,Augmented|LOOCV,,Random Forest,49,LOOCV,Augmented,Thickness_mean,,,,16,16,13,OFAT,14.025,13.464761250000015
loocv_ref,Augmented|LOOCV,,Random Forest,49,LOOCV,Augmented,Thickness_mean,,,,17,17,10,OFAT,9.0475,8.002570565476198
loocv_ref,Augmented|LOOCV,,Random Forest,49,LOOCV,Augmented,Thickness_mean,,,,18,18,14,OFAT,22.225,23.486221897546887
loocv_ref,Augmented|LOOCV,,Random Forest,49,LOOCV,Augmented,Thickness_mean,,,,19,19,14,OFAT,25.935,22.703407745310255
loocv_ref,Augmented|LOOCV,,Random Forest,49,LOOCV,Augmented,Thickness_mean,,,,20,20,15,OFAT,7.03,4.923871091269844
loocv_ref,Augmented|LOOCV,,Random Forest,49,LOOCV,Augmented,Thickness_mean,,,,21,21,16,OFAT,13.5325,11.431900947039075
loocv_ref,Augmented|LOOCV,,Random Forest,49,LOOCV,Augmented,Thickness_mean,,,,22,22,14,OFAT,25.29,22.819503591269847
loocv_ref,Augmented|LOOCV,,Random Forest,49,LOOCV,Augmented,Thickness_mean,,,,23,23,14,OFAT,21.965,23.482937827380937
loocv_ref,Augmented|LOOCV,,Random Forest,49,LOOCV,Augmented,Thickness_mean,,,,24,24,14,OFAT,23.082500000000003,23.269743164682524
loocv_ref,Augmented|LOOCV,,Random Forest,49,LOOCV,Augmented,Thickness_mean,,,,25,25,14,OFAT,21.262500000000003,23.613959374999993
loocv_ref,Augmented|LOOCV,,Random Forest,49,LOOCV,Augmented,Thickness_mean,,,,26,26,17,OFAT,17.8275,18.569858129509377
loocv_ref,Augmented|LOOCV,,Random Forest,49,LOOCV,Augmented,Thickness_mean,,,,27,27,17,OFAT,17.345,18.67749392316016
loocv_ref,Augmented|LOOCV,,Random Forest,49,LOOCV,Augmented,Thickness_mean,,,,28,28,17,OFAT,24.4925,16.057140874701837
loocv_ref,Augmented|LOOCV,,Random Forest,49,LOOCV,Augmented,Thickness_mean,,,,29,29,17,OFAT,17.695,18.79376345238095
loocv_ref,Augmented|LOOCV,,Random Forest,49,LOOCV,Augmented,Thickness_mean,,,,30,30,17,OFAT,16.814999999999998,18.983397709235206
loocv_ref,Augmented|LOOCV,,Random Forest,49,LOOCV,Augmented,Thickness_mean,,,,31,31,18,OFAT,14.9425,17.883006150932395
loocv_ref,Augmented|LOOCV,,Random Forest,49,LOOCV,Augmented,Thickness_mean,,,,32,32,19,OFAT,9.9625,14.06438043574481
loocv_ref,Augmented|LOOCV,,Random Forest,49,LOOCV,Augmented,Thickness_mean,,,,33,33,20,OFAT,4.855,7.823002261904763
loocv_ref,Augmented|LOOCV,,Random Forest,49,LOOCV,Augmented,Thickness_mean,,,,34,34,21,OFAT,1.2375,1.897890833333334
loocv_ref,Augmented|LOOCV,,Random Forest,49,LOOCV,Augmented,Thickness_mean,,,,35,35,22,OFAT,2.0275,1.5486375
loocv_ref,Augmented|LOOCV,,Random Forest,49,LOOCV,Augmented,Thickness_mean,,,,36,36,23,OFAT,3.535,4.97068257575757
loocv_ref,Augmented|LOOCV,,Random Forest,49,LOOCV,Augmented,Thickness_mean,,,,37,37,20,OFAT,8.6425,5.372666200396827
loocv_ref,Augmented|LOOCV,,Random Forest,49,LOOCV,Augmented,Thickness_mean,,,,38,38,19,OFAT,12.75,13.202741721611721
loocv_ref,Augmented|LOOCV,,Random Forest,49,LOOCV,Augmented,Thickness_mean,,,,39,39,18,OFAT,16.965,17.087672486402482
loocv_ref,Augmented|LOOCV,,Random Forest,49,LOOCV,Augmented,Thickness_mean,,,,40,40,19,OFAT,19.6525,11.290478447871573
loocv_ref,Augmented|LOOCV,,Random Forest,49,LOOCV,Augmented,Thickness_mean,,,,41,41,19,OFAT,9.2675,13.750140193903318
loocv_ref,Augmented|LOOCV,,Random Forest,49,LOOCV,Augmented,Thickness_mean,,,,42,44,26,DOE,5.285,4.99541505952381
loocv_ref,Augmented|LOOCV,,Random Forest,49,LOOCV,Augmented,Thickness_mean,,,,43,45,27,DOE,29.6975,25.55220455357143
loocv_ref,Augmented|LOOCV,,Random Forest,49,LOOCV,Augmented,Thickness_mean,,,,44,43,25,DOE,1.05,1.3966999999999985
loocv_ref,Augmented|LOOCV,,Random Forest,49,LOOCV,Augmented,Thickness_mean,,,,45,46,28,DOE,31.682500000000005,25.40134221230158
loocv_ref,Augmented|LOOCV,,Random Forest,49,LOOCV,Augmented,Thickness_mean,,,,46,42,24,DOE,1.0625,1.2755273809523806
loocv_ref,Augmented|LOOCV,,Random Forest,49,LOOCV,Augmented,Thickness_mean,,,,47,49,31,DOE,25.6225,26.624462827380956
loocv_ref,Augmented|LOOCV,,Random Forest,49,LOOCV,Augmented,Thickness_mean,,,,48,54,36,DOE,4.335,5.777467392676774
loocv_ref,Augmented|LOOCV,,Random Forest,49,LOOCV,Augmented,Thickness_mean,,,,49,52,34,DOE,22.5,26.108564467754476
loocv_ref,Augmented|LOOCV,,Random Forest,49,LOOCV,Augmented,Thickness_mean,,,,50,47,29,DOE,1.0525000000000002,1.1865600694444445
loocv_ref,Augmented|LOOCV,,Random Forest,49,LOOCV,Augmented,Thickness_mean,,,,51,51,33,DOE,1.1124999999999998,1.1945165575396828
loocv_ref,Augmented|LOOCV,,Random Forest,49,LOOCV,Augmented,Thickness_mean,,,,52,53,35,DOE,1.285,1.670919583333333
loocv_ref,Augmented|LOOCV,,Random Forest,49,LOOCV,Augmented,Thickness_mean,,,,53,56,38,DOE,21.8925,30.73724594246033
loocv_ref,Augmented|LOOCV,,Random Forest,49,LOOCV,Augmented,Thickness_mean,,,,54,50,32,DOE,25.37,23.925889126984117
loocv_ref,Augmented|LOOCV,,Random Forest,49,LOOCV,Augmented,Thickness_mean,,,,55,48,30,DOE,26.11,26.202051190476144
loocv_ref,Augmented|LOOCV,,Random Forest,49,LOOCV,Augmented,Thickness_mean,,,,56,55,37,DOE,11.3,16.82377089285713
loocv_ref,Augmented|LOOCV,,Random Forest,50,LOOCV,Augmented,Thickness_mean,,,,0,0,0,OFAT,36.34,19.807074999999966
loocv_ref,Augmented|LOOCV,,Random Forest,50,LOOCV,Augmented,Thickness_mean,,,,1,1,1,OFAT,19.9225,26.225958749999975
loocv_ref,Augmented|LOOCV,,Random Forest,50,LOOCV,Augmented,Thickness_mean,,,,2,2,2,OFAT,25.6625,24.160515833333324
loocv_ref,Augmented|LOOCV,,Random Forest,50,LOOCV,Augmented,Thickness_mean,,,,3,3,3,OFAT,20.2075,17.04039099206349
loocv_ref,Augmented|LOOCV,,Random Forest,50,LOOCV,Augmented,Thickness_mean,,,,4,4,4,OFAT,15.345,15.453580863095237
loocv_ref,Augmented|LOOCV,,Random Forest,50,LOOCV,Augmented,Thickness_mean,,,,5,5,5,OFAT,14.265,16.402580267857132
loocv_ref,Augmented|LOOCV,,Random Forest,50,LOOCV,Augmented,Thickness_mean,,,,6,6,6,OFAT,12.9225,15.491186170634917
loocv_ref,Augmented|LOOCV,,Random Forest,50,LOOCV,Augmented,Thickness_mean,,,,7,7,7,OFAT,13.2775,15.973884007936507
loocv_ref,Augmented|LOOCV,,Random Forest,50,LOOCV,Augmented,Thickness_mean,,,,8,8,8,OFAT,15.329999999999998,18.89194261904761
loocv_ref,Augmented|LOOCV,,Random Forest,50,LOOCV,Augmented,Thickness_mean,,,,9,9,9,OFAT,7.855,8.240971595418468
loocv_ref,Augmented|LOOCV,,Random Forest,50,LOOCV,Augmented,Thickness_mean,,,,10,10,10,OFAT,2.8075,9.782412609126988
loocv_ref,Augmented|LOOCV,,Random Forest,50,LOOCV,Augmented,Thickness_mean,,,,11,11,11,OFAT,7.7875,8.13260307539683
loocv_ref,Augmented|LOOCV,,Random Forest,50,LOOCV,Augmented,Thickness_mean,,,,12,12,11,OFAT,9.105,7.731479930555554
loocv_ref,Augmented|LOOCV,,Random Forest,50,LOOCV,Augmented,Thickness_mean,,,,13,13,12,OFAT,7.734999999999999,8.386816433080812
loocv_ref,Augmented|LOOCV,,Random Forest,50,LOOCV,Augmented,Thickness_mean,,,,14,14,10,OFAT,6.8225,8.987197261904763
loocv_ref,Augmented|LOOCV,,Random Forest,50,LOOCV,Augmented,Thickness_mean,,,,15,15,10,OFAT,14.995,6.781693531746031
loocv_ref,Augmented|LOOCV,,Random Forest,50,LOOCV,Augmented,Thickness_mean,,,,16,16,13,OFAT,14.025,12.88168799679487
loocv_ref,Augmented|LOOCV,,Random Forest,50,LOOCV,Augmented,Thickness_mean,,,,17,17,10,OFAT,9.0475,8.316410188492062
loocv_ref,Augmented|LOOCV,,Random Forest,50,LOOCV,Augmented,Thickness_mean,,,,18,18,14,OFAT,22.225,23.50542241161616
loocv_ref,Augmented|LOOCV,,Random Forest,50,LOOCV,Augmented,Thickness_mean,,,,19,19,14,OFAT,25.935,22.75751460588024
loocv_ref,Augmented|LOOCV,,Random Forest,50,LOOCV,Augmented,Thickness_mean,,,,20,20,15,OFAT,7.03,5.025804216269839
loocv_ref,Augmented|LOOCV,,Random Forest,50,LOOCV,Augmented,Thickness_mean,,,,21,21,16,OFAT,13.5325,11.262306319444448
loocv_ref,Augmented|LOOCV,,Random Forest,50,LOOCV,Augmented,Thickness_mean,,,,22,22,14,OFAT,25.29,22.987524133297256
loocv_ref,Augmented|LOOCV,,Random Forest,50,LOOCV,Augmented,Thickness_mean,,,,23,23,14,OFAT,21.965,23.798248878968263
loocv_ref,Augmented|LOOCV,,Random Forest,50,LOOCV,Augmented,Thickness_mean,,,,24,24,14,OFAT,23.082500000000003,23.627927837301584
loocv_ref,Augmented|LOOCV,,Random Forest,50,LOOCV,Augmented,Thickness_mean,,,,25,25,14,OFAT,21.262500000000003,23.933056835317462
loocv_ref,Augmented|LOOCV,,Random Forest,50,LOOCV,Augmented,Thickness_mean,,,,26,26,17,OFAT,17.8275,18.47308203373016
loocv_ref,Augmented|LOOCV,,Random Forest,50,LOOCV,Augmented,Thickness_mean,,,,27,27,17,OFAT,17.345,18.650441071428574
loocv_ref,Augmented|LOOCV,,Random Forest,50,LOOCV,Augmented,Thickness_mean,,,,28,28,17,OFAT,24.4925,16.971483588564215
loocv_ref,Augmented|LOOCV,,Random Forest,50,LOOCV,Augmented,Thickness_mean,,,,29,29,17,OFAT,17.695,18.394443915945164
loocv_ref,Augmented|LOOCV,,Random Forest,50,LOOCV,Augmented,Thickness_mean,,,,30,30,17,OFAT,16.814999999999998,18.6062461976912
loocv_ref,Augmented|LOOCV,,Random Forest,50,LOOCV,Augmented,Thickness_mean,,,,31,31,18,OFAT,14.9425,18.269414573412703
loocv_ref,Augmented|LOOCV,,Random Forest,50,LOOCV,Augmented,Thickness_mean,,,,32,32,19,OFAT,9.9625,13.666935798923298
loocv_ref,Augmented|LOOCV,,Random Forest,50,LOOCV,Augmented,Thickness_mean,,,,33,33,20,OFAT,4.855,7.74336788690476
loocv_ref,Augmented|LOOCV,,Random Forest,50,LOOCV,Augmented,Thickness_mean,,,,34,34,21,OFAT,1.2375,1.9939620138888885
loocv_ref,Augmented|LOOCV,,Random Forest,50,LOOCV,Augmented,Thickness_mean,,,,35,35,22,OFAT,2.0275,1.8937286805555553
loocv_ref,Augmented|LOOCV,,Random Forest,50,LOOCV,Augmented,Thickness_mean,,,,36,36,23,OFAT,3.535,4.8549455059523785
loocv_ref,Augmented|LOOCV,,Random Forest,50,LOOCV,Augmented,Thickness_mean,,,,37,37,20,OFAT,8.6425,5.743580602453102
loocv_ref,Augmented|LOOCV,,Random Forest,50,LOOCV,Augmented,Thickness_mean,,,,38,38,19,OFAT,12.75,13.029129226190467
loocv_ref,Augmented|LOOCV,,Random Forest,50,LOOCV,Augmented,Thickness_mean,,,,39,39,18,OFAT,16.965,16.633079484126977
loocv_ref,Augmented|LOOCV,,Random Forest,50,LOOCV,Augmented,Thickness_mean,,,,40,40,19,OFAT,19.6525,11.357263660714288
loocv_ref,Augmented|LOOCV,,Random Forest,50,LOOCV,Augmented,Thickness_mean,,,,41,41,19,OFAT,9.2675,13.815215119047624
loocv_ref,Augmented|LOOCV,,Random Forest,50,LOOCV,Augmented,Thickness_mean,,,,42,44,26,DOE,5.285,5.25687443452381
loocv_ref,Augmented|LOOCV,,Random Forest,50,LOOCV,Augmented,Thickness_mean,,,,43,45,27,DOE,29.6975,25.160104430916302
loocv_ref,Augmented|LOOCV,,Random Forest,50,LOOCV,Augmented,Thickness_mean,,,,44,43,25,DOE,1.05,1.3182749999999985
loocv_ref,Augmented|LOOCV,,Random Forest,50,LOOCV,Augmented,Thickness_mean,,,,45,46,28,DOE,31.682500000000005,26.082735454545446
loocv_ref,Augmented|LOOCV,,Random Forest,50,LOOCV,Augmented,Thickness_mean,,,,46,42,24,DOE,1.0625,1.362124999999999
loocv_ref,Augmented|LOOCV,,Random Forest,50,LOOCV,Augmented,Thickness_mean,,,,47,49,31,DOE,25.6225,26.022707744408372
loocv_ref,Augmented|LOOCV,,Random Forest,50,LOOCV,Augmented,Thickness_mean,,,,48,54,36,DOE,4.335,5.718665870310247
loocv_ref,Augmented|LOOCV,,Random Forest,50,LOOCV,Augmented,Thickness_mean,,,,49,52,34,DOE,22.5,26.51183008116883
loocv_ref,Augmented|LOOCV,,Random Forest,50,LOOCV,Augmented,Thickness_mean,,,,50,47,29,DOE,1.0525000000000002,1.2705656250000001
loocv_ref,Augmented|LOOCV,,Random Forest,50,LOOCV,Augmented,Thickness_mean,,,,51,51,33,DOE,1.1124999999999998,1.3985959821428577
loocv_ref,Augmented|LOOCV,,Random Forest,50,LOOCV,Augmented,Thickness_mean,,,,52,53,35,DOE,1.285,1.8083038690476199
loocv_ref,Augmented|LOOCV,,Random Forest,50,LOOCV,Augmented,Thickness_mean,,,,53,56,38,DOE,21.8925,26.08251357371796
loocv_ref,Augmented|LOOCV,,Random Forest,50,LOOCV,Augmented,Thickness_mean,,,,54,50,32,DOE,25.37,24.188970491522355
loocv_ref,Augmented|LOOCV,,Random Forest,50,LOOCV,Augmented,Thickness_mean,,,,55,48,30,DOE,26.11,25.522438755827515
loocv_ref,Augmented|LOOCV,,Random Forest,50,LOOCV,Augmented,Thickness_mean,,,,56,55,37,DOE,11.3,16.485622152777772
loocv_ref,Augmented|LOOCV,,Random Forest,51,LOOCV,Augmented,Thickness_mean,,,,0,0,0,OFAT,36.34,19.552635221861472
loocv_ref,Augmented|LOOCV,,Random Forest,51,LOOCV,Augmented,Thickness_mean,,,,1,1,1,OFAT,19.9225,25.95423004329004
loocv_ref,Augmented|LOOCV,,Random Forest,51,LOOCV,Augmented,Thickness_mean,,,,2,2,2,OFAT,25.6625,23.414875340909084
loocv_ref,Augmented|LOOCV,,Random Forest,51,LOOCV,Augmented,Thickness_mean,,,,3,3,3,OFAT,20.2075,17.87531556818182
loocv_ref,Augmented|LOOCV,,Random Forest,51,LOOCV,Augmented,Thickness_mean,,,,4,4,4,OFAT,15.345,16.235438881673875
loocv_ref,Augmented|LOOCV,,Random Forest,51,LOOCV,Augmented,Thickness_mean,,,,5,5,5,OFAT,14.265,17.526426251888132
loocv_ref,Augmented|LOOCV,,Random Forest,51,LOOCV,Augmented,Thickness_mean,,,,6,6,6,OFAT,12.9225,17.13790676908478
loocv_ref,Augmented|LOOCV,,Random Forest,51,LOOCV,Augmented,Thickness_mean,,,,7,7,7,OFAT,13.2775,16.97341906214369
loocv_ref,Augmented|LOOCV,,Random Forest,51,LOOCV,Augmented,Thickness_mean,,,,8,8,8,OFAT,15.329999999999998,19.75242988095391
loocv_ref,Augmented|LOOCV,,Random Forest,51,LOOCV,Augmented,Thickness_mean,,,,9,9,9,OFAT,7.855,8.454643625541124
loocv_ref,Augmented|LOOCV,,Random Forest,51,LOOCV,Augmented,Thickness_mean,,,,10,10,10,OFAT,2.8075,10.026608938492055
loocv_ref,Augmented|LOOCV,,Random Forest,51,LOOCV,Augmented,Thickness_mean,,,,11,11,11,OFAT,7.7875,8.560813872036867
loocv_ref,Augmented|LOOCV,,Random Forest,51,LOOCV,Augmented,Thickness_mean,,,,12,12,11,OFAT,9.105,8.30873774705074
loocv_ref,Augmented|LOOCV,,Random Forest,51,LOOCV,Augmented,Thickness_mean,,,,13,13,12,OFAT,7.734999999999999,8.501934908386136
loocv_ref,Augmented|LOOCV,,Random Forest,51,LOOCV,Augmented,Thickness_mean,,,,14,14,10,OFAT,6.8225,9.137786247294374
loocv_ref,Augmented|LOOCV,,Random Forest,51,LOOCV,Augmented,Thickness_mean,,,,15,15,10,OFAT,14.995,7.110181264034167
loocv_ref,Augmented|LOOCV,,Random Forest,51,LOOCV,Augmented,Thickness_mean,,,,16,16,13,OFAT,14.025,13.021104530785273
loocv_ref,Augmented|LOOCV,,Random Forest,51,LOOCV,Augmented,Thickness_mean,,,,17,17,10,OFAT,9.0475,8.104298978174606
loocv_ref,Augmented|LOOCV,,Random Forest,51,LOOCV,Augmented,Thickness_mean,,,,18,18,14,OFAT,22.225,23.442441408730154
loocv_ref,Augmented|LOOCV,,Random Forest,51,LOOCV,Augmented,Thickness_mean,,,,19,19,14,OFAT,25.935,22.74393634199134
loocv_ref,Augmented|LOOCV,,Random Forest,51,LOOCV,Augmented,Thickness_mean,,,,20,20,15,OFAT,7.03,4.843790386904763
loocv_ref,Augmented|LOOCV,,Random Forest,51,LOOCV,Augmented,Thickness_mean,,,,21,21,16,OFAT,13.5325,11.108875821608944
loocv_ref,Augmented|LOOCV,,Random Forest,51,LOOCV,Augmented,Thickness_mean,,,,22,22,14,OFAT,25.29,23.13730384920634
loocv_ref,Augmented|LOOCV,,Random Forest,51,LOOCV,Augmented,Thickness_mean,,,,23,23,14,OFAT,21.965,23.70240719967532
loocv_ref,Augmented|LOOCV,,Random Forest,51,LOOCV,Augmented,Thickness_mean,,,,24,24,14,OFAT,23.082500000000003,23.54507752525252
loocv_ref,Augmented|LOOCV,,Random Forest,51,LOOCV,Augmented,Thickness_mean,,,,25,25,14,OFAT,21.262500000000003,23.857800467171714
loocv_ref,Augmented|LOOCV,,Random Forest,51,LOOCV,Augmented,Thickness_mean,,,,26,26,17,OFAT,17.8275,18.481277797619043
loocv_ref,Augmented|LOOCV,,Random Forest,51,LOOCV,Augmented,Thickness_mean,,,,27,27,17,OFAT,17.345,18.594302132936505
loocv_ref,Augmented|LOOCV,,Random Forest,51,LOOCV,Augmented,Thickness_mean,,,,28,28,17,OFAT,24.4925,17.00899696067821
loocv_ref,Augmented|LOOCV,,Random Forest,51,LOOCV,Augmented,Thickness_mean,,,,29,29,17,OFAT,17.695,17.3479030496382
loocv_ref,Augmented|LOOCV,,Random Forest,51,LOOCV,Augmented,Thickness_mean,,,,30,30,17,OFAT,16.814999999999998,17.439714089476748
loocv_ref,Augmented|LOOCV,,Random Forest,51,LOOCV,Augmented,Thickness_mean,,,,31,31,18,OFAT,14.9425,17.359048834236667
loocv_ref,Augmented|LOOCV,,Random Forest,51,LOOCV,Augmented,Thickness_mean,,,,32,32,19,OFAT,9.9625,13.720860865212247
loocv_ref,Augmented|LOOCV,,Random Forest,51,LOOCV,Augmented,Thickness_mean,,,,33,33,20,OFAT,4.855,7.650299315476192
loocv_ref,Augmented|LOOCV,,Random Forest,51,LOOCV,Augmented,Thickness_mean,,,,34,34,21,OFAT,1.2375,2.035552142857141
loocv_ref,Augmented|LOOCV,,Random Forest,51,LOOCV,Augmented,Thickness_mean,,,,35,35,22,OFAT,2.0275,1.8679149999999987
loocv_ref,Augmented|LOOCV,,Random Forest,51,LOOCV,Augmented,Thickness_mean,,,,36,36,23,OFAT,3.535,4.658846458333332
loocv_ref,Augmented|LOOCV,,Random Forest,51,LOOCV,Augmented,Thickness_mean,,,,37,37,20,OFAT,8.6425,5.620771001984127
loocv_ref,Augmented|LOOCV,,Random Forest,51,LOOCV,Augmented,Thickness_mean,,,,38,38,19,OFAT,12.75,12.934830922619044
loocv_ref,Augmented|LOOCV,,Random Forest,51,LOOCV,Augmented,Thickness_mean,,,,39,39,18,OFAT,16.965,16.911897051767678
loocv_ref,Augmented|LOOCV,,Random Forest,51,LOOCV,Augmented,Thickness_mean,,,,40,40,19,OFAT,19.6525,11.519479771825397
loocv_ref,Augmented|LOOCV,,Random Forest,51,LOOCV,Augmented,Thickness_mean,,,,41,41,19,OFAT,9.2675,13.837690109126983
loocv_ref,Augmented|LOOCV,,Random Forest,51,LOOCV,Augmented,Thickness_mean,,,,42,44,26,DOE,5.285,4.855147083333335
loocv_ref,Augmented|LOOCV,,Random Forest,51,LOOCV,Augmented,Thickness_mean,,,,43,45,27,DOE,29.6975,25.283382857142865
loocv_ref,Augmented|LOOCV,,Random Forest,51,LOOCV,Augmented,Thickness_mean,,,,44,43,25,DOE,1.05,1.4021484821428578
loocv_ref,Augmented|LOOCV,,Random Forest,51,LOOCV,Augmented,Thickness_mean,,,,45,46,28,DOE,31.682500000000005,25.362437260101014
loocv_ref,Augmented|LOOCV,,Random Forest,51,LOOCV,Augmented,Thickness_mean,,,,46,42,24,DOE,1.0625,1.3995141071428572
loocv_ref,Augmented|LOOCV,,Random Forest,51,LOOCV,Augmented,Thickness_mean,,,,47,49,31,DOE,25.6225,26.467581825396824
loocv_ref,Augmented|LOOCV,,Random Forest,51,LOOCV,Augmented,Thickness_mean,,,,48,54,36,DOE,4.335,5.907528541666667
loocv_ref,Augmented|LOOCV,,Random Forest,51,LOOCV,Augmented,Thickness_mean,,,,49,52,34,DOE,22.5,26.51339842185593
loocv_ref,Augmented|LOOCV,,Random Forest,51,LOOCV,Augmented,Thickness_mean,,,,50,47,29,DOE,1.0525000000000002,1.4110429852092345
loocv_ref,Augmented|LOOCV,,Random Forest,51,LOOCV,Augmented,Thickness_mean,,,,51,51,33,DOE,1.1124999999999998,1.394670297619048
loocv_ref,Augmented|LOOCV,,Random Forest,51,LOOCV,Augmented,Thickness_mean,,,,52,53,35,DOE,1.285,1.6094239577436453
loocv_ref,Augmented|LOOCV,,Random Forest,51,LOOCV,Augmented,Thickness_mean,,,,53,56,38,DOE,21.8925,28.827835982355065
loocv_ref,Augmented|LOOCV,,Random Forest,51,LOOCV,Augmented,Thickness_mean,,,,54,50,32,DOE,25.37,24.00897358454241
loocv_ref,Augmented|LOOCV,,Random Forest,51,LOOCV,Augmented,Thickness_mean,,,,55,48,30,DOE,26.11,25.063330797980598
loocv_ref,Augmented|LOOCV,,Random Forest,51,LOOCV,Augmented,Thickness_mean,,,,56,55,37,DOE,11.3,17.573851275033654
loocv_ref,Augmented|LOOCV,,XGBoost,42,LOOCV,Augmented,Thickness_mean,,,,0,0,0,OFAT,36.34,18.18120765686035
loocv_ref,Augmented|LOOCV,,XGBoost,42,LOOCV,Augmented,Thickness_mean,,,,1,1,1,OFAT,19.9225,26.68694305419922
loocv_ref,Augmented|LOOCV,,XGBoost,42,LOOCV,Augmented,Thickness_mean,,,,2,2,2,OFAT,25.6625,24.09320068359375
loocv_ref,Augmented|LOOCV,,XGBoost,42,LOOCV,Augmented,Thickness_mean,,,,3,3,3,OFAT,20.2075,17.66523551940918
loocv_ref,Augmented|LOOCV,,XGBoost,42,LOOCV,Augmented,Thickness_mean,,,,4,4,4,OFAT,15.345,16.985240936279297
loocv_ref,Augmented|LOOCV,,XGBoost,42,LOOCV,Augmented,Thickness_mean,,,,5,5,5,OFAT,14.265,17.467363357543945
loocv_ref,Augmented|LOOCV,,XGBoost,42,LOOCV,Augmented,Thickness_mean,,,,6,6,6,OFAT,12.9225,18.332855224609375
loocv_ref,Augmented|LOOCV,,XGBoost,42,LOOCV,Augmented,Thickness_mean,,,,7,7,7,OFAT,13.2775,17.314437866210938
loocv_ref,Augmented|LOOCV,,XGBoost,42,LOOCV,Augmented,Thickness_mean,,,,8,8,8,OFAT,15.329999999999998,18.538257598876953
loocv_ref,Augmented|LOOCV,,XGBoost,42,LOOCV,Augmented,Thickness_mean,,,,9,9,9,OFAT,7.855,11.194666862487793
loocv_ref,Augmented|LOOCV,,XGBoost,42,LOOCV,Augmented,Thickness_mean,,,,10,10,10,OFAT,2.8075,9.64036750793457
loocv_ref,Augmented|LOOCV,,XGBoost,42,LOOCV,Augmented,Thickness_mean,,,,11,11,11,OFAT,7.7875,8.50667667388916
loocv_ref,Augmented|LOOCV,,XGBoost,42,LOOCV,Augmented,Thickness_mean,,,,12,12,11,OFAT,9.105,8.044328689575195
loocv_ref,Augmented|LOOCV,,XGBoost,42,LOOCV,Augmented,Thickness_mean,,,,13,13,12,OFAT,7.734999999999999,8.606290817260742
loocv_ref,Augmented|LOOCV,,XGBoost,42,LOOCV,Augmented,Thickness_mean,,,,14,14,10,OFAT,6.8225,8.885787010192871
loocv_ref,Augmented|LOOCV,,XGBoost,42,LOOCV,Augmented,Thickness_mean,,,,15,15,10,OFAT,14.995,7.181545734405518
loocv_ref,Augmented|LOOCV,,XGBoost,42,LOOCV,Augmented,Thickness_mean,,,,16,16,13,OFAT,14.025,13.276498794555664
loocv_ref,Augmented|LOOCV,,XGBoost,42,LOOCV,Augmented,Thickness_mean,,,,17,17,10,OFAT,9.0475,8.135375022888184
loocv_ref,Augmented|LOOCV,,XGBoost,42,LOOCV,Augmented,Thickness_mean,,,,18,18,14,OFAT,22.225,23.0819091796875
loocv_ref,Augmented|LOOCV,,XGBoost,42,LOOCV,Augmented,Thickness_mean,,,,19,19,14,OFAT,25.935,22.47303009033203
loocv_ref,Augmented|LOOCV,,XGBoost,42,LOOCV,Augmented,Thickness_mean,,,,20,20,15,OFAT,7.03,4.812321662902832
loocv_ref,Augmented|LOOCV,,XGBoost,42,LOOCV,Augmented,Thickness_mean,,,,21,21,16,OFAT,13.5325,8.180679321289062
loocv_ref,Augmented|LOOCV,,XGBoost,42,LOOCV,Augmented,Thickness_mean,,,,22,22,14,OFAT,25.29,22.637605667114258
loocv_ref,Augmented|LOOCV,,XGBoost,42,LOOCV,Augmented,Thickness_mean,,,,23,23,14,OFAT,21.965,23.10482406616211
loocv_ref,Augmented|LOOCV,,XGBoost,42,LOOCV,Augmented,Thickness_mean,,,,24,24,14,OFAT,23.082500000000003,22.87014389038086
loocv_ref,Augmented|LOOCV,,XGBoost,42,LOOCV,Augmented,Thickness_mean,,,,25,25,14,OFAT,21.262500000000003,23.187429428100586
loocv_ref,Augmented|LOOCV,,XGBoost,42,LOOCV,Augmented,Thickness_mean,,,,26,26,17,OFAT,17.8275,18.64910316467285
loocv_ref,Augmented|LOOCV,,XGBoost,42,LOOCV,Augmented,Thickness_mean,,,,27,27,17,OFAT,17.345,18.738174438476562
loocv_ref,Augmented|LOOCV,,XGBoost,42,LOOCV,Augmented,Thickness_mean,,,,28,28,17,OFAT,24.4925,17.578405380249023
loocv_ref,Augmented|LOOCV,,XGBoost,42,LOOCV,Augmented,Thickness_mean,,,,29,29,17,OFAT,17.695,18.620725631713867
loocv_ref,Augmented|LOOCV,,XGBoost,42,LOOCV,Augmented,Thickness_mean,,,,30,30,17,OFAT,16.814999999999998,18.98299789428711
loocv_ref,Augmented|LOOCV,,XGBoost,42,LOOCV,Augmented,Thickness_mean,,,,31,31,18,OFAT,14.9425,17.030004501342773
loocv_ref,Augmented|LOOCV,,XGBoost,42,LOOCV,Augmented,Thickness_mean,,,,32,32,19,OFAT,9.9625,13.840625762939453
loocv_ref,Augmented|LOOCV,,XGBoost,42,LOOCV,Augmented,Thickness_mean,,,,33,33,20,OFAT,4.855,7.880005359649658
loocv_ref,Augmented|LOOCV,,XGBoost,42,LOOCV,Augmented,Thickness_mean,,,,34,34,21,OFAT,1.2375,2.4224019050598145
loocv_ref,Augmented|LOOCV,,XGBoost,42,LOOCV,Augmented,Thickness_mean,,,,35,35,22,OFAT,2.0275,2.855602502822876
loocv_ref,Augmented|LOOCV,,XGBoost,42,LOOCV,Augmented,Thickness_mean,,,,36,36,23,OFAT,3.535,2.712768793106079
loocv_ref,Augmented|LOOCV,,XGBoost,42,LOOCV,Augmented,Thickness_mean,,,,37,37,20,OFAT,8.6425,5.499693870544434
loocv_ref,Augmented|LOOCV,,XGBoost,42,LOOCV,Augmented,Thickness_mean,,,,38,38,19,OFAT,12.75,13.27017593383789
loocv_ref,Augmented|LOOCV,,XGBoost,42,LOOCV,Augmented,Thickness_mean,,,,39,39,18,OFAT,16.965,15.341788291931152
loocv_ref,Augmented|LOOCV,,XGBoost,42,LOOCV,Augmented,Thickness_mean,,,,40,40,19,OFAT,19.6525,11.232895851135254
loocv_ref,Augmented|LOOCV,,XGBoost,42,LOOCV,Augmented,Thickness_mean,,,,41,41,19,OFAT,9.2675,13.957944869995117
loocv_ref,Augmented|LOOCV,,XGBoost,42,LOOCV,Augmented,Thickness_mean,,,,42,44,26,DOE,5.285,5.869048595428467
loocv_ref,Augmented|LOOCV,,XGBoost,42,LOOCV,Augmented,Thickness_mean,,,,43,45,27,DOE,29.6975,22.577192306518555
loocv_ref,Augmented|LOOCV,,XGBoost,42,LOOCV,Augmented,Thickness_mean,,,,44,43,25,DOE,1.05,5.770209312438965
loocv_ref,Augmented|LOOCV,,XGBoost,42,LOOCV,Augmented,Thickness_mean,,,,45,46,28,DOE,31.682500000000005,23.44308090209961
loocv_ref,Augmented|LOOCV,,XGBoost,42,LOOCV,Augmented,Thickness_mean,,,,46,42,24,DOE,1.0625,3.4896817207336426
loocv_ref,Augmented|LOOCV,,XGBoost,42,LOOCV,Augmented,Thickness_mean,,,,47,49,31,DOE,25.6225,24.658546447753906
loocv_ref,Augmented|LOOCV,,XGBoost,42,LOOCV,Augmented,Thickness_mean,,,,48,54,36,DOE,4.335,4.163259983062744
loocv_ref,Augmented|LOOCV,,XGBoost,42,LOOCV,Augmented,Thickness_mean,,,,49,52,34,DOE,22.5,26.810791015625
loocv_ref,Augmented|LOOCV,,XGBoost,42,LOOCV,Augmented,Thickness_mean,,,,50,47,29,DOE,1.0525000000000002,7.043407917022705
loocv_ref,Augmented|LOOCV,,XGBoost,42,LOOCV,Augmented,Thickness_mean,,,,51,51,33,DOE,1.1124999999999998,3.7880702018737793
loocv_ref,Augmented|LOOCV,,XGBoost,42,LOOCV,Augmented,Thickness_mean,,,,52,53,35,DOE,1.285,3.0670177936553955
loocv_ref,Augmented|LOOCV,,XGBoost,42,LOOCV,Augmented,Thickness_mean,,,,53,56,38,DOE,21.8925,25.92918586730957
loocv_ref,Augmented|LOOCV,,XGBoost,42,LOOCV,Augmented,Thickness_mean,,,,54,50,32,DOE,25.37,23.225601196289062
loocv_ref,Augmented|LOOCV,,XGBoost,42,LOOCV,Augmented,Thickness_mean,,,,55,48,30,DOE,26.11,24.17082405090332
loocv_ref,Augmented|LOOCV,,XGBoost,42,LOOCV,Augmented,Thickness_mean,,,,56,55,37,DOE,11.3,11.781658172607422
loocv_ref,Augmented|LOOCV,,XGBoost,43,LOOCV,Augmented,Thickness_mean,,,,0,0,0,OFAT,36.34,19.148902893066406
loocv_ref,Augmented|LOOCV,,XGBoost,43,LOOCV,Augmented,Thickness_mean,,,,1,1,1,OFAT,19.9225,31.127830505371094
loocv_ref,Augmented|LOOCV,,XGBoost,43,LOOCV,Augmented,Thickness_mean,,,,2,2,2,OFAT,25.6625,25.865598678588867
loocv_ref,Augmented|LOOCV,,XGBoost,43,LOOCV,Augmented,Thickness_mean,,,,3,3,3,OFAT,20.2075,16.937353134155273
loocv_ref,Augmented|LOOCV,,XGBoost,43,LOOCV,Augmented,Thickness_mean,,,,4,4,4,OFAT,15.345,14.344026565551758
loocv_ref,Augmented|LOOCV,,XGBoost,43,LOOCV,Augmented,Thickness_mean,,,,5,5,5,OFAT,14.265,15.293866157531738
loocv_ref,Augmented|LOOCV,,XGBoost,43,LOOCV,Augmented,Thickness_mean,,,,6,6,6,OFAT,12.9225,18.303009033203125
loocv_ref,Augmented|LOOCV,,XGBoost,43,LOOCV,Augmented,Thickness_mean,,,,7,7,7,OFAT,13.2775,13.963508605957031
loocv_ref,Augmented|LOOCV,,XGBoost,43,LOOCV,Augmented,Thickness_mean,,,,8,8,8,OFAT,15.329999999999998,19.688140869140625
loocv_ref,Augmented|LOOCV,,XGBoost,43,LOOCV,Augmented,Thickness_mean,,,,9,9,9,OFAT,7.855,10.461265563964844
loocv_ref,Augmented|LOOCV,,XGBoost,43,LOOCV,Augmented,Thickness_mean,,,,10,10,10,OFAT,2.8075,10.207158088684082
loocv_ref,Augmented|LOOCV,,XGBoost,43,LOOCV,Augmented,Thickness_mean,,,,11,11,11,OFAT,7.7875,9.032163619995117
loocv_ref,Augmented|LOOCV,,XGBoost,43,LOOCV,Augmented,Thickness_mean,,,,12,12,11,OFAT,9.105,8.087728500366211
loocv_ref,Augmented|LOOCV,,XGBoost,43,LOOCV,Augmented,Thickness_mean,,,,13,13,12,OFAT,7.734999999999999,7.2404375076293945
loocv_ref,Augmented|LOOCV,,XGBoost,43,LOOCV,Augmented,Thickness_mean,,,,14,14,10,OFAT,6.8225,9.126493453979492
loocv_ref,Augmented|LOOCV,,XGBoost,43,LOOCV,Augmented,Thickness_mean,,,,15,15,10,OFAT,14.995,6.34445858001709
loocv_ref,Augmented|LOOCV,,XGBoost,43,LOOCV,Augmented,Thickness_mean,,,,16,16,13,OFAT,14.025,13.691499710083008
loocv_ref,Augmented|LOOCV,,XGBoost,43,LOOCV,Augmented,Thickness_mean,,,,17,17,10,OFAT,9.0475,8.612991333007812
loocv_ref,Augmented|LOOCV,,XGBoost,43,LOOCV,Augmented,Thickness_mean,,,,18,18,14,OFAT,22.225,23.34824562072754
loocv_ref,Augmented|LOOCV,,XGBoost,43,LOOCV,Augmented,Thickness_mean,,,,19,19,14,OFAT,25.935,22.749588012695312
loocv_ref,Augmented|LOOCV,,XGBoost,43,LOOCV,Augmented,Thickness_mean,,,,20,20,15,OFAT,7.03,4.808804988861084
loocv_ref,Augmented|LOOCV,,XGBoost,43,LOOCV,Augmented,Thickness_mean,,,,21,21,16,OFAT,13.5325,8.731057167053223
loocv_ref,Augmented|LOOCV,,XGBoost,43,LOOCV,Augmented,Thickness_mean,,,,22,22,14,OFAT,25.29,22.689010620117188
loocv_ref,Augmented|LOOCV,,XGBoost,43,LOOCV,Augmented,Thickness_mean,,,,23,23,14,OFAT,21.965,23.53938865661621
loocv_ref,Augmented|LOOCV,,XGBoost,43,LOOCV,Augmented,Thickness_mean,,,,24,24,14,OFAT,23.082500000000003,23.221853256225586
loocv_ref,Augmented|LOOCV,,XGBoost,43,LOOCV,Augmented,Thickness_mean,,,,25,25,14,OFAT,21.262500000000003,23.656450271606445
loocv_ref,Augmented|LOOCV,,XGBoost,43,LOOCV,Augmented,Thickness_mean,,,,26,26,17,OFAT,17.8275,19.22820472717285
loocv_ref,Augmented|LOOCV,,XGBoost,43,LOOCV,Augmented,Thickness_mean,,,,27,27,17,OFAT,17.345,19.318349838256836
loocv_ref,Augmented|LOOCV,,XGBoost,43,LOOCV,Augmented,Thickness_mean,,,,28,28,17,OFAT,24.4925,17.365446090698242
loocv_ref,Augmented|LOOCV,,XGBoost,43,LOOCV,Augmented,Thickness_mean,,,,29,29,17,OFAT,17.695,18.95104217529297
loocv_ref,Augmented|LOOCV,,XGBoost,43,LOOCV,Augmented,Thickness_mean,,,,30,30,17,OFAT,16.814999999999998,19.17134666442871
loocv_ref,Augmented|LOOCV,,XGBoost,43,LOOCV,Augmented,Thickness_mean,,,,31,31,18,OFAT,14.9425,17.128623962402344
loocv_ref,Augmented|LOOCV,,XGBoost,43,LOOCV,Augmented,Thickness_mean,,,,32,32,19,OFAT,9.9625,13.795958518981934
loocv_ref,Augmented|LOOCV,,XGBoost,43,LOOCV,Augmented,Thickness_mean,,,,33,33,20,OFAT,4.855,8.650070190429688
loocv_ref,Augmented|LOOCV,,XGBoost,43,LOOCV,Augmented,Thickness_mean,,,,34,34,21,OFAT,1.2375,1.8132057189941406
loocv_ref,Augmented|LOOCV,,XGBoost,43,LOOCV,Augmented,Thickness_mean,,,,35,35,22,OFAT,2.0275,1.5331001281738281
loocv_ref,Augmented|LOOCV,,XGBoost,43,LOOCV,Augmented,Thickness_mean,,,,36,36,23,OFAT,3.535,2.138742685317993
loocv_ref,Augmented|LOOCV,,XGBoost,43,LOOCV,Augmented,Thickness_mean,,,,37,37,20,OFAT,8.6425,5.342169761657715
loocv_ref,Augmented|LOOCV,,XGBoost,43,LOOCV,Augmented,Thickness_mean,,,,38,38,19,OFAT,12.75,13.101678848266602
loocv_ref,Augmented|LOOCV,,XGBoost,43,LOOCV,Augmented,Thickness_mean,,,,39,39,18,OFAT,16.965,15.163100242614746
loocv_ref,Augmented|LOOCV,,XGBoost,43,LOOCV,Augmented,Thickness_mean,,,,40,40,19,OFAT,19.6525,10.755874633789062
loocv_ref,Augmented|LOOCV,,XGBoost,43,LOOCV,Augmented,Thickness_mean,,,,41,41,19,OFAT,9.2675,13.72531509399414
loocv_ref,Augmented|LOOCV,,XGBoost,43,LOOCV,Augmented,Thickness_mean,,,,42,44,26,DOE,5.285,4.651113986968994
loocv_ref,Augmented|LOOCV,,XGBoost,43,LOOCV,Augmented,Thickness_mean,,,,43,45,27,DOE,29.6975,24.518152236938477
loocv_ref,Augmented|LOOCV,,XGBoost,43,LOOCV,Augmented,Thickness_mean,,,,44,43,25,DOE,1.05,3.2689647674560547
loocv_ref,Augmented|LOOCV,,XGBoost,43,LOOCV,Augmented,Thickness_mean,,,,45,46,28,DOE,31.682500000000005,23.95157241821289
loocv_ref,Augmented|LOOCV,,XGBoost,43,LOOCV,Augmented,Thickness_mean,,,,46,42,24,DOE,1.0625,2.316364049911499
loocv_ref,Augmented|LOOCV,,XGBoost,43,LOOCV,Augmented,Thickness_mean,,,,47,49,31,DOE,25.6225,26.540525436401367
loocv_ref,Augmented|LOOCV,,XGBoost,43,LOOCV,Augmented,Thickness_mean,,,,48,54,36,DOE,4.335,4.018728256225586
loocv_ref,Augmented|LOOCV,,XGBoost,43,LOOCV,Augmented,Thickness_mean,,,,49,52,34,DOE,22.5,26.94649887084961
loocv_ref,Augmented|LOOCV,,XGBoost,43,LOOCV,Augmented,Thickness_mean,,,,50,47,29,DOE,1.0525000000000002,2.050464153289795
loocv_ref,Augmented|LOOCV,,XGBoost,43,LOOCV,Augmented,Thickness_mean,,,,51,51,33,DOE,1.1124999999999998,-2.008453130722046
loocv_ref,Augmented|LOOCV,,XGBoost,43,LOOCV,Augmented,Thickness_mean,,,,52,53,35,DOE,1.285,2.1312265396118164
loocv_ref,Augmented|LOOCV,,XGBoost,43,LOOCV,Augmented,Thickness_mean,,,,53,56,38,DOE,21.8925,28.048995971679688
loocv_ref,Augmented|LOOCV,,XGBoost,43,LOOCV,Augmented,Thickness_mean,,,,54,50,32,DOE,25.37,22.2849063873291
loocv_ref,Augmented|LOOCV,,XGBoost,43,LOOCV,Augmented,Thickness_mean,,,,55,48,30,DOE,26.11,24.92312240600586
loocv_ref,Augmented|LOOCV,,XGBoost,43,LOOCV,Augmented,Thickness_mean,,,,56,55,37,DOE,11.3,13.417505264282227
loocv_ref,Augmented|LOOCV,,XGBoost,44,LOOCV,Augmented,Thickness_mean,,,,0,0,0,OFAT,36.34,19.309965133666992
loocv_ref,Augmented|LOOCV,,XGBoost,44,LOOCV,Augmented,Thickness_mean,,,,1,1,1,OFAT,19.9225,30.60706329345703
loocv_ref,Augmented|LOOCV,,XGBoost,44,LOOCV,Augmented,Thickness_mean,,,,2,2,2,OFAT,25.6625,25.025789260864258
loocv_ref,Augmented|LOOCV,,XGBoost,44,LOOCV,Augmented,Thickness_mean,,,,3,3,3,OFAT,20.2075,17.462228775024414
loocv_ref,Augmented|LOOCV,,XGBoost,44,LOOCV,Augmented,Thickness_mean,,,,4,4,4,OFAT,15.345,14.499517440795898
loocv_ref,Augmented|LOOCV,,XGBoost,44,LOOCV,Augmented,Thickness_mean,,,,5,5,5,OFAT,14.265,14.831425666809082
loocv_ref,Augmented|LOOCV,,XGBoost,44,LOOCV,Augmented,Thickness_mean,,,,6,6,6,OFAT,12.9225,19.099882125854492
loocv_ref,Augmented|LOOCV,,XGBoost,44,LOOCV,Augmented,Thickness_mean,,,,7,7,7,OFAT,13.2775,13.18412971496582
loocv_ref,Augmented|LOOCV,,XGBoost,44,LOOCV,Augmented,Thickness_mean,,,,8,8,8,OFAT,15.329999999999998,19.435800552368164
loocv_ref,Augmented|LOOCV,,XGBoost,44,LOOCV,Augmented,Thickness_mean,,,,9,9,9,OFAT,7.855,11.274667739868164
loocv_ref,Augmented|LOOCV,,XGBoost,44,LOOCV,Augmented,Thickness_mean,,,,10,10,10,OFAT,2.8075,10.025586128234863
loocv_ref,Augmented|LOOCV,,XGBoost,44,LOOCV,Augmented,Thickness_mean,,,,11,11,11,OFAT,7.7875,8.941324234008789
loocv_ref,Augmented|LOOCV,,XGBoost,44,LOOCV,Augmented,Thickness_mean,,,,12,12,11,OFAT,9.105,7.747034549713135
loocv_ref,Augmented|LOOCV,,XGBoost,44,LOOCV,Augmented,Thickness_mean,,,,13,13,12,OFAT,7.734999999999999,8.738639831542969
loocv_ref,Augmented|LOOCV,,XGBoost,44,LOOCV,Augmented,Thickness_mean,,,,14,14,10,OFAT,6.8225,8.787864685058594
loocv_ref,Augmented|LOOCV,,XGBoost,44,LOOCV,Augmented,Thickness_mean,,,,15,15,10,OFAT,14.995,6.509322643280029
loocv_ref,Augmented|LOOCV,,XGBoost,44,LOOCV,Augmented,Thickness_mean,,,,16,16,13,OFAT,14.025,13.652070045471191
loocv_ref,Augmented|LOOCV,,XGBoost,44,LOOCV,Augmented,Thickness_mean,,,,17,17,10,OFAT,9.0475,8.087542533874512
loocv_ref,Augmented|LOOCV,,XGBoost,44,LOOCV,Augmented,Thickness_mean,,,,18,18,14,OFAT,22.225,23.31319236755371
loocv_ref,Augmented|LOOCV,,XGBoost,44,LOOCV,Augmented,Thickness_mean,,,,19,19,14,OFAT,25.935,22.801172256469727
loocv_ref,Augmented|LOOCV,,XGBoost,44,LOOCV,Augmented,Thickness_mean,,,,20,20,15,OFAT,7.03,5.319924354553223
loocv_ref,Augmented|LOOCV,,XGBoost,44,LOOCV,Augmented,Thickness_mean,,,,21,21,16,OFAT,13.5325,8.343052864074707
loocv_ref,Augmented|LOOCV,,XGBoost,44,LOOCV,Augmented,Thickness_mean,,,,22,22,14,OFAT,25.29,22.79492950439453
loocv_ref,Augmented|LOOCV,,XGBoost,44,LOOCV,Augmented,Thickness_mean,,,,23,23,14,OFAT,21.965,23.405324935913086
loocv_ref,Augmented|LOOCV,,XGBoost,44,LOOCV,Augmented,Thickness_mean,,,,24,24,14,OFAT,23.082500000000003,23.088260650634766
loocv_ref,Augmented|LOOCV,,XGBoost,44,LOOCV,Augmented,Thickness_mean,,,,25,25,14,OFAT,21.262500000000003,23.45328140258789
loocv_ref,Augmented|LOOCV,,XGBoost,44,LOOCV,Augmented,Thickness_mean,,,,26,26,17,OFAT,17.8275,18.82921600341797
loocv_ref,Augmented|LOOCV,,XGBoost,44,LOOCV,Augmented,Thickness_mean,,,,27,27,17,OFAT,17.345,18.97209930419922
loocv_ref,Augmented|LOOCV,,XGBoost,44,LOOCV,Augmented,Thickness_mean,,,,28,28,17,OFAT,24.4925,17.106904983520508
loocv_ref,Augmented|LOOCV,,XGBoost,44,LOOCV,Augmented,Thickness_mean,,,,29,29,17,OFAT,17.695,18.693204879760742
loocv_ref,Augmented|LOOCV,,XGBoost,44,LOOCV,Augmented,Thickness_mean,,,,30,30,17,OFAT,16.814999999999998,18.635042190551758
loocv_ref,Augmented|LOOCV,,XGBoost,44,LOOCV,Augmented,Thickness_mean,,,,31,31,18,OFAT,14.9425,17.12737464904785
loocv_ref,Augmented|LOOCV,,XGBoost,44,LOOCV,Augmented,Thickness_mean,,,,32,32,19,OFAT,9.9625,14.10106086730957
loocv_ref,Augmented|LOOCV,,XGBoost,44,LOOCV,Augmented,Thickness_mean,,,,33,33,20,OFAT,4.855,8.542515754699707
loocv_ref,Augmented|LOOCV,,XGBoost,44,LOOCV,Augmented,Thickness_mean,,,,34,34,21,OFAT,1.2375,2.677035093307495
loocv_ref,Augmented|LOOCV,,XGBoost,44,LOOCV,Augmented,Thickness_mean,,,,35,35,22,OFAT,2.0275,2.2968149185180664
loocv_ref,Augmented|LOOCV,,XGBoost,44,LOOCV,Augmented,Thickness_mean,,,,36,36,23,OFAT,3.535,2.668825149536133
loocv_ref,Augmented|LOOCV,,XGBoost,44,LOOCV,Augmented,Thickness_mean,,,,37,37,20,OFAT,8.6425,5.3860344886779785
loocv_ref,Augmented|LOOCV,,XGBoost,44,LOOCV,Augmented,Thickness_mean,,,,38,38,19,OFAT,12.75,12.941880226135254
loocv_ref,Augmented|LOOCV,,XGBoost,44,LOOCV,Augmented,Thickness_mean,,,,39,39,18,OFAT,16.965,15.69151496887207
loocv_ref,Augmented|LOOCV,,XGBoost,44,LOOCV,Augmented,Thickness_mean,,,,40,40,19,OFAT,19.6525,11.374549865722656
loocv_ref,Augmented|LOOCV,,XGBoost,44,LOOCV,Augmented,Thickness_mean,,,,41,41,19,OFAT,9.2675,13.95722484588623
loocv_ref,Augmented|LOOCV,,XGBoost,44,LOOCV,Augmented,Thickness_mean,,,,42,44,26,DOE,5.285,9.210185050964355
loocv_ref,Augmented|LOOCV,,XGBoost,44,LOOCV,Augmented,Thickness_mean,,,,43,45,27,DOE,29.6975,23.390857696533203
loocv_ref,Augmented|LOOCV,,XGBoost,44,LOOCV,Augmented,Thickness_mean,,,,44,43,25,DOE,1.05,4.589777946472168
loocv_ref,Augmented|LOOCV,,XGBoost,44,LOOCV,Augmented,Thickness_mean,,,,45,46,28,DOE,31.682500000000005,23.269208908081055
loocv_ref,Augmented|LOOCV,,XGBoost,44,LOOCV,Augmented,Thickness_mean,,,,46,42,24,DOE,1.0625,3.809994697570801
loocv_ref,Augmented|LOOCV,,XGBoost,44,LOOCV,Augmented,Thickness_mean,,,,47,49,31,DOE,25.6225,24.745149612426758
loocv_ref,Augmented|LOOCV,,XGBoost,44,LOOCV,Augmented,Thickness_mean,,,,48,54,36,DOE,4.335,4.1037983894348145
loocv_ref,Augmented|LOOCV,,XGBoost,44,LOOCV,Augmented,Thickness_mean,,,,49,52,34,DOE,22.5,26.79621696472168
loocv_ref,Augmented|LOOCV,,XGBoost,44,LOOCV,Augmented,Thickness_mean,,,,50,47,29,DOE,1.0525000000000002,5.789517402648926
loocv_ref,Augmented|LOOCV,,XGBoost,44,LOOCV,Augmented,Thickness_mean,,,,51,51,33,DOE,1.1124999999999998,2.422917604446411
loocv_ref,Augmented|LOOCV,,XGBoost,44,LOOCV,Augmented,Thickness_mean,,,,52,53,35,DOE,1.285,1.648221731185913
loocv_ref,Augmented|LOOCV,,XGBoost,44,LOOCV,Augmented,Thickness_mean,,,,53,56,38,DOE,21.8925,26.436782836914062
loocv_ref,Augmented|LOOCV,,XGBoost,44,LOOCV,Augmented,Thickness_mean,,,,54,50,32,DOE,25.37,22.583553314208984
loocv_ref,Augmented|LOOCV,,XGBoost,44,LOOCV,Augmented,Thickness_mean,,,,55,48,30,DOE,26.11,22.23166275024414
loocv_ref,Augmented|LOOCV,,XGBoost,44,LOOCV,Augmented,Thickness_mean,,,,56,55,37,DOE,11.3,11.60926342010498
loocv_ref,Augmented|LOOCV,,XGBoost,45,LOOCV,Augmented,Thickness_mean,,,,0,0,0,OFAT,36.34,18.9963436126709
loocv_ref,Augmented|LOOCV,,XGBoost,45,LOOCV,Augmented,Thickness_mean,,,,1,1,1,OFAT,19.9225,27.857500076293945
loocv_ref,Augmented|LOOCV,,XGBoost,45,LOOCV,Augmented,Thickness_mean,,,,2,2,2,OFAT,25.6625,24.217864990234375
loocv_ref,Augmented|LOOCV,,XGBoost,45,LOOCV,Augmented,Thickness_mean,,,,3,3,3,OFAT,20.2075,17.955644607543945
loocv_ref,Augmented|LOOCV,,XGBoost,45,LOOCV,Augmented,Thickness_mean,,,,4,4,4,OFAT,15.345,16.8727970123291
loocv_ref,Augmented|LOOCV,,XGBoost,45,LOOCV,Augmented,Thickness_mean,,,,5,5,5,OFAT,14.265,17.167190551757812
loocv_ref,Augmented|LOOCV,,XGBoost,45,LOOCV,Augmented,Thickness_mean,,,,6,6,6,OFAT,12.9225,17.116243362426758
loocv_ref,Augmented|LOOCV,,XGBoost,45,LOOCV,Augmented,Thickness_mean,,,,7,7,7,OFAT,13.2775,17.122766494750977
loocv_ref,Augmented|LOOCV,,XGBoost,45,LOOCV,Augmented,Thickness_mean,,,,8,8,8,OFAT,15.329999999999998,19.625089645385742
loocv_ref,Augmented|LOOCV,,XGBoost,45,LOOCV,Augmented,Thickness_mean,,,,9,9,9,OFAT,7.855,10.309514999389648
loocv_ref,Augmented|LOOCV,,XGBoost,45,LOOCV,Augmented,Thickness_mean,,,,10,10,10,OFAT,2.8075,8.831037521362305
loocv_ref,Augmented|LOOCV,,XGBoost,45,LOOCV,Augmented,Thickness_mean,,,,11,11,11,OFAT,7.7875,8.972188949584961
loocv_ref,Augmented|LOOCV,,XGBoost,45,LOOCV,Augmented,Thickness_mean,,,,12,12,11,OFAT,9.105,8.128719329833984
loocv_ref,Augmented|LOOCV,,XGBoost,45,LOOCV,Augmented,Thickness_mean,,,,13,13,12,OFAT,7.734999999999999,8.048470497131348
loocv_ref,Augmented|LOOCV,,XGBoost,45,LOOCV,Augmented,Thickness_mean,,,,14,14,10,OFAT,6.8225,8.29430103302002
loocv_ref,Augmented|LOOCV,,XGBoost,45,LOOCV,Augmented,Thickness_mean,,,,15,15,10,OFAT,14.995,7.019333839416504
loocv_ref,Augmented|LOOCV,,XGBoost,45,LOOCV,Augmented,Thickness_mean,,,,16,16,13,OFAT,14.025,12.900769233703613
loocv_ref,Augmented|LOOCV,,XGBoost,45,LOOCV,Augmented,Thickness_mean,,,,17,17,10,OFAT,9.0475,8.060840606689453
loocv_ref,Augmented|LOOCV,,XGBoost,45,LOOCV,Augmented,Thickness_mean,,,,18,18,14,OFAT,22.225,22.62183380126953
loocv_ref,Augmented|LOOCV,,XGBoost,45,LOOCV,Augmented,Thickness_mean,,,,19,19,14,OFAT,25.935,22.00541877746582
loocv_ref,Augmented|LOOCV,,XGBoost,45,LOOCV,Augmented,Thickness_mean,,,,20,20,15,OFAT,7.03,4.785689830780029
loocv_ref,Augmented|LOOCV,,XGBoost,45,LOOCV,Augmented,Thickness_mean,,,,21,21,16,OFAT,13.5325,8.184111595153809
loocv_ref,Augmented|LOOCV,,XGBoost,45,LOOCV,Augmented,Thickness_mean,,,,22,22,14,OFAT,25.29,22.107711791992188
loocv_ref,Augmented|LOOCV,,XGBoost,45,LOOCV,Augmented,Thickness_mean,,,,23,23,14,OFAT,21.965,22.6859130859375
loocv_ref,Augmented|LOOCV,,XGBoost,45,LOOCV,Augmented,Thickness_mean,,,,24,24,14,OFAT,23.082500000000003,22.455997467041016
loocv_ref,Augmented|LOOCV,,XGBoost,45,LOOCV,Augmented,Thickness_mean,,,,25,25,14,OFAT,21.262500000000003,22.71697235107422
loocv_ref,Augmented|LOOCV,,XGBoost,45,LOOCV,Augmented,Thickness_mean,,,,26,26,17,OFAT,17.8275,18.57294464111328
loocv_ref,Augmented|LOOCV,,XGBoost,45,LOOCV,Augmented,Thickness_mean,,,,27,27,17,OFAT,17.345,18.644344329833984
loocv_ref,Augmented|LOOCV,,XGBoost,45,LOOCV,Augmented,Thickness_mean,,,,28,28,17,OFAT,24.4925,17.86212921142578
loocv_ref,Augmented|LOOCV,,XGBoost,45,LOOCV,Augmented,Thickness_mean,,,,29,29,17,OFAT,17.695,18.64008331298828
loocv_ref,Augmented|LOOCV,,XGBoost,45,LOOCV,Augmented,Thickness_mean,,,,30,30,17,OFAT,16.814999999999998,18.869735717773438
loocv_ref,Augmented|LOOCV,,XGBoost,45,LOOCV,Augmented,Thickness_mean,,,,31,31,18,OFAT,14.9425,17.18616485595703
loocv_ref,Augmented|LOOCV,,XGBoost,45,LOOCV,Augmented,Thickness_mean,,,,32,32,19,OFAT,9.9625,13.360350608825684
loocv_ref,Augmented|LOOCV,,XGBoost,45,LOOCV,Augmented,Thickness_mean,,,,33,33,20,OFAT,4.855,8.476149559020996
loocv_ref,Augmented|LOOCV,,XGBoost,45,LOOCV,Augmented,Thickness_mean,,,,34,34,21,OFAT,1.2375,2.5153772830963135
loocv_ref,Augmented|LOOCV,,XGBoost,45,LOOCV,Augmented,Thickness_mean,,,,35,35,22,OFAT,2.0275,2.4829514026641846
loocv_ref,Augmented|LOOCV,,XGBoost,45,LOOCV,Augmented,Thickness_mean,,,,36,36,23,OFAT,3.535,2.9700071811676025
loocv_ref,Augmented|LOOCV,,XGBoost,45,LOOCV,Augmented,Thickness_mean,,,,37,37,20,OFAT,8.6425,5.759393215179443
loocv_ref,Augmented|LOOCV,,XGBoost,45,LOOCV,Augmented,Thickness_mean,,,,38,38,19,OFAT,12.75,13.189678192138672
loocv_ref,Augmented|LOOCV,,XGBoost,45,LOOCV,Augmented,Thickness_mean,,,,39,39,18,OFAT,16.965,15.286458015441895
loocv_ref,Augmented|LOOCV,,XGBoost,45,LOOCV,Augmented,Thickness_mean,,,,40,40,19,OFAT,19.6525,11.988543510437012
loocv_ref,Augmented|LOOCV,,XGBoost,45,LOOCV,Augmented,Thickness_mean,,,,41,41,19,OFAT,9.2675,13.420180320739746
loocv_ref,Augmented|LOOCV,,XGBoost,45,LOOCV,Augmented,Thickness_mean,,,,42,44,26,DOE,5.285,4.90399169921875
loocv_ref,Augmented|LOOCV,,XGBoost,45,LOOCV,Augmented,Thickness_mean,,,,43,45,27,DOE,29.6975,24.071033477783203
loocv_ref,Augmented|LOOCV,,XGBoost,45,LOOCV,Augmented,Thickness_mean,,,,44,43,25,DOE,1.05,4.527938365936279
loocv_ref,Augmented|LOOCV,,XGBoost,45,LOOCV,Augmented,Thickness_mean,,,,45,46,28,DOE,31.682500000000005,24.71233558654785
loocv_ref,Augmented|LOOCV,,XGBoost,45,LOOCV,Augmented,Thickness_mean,,,,46,42,24,DOE,1.0625,3.601526975631714
loocv_ref,Augmented|LOOCV,,XGBoost,45,LOOCV,Augmented,Thickness_mean,,,,47,49,31,DOE,25.6225,26.088518142700195
loocv_ref,Augmented|LOOCV,,XGBoost,45,LOOCV,Augmented,Thickness_mean,,,,48,54,36,DOE,4.335,5.1116790771484375
loocv_ref,Augmented|LOOCV,,XGBoost,45,LOOCV,Augmented,Thickness_mean,,,,49,52,34,DOE,22.5,26.39086151123047
loocv_ref,Augmented|LOOCV,,XGBoost,45,LOOCV,Augmented,Thickness_mean,,,,50,47,29,DOE,1.0525000000000002,5.488708019256592
loocv_ref,Augmented|LOOCV,,XGBoost,45,LOOCV,Augmented,Thickness_mean,,,,51,51,33,DOE,1.1124999999999998,1.6156682968139648
loocv_ref,Augmented|LOOCV,,XGBoost,45,LOOCV,Augmented,Thickness_mean,,,,52,53,35,DOE,1.285,2.9468393325805664
loocv_ref,Augmented|LOOCV,,XGBoost,45,LOOCV,Augmented,Thickness_mean,,,,53,56,38,DOE,21.8925,26.260255813598633
loocv_ref,Augmented|LOOCV,,XGBoost,45,LOOCV,Augmented,Thickness_mean,,,,54,50,32,DOE,25.37,22.042036056518555
loocv_ref,Augmented|LOOCV,,XGBoost,45,LOOCV,Augmented,Thickness_mean,,,,55,48,30,DOE,26.11,23.373912811279297
loocv_ref,Augmented|LOOCV,,XGBoost,45,LOOCV,Augmented,Thickness_mean,,,,56,55,37,DOE,11.3,11.980087280273438
loocv_ref,Augmented|LOOCV,,XGBoost,46,LOOCV,Augmented,Thickness_mean,,,,0,0,0,OFAT,36.34,19.564054489135742
loocv_ref,Augmented|LOOCV,,XGBoost,46,LOOCV,Augmented,Thickness_mean,,,,1,1,1,OFAT,19.9225,30.059295654296875
loocv_ref,Augmented|LOOCV,,XGBoost,46,LOOCV,Augmented,Thickness_mean,,,,2,2,2,OFAT,25.6625,24.120986938476562
loocv_ref,Augmented|LOOCV,,XGBoost,46,LOOCV,Augmented,Thickness_mean,,,,3,3,3,OFAT,20.2075,17.814062118530273
loocv_ref,Augmented|LOOCV,,XGBoost,46,LOOCV,Augmented,Thickness_mean,,,,4,4,4,OFAT,15.345,17.56135368347168
loocv_ref,Augmented|LOOCV,,XGBoost,46,LOOCV,Augmented,Thickness_mean,,,,5,5,5,OFAT,14.265,17.751399993896484
loocv_ref,Augmented|LOOCV,,XGBoost,46,LOOCV,Augmented,Thickness_mean,,,,6,6,6,OFAT,12.9225,18.13410186767578
loocv_ref,Augmented|LOOCV,,XGBoost,46,LOOCV,Augmented,Thickness_mean,,,,7,7,7,OFAT,13.2775,16.000804901123047
loocv_ref,Augmented|LOOCV,,XGBoost,46,LOOCV,Augmented,Thickness_mean,,,,8,8,8,OFAT,15.329999999999998,20.241899490356445
loocv_ref,Augmented|LOOCV,,XGBoost,46,LOOCV,Augmented,Thickness_mean,,,,9,9,9,OFAT,7.855,10.375616073608398
loocv_ref,Augmented|LOOCV,,XGBoost,46,LOOCV,Augmented,Thickness_mean,,,,10,10,10,OFAT,2.8075,9.85326099395752
loocv_ref,Augmented|LOOCV,,XGBoost,46,LOOCV,Augmented,Thickness_mean,,,,11,11,11,OFAT,7.7875,8.40394401550293
loocv_ref,Augmented|LOOCV,,XGBoost,46,LOOCV,Augmented,Thickness_mean,,,,12,12,11,OFAT,9.105,7.810632228851318
loocv_ref,Augmented|LOOCV,,XGBoost,46,LOOCV,Augmented,Thickness_mean,,,,13,13,12,OFAT,7.734999999999999,8.351890563964844
loocv_ref,Augmented|LOOCV,,XGBoost,46,LOOCV,Augmented,Thickness_mean,,,,14,14,10,OFAT,6.8225,8.712932586669922
loocv_ref,Augmented|LOOCV,,XGBoost,46,LOOCV,Augmented,Thickness_mean,,,,15,15,10,OFAT,14.995,6.9133453369140625
loocv_ref,Augmented|LOOCV,,XGBoost,46,LOOCV,Augmented,Thickness_mean,,,,16,16,13,OFAT,14.025,13.074869155883789
loocv_ref,Augmented|LOOCV,,XGBoost,46,LOOCV,Augmented,Thickness_mean,,,,17,17,10,OFAT,9.0475,7.773232936859131
loocv_ref,Augmented|LOOCV,,XGBoost,46,LOOCV,Augmented,Thickness_mean,,,,18,18,14,OFAT,22.225,22.85654640197754
loocv_ref,Augmented|LOOCV,,XGBoost,46,LOOCV,Augmented,Thickness_mean,,,,19,19,14,OFAT,25.935,22.143871307373047
loocv_ref,Augmented|LOOCV,,XGBoost,46,LOOCV,Augmented,Thickness_mean,,,,20,20,15,OFAT,7.03,4.7339677810668945
loocv_ref,Augmented|LOOCV,,XGBoost,46,LOOCV,Augmented,Thickness_mean,,,,21,21,16,OFAT,13.5325,8.007975578308105
loocv_ref,Augmented|LOOCV,,XGBoost,46,LOOCV,Augmented,Thickness_mean,,,,22,22,14,OFAT,25.29,22.426027297973633
loocv_ref,Augmented|LOOCV,,XGBoost,46,LOOCV,Augmented,Thickness_mean,,,,23,23,14,OFAT,21.965,23.026988983154297
loocv_ref,Augmented|LOOCV,,XGBoost,46,LOOCV,Augmented,Thickness_mean,,,,24,24,14,OFAT,23.082500000000003,22.8529109954834
loocv_ref,Augmented|LOOCV,,XGBoost,46,LOOCV,Augmented,Thickness_mean,,,,25,25,14,OFAT,21.262500000000003,23.077550888061523
loocv_ref,Augmented|LOOCV,,XGBoost,46,LOOCV,Augmented,Thickness_mean,,,,26,26,17,OFAT,17.8275,18.81908416748047
loocv_ref,Augmented|LOOCV,,XGBoost,46,LOOCV,Augmented,Thickness_mean,,,,27,27,17,OFAT,17.345,18.88374137878418
loocv_ref,Augmented|LOOCV,,XGBoost,46,LOOCV,Augmented,Thickness_mean,,,,28,28,17,OFAT,24.4925,18.005285263061523
loocv_ref,Augmented|LOOCV,,XGBoost,46,LOOCV,Augmented,Thickness_mean,,,,29,29,17,OFAT,17.695,18.806909561157227
loocv_ref,Augmented|LOOCV,,XGBoost,46,LOOCV,Augmented,Thickness_mean,,,,30,30,17,OFAT,16.814999999999998,18.8537540435791
loocv_ref,Augmented|LOOCV,,XGBoost,46,LOOCV,Augmented,Thickness_mean,,,,31,31,18,OFAT,14.9425,17.31270408630371
loocv_ref,Augmented|LOOCV,,XGBoost,46,LOOCV,Augmented,Thickness_mean,,,,32,32,19,OFAT,9.9625,13.667360305786133
loocv_ref,Augmented|LOOCV,,XGBoost,46,LOOCV,Augmented,Thickness_mean,,,,33,33,20,OFAT,4.855,7.821353912353516
loocv_ref,Augmented|LOOCV,,XGBoost,46,LOOCV,Augmented,Thickness_mean,,,,34,34,21,OFAT,1.2375,2.8808751106262207
loocv_ref,Augmented|LOOCV,,XGBoost,46,LOOCV,Augmented,Thickness_mean,,,,35,35,22,OFAT,2.0275,2.7499067783355713
loocv_ref,Augmented|LOOCV,,XGBoost,46,LOOCV,Augmented,Thickness_mean,,,,36,36,23,OFAT,3.535,2.9513349533081055
loocv_ref,Augmented|LOOCV,,XGBoost,46,LOOCV,Augmented,Thickness_mean,,,,37,37,20,OFAT,8.6425,5.519356727600098
loocv_ref,Augmented|LOOCV,,XGBoost,46,LOOCV,Augmented,Thickness_mean,,,,38,38,19,OFAT,12.75,13.35324764251709
loocv_ref,Augmented|LOOCV,,XGBoost,46,LOOCV,Augmented,Thickness_mean,,,,39,39,18,OFAT,16.965,15.313380241394043
loocv_ref,Augmented|LOOCV,,XGBoost,46,LOOCV,Augmented,Thickness_mean,,,,40,40,19,OFAT,19.6525,12.0924654006958
loocv_ref,Augmented|LOOCV,,XGBoost,46,LOOCV,Augmented,Thickness_mean,,,,41,41,19,OFAT,9.2675,13.729023933410645
loocv_ref,Augmented|LOOCV,,XGBoost,46,LOOCV,Augmented,Thickness_mean,,,,42,44,26,DOE,5.285,4.630345821380615
loocv_ref,Augmented|LOOCV,,XGBoost,46,LOOCV,Augmented,Thickness_mean,,,,43,45,27,DOE,29.6975,23.407958984375
loocv_ref,Augmented|LOOCV,,XGBoost,46,LOOCV,Augmented,Thickness_mean,,,,44,43,25,DOE,1.05,4.876574516296387
loocv_ref,Augmented|LOOCV,,XGBoost,46,LOOCV,Augmented,Thickness_mean,,,,45,46,28,DOE,31.682500000000005,23.524944305419922
loocv_ref,Augmented|LOOCV,,XGBoost,46,LOOCV,Augmented,Thickness_mean,,,,46,42,24,DOE,1.0625,1.9365261793136597
loocv_ref,Augmented|LOOCV,,XGBoost,46,LOOCV,Augmented,Thickness_mean,,,,47,49,31,DOE,25.6225,25.768980026245117
loocv_ref,Augmented|LOOCV,,XGBoost,46,LOOCV,Augmented,Thickness_mean,,,,48,54,36,DOE,4.335,4.777935981750488
loocv_ref,Augmented|LOOCV,,XGBoost,46,LOOCV,Augmented,Thickness_mean,,,,49,52,34,DOE,22.5,27.459102630615234
loocv_ref,Augmented|LOOCV,,XGBoost,46,LOOCV,Augmented,Thickness_mean,,,,50,47,29,DOE,1.0525000000000002,6.1876444816589355
loocv_ref,Augmented|LOOCV,,XGBoost,46,LOOCV,Augmented,Thickness_mean,,,,51,51,33,DOE,1.1124999999999998,2.5823071002960205
loocv_ref,Augmented|LOOCV,,XGBoost,46,LOOCV,Augmented,Thickness_mean,,,,52,53,35,DOE,1.285,3.132824182510376
loocv_ref,Augmented|LOOCV,,XGBoost,46,LOOCV,Augmented,Thickness_mean,,,,53,56,38,DOE,21.8925,25.17750358581543
loocv_ref,Augmented|LOOCV,,XGBoost,46,LOOCV,Augmented,Thickness_mean,,,,54,50,32,DOE,25.37,23.087322235107422
loocv_ref,Augmented|LOOCV,,XGBoost,46,LOOCV,Augmented,Thickness_mean,,,,55,48,30,DOE,26.11,23.514568328857422
loocv_ref,Augmented|LOOCV,,XGBoost,46,LOOCV,Augmented,Thickness_mean,,,,56,55,37,DOE,11.3,11.558420181274414
loocv_ref,Augmented|LOOCV,,XGBoost,47,LOOCV,Augmented,Thickness_mean,,,,0,0,0,OFAT,36.34,20.455991744995117
loocv_ref,Augmented|LOOCV,,XGBoost,47,LOOCV,Augmented,Thickness_mean,,,,1,1,1,OFAT,19.9225,31.328990936279297
loocv_ref,Augmented|LOOCV,,XGBoost,47,LOOCV,Augmented,Thickness_mean,,,,2,2,2,OFAT,25.6625,23.967357635498047
loocv_ref,Augmented|LOOCV,,XGBoost,47,LOOCV,Augmented,Thickness_mean,,,,3,3,3,OFAT,20.2075,16.60312271118164
loocv_ref,Augmented|LOOCV,,XGBoost,47,LOOCV,Augmented,Thickness_mean,,,,4,4,4,OFAT,15.345,14.322213172912598
loocv_ref,Augmented|LOOCV,,XGBoost,47,LOOCV,Augmented,Thickness_mean,,,,5,5,5,OFAT,14.265,14.06326961517334
loocv_ref,Augmented|LOOCV,,XGBoost,47,LOOCV,Augmented,Thickness_mean,,,,6,6,6,OFAT,12.9225,19.067338943481445
loocv_ref,Augmented|LOOCV,,XGBoost,47,LOOCV,Augmented,Thickness_mean,,,,7,7,7,OFAT,13.2775,16.43625831604004
loocv_ref,Augmented|LOOCV,,XGBoost,47,LOOCV,Augmented,Thickness_mean,,,,8,8,8,OFAT,15.329999999999998,18.804569244384766
loocv_ref,Augmented|LOOCV,,XGBoost,47,LOOCV,Augmented,Thickness_mean,,,,9,9,9,OFAT,7.855,11.149223327636719
loocv_ref,Augmented|LOOCV,,XGBoost,47,LOOCV,Augmented,Thickness_mean,,,,10,10,10,OFAT,2.8075,10.314667701721191
loocv_ref,Augmented|LOOCV,,XGBoost,47,LOOCV,Augmented,Thickness_mean,,,,11,11,11,OFAT,7.7875,8.532674789428711
loocv_ref,Augmented|LOOCV,,XGBoost,47,LOOCV,Augmented,Thickness_mean,,,,12,12,11,OFAT,9.105,7.7107977867126465
loocv_ref,Augmented|LOOCV,,XGBoost,47,LOOCV,Augmented,Thickness_mean,,,,13,13,12,OFAT,7.734999999999999,8.238607406616211
loocv_ref,Augmented|LOOCV,,XGBoost,47,LOOCV,Augmented,Thickness_mean,,,,14,14,10,OFAT,6.8225,9.392815589904785
loocv_ref,Augmented|LOOCV,,XGBoost,47,LOOCV,Augmented,Thickness_mean,,,,15,15,10,OFAT,14.995,7.105930805206299
loocv_ref,Augmented|LOOCV,,XGBoost,47,LOOCV,Augmented,Thickness_mean,,,,16,16,13,OFAT,14.025,13.497588157653809
loocv_ref,Augmented|LOOCV,,XGBoost,47,LOOCV,Augmented,Thickness_mean,,,,17,17,10,OFAT,9.0475,8.462092399597168
loocv_ref,Augmented|LOOCV,,XGBoost,47,LOOCV,Augmented,Thickness_mean,,,,18,18,14,OFAT,22.225,23.09366798400879
loocv_ref,Augmented|LOOCV,,XGBoost,47,LOOCV,Augmented,Thickness_mean,,,,19,19,14,OFAT,25.935,21.860736846923828
loocv_ref,Augmented|LOOCV,,XGBoost,47,LOOCV,Augmented,Thickness_mean,,,,20,20,15,OFAT,7.03,5.805556774139404
loocv_ref,Augmented|LOOCV,,XGBoost,47,LOOCV,Augmented,Thickness_mean,,,,21,21,16,OFAT,13.5325,8.613323211669922
loocv_ref,Augmented|LOOCV,,XGBoost,47,LOOCV,Augmented,Thickness_mean,,,,22,22,14,OFAT,25.29,22.075477600097656
loocv_ref,Augmented|LOOCV,,XGBoost,47,LOOCV,Augmented,Thickness_mean,,,,23,23,14,OFAT,21.965,22.662866592407227
loocv_ref,Augmented|LOOCV,,XGBoost,47,LOOCV,Augmented,Thickness_mean,,,,24,24,14,OFAT,23.082500000000003,22.53403663635254
loocv_ref,Augmented|LOOCV,,XGBoost,47,LOOCV,Augmented,Thickness_mean,,,,25,25,14,OFAT,21.262500000000003,22.73773956298828
loocv_ref,Augmented|LOOCV,,XGBoost,47,LOOCV,Augmented,Thickness_mean,,,,26,26,17,OFAT,17.8275,17.886878967285156
loocv_ref,Augmented|LOOCV,,XGBoost,47,LOOCV,Augmented,Thickness_mean,,,,27,27,17,OFAT,17.345,17.934755325317383
loocv_ref,Augmented|LOOCV,,XGBoost,47,LOOCV,Augmented,Thickness_mean,,,,28,28,17,OFAT,24.4925,17.134906768798828
loocv_ref,Augmented|LOOCV,,XGBoost,47,LOOCV,Augmented,Thickness_mean,,,,29,29,17,OFAT,17.695,18.544282913208008
loocv_ref,Augmented|LOOCV,,XGBoost,47,LOOCV,Augmented,Thickness_mean,,,,30,30,17,OFAT,16.814999999999998,18.100248336791992
loocv_ref,Augmented|LOOCV,,XGBoost,47,LOOCV,Augmented,Thickness_mean,,,,31,31,18,OFAT,14.9425,17.2545223236084
loocv_ref,Augmented|LOOCV,,XGBoost,47,LOOCV,Augmented,Thickness_mean,,,,32,32,19,OFAT,9.9625,13.617321014404297
loocv_ref,Augmented|LOOCV,,XGBoost,47,LOOCV,Augmented,Thickness_mean,,,,33,33,20,OFAT,4.855,8.573851585388184
loocv_ref,Augmented|LOOCV,,XGBoost,47,LOOCV,Augmented,Thickness_mean,,,,34,34,21,OFAT,1.2375,2.8689234256744385
loocv_ref,Augmented|LOOCV,,XGBoost,47,LOOCV,Augmented,Thickness_mean,,,,35,35,22,OFAT,2.0275,2.608628988265991
loocv_ref,Augmented|LOOCV,,XGBoost,47,LOOCV,Augmented,Thickness_mean,,,,36,36,23,OFAT,3.535,2.9148528575897217
loocv_ref,Augmented|LOOCV,,XGBoost,47,LOOCV,Augmented,Thickness_mean,,,,37,37,20,OFAT,8.6425,6.21852970123291
loocv_ref,Augmented|LOOCV,,XGBoost,47,LOOCV,Augmented,Thickness_mean,,,,38,38,19,OFAT,12.75,12.961502075195312
loocv_ref,Augmented|LOOCV,,XGBoost,47,LOOCV,Augmented,Thickness_mean,,,,39,39,18,OFAT,16.965,15.306544303894043
loocv_ref,Augmented|LOOCV,,XGBoost,47,LOOCV,Augmented,Thickness_mean,,,,40,40,19,OFAT,19.6525,11.551871299743652
loocv_ref,Augmented|LOOCV,,XGBoost,47,LOOCV,Augmented,Thickness_mean,,,,41,41,19,OFAT,9.2675,13.66516399383545
loocv_ref,Augmented|LOOCV,,XGBoost,47,LOOCV,Augmented,Thickness_mean,,,,42,44,26,DOE,5.285,5.586442470550537
loocv_ref,Augmented|LOOCV,,XGBoost,47,LOOCV,Augmented,Thickness_mean,,,,43,45,27,DOE,29.6975,23.83542823791504
loocv_ref,Augmented|LOOCV,,XGBoost,47,LOOCV,Augmented,Thickness_mean,,,,44,43,25,DOE,1.05,5.854965686798096
loocv_ref,Augmented|LOOCV,,XGBoost,47,LOOCV,Augmented,Thickness_mean,,,,45,46,28,DOE,31.682500000000005,24.621009826660156
loocv_ref,Augmented|LOOCV,,XGBoost,47,LOOCV,Augmented,Thickness_mean,,,,46,42,24,DOE,1.0625,2.8219926357269287
loocv_ref,Augmented|LOOCV,,XGBoost,47,LOOCV,Augmented,Thickness_mean,,,,47,49,31,DOE,25.6225,25.367046356201172
loocv_ref,Augmented|LOOCV,,XGBoost,47,LOOCV,Augmented,Thickness_mean,,,,48,54,36,DOE,4.335,4.546135902404785
loocv_ref,Augmented|LOOCV,,XGBoost,47,LOOCV,Augmented,Thickness_mean,,,,49,52,34,DOE,22.5,26.35906219482422
loocv_ref,Augmented|LOOCV,,XGBoost,47,LOOCV,Augmented,Thickness_mean,,,,50,47,29,DOE,1.0525000000000002,6.1901631355285645
loocv_ref,Augmented|LOOCV,,XGBoost,47,LOOCV,Augmented,Thickness_mean,,,,51,51,33,DOE,1.1124999999999998,2.7565042972564697
loocv_ref,Augmented|LOOCV,,XGBoost,47,LOOCV,Augmented,Thickness_mean,,,,52,53,35,DOE,1.285,3.3059864044189453
loocv_ref,Augmented|LOOCV,,XGBoost,47,LOOCV,Augmented,Thickness_mean,,,,53,56,38,DOE,21.8925,26.308042526245117
loocv_ref,Augmented|LOOCV,,XGBoost,47,LOOCV,Augmented,Thickness_mean,,,,54,50,32,DOE,25.37,23.55065155029297
loocv_ref,Augmented|LOOCV,,XGBoost,47,LOOCV,Augmented,Thickness_mean,,,,55,48,30,DOE,26.11,22.913888931274414
loocv_ref,Augmented|LOOCV,,XGBoost,47,LOOCV,Augmented,Thickness_mean,,,,56,55,37,DOE,11.3,12.112947463989258
loocv_ref,Augmented|LOOCV,,XGBoost,48,LOOCV,Augmented,Thickness_mean,,,,0,0,0,OFAT,36.34,19.50526237487793
loocv_ref,Augmented|LOOCV,,XGBoost,48,LOOCV,Augmented,Thickness_mean,,,,1,1,1,OFAT,19.9225,30.257369995117188
loocv_ref,Augmented|LOOCV,,XGBoost,48,LOOCV,Augmented,Thickness_mean,,,,2,2,2,OFAT,25.6625,25.022205352783203
loocv_ref,Augmented|LOOCV,,XGBoost,48,LOOCV,Augmented,Thickness_mean,,,,3,3,3,OFAT,20.2075,15.939075469970703
loocv_ref,Augmented|LOOCV,,XGBoost,48,LOOCV,Augmented,Thickness_mean,,,,4,4,4,OFAT,15.345,14.311422348022461
loocv_ref,Augmented|LOOCV,,XGBoost,48,LOOCV,Augmented,Thickness_mean,,,,5,5,5,OFAT,14.265,16.45933723449707
loocv_ref,Augmented|LOOCV,,XGBoost,48,LOOCV,Augmented,Thickness_mean,,,,6,6,6,OFAT,12.9225,17.9083251953125
loocv_ref,Augmented|LOOCV,,XGBoost,48,LOOCV,Augmented,Thickness_mean,,,,7,7,7,OFAT,13.2775,13.556366920471191
loocv_ref,Augmented|LOOCV,,XGBoost,48,LOOCV,Augmented,Thickness_mean,,,,8,8,8,OFAT,15.329999999999998,20.94156265258789
loocv_ref,Augmented|LOOCV,,XGBoost,48,LOOCV,Augmented,Thickness_mean,,,,9,9,9,OFAT,7.855,9.86886978149414
loocv_ref,Augmented|LOOCV,,XGBoost,48,LOOCV,Augmented,Thickness_mean,,,,10,10,10,OFAT,2.8075,10.318144798278809
loocv_ref,Augmented|LOOCV,,XGBoost,48,LOOCV,Augmented,Thickness_mean,,,,11,11,11,OFAT,7.7875,9.282081604003906
loocv_ref,Augmented|LOOCV,,XGBoost,48,LOOCV,Augmented,Thickness_mean,,,,12,12,11,OFAT,9.105,8.563348770141602
loocv_ref,Augmented|LOOCV,,XGBoost,48,LOOCV,Augmented,Thickness_mean,,,,13,13,12,OFAT,7.734999999999999,7.455692291259766
loocv_ref,Augmented|LOOCV,,XGBoost,48,LOOCV,Augmented,Thickness_mean,,,,14,14,10,OFAT,6.8225,9.014913558959961
loocv_ref,Augmented|LOOCV,,XGBoost,48,LOOCV,Augmented,Thickness_mean,,,,15,15,10,OFAT,14.995,6.605770111083984
loocv_ref,Augmented|LOOCV,,XGBoost,48,LOOCV,Augmented,Thickness_mean,,,,16,16,13,OFAT,14.025,13.458148956298828
loocv_ref,Augmented|LOOCV,,XGBoost,48,LOOCV,Augmented,Thickness_mean,,,,17,17,10,OFAT,9.0475,7.950262069702148
loocv_ref,Augmented|LOOCV,,XGBoost,48,LOOCV,Augmented,Thickness_mean,,,,18,18,14,OFAT,22.225,23.461191177368164
loocv_ref,Augmented|LOOCV,,XGBoost,48,LOOCV,Augmented,Thickness_mean,,,,19,19,14,OFAT,25.935,22.63238525390625
loocv_ref,Augmented|LOOCV,,XGBoost,48,LOOCV,Augmented,Thickness_mean,,,,20,20,15,OFAT,7.03,4.629495620727539
loocv_ref,Augmented|LOOCV,,XGBoost,48,LOOCV,Augmented,Thickness_mean,,,,21,21,16,OFAT,13.5325,8.216046333312988
loocv_ref,Augmented|LOOCV,,XGBoost,48,LOOCV,Augmented,Thickness_mean,,,,22,22,14,OFAT,25.29,22.84689712524414
loocv_ref,Augmented|LOOCV,,XGBoost,48,LOOCV,Augmented,Thickness_mean,,,,23,23,14,OFAT,21.965,23.49407196044922
loocv_ref,Augmented|LOOCV,,XGBoost,48,LOOCV,Augmented,Thickness_mean,,,,24,24,14,OFAT,23.082500000000003,23.2335205078125
loocv_ref,Augmented|LOOCV,,XGBoost,48,LOOCV,Augmented,Thickness_mean,,,,25,25,14,OFAT,21.262500000000003,23.588821411132812
loocv_ref,Augmented|LOOCV,,XGBoost,48,LOOCV,Augmented,Thickness_mean,,,,26,26,17,OFAT,17.8275,18.54819679260254
loocv_ref,Augmented|LOOCV,,XGBoost,48,LOOCV,Augmented,Thickness_mean,,,,27,27,17,OFAT,17.345,18.766616821289062
loocv_ref,Augmented|LOOCV,,XGBoost,48,LOOCV,Augmented,Thickness_mean,,,,28,28,17,OFAT,24.4925,17.23512840270996
loocv_ref,Augmented|LOOCV,,XGBoost,48,LOOCV,Augmented,Thickness_mean,,,,29,29,17,OFAT,17.695,18.662399291992188
loocv_ref,Augmented|LOOCV,,XGBoost,48,LOOCV,Augmented,Thickness_mean,,,,30,30,17,OFAT,16.814999999999998,19.123065948486328
loocv_ref,Augmented|LOOCV,,XGBoost,48,LOOCV,Augmented,Thickness_mean,,,,31,31,18,OFAT,14.9425,17.08640480041504
loocv_ref,Augmented|LOOCV,,XGBoost,48,LOOCV,Augmented,Thickness_mean,,,,32,32,19,OFAT,9.9625,13.486534118652344
loocv_ref,Augmented|LOOCV,,XGBoost,48,LOOCV,Augmented,Thickness_mean,,,,33,33,20,OFAT,4.855,8.57928466796875
loocv_ref,Augmented|LOOCV,,XGBoost,48,LOOCV,Augmented,Thickness_mean,,,,34,34,21,OFAT,1.2375,1.6853774785995483
loocv_ref,Augmented|LOOCV,,XGBoost,48,LOOCV,Augmented,Thickness_mean,,,,35,35,22,OFAT,2.0275,2.051698923110962
loocv_ref,Augmented|LOOCV,,XGBoost,48,LOOCV,Augmented,Thickness_mean,,,,36,36,23,OFAT,3.535,2.6620664596557617
loocv_ref,Augmented|LOOCV,,XGBoost,48,LOOCV,Augmented,Thickness_mean,,,,37,37,20,OFAT,8.6425,5.844123363494873
loocv_ref,Augmented|LOOCV,,XGBoost,48,LOOCV,Augmented,Thickness_mean,,,,38,38,19,OFAT,12.75,12.9616060256958
loocv_ref,Augmented|LOOCV,,XGBoost,48,LOOCV,Augmented,Thickness_mean,,,,39,39,18,OFAT,16.965,15.04829216003418
loocv_ref,Augmented|LOOCV,,XGBoost,48,LOOCV,Augmented,Thickness_mean,,,,40,40,19,OFAT,19.6525,11.412290573120117
loocv_ref,Augmented|LOOCV,,XGBoost,48,LOOCV,Augmented,Thickness_mean,,,,41,41,19,OFAT,9.2675,13.67775821685791
loocv_ref,Augmented|LOOCV,,XGBoost,48,LOOCV,Augmented,Thickness_mean,,,,42,44,26,DOE,5.285,4.565624713897705
loocv_ref,Augmented|LOOCV,,XGBoost,48,LOOCV,Augmented,Thickness_mean,,,,43,45,27,DOE,29.6975,23.59889030456543
loocv_ref,Augmented|LOOCV,,XGBoost,48,LOOCV,Augmented,Thickness_mean,,,,44,43,25,DOE,1.05,4.482537746429443
loocv_ref,Augmented|LOOCV,,XGBoost,48,LOOCV,Augmented,Thickness_mean,,,,45,46,28,DOE,31.682500000000005,23.716697692871094
loocv_ref,Augmented|LOOCV,,XGBoost,48,LOOCV,Augmented,Thickness_mean,,,,46,42,24,DOE,1.0625,3.537212371826172
loocv_ref,Augmented|LOOCV,,XGBoost,48,LOOCV,Augmented,Thickness_mean,,,,47,49,31,DOE,25.6225,25.816068649291992
loocv_ref,Augmented|LOOCV,,XGBoost,48,LOOCV,Augmented,Thickness_mean,,,,48,54,36,DOE,4.335,5.12000036239624
loocv_ref,Augmented|LOOCV,,XGBoost,48,LOOCV,Augmented,Thickness_mean,,,,49,52,34,DOE,22.5,26.811840057373047
loocv_ref,Augmented|LOOCV,,XGBoost,48,LOOCV,Augmented,Thickness_mean,,,,50,47,29,DOE,1.0525000000000002,4.969416618347168
loocv_ref,Augmented|LOOCV,,XGBoost,48,LOOCV,Augmented,Thickness_mean,,,,51,51,33,DOE,1.1124999999999998,2.0137975215911865
loocv_ref,Augmented|LOOCV,,XGBoost,48,LOOCV,Augmented,Thickness_mean,,,,52,53,35,DOE,1.285,2.6420605182647705
loocv_ref,Augmented|LOOCV,,XGBoost,48,LOOCV,Augmented,Thickness_mean,,,,53,56,38,DOE,21.8925,26.6468563079834
loocv_ref,Augmented|LOOCV,,XGBoost,48,LOOCV,Augmented,Thickness_mean,,,,54,50,32,DOE,25.37,23.395126342773438
loocv_ref,Augmented|LOOCV,,XGBoost,48,LOOCV,Augmented,Thickness_mean,,,,55,48,30,DOE,26.11,23.592451095581055
loocv_ref,Augmented|LOOCV,,XGBoost,48,LOOCV,Augmented,Thickness_mean,,,,56,55,37,DOE,11.3,12.902682304382324
loocv_ref,Augmented|LOOCV,,XGBoost,49,LOOCV,Augmented,Thickness_mean,,,,0,0,0,OFAT,36.34,20.492290496826172
loocv_ref,Augmented|LOOCV,,XGBoost,49,LOOCV,Augmented,Thickness_mean,,,,1,1,1,OFAT,19.9225,29.82792091369629
loocv_ref,Augmented|LOOCV,,XGBoost,49,LOOCV,Augmented,Thickness_mean,,,,2,2,2,OFAT,25.6625,24.52311134338379
loocv_ref,Augmented|LOOCV,,XGBoost,49,LOOCV,Augmented,Thickness_mean,,,,3,3,3,OFAT,20.2075,17.75208282470703
loocv_ref,Augmented|LOOCV,,XGBoost,49,LOOCV,Augmented,Thickness_mean,,,,4,4,4,OFAT,15.345,15.555838584899902
loocv_ref,Augmented|LOOCV,,XGBoost,49,LOOCV,Augmented,Thickness_mean,,,,5,5,5,OFAT,14.265,16.07999610900879
loocv_ref,Augmented|LOOCV,,XGBoost,49,LOOCV,Augmented,Thickness_mean,,,,6,6,6,OFAT,12.9225,17.6882381439209
loocv_ref,Augmented|LOOCV,,XGBoost,49,LOOCV,Augmented,Thickness_mean,,,,7,7,7,OFAT,13.2775,17.276472091674805
loocv_ref,Augmented|LOOCV,,XGBoost,49,LOOCV,Augmented,Thickness_mean,,,,8,8,8,OFAT,15.329999999999998,18.750362396240234
loocv_ref,Augmented|LOOCV,,XGBoost,49,LOOCV,Augmented,Thickness_mean,,,,9,9,9,OFAT,7.855,9.890798568725586
loocv_ref,Augmented|LOOCV,,XGBoost,49,LOOCV,Augmented,Thickness_mean,,,,10,10,10,OFAT,2.8075,9.572070121765137
loocv_ref,Augmented|LOOCV,,XGBoost,49,LOOCV,Augmented,Thickness_mean,,,,11,11,11,OFAT,7.7875,8.598836898803711
loocv_ref,Augmented|LOOCV,,XGBoost,49,LOOCV,Augmented,Thickness_mean,,,,12,12,11,OFAT,9.105,7.837328910827637
loocv_ref,Augmented|LOOCV,,XGBoost,49,LOOCV,Augmented,Thickness_mean,,,,13,13,12,OFAT,7.734999999999999,8.54410171508789
loocv_ref,Augmented|LOOCV,,XGBoost,49,LOOCV,Augmented,Thickness_mean,,,,14,14,10,OFAT,6.8225,9.054435729980469
loocv_ref,Augmented|LOOCV,,XGBoost,49,LOOCV,Augmented,Thickness_mean,,,,15,15,10,OFAT,14.995,6.484062671661377
loocv_ref,Augmented|LOOCV,,XGBoost,49,LOOCV,Augmented,Thickness_mean,,,,16,16,13,OFAT,14.025,12.987869262695312
loocv_ref,Augmented|LOOCV,,XGBoost,49,LOOCV,Augmented,Thickness_mean,,,,17,17,10,OFAT,9.0475,8.397296905517578
loocv_ref,Augmented|LOOCV,,XGBoost,49,LOOCV,Augmented,Thickness_mean,,,,18,18,14,OFAT,22.225,23.274457931518555
loocv_ref,Augmented|LOOCV,,XGBoost,49,LOOCV,Augmented,Thickness_mean,,,,19,19,14,OFAT,25.935,22.526351928710938
loocv_ref,Augmented|LOOCV,,XGBoost,49,LOOCV,Augmented,Thickness_mean,,,,20,20,15,OFAT,7.03,5.188800811767578
loocv_ref,Augmented|LOOCV,,XGBoost,49,LOOCV,Augmented,Thickness_mean,,,,21,21,16,OFAT,13.5325,8.739437103271484
loocv_ref,Augmented|LOOCV,,XGBoost,49,LOOCV,Augmented,Thickness_mean,,,,22,22,14,OFAT,25.29,22.527801513671875
loocv_ref,Augmented|LOOCV,,XGBoost,49,LOOCV,Augmented,Thickness_mean,,,,23,23,14,OFAT,21.965,23.08806610107422
loocv_ref,Augmented|LOOCV,,XGBoost,49,LOOCV,Augmented,Thickness_mean,,,,24,24,14,OFAT,23.082500000000003,22.983383178710938
loocv_ref,Augmented|LOOCV,,XGBoost,49,LOOCV,Augmented,Thickness_mean,,,,25,25,14,OFAT,21.262500000000003,23.214130401611328
loocv_ref,Augmented|LOOCV,,XGBoost,49,LOOCV,Augmented,Thickness_mean,,,,26,26,17,OFAT,17.8275,18.2955322265625
loocv_ref,Augmented|LOOCV,,XGBoost,49,LOOCV,Augmented,Thickness_mean,,,,27,27,17,OFAT,17.345,18.455577850341797
loocv_ref,Augmented|LOOCV,,XGBoost,49,LOOCV,Augmented,Thickness_mean,,,,28,28,17,OFAT,24.4925,17.119873046875
loocv_ref,Augmented|LOOCV,,XGBoost,49,LOOCV,Augmented,Thickness_mean,,,,29,29,17,OFAT,17.695,18.50289535522461
loocv_ref,Augmented|LOOCV,,XGBoost,49,LOOCV,Augmented,Thickness_mean,,,,30,30,17,OFAT,16.814999999999998,18.66489601135254
loocv_ref,Augmented|LOOCV,,XGBoost,49,LOOCV,Augmented,Thickness_mean,,,,31,31,18,OFAT,14.9425,17.07970428466797
loocv_ref,Augmented|LOOCV,,XGBoost,49,LOOCV,Augmented,Thickness_mean,,,,32,32,19,OFAT,9.9625,13.554906845092773
loocv_ref,Augmented|LOOCV,,XGBoost,49,LOOCV,Augmented,Thickness_mean,,,,33,33,20,OFAT,4.855,8.55868911743164
loocv_ref,Augmented|LOOCV,,XGBoost,49,LOOCV,Augmented,Thickness_mean,,,,34,34,21,OFAT,1.2375,2.8770830631256104
loocv_ref,Augmented|LOOCV,,XGBoost,49,LOOCV,Augmented,Thickness_mean,,,,35,35,22,OFAT,2.0275,2.513200283050537
loocv_ref,Augmented|LOOCV,,XGBoost,49,LOOCV,Augmented,Thickness_mean,,,,36,36,23,OFAT,3.535,2.634026050567627
loocv_ref,Augmented|LOOCV,,XGBoost,49,LOOCV,Augmented,Thickness_mean,,,,37,37,20,OFAT,8.6425,5.9506964683532715
loocv_ref,Augmented|LOOCV,,XGBoost,49,LOOCV,Augmented,Thickness_mean,,,,38,38,19,OFAT,12.75,12.600899696350098
loocv_ref,Augmented|LOOCV,,XGBoost,49,LOOCV,Augmented,Thickness_mean,,,,39,39,18,OFAT,16.965,14.95287799835205
loocv_ref,Augmented|LOOCV,,XGBoost,49,LOOCV,Augmented,Thickness_mean,,,,40,40,19,OFAT,19.6525,11.391043663024902
loocv_ref,Augmented|LOOCV,,XGBoost,49,LOOCV,Augmented,Thickness_mean,,,,41,41,19,OFAT,9.2675,13.307961463928223
loocv_ref,Augmented|LOOCV,,XGBoost,49,LOOCV,Augmented,Thickness_mean,,,,42,44,26,DOE,5.285,5.28708553314209
loocv_ref,Augmented|LOOCV,,XGBoost,49,LOOCV,Augmented,Thickness_mean,,,,43,45,27,DOE,29.6975,22.076669692993164
loocv_ref,Augmented|LOOCV,,XGBoost,49,LOOCV,Augmented,Thickness_mean,,,,44,43,25,DOE,1.05,6.395915985107422
loocv_ref,Augmented|LOOCV,,XGBoost,49,LOOCV,Augmented,Thickness_mean,,,,45,46,28,DOE,31.682500000000005,23.824262619018555
loocv_ref,Augmented|LOOCV,,XGBoost,49,LOOCV,Augmented,Thickness_mean,,,,46,42,24,DOE,1.0625,3.2322134971618652
loocv_ref,Augmented|LOOCV,,XGBoost,49,LOOCV,Augmented,Thickness_mean,,,,47,49,31,DOE,25.6225,25.757307052612305
loocv_ref,Augmented|LOOCV,,XGBoost,49,LOOCV,Augmented,Thickness_mean,,,,48,54,36,DOE,4.335,5.290991306304932
loocv_ref,Augmented|LOOCV,,XGBoost,49,LOOCV,Augmented,Thickness_mean,,,,49,52,34,DOE,22.5,26.60776710510254
loocv_ref,Augmented|LOOCV,,XGBoost,49,LOOCV,Augmented,Thickness_mean,,,,50,47,29,DOE,1.0525000000000002,5.381032466888428
loocv_ref,Augmented|LOOCV,,XGBoost,49,LOOCV,Augmented,Thickness_mean,,,,51,51,33,DOE,1.1124999999999998,2.9032115936279297
loocv_ref,Augmented|LOOCV,,XGBoost,49,LOOCV,Augmented,Thickness_mean,,,,52,53,35,DOE,1.285,2.5051820278167725
loocv_ref,Augmented|LOOCV,,XGBoost,49,LOOCV,Augmented,Thickness_mean,,,,53,56,38,DOE,21.8925,25.14550018310547
loocv_ref,Augmented|LOOCV,,XGBoost,49,LOOCV,Augmented,Thickness_mean,,,,54,50,32,DOE,25.37,22.502517700195312
loocv_ref,Augmented|LOOCV,,XGBoost,49,LOOCV,Augmented,Thickness_mean,,,,55,48,30,DOE,26.11,23.121829986572266
loocv_ref,Augmented|LOOCV,,XGBoost,49,LOOCV,Augmented,Thickness_mean,,,,56,55,37,DOE,11.3,12.041261672973633
loocv_ref,Augmented|LOOCV,,XGBoost,50,LOOCV,Augmented,Thickness_mean,,,,0,0,0,OFAT,36.34,20.516674041748047
loocv_ref,Augmented|LOOCV,,XGBoost,50,LOOCV,Augmented,Thickness_mean,,,,1,1,1,OFAT,19.9225,29.474245071411133
loocv_ref,Augmented|LOOCV,,XGBoost,50,LOOCV,Augmented,Thickness_mean,,,,2,2,2,OFAT,25.6625,24.87660789489746
loocv_ref,Augmented|LOOCV,,XGBoost,50,LOOCV,Augmented,Thickness_mean,,,,3,3,3,OFAT,20.2075,17.054468154907227
loocv_ref,Augmented|LOOCV,,XGBoost,50,LOOCV,Augmented,Thickness_mean,,,,4,4,4,OFAT,15.345,17.23189353942871
loocv_ref,Augmented|LOOCV,,XGBoost,50,LOOCV,Augmented,Thickness_mean,,,,5,5,5,OFAT,14.265,17.426469802856445
loocv_ref,Augmented|LOOCV,,XGBoost,50,LOOCV,Augmented,Thickness_mean,,,,6,6,6,OFAT,12.9225,18.870859146118164
loocv_ref,Augmented|LOOCV,,XGBoost,50,LOOCV,Augmented,Thickness_mean,,,,7,7,7,OFAT,13.2775,17.669048309326172
loocv_ref,Augmented|LOOCV,,XGBoost,50,LOOCV,Augmented,Thickness_mean,,,,8,8,8,OFAT,15.329999999999998,19.598487854003906
loocv_ref,Augmented|LOOCV,,XGBoost,50,LOOCV,Augmented,Thickness_mean,,,,9,9,9,OFAT,7.855,10.01534366607666
loocv_ref,Augmented|LOOCV,,XGBoost,50,LOOCV,Augmented,Thickness_mean,,,,10,10,10,OFAT,2.8075,9.401446342468262
loocv_ref,Augmented|LOOCV,,XGBoost,50,LOOCV,Augmented,Thickness_mean,,,,11,11,11,OFAT,7.7875,9.184942245483398
loocv_ref,Augmented|LOOCV,,XGBoost,50,LOOCV,Augmented,Thickness_mean,,,,12,12,11,OFAT,9.105,8.998568534851074
loocv_ref,Augmented|LOOCV,,XGBoost,50,LOOCV,Augmented,Thickness_mean,,,,13,13,12,OFAT,7.734999999999999,7.815227031707764
loocv_ref,Augmented|LOOCV,,XGBoost,50,LOOCV,Augmented,Thickness_mean,,,,14,14,10,OFAT,6.8225,8.362350463867188
loocv_ref,Augmented|LOOCV,,XGBoost,50,LOOCV,Augmented,Thickness_mean,,,,15,15,10,OFAT,14.995,6.895450592041016
loocv_ref,Augmented|LOOCV,,XGBoost,50,LOOCV,Augmented,Thickness_mean,,,,16,16,13,OFAT,14.025,13.481332778930664
loocv_ref,Augmented|LOOCV,,XGBoost,50,LOOCV,Augmented,Thickness_mean,,,,17,17,10,OFAT,9.0475,7.846668243408203
loocv_ref,Augmented|LOOCV,,XGBoost,50,LOOCV,Augmented,Thickness_mean,,,,18,18,14,OFAT,22.225,23.151782989501953
loocv_ref,Augmented|LOOCV,,XGBoost,50,LOOCV,Augmented,Thickness_mean,,,,19,19,14,OFAT,25.935,22.495393753051758
loocv_ref,Augmented|LOOCV,,XGBoost,50,LOOCV,Augmented,Thickness_mean,,,,20,20,15,OFAT,7.03,4.83758020401001
loocv_ref,Augmented|LOOCV,,XGBoost,50,LOOCV,Augmented,Thickness_mean,,,,21,21,16,OFAT,13.5325,8.223512649536133
loocv_ref,Augmented|LOOCV,,XGBoost,50,LOOCV,Augmented,Thickness_mean,,,,22,22,14,OFAT,25.29,22.305580139160156
loocv_ref,Augmented|LOOCV,,XGBoost,50,LOOCV,Augmented,Thickness_mean,,,,23,23,14,OFAT,21.965,22.939620971679688
loocv_ref,Augmented|LOOCV,,XGBoost,50,LOOCV,Augmented,Thickness_mean,,,,24,24,14,OFAT,23.082500000000003,22.75346565246582
loocv_ref,Augmented|LOOCV,,XGBoost,50,LOOCV,Augmented,Thickness_mean,,,,25,25,14,OFAT,21.262500000000003,23.16345977783203
loocv_ref,Augmented|LOOCV,,XGBoost,50,LOOCV,Augmented,Thickness_mean,,,,26,26,17,OFAT,17.8275,19.179725646972656
loocv_ref,Augmented|LOOCV,,XGBoost,50,LOOCV,Augmented,Thickness_mean,,,,27,27,17,OFAT,17.345,19.266263961791992
loocv_ref,Augmented|LOOCV,,XGBoost,50,LOOCV,Augmented,Thickness_mean,,,,28,28,17,OFAT,24.4925,17.773515701293945
loocv_ref,Augmented|LOOCV,,XGBoost,50,LOOCV,Augmented,Thickness_mean,,,,29,29,17,OFAT,17.695,19.0371150970459
loocv_ref,Augmented|LOOCV,,XGBoost,50,LOOCV,Augmented,Thickness_mean,,,,30,30,17,OFAT,16.814999999999998,19.248727798461914
loocv_ref,Augmented|LOOCV,,XGBoost,50,LOOCV,Augmented,Thickness_mean,,,,31,31,18,OFAT,14.9425,17.190649032592773
loocv_ref,Augmented|LOOCV,,XGBoost,50,LOOCV,Augmented,Thickness_mean,,,,32,32,19,OFAT,9.9625,14.175009727478027
loocv_ref,Augmented|LOOCV,,XGBoost,50,LOOCV,Augmented,Thickness_mean,,,,33,33,20,OFAT,4.855,8.14844036102295
loocv_ref,Augmented|LOOCV,,XGBoost,50,LOOCV,Augmented,Thickness_mean,,,,34,34,21,OFAT,1.2375,2.5467233657836914
loocv_ref,Augmented|LOOCV,,XGBoost,50,LOOCV,Augmented,Thickness_mean,,,,35,35,22,OFAT,2.0275,2.3773036003112793
loocv_ref,Augmented|LOOCV,,XGBoost,50,LOOCV,Augmented,Thickness_mean,,,,36,36,23,OFAT,3.535,2.6120738983154297
loocv_ref,Augmented|LOOCV,,XGBoost,50,LOOCV,Augmented,Thickness_mean,,,,37,37,20,OFAT,8.6425,5.745527744293213
loocv_ref,Augmented|LOOCV,,XGBoost,50,LOOCV,Augmented,Thickness_mean,,,,38,38,19,OFAT,12.75,13.2548246383667
loocv_ref,Augmented|LOOCV,,XGBoost,50,LOOCV,Augmented,Thickness_mean,,,,39,39,18,OFAT,16.965,15.17619514465332
loocv_ref,Augmented|LOOCV,,XGBoost,50,LOOCV,Augmented,Thickness_mean,,,,40,40,19,OFAT,19.6525,11.336525917053223
loocv_ref,Augmented|LOOCV,,XGBoost,50,LOOCV,Augmented,Thickness_mean,,,,41,41,19,OFAT,9.2675,13.6829833984375
loocv_ref,Augmented|LOOCV,,XGBoost,50,LOOCV,Augmented,Thickness_mean,,,,42,44,26,DOE,5.285,5.338634014129639
loocv_ref,Augmented|LOOCV,,XGBoost,50,LOOCV,Augmented,Thickness_mean,,,,43,45,27,DOE,29.6975,23.126888275146484
loocv_ref,Augmented|LOOCV,,XGBoost,50,LOOCV,Augmented,Thickness_mean,,,,44,43,25,DOE,1.05,4.898796081542969
loocv_ref,Augmented|LOOCV,,XGBoost,50,LOOCV,Augmented,Thickness_mean,,,,45,46,28,DOE,31.682500000000005,24.433290481567383
loocv_ref,Augmented|LOOCV,,XGBoost,50,LOOCV,Augmented,Thickness_mean,,,,46,42,24,DOE,1.0625,3.039841651916504
loocv_ref,Augmented|LOOCV,,XGBoost,50,LOOCV,Augmented,Thickness_mean,,,,47,49,31,DOE,25.6225,26.574127197265625
loocv_ref,Augmented|LOOCV,,XGBoost,50,LOOCV,Augmented,Thickness_mean,,,,48,54,36,DOE,4.335,5.439395427703857
loocv_ref,Augmented|LOOCV,,XGBoost,50,LOOCV,Augmented,Thickness_mean,,,,49,52,34,DOE,22.5,26.4132080078125
loocv_ref,Augmented|LOOCV,,XGBoost,50,LOOCV,Augmented,Thickness_mean,,,,50,47,29,DOE,1.0525000000000002,3.8707361221313477
loocv_ref,Augmented|LOOCV,,XGBoost,50,LOOCV,Augmented,Thickness_mean,,,,51,51,33,DOE,1.1124999999999998,2.177624225616455
loocv_ref,Augmented|LOOCV,,XGBoost,50,LOOCV,Augmented,Thickness_mean,,,,52,53,35,DOE,1.285,1.8584513664245605
loocv_ref,Augmented|LOOCV,,XGBoost,50,LOOCV,Augmented,Thickness_mean,,,,53,56,38,DOE,21.8925,26.053789138793945
loocv_ref,Augmented|LOOCV,,XGBoost,50,LOOCV,Augmented,Thickness_mean,,,,54,50,32,DOE,25.37,22.19732093811035
loocv_ref,Augmented|LOOCV,,XGBoost,50,LOOCV,Augmented,Thickness_mean,,,,55,48,30,DOE,26.11,22.894258499145508
loocv_ref,Augmented|LOOCV,,XGBoost,50,LOOCV,Augmented,Thickness_mean,,,,56,55,37,DOE,11.3,12.94101619720459
loocv_ref,Augmented|LOOCV,,XGBoost,51,LOOCV,Augmented,Thickness_mean,,,,0,0,0,OFAT,36.34,19.83928871154785
loocv_ref,Augmented|LOOCV,,XGBoost,51,LOOCV,Augmented,Thickness_mean,,,,1,1,1,OFAT,19.9225,30.159255981445312
loocv_ref,Augmented|LOOCV,,XGBoost,51,LOOCV,Augmented,Thickness_mean,,,,2,2,2,OFAT,25.6625,25.90268898010254
loocv_ref,Augmented|LOOCV,,XGBoost,51,LOOCV,Augmented,Thickness_mean,,,,3,3,3,OFAT,20.2075,18.29505157470703
loocv_ref,Augmented|LOOCV,,XGBoost,51,LOOCV,Augmented,Thickness_mean,,,,4,4,4,OFAT,15.345,15.45004940032959
loocv_ref,Augmented|LOOCV,,XGBoost,51,LOOCV,Augmented,Thickness_mean,,,,5,5,5,OFAT,14.265,16.058700561523438
loocv_ref,Augmented|LOOCV,,XGBoost,51,LOOCV,Augmented,Thickness_mean,,,,6,6,6,OFAT,12.9225,18.762962341308594
loocv_ref,Augmented|LOOCV,,XGBoost,51,LOOCV,Augmented,Thickness_mean,,,,7,7,7,OFAT,13.2775,12.252045631408691
loocv_ref,Augmented|LOOCV,,XGBoost,51,LOOCV,Augmented,Thickness_mean,,,,8,8,8,OFAT,15.329999999999998,19.236541748046875
loocv_ref,Augmented|LOOCV,,XGBoost,51,LOOCV,Augmented,Thickness_mean,,,,9,9,9,OFAT,7.855,10.888643264770508
loocv_ref,Augmented|LOOCV,,XGBoost,51,LOOCV,Augmented,Thickness_mean,,,,10,10,10,OFAT,2.8075,9.453014373779297
loocv_ref,Augmented|LOOCV,,XGBoost,51,LOOCV,Augmented,Thickness_mean,,,,11,11,11,OFAT,7.7875,9.89120101928711
loocv_ref,Augmented|LOOCV,,XGBoost,51,LOOCV,Augmented,Thickness_mean,,,,12,12,11,OFAT,9.105,9.230677604675293
loocv_ref,Augmented|LOOCV,,XGBoost,51,LOOCV,Augmented,Thickness_mean,,,,13,13,12,OFAT,7.734999999999999,8.58471965789795
loocv_ref,Augmented|LOOCV,,XGBoost,51,LOOCV,Augmented,Thickness_mean,,,,14,14,10,OFAT,6.8225,8.784754753112793
loocv_ref,Augmented|LOOCV,,XGBoost,51,LOOCV,Augmented,Thickness_mean,,,,15,15,10,OFAT,14.995,6.917367935180664
loocv_ref,Augmented|LOOCV,,XGBoost,51,LOOCV,Augmented,Thickness_mean,,,,16,16,13,OFAT,14.025,13.204054832458496
loocv_ref,Augmented|LOOCV,,XGBoost,51,LOOCV,Augmented,Thickness_mean,,,,17,17,10,OFAT,9.0475,8.274356842041016
loocv_ref,Augmented|LOOCV,,XGBoost,51,LOOCV,Augmented,Thickness_mean,,,,18,18,14,OFAT,22.225,23.37579917907715
loocv_ref,Augmented|LOOCV,,XGBoost,51,LOOCV,Augmented,Thickness_mean,,,,19,19,14,OFAT,25.935,22.754268646240234
loocv_ref,Augmented|LOOCV,,XGBoost,51,LOOCV,Augmented,Thickness_mean,,,,20,20,15,OFAT,7.03,5.271944046020508
loocv_ref,Augmented|LOOCV,,XGBoost,51,LOOCV,Augmented,Thickness_mean,,,,21,21,16,OFAT,13.5325,8.512423515319824
loocv_ref,Augmented|LOOCV,,XGBoost,51,LOOCV,Augmented,Thickness_mean,,,,22,22,14,OFAT,25.29,22.876508712768555
loocv_ref,Augmented|LOOCV,,XGBoost,51,LOOCV,Augmented,Thickness_mean,,,,23,23,14,OFAT,21.965,23.589092254638672
loocv_ref,Augmented|LOOCV,,XGBoost,51,LOOCV,Augmented,Thickness_mean,,,,24,24,14,OFAT,23.082500000000003,23.289928436279297
loocv_ref,Augmented|LOOCV,,XGBoost,51,LOOCV,Augmented,Thickness_mean,,,,25,25,14,OFAT,21.262500000000003,23.571258544921875
loocv_ref,Augmented|LOOCV,,XGBoost,51,LOOCV,Augmented,Thickness_mean,,,,26,26,17,OFAT,17.8275,18.569229125976562
loocv_ref,Augmented|LOOCV,,XGBoost,51,LOOCV,Augmented,Thickness_mean,,,,27,27,17,OFAT,17.345,18.668899536132812
loocv_ref,Augmented|LOOCV,,XGBoost,51,LOOCV,Augmented,Thickness_mean,,,,28,28,17,OFAT,24.4925,17.639202117919922
loocv_ref,Augmented|LOOCV,,XGBoost,51,LOOCV,Augmented,Thickness_mean,,,,29,29,17,OFAT,17.695,18.908775329589844
loocv_ref,Augmented|LOOCV,,XGBoost,51,LOOCV,Augmented,Thickness_mean,,,,30,30,17,OFAT,16.814999999999998,18.995695114135742
loocv_ref,Augmented|LOOCV,,XGBoost,51,LOOCV,Augmented,Thickness_mean,,,,31,31,18,OFAT,14.9425,17.100976943969727
loocv_ref,Augmented|LOOCV,,XGBoost,51,LOOCV,Augmented,Thickness_mean,,,,32,32,19,OFAT,9.9625,13.270342826843262
loocv_ref,Augmented|LOOCV,,XGBoost,51,LOOCV,Augmented,Thickness_mean,,,,33,33,20,OFAT,4.855,8.400781631469727
loocv_ref,Augmented|LOOCV,,XGBoost,51,LOOCV,Augmented,Thickness_mean,,,,34,34,21,OFAT,1.2375,2.7354743480682373
loocv_ref,Augmented|LOOCV,,XGBoost,51,LOOCV,Augmented,Thickness_mean,,,,35,35,22,OFAT,2.0275,1.9142553806304932
loocv_ref,Augmented|LOOCV,,XGBoost,51,LOOCV,Augmented,Thickness_mean,,,,36,36,23,OFAT,3.535,2.5545654296875
loocv_ref,Augmented|LOOCV,,XGBoost,51,LOOCV,Augmented,Thickness_mean,,,,37,37,20,OFAT,8.6425,5.342459678649902
loocv_ref,Augmented|LOOCV,,XGBoost,51,LOOCV,Augmented,Thickness_mean,,,,38,38,19,OFAT,12.75,12.614850044250488
loocv_ref,Augmented|LOOCV,,XGBoost,51,LOOCV,Augmented,Thickness_mean,,,,39,39,18,OFAT,16.965,15.219494819641113
loocv_ref,Augmented|LOOCV,,XGBoost,51,LOOCV,Augmented,Thickness_mean,,,,40,40,19,OFAT,19.6525,11.744969367980957
loocv_ref,Augmented|LOOCV,,XGBoost,51,LOOCV,Augmented,Thickness_mean,,,,41,41,19,OFAT,9.2675,14.202095985412598
loocv_ref,Augmented|LOOCV,,XGBoost,51,LOOCV,Augmented,Thickness_mean,,,,42,44,26,DOE,5.285,5.887414932250977
loocv_ref,Augmented|LOOCV,,XGBoost,51,LOOCV,Augmented,Thickness_mean,,,,43,45,27,DOE,29.6975,25.10563087463379
loocv_ref,Augmented|LOOCV,,XGBoost,51,LOOCV,Augmented,Thickness_mean,,,,44,43,25,DOE,1.05,4.329486846923828
loocv_ref,Augmented|LOOCV,,XGBoost,51,LOOCV,Augmented,Thickness_mean,,,,45,46,28,DOE,31.682500000000005,24.37366485595703
loocv_ref,Augmented|LOOCV,,XGBoost,51,LOOCV,Augmented,Thickness_mean,,,,46,42,24,DOE,1.0625,2.6608636379241943
loocv_ref,Augmented|LOOCV,,XGBoost,51,LOOCV,Augmented,Thickness_mean,,,,47,49,31,DOE,25.6225,25.820714950561523
loocv_ref,Augmented|LOOCV,,XGBoost,51,LOOCV,Augmented,Thickness_mean,,,,48,54,36,DOE,4.335,4.342953681945801
loocv_ref,Augmented|LOOCV,,XGBoost,51,LOOCV,Augmented,Thickness_mean,,,,49,52,34,DOE,22.5,26.106000900268555
loocv_ref,Augmented|LOOCV,,XGBoost,51,LOOCV,Augmented,Thickness_mean,,,,50,47,29,DOE,1.0525000000000002,5.156649589538574
loocv_ref,Augmented|LOOCV,,XGBoost,51,LOOCV,Augmented,Thickness_mean,,,,51,51,33,DOE,1.1124999999999998,2.21177077293396
loocv_ref,Augmented|LOOCV,,XGBoost,51,LOOCV,Augmented,Thickness_mean,,,,52,53,35,DOE,1.285,3.5143632888793945
loocv_ref,Augmented|LOOCV,,XGBoost,51,LOOCV,Augmented,Thickness_mean,,,,53,56,38,DOE,21.8925,26.73616600036621
loocv_ref,Augmented|LOOCV,,XGBoost,51,LOOCV,Augmented,Thickness_mean,,,,54,50,32,DOE,25.37,23.282596588134766
loocv_ref,Augmented|LOOCV,,XGBoost,51,LOOCV,Augmented,Thickness_mean,,,,55,48,30,DOE,26.11,24.67273712158203
loocv_ref,Augmented|LOOCV,,XGBoost,51,LOOCV,Augmented,Thickness_mean,,,,56,55,37,DOE,11.3,11.771598815917969
loocv_ref,Augmented|LOOCV,,GPR,42,LOOCV,Augmented,Thickness_mean,,,,0,0,0,OFAT,36.34,18.22070959490676
loocv_ref,Augmented|LOOCV,,GPR,42,LOOCV,Augmented,Thickness_mean,,,,1,1,1,OFAT,19.9225,27.97244536547132
loocv_ref,Augmented|LOOCV,,GPR,42,LOOCV,Augmented,Thickness_mean,,,,2,2,2,OFAT,25.6625,24.900735894430227
loocv_ref,Augmented|LOOCV,,GPR,42,LOOCV,Augmented,Thickness_mean,,,,3,3,3,OFAT,20.2075,17.72874234413884
loocv_ref,Augmented|LOOCV,,GPR,42,LOOCV,Augmented,Thickness_mean,,,,4,4,4,OFAT,15.345,16.84188428442098
loocv_ref,Augmented|LOOCV,,GPR,42,LOOCV,Augmented,Thickness_mean,,,,5,5,5,OFAT,14.265,16.04595323034137
loocv_ref,Augmented|LOOCV,,GPR,42,LOOCV,Augmented,Thickness_mean,,,,6,6,6,OFAT,12.9225,16.577546322243208
loocv_ref,Augmented|LOOCV,,GPR,42,LOOCV,Augmented,Thickness_mean,,,,7,7,7,OFAT,13.2775,16.42755529315363
loocv_ref,Augmented|LOOCV,,GPR,42,LOOCV,Augmented,Thickness_mean,,,,8,8,8,OFAT,15.329999999999998,18.803713154015476
loocv_ref,Augmented|LOOCV,,GPR,42,LOOCV,Augmented,Thickness_mean,,,,9,9,9,OFAT,7.855,12.236537979998863
loocv_ref,Augmented|LOOCV,,GPR,42,LOOCV,Augmented,Thickness_mean,,,,10,10,10,OFAT,2.8075,10.481003565208646
loocv_ref,Augmented|LOOCV,,GPR,42,LOOCV,Augmented,Thickness_mean,,,,11,11,11,OFAT,7.7875,10.184512150485318
loocv_ref,Augmented|LOOCV,,GPR,42,LOOCV,Augmented,Thickness_mean,,,,12,12,11,OFAT,9.105,9.585095079672204
loocv_ref,Augmented|LOOCV,,GPR,42,LOOCV,Augmented,Thickness_mean,,,,13,13,12,OFAT,7.734999999999999,9.216359652553543
loocv_ref,Augmented|LOOCV,,GPR,42,LOOCV,Augmented,Thickness_mean,,,,14,14,10,OFAT,6.8225,9.959159653960674
loocv_ref,Augmented|LOOCV,,GPR,42,LOOCV,Augmented,Thickness_mean,,,,15,15,10,OFAT,14.995,8.986522489007132
loocv_ref,Augmented|LOOCV,,GPR,42,LOOCV,Augmented,Thickness_mean,,,,16,16,13,OFAT,14.025,10.555609940206015
loocv_ref,Augmented|LOOCV,,GPR,42,LOOCV,Augmented,Thickness_mean,,,,17,17,10,OFAT,9.0475,9.674119210838667
loocv_ref,Augmented|LOOCV,,GPR,42,LOOCV,Augmented,Thickness_mean,,,,18,18,14,OFAT,22.225,22.316866917728177
loocv_ref,Augmented|LOOCV,,GPR,42,LOOCV,Augmented,Thickness_mean,,,,19,19,14,OFAT,25.935,21.76922967806108
loocv_ref,Augmented|LOOCV,,GPR,42,LOOCV,Augmented,Thickness_mean,,,,20,20,15,OFAT,7.03,5.798321400363143
loocv_ref,Augmented|LOOCV,,GPR,42,LOOCV,Augmented,Thickness_mean,,,,21,21,16,OFAT,13.5325,10.190548283466315
loocv_ref,Augmented|LOOCV,,GPR,42,LOOCV,Augmented,Thickness_mean,,,,22,22,14,OFAT,25.29,21.853971808064454
loocv_ref,Augmented|LOOCV,,GPR,42,LOOCV,Augmented,Thickness_mean,,,,23,23,14,OFAT,21.965,22.3607939353861
loocv_ref,Augmented|LOOCV,,GPR,42,LOOCV,Augmented,Thickness_mean,,,,24,24,14,OFAT,23.082500000000003,22.176924836233315
loocv_ref,Augmented|LOOCV,,GPR,42,LOOCV,Augmented,Thickness_mean,,,,25,25,14,OFAT,21.262500000000003,22.48268071359471
loocv_ref,Augmented|LOOCV,,GPR,42,LOOCV,Augmented,Thickness_mean,,,,26,26,17,OFAT,17.8275,18.914756918824402
loocv_ref,Augmented|LOOCV,,GPR,42,LOOCV,Augmented,Thickness_mean,,,,27,27,17,OFAT,17.345,19.041497729931148
loocv_ref,Augmented|LOOCV,,GPR,42,LOOCV,Augmented,Thickness_mean,,,,28,28,17,OFAT,24.4925,17.46069517004139
loocv_ref,Augmented|LOOCV,,GPR,42,LOOCV,Augmented,Thickness_mean,,,,29,29,17,OFAT,17.695,18.949557843775082
loocv_ref,Augmented|LOOCV,,GPR,42,LOOCV,Augmented,Thickness_mean,,,,30,30,17,OFAT,16.814999999999998,19.174788649652655
loocv_ref,Augmented|LOOCV,,GPR,42,LOOCV,Augmented,Thickness_mean,,,,31,31,18,OFAT,14.9425,18.077986099223892
loocv_ref,Augmented|LOOCV,,GPR,42,LOOCV,Augmented,Thickness_mean,,,,32,32,19,OFAT,9.9625,11.954526463820262
loocv_ref,Augmented|LOOCV,,GPR,42,LOOCV,Augmented,Thickness_mean,,,,33,33,20,OFAT,4.855,6.284193239245621
loocv_ref,Augmented|LOOCV,,GPR,42,LOOCV,Augmented,Thickness_mean,,,,34,34,21,OFAT,1.2375,3.3429676983942027
loocv_ref,Augmented|LOOCV,,GPR,42,LOOCV,Augmented,Thickness_mean,,,,35,35,22,OFAT,2.0275,3.443699311720973
loocv_ref,Augmented|LOOCV,,GPR,42,LOOCV,Augmented,Thickness_mean,,,,36,36,23,OFAT,3.535,4.458673594202464
loocv_ref,Augmented|LOOCV,,GPR,42,LOOCV,Augmented,Thickness_mean,,,,37,37,20,OFAT,8.6425,5.795310960681759
loocv_ref,Augmented|LOOCV,,GPR,42,LOOCV,Augmented,Thickness_mean,,,,38,38,19,OFAT,12.75,11.662004106674242
loocv_ref,Augmented|LOOCV,,GPR,42,LOOCV,Augmented,Thickness_mean,,,,39,39,18,OFAT,16.965,17.47283999493293
loocv_ref,Augmented|LOOCV,,GPR,42,LOOCV,Augmented,Thickness_mean,,,,40,40,19,OFAT,19.6525,11.019314803416108
loocv_ref,Augmented|LOOCV,,GPR,42,LOOCV,Augmented,Thickness_mean,,,,41,41,19,OFAT,9.2675,12.032758931792875
loocv_ref,Augmented|LOOCV,,GPR,42,LOOCV,Augmented,Thickness_mean,,,,42,44,26,DOE,5.285,4.120375813414846
loocv_ref,Augmented|LOOCV,,GPR,42,LOOCV,Augmented,Thickness_mean,,,,43,45,27,DOE,29.6975,24.89116228805718
loocv_ref,Augmented|LOOCV,,GPR,42,LOOCV,Augmented,Thickness_mean,,,,44,43,25,DOE,1.05,1.220559967747466
loocv_ref,Augmented|LOOCV,,GPR,42,LOOCV,Augmented,Thickness_mean,,,,45,46,28,DOE,31.682500000000005,23.089931183339253
loocv_ref,Augmented|LOOCV,,GPR,42,LOOCV,Augmented,Thickness_mean,,,,46,42,24,DOE,1.0625,0.821543731884903
loocv_ref,Augmented|LOOCV,,GPR,42,LOOCV,Augmented,Thickness_mean,,,,47,49,31,DOE,25.6225,26.360543780124438
loocv_ref,Augmented|LOOCV,,GPR,42,LOOCV,Augmented,Thickness_mean,,,,48,54,36,DOE,4.335,5.43194072060442
loocv_ref,Augmented|LOOCV,,GPR,42,LOOCV,Augmented,Thickness_mean,,,,49,52,34,DOE,22.5,30.05745222326658
loocv_ref,Augmented|LOOCV,,GPR,42,LOOCV,Augmented,Thickness_mean,,,,50,47,29,DOE,1.0525000000000002,1.510670354621361
loocv_ref,Augmented|LOOCV,,GPR,42,LOOCV,Augmented,Thickness_mean,,,,51,51,33,DOE,1.1124999999999998,0.5256063851917041
loocv_ref,Augmented|LOOCV,,GPR,42,LOOCV,Augmented,Thickness_mean,,,,52,53,35,DOE,1.285,1.711277562302664
loocv_ref,Augmented|LOOCV,,GPR,42,LOOCV,Augmented,Thickness_mean,,,,53,56,38,DOE,21.8925,27.601461809598966
loocv_ref,Augmented|LOOCV,,GPR,42,LOOCV,Augmented,Thickness_mean,,,,54,50,32,DOE,25.37,25.85403665354427
loocv_ref,Augmented|LOOCV,,GPR,42,LOOCV,Augmented,Thickness_mean,,,,55,48,30,DOE,26.11,27.61242879642976
loocv_ref,Augmented|LOOCV,,GPR,42,LOOCV,Augmented,Thickness_mean,,,,56,55,37,DOE,11.3,13.764383198257676
loocv_ref,Augmented|LOOCV,,GPR,43,LOOCV,Augmented,Thickness_mean,,,,0,0,0,OFAT,36.34,18.220718040184885
loocv_ref,Augmented|LOOCV,,GPR,43,LOOCV,Augmented,Thickness_mean,,,,1,1,1,OFAT,19.9225,27.972440182544346
loocv_ref,Augmented|LOOCV,,GPR,43,LOOCV,Augmented,Thickness_mean,,,,2,2,2,OFAT,25.6625,24.900730923706668
loocv_ref,Augmented|LOOCV,,GPR,43,LOOCV,Augmented,Thickness_mean,,,,3,3,3,OFAT,20.2075,17.728743832420403
loocv_ref,Augmented|LOOCV,,GPR,43,LOOCV,Augmented,Thickness_mean,,,,4,4,4,OFAT,15.345,16.841884750991838
loocv_ref,Augmented|LOOCV,,GPR,43,LOOCV,Augmented,Thickness_mean,,,,5,5,5,OFAT,14.265,16.045954735571783
loocv_ref,Augmented|LOOCV,,GPR,43,LOOCV,Augmented,Thickness_mean,,,,6,6,6,OFAT,12.9225,16.57753120573333
loocv_ref,Augmented|LOOCV,,GPR,43,LOOCV,Augmented,Thickness_mean,,,,7,7,7,OFAT,13.2775,16.427539200015364
loocv_ref,Augmented|LOOCV,,GPR,43,LOOCV,Augmented,Thickness_mean,,,,8,8,8,OFAT,15.329999999999998,18.803711877054543
loocv_ref,Augmented|LOOCV,,GPR,43,LOOCV,Augmented,Thickness_mean,,,,9,9,9,OFAT,7.855,12.23653553290737
loocv_ref,Augmented|LOOCV,,GPR,43,LOOCV,Augmented,Thickness_mean,,,,10,10,10,OFAT,2.8075,10.481003749873256
loocv_ref,Augmented|LOOCV,,GPR,43,LOOCV,Augmented,Thickness_mean,,,,11,11,11,OFAT,7.7875,10.18451062932914
loocv_ref,Augmented|LOOCV,,GPR,43,LOOCV,Augmented,Thickness_mean,,,,12,12,11,OFAT,9.105,9.585093130498704
loocv_ref,Augmented|LOOCV,,GPR,43,LOOCV,Augmented,Thickness_mean,,,,13,13,12,OFAT,7.734999999999999,9.21636303734856
loocv_ref,Augmented|LOOCV,,GPR,43,LOOCV,Augmented,Thickness_mean,,,,14,14,10,OFAT,6.8225,9.959159278163515
loocv_ref,Augmented|LOOCV,,GPR,43,LOOCV,Augmented,Thickness_mean,,,,15,15,10,OFAT,14.995,8.986523372603546
loocv_ref,Augmented|LOOCV,,GPR,43,LOOCV,Augmented,Thickness_mean,,,,16,16,13,OFAT,14.025,10.555610963915525
loocv_ref,Augmented|LOOCV,,GPR,43,LOOCV,Augmented,Thickness_mean,,,,17,17,10,OFAT,9.0475,9.674118057397427
loocv_ref,Augmented|LOOCV,,GPR,43,LOOCV,Augmented,Thickness_mean,,,,18,18,14,OFAT,22.225,22.316867626127163
loocv_ref,Augmented|LOOCV,,GPR,43,LOOCV,Augmented,Thickness_mean,,,,19,19,14,OFAT,25.935,21.769229857469135
loocv_ref,Augmented|LOOCV,,GPR,43,LOOCV,Augmented,Thickness_mean,,,,20,20,15,OFAT,7.03,5.798321140248204
loocv_ref,Augmented|LOOCV,,GPR,43,LOOCV,Augmented,Thickness_mean,,,,21,21,16,OFAT,13.5325,10.190546286235147
loocv_ref,Augmented|LOOCV,,GPR,43,LOOCV,Augmented,Thickness_mean,,,,22,22,14,OFAT,25.29,21.853971220885576
loocv_ref,Augmented|LOOCV,,GPR,43,LOOCV,Augmented,Thickness_mean,,,,23,23,14,OFAT,21.965,22.36079374800414
loocv_ref,Augmented|LOOCV,,GPR,43,LOOCV,Augmented,Thickness_mean,,,,24,24,14,OFAT,23.082500000000003,22.176924334893197
loocv_ref,Augmented|LOOCV,,GPR,43,LOOCV,Augmented,Thickness_mean,,,,25,25,14,OFAT,21.262500000000003,22.482683609700835
loocv_ref,Augmented|LOOCV,,GPR,43,LOOCV,Augmented,Thickness_mean,,,,26,26,17,OFAT,17.8275,18.914755260405357
loocv_ref,Augmented|LOOCV,,GPR,43,LOOCV,Augmented,Thickness_mean,,,,27,27,17,OFAT,17.345,19.041497967641035
loocv_ref,Augmented|LOOCV,,GPR,43,LOOCV,Augmented,Thickness_mean,,,,28,28,17,OFAT,24.4925,17.460695404839694
loocv_ref,Augmented|LOOCV,,GPR,43,LOOCV,Augmented,Thickness_mean,,,,29,29,17,OFAT,17.695,18.94955888570951
loocv_ref,Augmented|LOOCV,,GPR,43,LOOCV,Augmented,Thickness_mean,,,,30,30,17,OFAT,16.814999999999998,19.174779419239048
loocv_ref,Augmented|LOOCV,,GPR,43,LOOCV,Augmented,Thickness_mean,,,,31,31,18,OFAT,14.9425,18.077982555011783
loocv_ref,Augmented|LOOCV,,GPR,43,LOOCV,Augmented,Thickness_mean,,,,32,32,19,OFAT,9.9625,11.954524666720838
loocv_ref,Augmented|LOOCV,,GPR,43,LOOCV,Augmented,Thickness_mean,,,,33,33,20,OFAT,4.855,6.284193072753352
loocv_ref,Augmented|LOOCV,,GPR,43,LOOCV,Augmented,Thickness_mean,,,,34,34,21,OFAT,1.2375,3.342973221065769
loocv_ref,Augmented|LOOCV,,GPR,43,LOOCV,Augmented,Thickness_mean,,,,35,35,22,OFAT,2.0275,3.443691948587615
loocv_ref,Augmented|LOOCV,,GPR,43,LOOCV,Augmented,Thickness_mean,,,,36,36,23,OFAT,3.535,4.458675350230047
loocv_ref,Augmented|LOOCV,,GPR,43,LOOCV,Augmented,Thickness_mean,,,,37,37,20,OFAT,8.6425,5.795311300457984
loocv_ref,Augmented|LOOCV,,GPR,43,LOOCV,Augmented,Thickness_mean,,,,38,38,19,OFAT,12.75,11.662004155903475
loocv_ref,Augmented|LOOCV,,GPR,43,LOOCV,Augmented,Thickness_mean,,,,39,39,18,OFAT,16.965,17.472839141233425
loocv_ref,Augmented|LOOCV,,GPR,43,LOOCV,Augmented,Thickness_mean,,,,40,40,19,OFAT,19.6525,11.019315185611358
loocv_ref,Augmented|LOOCV,,GPR,43,LOOCV,Augmented,Thickness_mean,,,,41,41,19,OFAT,9.2675,12.032758600060584
loocv_ref,Augmented|LOOCV,,GPR,43,LOOCV,Augmented,Thickness_mean,,,,42,44,26,DOE,5.285,4.120376592677907
loocv_ref,Augmented|LOOCV,,GPR,43,LOOCV,Augmented,Thickness_mean,,,,43,45,27,DOE,29.6975,24.891161700286457
loocv_ref,Augmented|LOOCV,,GPR,43,LOOCV,Augmented,Thickness_mean,,,,44,43,25,DOE,1.05,1.2205605347759771
loocv_ref,Augmented|LOOCV,,GPR,43,LOOCV,Augmented,Thickness_mean,,,,45,46,28,DOE,31.682500000000005,23.08992732988404
loocv_ref,Augmented|LOOCV,,GPR,43,LOOCV,Augmented,Thickness_mean,,,,46,42,24,DOE,1.0625,0.821545290555429
loocv_ref,Augmented|LOOCV,,GPR,43,LOOCV,Augmented,Thickness_mean,,,,47,49,31,DOE,25.6225,26.360548460286537
loocv_ref,Augmented|LOOCV,,GPR,43,LOOCV,Augmented,Thickness_mean,,,,48,54,36,DOE,4.335,5.43194343200725
loocv_ref,Augmented|LOOCV,,GPR,43,LOOCV,Augmented,Thickness_mean,,,,49,52,34,DOE,22.5,30.057446918257984
loocv_ref,Augmented|LOOCV,,GPR,43,LOOCV,Augmented,Thickness_mean,,,,50,47,29,DOE,1.0525000000000002,1.5106702326119361
loocv_ref,Augmented|LOOCV,,GPR,43,LOOCV,Augmented,Thickness_mean,,,,51,51,33,DOE,1.1124999999999998,0.5256048826593283
loocv_ref,Augmented|LOOCV,,GPR,43,LOOCV,Augmented,Thickness_mean,,,,52,53,35,DOE,1.285,1.711276629873371
loocv_ref,Augmented|LOOCV,,GPR,43,LOOCV,Augmented,Thickness_mean,,,,53,56,38,DOE,21.8925,27.601461667921814
loocv_ref,Augmented|LOOCV,,GPR,43,LOOCV,Augmented,Thickness_mean,,,,54,50,32,DOE,25.37,25.854036409253276
loocv_ref,Augmented|LOOCV,,GPR,43,LOOCV,Augmented,Thickness_mean,,,,55,48,30,DOE,26.11,27.612433088282216
loocv_ref,Augmented|LOOCV,,GPR,43,LOOCV,Augmented,Thickness_mean,,,,56,55,37,DOE,11.3,13.764384601017776
loocv_ref,Augmented|LOOCV,,GPR,44,LOOCV,Augmented,Thickness_mean,,,,0,0,0,OFAT,36.34,18.220710067052735
loocv_ref,Augmented|LOOCV,,GPR,44,LOOCV,Augmented,Thickness_mean,,,,1,1,1,OFAT,19.9225,27.972444239325835
loocv_ref,Augmented|LOOCV,,GPR,44,LOOCV,Augmented,Thickness_mean,,,,2,2,2,OFAT,25.6625,24.900734164020612
loocv_ref,Augmented|LOOCV,,GPR,44,LOOCV,Augmented,Thickness_mean,,,,3,3,3,OFAT,20.2075,17.728738350525422
loocv_ref,Augmented|LOOCV,,GPR,44,LOOCV,Augmented,Thickness_mean,,,,4,4,4,OFAT,15.345,16.84188481637561
loocv_ref,Augmented|LOOCV,,GPR,44,LOOCV,Augmented,Thickness_mean,,,,5,5,5,OFAT,14.265,16.045955456816323
loocv_ref,Augmented|LOOCV,,GPR,44,LOOCV,Augmented,Thickness_mean,,,,6,6,6,OFAT,12.9225,16.57754516186902
loocv_ref,Augmented|LOOCV,,GPR,44,LOOCV,Augmented,Thickness_mean,,,,7,7,7,OFAT,13.2775,16.427539887139922
loocv_ref,Augmented|LOOCV,,GPR,44,LOOCV,Augmented,Thickness_mean,,,,8,8,8,OFAT,15.329999999999998,18.80371139183523
loocv_ref,Augmented|LOOCV,,GPR,44,LOOCV,Augmented,Thickness_mean,,,,9,9,9,OFAT,7.855,12.236539788304977
loocv_ref,Augmented|LOOCV,,GPR,44,LOOCV,Augmented,Thickness_mean,,,,10,10,10,OFAT,2.8075,10.481004411232622
loocv_ref,Augmented|LOOCV,,GPR,44,LOOCV,Augmented,Thickness_mean,,,,11,11,11,OFAT,7.7875,10.184510934354396
loocv_ref,Augmented|LOOCV,,GPR,44,LOOCV,Augmented,Thickness_mean,,,,12,12,11,OFAT,9.105,9.585096477417245
loocv_ref,Augmented|LOOCV,,GPR,44,LOOCV,Augmented,Thickness_mean,,,,13,13,12,OFAT,7.734999999999999,9.216361176570125
loocv_ref,Augmented|LOOCV,,GPR,44,LOOCV,Augmented,Thickness_mean,,,,14,14,10,OFAT,6.8225,9.959158536072056
loocv_ref,Augmented|LOOCV,,GPR,44,LOOCV,Augmented,Thickness_mean,,,,15,15,10,OFAT,14.995,8.98652346890293
loocv_ref,Augmented|LOOCV,,GPR,44,LOOCV,Augmented,Thickness_mean,,,,16,16,13,OFAT,14.025,10.55561033725974
loocv_ref,Augmented|LOOCV,,GPR,44,LOOCV,Augmented,Thickness_mean,,,,17,17,10,OFAT,9.0475,9.674117638555906
loocv_ref,Augmented|LOOCV,,GPR,44,LOOCV,Augmented,Thickness_mean,,,,18,18,14,OFAT,22.225,22.31686593119182
loocv_ref,Augmented|LOOCV,,GPR,44,LOOCV,Augmented,Thickness_mean,,,,19,19,14,OFAT,25.935,21.769231062944264
loocv_ref,Augmented|LOOCV,,GPR,44,LOOCV,Augmented,Thickness_mean,,,,20,20,15,OFAT,7.03,5.798321549123772
loocv_ref,Augmented|LOOCV,,GPR,44,LOOCV,Augmented,Thickness_mean,,,,21,21,16,OFAT,13.5325,10.190545895290143
loocv_ref,Augmented|LOOCV,,GPR,44,LOOCV,Augmented,Thickness_mean,,,,22,22,14,OFAT,25.29,21.853971808064454
loocv_ref,Augmented|LOOCV,,GPR,44,LOOCV,Augmented,Thickness_mean,,,,23,23,14,OFAT,21.965,22.36079402481711
loocv_ref,Augmented|LOOCV,,GPR,44,LOOCV,Augmented,Thickness_mean,,,,24,24,14,OFAT,23.082500000000003,22.17692429982805
loocv_ref,Augmented|LOOCV,,GPR,44,LOOCV,Augmented,Thickness_mean,,,,25,25,14,OFAT,21.262500000000003,22.482680629693487
loocv_ref,Augmented|LOOCV,,GPR,44,LOOCV,Augmented,Thickness_mean,,,,26,26,17,OFAT,17.8275,18.914754713954206
loocv_ref,Augmented|LOOCV,,GPR,44,LOOCV,Augmented,Thickness_mean,,,,27,27,17,OFAT,17.345,19.04150153666386
loocv_ref,Augmented|LOOCV,,GPR,44,LOOCV,Augmented,Thickness_mean,,,,28,28,17,OFAT,24.4925,17.46069634640397
loocv_ref,Augmented|LOOCV,,GPR,44,LOOCV,Augmented,Thickness_mean,,,,29,29,17,OFAT,17.695,18.9495554418734
loocv_ref,Augmented|LOOCV,,GPR,44,LOOCV,Augmented,Thickness_mean,,,,30,30,17,OFAT,16.814999999999998,19.174779261843923
loocv_ref,Augmented|LOOCV,,GPR,44,LOOCV,Augmented,Thickness_mean,,,,31,31,18,OFAT,14.9425,18.07798785774713
loocv_ref,Augmented|LOOCV,,GPR,44,LOOCV,Augmented,Thickness_mean,,,,32,32,19,OFAT,9.9625,11.954526013843259
loocv_ref,Augmented|LOOCV,,GPR,44,LOOCV,Augmented,Thickness_mean,,,,33,33,20,OFAT,4.855,6.284193321395049
loocv_ref,Augmented|LOOCV,,GPR,44,LOOCV,Augmented,Thickness_mean,,,,34,34,21,OFAT,1.2375,3.342968209207779
loocv_ref,Augmented|LOOCV,,GPR,44,LOOCV,Augmented,Thickness_mean,,,,35,35,22,OFAT,2.0275,3.443701671857445
loocv_ref,Augmented|LOOCV,,GPR,44,LOOCV,Augmented,Thickness_mean,,,,36,36,23,OFAT,3.535,4.458674296680803
loocv_ref,Augmented|LOOCV,,GPR,44,LOOCV,Augmented,Thickness_mean,,,,37,37,20,OFAT,8.6425,5.795311191632422
loocv_ref,Augmented|LOOCV,,GPR,44,LOOCV,Augmented,Thickness_mean,,,,38,38,19,OFAT,12.75,11.662004199522617
loocv_ref,Augmented|LOOCV,,GPR,44,LOOCV,Augmented,Thickness_mean,,,,39,39,18,OFAT,16.965,17.472840761681734
loocv_ref,Augmented|LOOCV,,GPR,44,LOOCV,Augmented,Thickness_mean,,,,40,40,19,OFAT,19.6525,11.019314136364002
loocv_ref,Augmented|LOOCV,,GPR,44,LOOCV,Augmented,Thickness_mean,,,,41,41,19,OFAT,9.2675,12.032759301444345
loocv_ref,Augmented|LOOCV,,GPR,44,LOOCV,Augmented,Thickness_mean,,,,42,44,26,DOE,5.285,4.120368571474232
loocv_ref,Augmented|LOOCV,,GPR,44,LOOCV,Augmented,Thickness_mean,,,,43,45,27,DOE,29.6975,24.891163014323624
loocv_ref,Augmented|LOOCV,,GPR,44,LOOCV,Augmented,Thickness_mean,,,,44,43,25,DOE,1.05,1.2205607831572767
loocv_ref,Augmented|LOOCV,,GPR,44,LOOCV,Augmented,Thickness_mean,,,,45,46,28,DOE,31.682500000000005,23.089931941040682
loocv_ref,Augmented|LOOCV,,GPR,44,LOOCV,Augmented,Thickness_mean,,,,46,42,24,DOE,1.0625,0.8215526015863279
loocv_ref,Augmented|LOOCV,,GPR,44,LOOCV,Augmented,Thickness_mean,,,,47,49,31,DOE,25.6225,26.360556157170684
loocv_ref,Augmented|LOOCV,,GPR,44,LOOCV,Augmented,Thickness_mean,,,,48,54,36,DOE,4.335,5.431941688425809
loocv_ref,Augmented|LOOCV,,GPR,44,LOOCV,Augmented,Thickness_mean,,,,49,52,34,DOE,22.5,30.05745226341363
loocv_ref,Augmented|LOOCV,,GPR,44,LOOCV,Augmented,Thickness_mean,,,,50,47,29,DOE,1.0525000000000002,1.5106726884850854
loocv_ref,Augmented|LOOCV,,GPR,44,LOOCV,Augmented,Thickness_mean,,,,51,51,33,DOE,1.1124999999999998,0.5256004179004918
loocv_ref,Augmented|LOOCV,,GPR,44,LOOCV,Augmented,Thickness_mean,,,,52,53,35,DOE,1.285,1.7112747204555756
loocv_ref,Augmented|LOOCV,,GPR,44,LOOCV,Augmented,Thickness_mean,,,,53,56,38,DOE,21.8925,27.60146247569547
loocv_ref,Augmented|LOOCV,,GPR,44,LOOCV,Augmented,Thickness_mean,,,,54,50,32,DOE,25.37,25.85403734992586
loocv_ref,Augmented|LOOCV,,GPR,44,LOOCV,Augmented,Thickness_mean,,,,55,48,30,DOE,26.11,27.612430570911002
loocv_ref,Augmented|LOOCV,,GPR,44,LOOCV,Augmented,Thickness_mean,,,,56,55,37,DOE,11.3,13.764384063729358
loocv_ref,Augmented|LOOCV,,GPR,45,LOOCV,Augmented,Thickness_mean,,,,0,0,0,OFAT,36.34,18.220715626870135
loocv_ref,Augmented|LOOCV,,GPR,45,LOOCV,Augmented,Thickness_mean,,,,1,1,1,OFAT,19.9225,27.972450790567265
loocv_ref,Augmented|LOOCV,,GPR,45,LOOCV,Augmented,Thickness_mean,,,,2,2,2,OFAT,25.6625,24.900733703649315
loocv_ref,Augmented|LOOCV,,GPR,45,LOOCV,Augmented,Thickness_mean,,,,3,3,3,OFAT,20.2075,17.72874329327715
loocv_ref,Augmented|LOOCV,,GPR,45,LOOCV,Augmented,Thickness_mean,,,,4,4,4,OFAT,15.345,16.84189024679971
loocv_ref,Augmented|LOOCV,,GPR,45,LOOCV,Augmented,Thickness_mean,,,,5,5,5,OFAT,14.265,16.0459492631047
loocv_ref,Augmented|LOOCV,,GPR,45,LOOCV,Augmented,Thickness_mean,,,,6,6,6,OFAT,12.9225,16.57752553670477
loocv_ref,Augmented|LOOCV,,GPR,45,LOOCV,Augmented,Thickness_mean,,,,7,7,7,OFAT,13.2775,16.427540667982875
loocv_ref,Augmented|LOOCV,,GPR,45,LOOCV,Augmented,Thickness_mean,,,,8,8,8,OFAT,15.329999999999998,18.803713701660534
loocv_ref,Augmented|LOOCV,,GPR,45,LOOCV,Augmented,Thickness_mean,,,,9,9,9,OFAT,7.855,12.236538315658077
loocv_ref,Augmented|LOOCV,,GPR,45,LOOCV,Augmented,Thickness_mean,,,,10,10,10,OFAT,2.8075,10.481003915023589
loocv_ref,Augmented|LOOCV,,GPR,45,LOOCV,Augmented,Thickness_mean,,,,11,11,11,OFAT,7.7875,10.184513598171954
loocv_ref,Augmented|LOOCV,,GPR,45,LOOCV,Augmented,Thickness_mean,,,,12,12,11,OFAT,9.105,9.585096891184286
loocv_ref,Augmented|LOOCV,,GPR,45,LOOCV,Augmented,Thickness_mean,,,,13,13,12,OFAT,7.734999999999999,9.21636016972204
loocv_ref,Augmented|LOOCV,,GPR,45,LOOCV,Augmented,Thickness_mean,,,,14,14,10,OFAT,6.8225,9.95915520514166
loocv_ref,Augmented|LOOCV,,GPR,45,LOOCV,Augmented,Thickness_mean,,,,15,15,10,OFAT,14.995,8.986522762858893
loocv_ref,Augmented|LOOCV,,GPR,45,LOOCV,Augmented,Thickness_mean,,,,16,16,13,OFAT,14.025,10.555610041035788
loocv_ref,Augmented|LOOCV,,GPR,45,LOOCV,Augmented,Thickness_mean,,,,17,17,10,OFAT,9.0475,9.674117659009315
loocv_ref,Augmented|LOOCV,,GPR,45,LOOCV,Augmented,Thickness_mean,,,,18,18,14,OFAT,22.225,22.316866544692914
loocv_ref,Augmented|LOOCV,,GPR,45,LOOCV,Augmented,Thickness_mean,,,,19,19,14,OFAT,25.935,21.769229090587842
loocv_ref,Augmented|LOOCV,,GPR,45,LOOCV,Augmented,Thickness_mean,,,,20,20,15,OFAT,7.03,5.798321317616196
loocv_ref,Augmented|LOOCV,,GPR,45,LOOCV,Augmented,Thickness_mean,,,,21,21,16,OFAT,13.5325,10.190546164482386
loocv_ref,Augmented|LOOCV,,GPR,45,LOOCV,Augmented,Thickness_mean,,,,22,22,14,OFAT,25.29,21.85397093260753
loocv_ref,Augmented|LOOCV,,GPR,45,LOOCV,Augmented,Thickness_mean,,,,23,23,14,OFAT,21.965,22.360794375839085
loocv_ref,Augmented|LOOCV,,GPR,45,LOOCV,Augmented,Thickness_mean,,,,24,24,14,OFAT,23.082500000000003,22.176925431643816
loocv_ref,Augmented|LOOCV,,GPR,45,LOOCV,Augmented,Thickness_mean,,,,25,25,14,OFAT,21.262500000000003,22.482679256576212
loocv_ref,Augmented|LOOCV,,GPR,45,LOOCV,Augmented,Thickness_mean,,,,26,26,17,OFAT,17.8275,18.91475541006521
loocv_ref,Augmented|LOOCV,,GPR,45,LOOCV,Augmented,Thickness_mean,,,,27,27,17,OFAT,17.345,19.04149713484651
loocv_ref,Augmented|LOOCV,,GPR,45,LOOCV,Augmented,Thickness_mean,,,,28,28,17,OFAT,24.4925,17.46069481215937
loocv_ref,Augmented|LOOCV,,GPR,45,LOOCV,Augmented,Thickness_mean,,,,29,29,17,OFAT,17.695,18.949559136036996
loocv_ref,Augmented|LOOCV,,GPR,45,LOOCV,Augmented,Thickness_mean,,,,30,30,17,OFAT,16.814999999999998,19.17478041901606
loocv_ref,Augmented|LOOCV,,GPR,45,LOOCV,Augmented,Thickness_mean,,,,31,31,18,OFAT,14.9425,18.077988666792105
loocv_ref,Augmented|LOOCV,,GPR,45,LOOCV,Augmented,Thickness_mean,,,,32,32,19,OFAT,9.9625,11.954525561878741
loocv_ref,Augmented|LOOCV,,GPR,45,LOOCV,Augmented,Thickness_mean,,,,33,33,20,OFAT,4.855,6.284193373549378
loocv_ref,Augmented|LOOCV,,GPR,45,LOOCV,Augmented,Thickness_mean,,,,34,34,21,OFAT,1.2375,3.3429697910871052
loocv_ref,Augmented|LOOCV,,GPR,45,LOOCV,Augmented,Thickness_mean,,,,35,35,22,OFAT,2.0275,3.4436993932234223
loocv_ref,Augmented|LOOCV,,GPR,45,LOOCV,Augmented,Thickness_mean,,,,36,36,23,OFAT,3.535,4.458674733962738
loocv_ref,Augmented|LOOCV,,GPR,45,LOOCV,Augmented,Thickness_mean,,,,37,37,20,OFAT,8.6425,5.795311607183217
loocv_ref,Augmented|LOOCV,,GPR,45,LOOCV,Augmented,Thickness_mean,,,,38,38,19,OFAT,12.75,11.66200391228195
loocv_ref,Augmented|LOOCV,,GPR,45,LOOCV,Augmented,Thickness_mean,,,,39,39,18,OFAT,16.965,17.472840341569142
loocv_ref,Augmented|LOOCV,,GPR,45,LOOCV,Augmented,Thickness_mean,,,,40,40,19,OFAT,19.6525,11.01931347781497
loocv_ref,Augmented|LOOCV,,GPR,45,LOOCV,Augmented,Thickness_mean,,,,41,41,19,OFAT,9.2675,12.032759493243498
loocv_ref,Augmented|LOOCV,,GPR,45,LOOCV,Augmented,Thickness_mean,,,,42,44,26,DOE,5.285,4.120376417234121
loocv_ref,Augmented|LOOCV,,GPR,45,LOOCV,Augmented,Thickness_mean,,,,43,45,27,DOE,29.6975,24.89116228805718
loocv_ref,Augmented|LOOCV,,GPR,45,LOOCV,Augmented,Thickness_mean,,,,44,43,25,DOE,1.05,1.2205604205859757
loocv_ref,Augmented|LOOCV,,GPR,45,LOOCV,Augmented,Thickness_mean,,,,45,46,28,DOE,31.682500000000005,23.08993093646245
loocv_ref,Augmented|LOOCV,,GPR,45,LOOCV,Augmented,Thickness_mean,,,,46,42,24,DOE,1.0625,0.821547740696861
loocv_ref,Augmented|LOOCV,,GPR,45,LOOCV,Augmented,Thickness_mean,,,,47,49,31,DOE,25.6225,26.360548912361175
loocv_ref,Augmented|LOOCV,,GPR,45,LOOCV,Augmented,Thickness_mean,,,,48,54,36,DOE,4.335,5.431942709618575
loocv_ref,Augmented|LOOCV,,GPR,45,LOOCV,Augmented,Thickness_mean,,,,49,52,34,DOE,22.5,30.05745254429754
loocv_ref,Augmented|LOOCV,,GPR,45,LOOCV,Augmented,Thickness_mean,,,,50,47,29,DOE,1.0525000000000002,1.51067140411687
loocv_ref,Augmented|LOOCV,,GPR,45,LOOCV,Augmented,Thickness_mean,,,,51,51,33,DOE,1.1124999999999998,0.5256035533508427
loocv_ref,Augmented|LOOCV,,GPR,45,LOOCV,Augmented,Thickness_mean,,,,52,53,35,DOE,1.285,1.711277131409421
loocv_ref,Augmented|LOOCV,,GPR,45,LOOCV,Augmented,Thickness_mean,,,,53,56,38,DOE,21.8925,27.60146273554102
loocv_ref,Augmented|LOOCV,,GPR,45,LOOCV,Augmented,Thickness_mean,,,,54,50,32,DOE,25.37,25.854036037567262
loocv_ref,Augmented|LOOCV,,GPR,45,LOOCV,Augmented,Thickness_mean,,,,55,48,30,DOE,26.11,27.612431170821196
loocv_ref,Augmented|LOOCV,,GPR,45,LOOCV,Augmented,Thickness_mean,,,,56,55,37,DOE,11.3,13.764384776729667
loocv_ref,Augmented|LOOCV,,GPR,46,LOOCV,Augmented,Thickness_mean,,,,0,0,0,OFAT,36.34,18.220716712519447
loocv_ref,Augmented|LOOCV,,GPR,46,LOOCV,Augmented,Thickness_mean,,,,1,1,1,OFAT,19.9225,27.972443629293394
loocv_ref,Augmented|LOOCV,,GPR,46,LOOCV,Augmented,Thickness_mean,,,,2,2,2,OFAT,25.6625,24.90073110565256
loocv_ref,Augmented|LOOCV,,GPR,46,LOOCV,Augmented,Thickness_mean,,,,3,3,3,OFAT,20.2075,17.72874223234504
loocv_ref,Augmented|LOOCV,,GPR,46,LOOCV,Augmented,Thickness_mean,,,,4,4,4,OFAT,15.345,16.841889735094817
loocv_ref,Augmented|LOOCV,,GPR,46,LOOCV,Augmented,Thickness_mean,,,,5,5,5,OFAT,14.265,16.04595539190531
loocv_ref,Augmented|LOOCV,,GPR,46,LOOCV,Augmented,Thickness_mean,,,,6,6,6,OFAT,12.9225,16.57752942261108
loocv_ref,Augmented|LOOCV,,GPR,46,LOOCV,Augmented,Thickness_mean,,,,7,7,7,OFAT,13.2775,16.427548577870187
loocv_ref,Augmented|LOOCV,,GPR,46,LOOCV,Augmented,Thickness_mean,,,,8,8,8,OFAT,15.329999999999998,18.803710169385994
loocv_ref,Augmented|LOOCV,,GPR,46,LOOCV,Augmented,Thickness_mean,,,,9,9,9,OFAT,7.855,12.236535774897263
loocv_ref,Augmented|LOOCV,,GPR,46,LOOCV,Augmented,Thickness_mean,,,,10,10,10,OFAT,2.8075,10.48100607425647
loocv_ref,Augmented|LOOCV,,GPR,46,LOOCV,Augmented,Thickness_mean,,,,11,11,11,OFAT,7.7875,10.184511273110076
loocv_ref,Augmented|LOOCV,,GPR,46,LOOCV,Augmented,Thickness_mean,,,,12,12,11,OFAT,9.105,9.58509571093194
loocv_ref,Augmented|LOOCV,,GPR,46,LOOCV,Augmented,Thickness_mean,,,,13,13,12,OFAT,7.734999999999999,9.21635757685696
loocv_ref,Augmented|LOOCV,,GPR,46,LOOCV,Augmented,Thickness_mean,,,,14,14,10,OFAT,6.8225,9.959158477491798
loocv_ref,Augmented|LOOCV,,GPR,46,LOOCV,Augmented,Thickness_mean,,,,15,15,10,OFAT,14.995,8.986523160333583
loocv_ref,Augmented|LOOCV,,GPR,46,LOOCV,Augmented,Thickness_mean,,,,16,16,13,OFAT,14.025,10.555609872782139
loocv_ref,Augmented|LOOCV,,GPR,46,LOOCV,Augmented,Thickness_mean,,,,17,17,10,OFAT,9.0475,9.6741165880692
loocv_ref,Augmented|LOOCV,,GPR,46,LOOCV,Augmented,Thickness_mean,,,,18,18,14,OFAT,22.225,22.316866381705257
loocv_ref,Augmented|LOOCV,,GPR,46,LOOCV,Augmented,Thickness_mean,,,,19,19,14,OFAT,25.935,21.769231055548822
loocv_ref,Augmented|LOOCV,,GPR,46,LOOCV,Augmented,Thickness_mean,,,,20,20,15,OFAT,7.03,5.798321576903341
loocv_ref,Augmented|LOOCV,,GPR,46,LOOCV,Augmented,Thickness_mean,,,,21,21,16,OFAT,13.5325,10.190546434942565
loocv_ref,Augmented|LOOCV,,GPR,46,LOOCV,Augmented,Thickness_mean,,,,22,22,14,OFAT,25.29,21.853971808064454
loocv_ref,Augmented|LOOCV,,GPR,46,LOOCV,Augmented,Thickness_mean,,,,23,23,14,OFAT,21.965,22.36079342652276
loocv_ref,Augmented|LOOCV,,GPR,46,LOOCV,Augmented,Thickness_mean,,,,24,24,14,OFAT,23.082500000000003,22.176926238001414
loocv_ref,Augmented|LOOCV,,GPR,46,LOOCV,Augmented,Thickness_mean,,,,25,25,14,OFAT,21.262500000000003,22.482679310362414
loocv_ref,Augmented|LOOCV,,GPR,46,LOOCV,Augmented,Thickness_mean,,,,26,26,17,OFAT,17.8275,18.914755965749592
loocv_ref,Augmented|LOOCV,,GPR,46,LOOCV,Augmented,Thickness_mean,,,,27,27,17,OFAT,17.345,19.04149982690692
loocv_ref,Augmented|LOOCV,,GPR,46,LOOCV,Augmented,Thickness_mean,,,,28,28,17,OFAT,24.4925,17.46069600098922
loocv_ref,Augmented|LOOCV,,GPR,46,LOOCV,Augmented,Thickness_mean,,,,29,29,17,OFAT,17.695,18.949555751370756
loocv_ref,Augmented|LOOCV,,GPR,46,LOOCV,Augmented,Thickness_mean,,,,30,30,17,OFAT,16.814999999999998,19.17477908403869
loocv_ref,Augmented|LOOCV,,GPR,46,LOOCV,Augmented,Thickness_mean,,,,31,31,18,OFAT,14.9425,18.0779862970238
loocv_ref,Augmented|LOOCV,,GPR,46,LOOCV,Augmented,Thickness_mean,,,,32,32,19,OFAT,9.9625,11.954525990863226
loocv_ref,Augmented|LOOCV,,GPR,46,LOOCV,Augmented,Thickness_mean,,,,33,33,20,OFAT,4.855,6.284193421002962
loocv_ref,Augmented|LOOCV,,GPR,46,LOOCV,Augmented,Thickness_mean,,,,34,34,21,OFAT,1.2375,3.342970354761869
loocv_ref,Augmented|LOOCV,,GPR,46,LOOCV,Augmented,Thickness_mean,,,,35,35,22,OFAT,2.0275,3.4437014178012717
loocv_ref,Augmented|LOOCV,,GPR,46,LOOCV,Augmented,Thickness_mean,,,,36,36,23,OFAT,3.535,4.458674599946493
loocv_ref,Augmented|LOOCV,,GPR,46,LOOCV,Augmented,Thickness_mean,,,,37,37,20,OFAT,8.6425,5.795310938420423
loocv_ref,Augmented|LOOCV,,GPR,46,LOOCV,Augmented,Thickness_mean,,,,38,38,19,OFAT,12.75,11.662004334230776
loocv_ref,Augmented|LOOCV,,GPR,46,LOOCV,Augmented,Thickness_mean,,,,39,39,18,OFAT,16.965,17.472842583471795
loocv_ref,Augmented|LOOCV,,GPR,46,LOOCV,Augmented,Thickness_mean,,,,40,40,19,OFAT,19.6525,11.019314067832678
loocv_ref,Augmented|LOOCV,,GPR,46,LOOCV,Augmented,Thickness_mean,,,,41,41,19,OFAT,9.2675,12.032759476173311
loocv_ref,Augmented|LOOCV,,GPR,46,LOOCV,Augmented,Thickness_mean,,,,42,44,26,DOE,5.285,4.120375651776138
loocv_ref,Augmented|LOOCV,,GPR,46,LOOCV,Augmented,Thickness_mean,,,,43,45,27,DOE,29.6975,24.891162447512485
loocv_ref,Augmented|LOOCV,,GPR,46,LOOCV,Augmented,Thickness_mean,,,,44,43,25,DOE,1.05,1.2205606512561733
loocv_ref,Augmented|LOOCV,,GPR,46,LOOCV,Augmented,Thickness_mean,,,,45,46,28,DOE,31.682500000000005,23.089934674194616
loocv_ref,Augmented|LOOCV,,GPR,46,LOOCV,Augmented,Thickness_mean,,,,46,42,24,DOE,1.0625,0.8215470523681638
loocv_ref,Augmented|LOOCV,,GPR,46,LOOCV,Augmented,Thickness_mean,,,,47,49,31,DOE,25.6225,26.360545964817977
loocv_ref,Augmented|LOOCV,,GPR,46,LOOCV,Augmented,Thickness_mean,,,,48,54,36,DOE,4.335,5.431940297093817
loocv_ref,Augmented|LOOCV,,GPR,46,LOOCV,Augmented,Thickness_mean,,,,49,52,34,DOE,22.5,30.057449560720485
loocv_ref,Augmented|LOOCV,,GPR,46,LOOCV,Augmented,Thickness_mean,,,,50,47,29,DOE,1.0525000000000002,1.5106739371489049
loocv_ref,Augmented|LOOCV,,GPR,46,LOOCV,Augmented,Thickness_mean,,,,51,51,33,DOE,1.1124999999999998,0.5256062222473528
loocv_ref,Augmented|LOOCV,,GPR,46,LOOCV,Augmented,Thickness_mean,,,,52,53,35,DOE,1.285,1.7112775446797315
loocv_ref,Augmented|LOOCV,,GPR,46,LOOCV,Augmented,Thickness_mean,,,,53,56,38,DOE,21.8925,27.6014623750347
loocv_ref,Augmented|LOOCV,,GPR,46,LOOCV,Augmented,Thickness_mean,,,,54,50,32,DOE,25.37,25.854039465956753
loocv_ref,Augmented|LOOCV,,GPR,46,LOOCV,Augmented,Thickness_mean,,,,55,48,30,DOE,26.11,27.612428700841857
loocv_ref,Augmented|LOOCV,,GPR,46,LOOCV,Augmented,Thickness_mean,,,,56,55,37,DOE,11.3,13.764387125510712
loocv_ref,Augmented|LOOCV,,GPR,47,LOOCV,Augmented,Thickness_mean,,,,0,0,0,OFAT,36.34,18.220708452321485
loocv_ref,Augmented|LOOCV,,GPR,47,LOOCV,Augmented,Thickness_mean,,,,1,1,1,OFAT,19.9225,27.972445808462567
loocv_ref,Augmented|LOOCV,,GPR,47,LOOCV,Augmented,Thickness_mean,,,,2,2,2,OFAT,25.6625,24.900728626801268
loocv_ref,Augmented|LOOCV,,GPR,47,LOOCV,Augmented,Thickness_mean,,,,3,3,3,OFAT,20.2075,17.728741817426727
loocv_ref,Augmented|LOOCV,,GPR,47,LOOCV,Augmented,Thickness_mean,,,,4,4,4,OFAT,15.345,16.841885630599677
loocv_ref,Augmented|LOOCV,,GPR,47,LOOCV,Augmented,Thickness_mean,,,,5,5,5,OFAT,14.265,16.045955078129428
loocv_ref,Augmented|LOOCV,,GPR,47,LOOCV,Augmented,Thickness_mean,,,,6,6,6,OFAT,12.9225,16.57752881019931
loocv_ref,Augmented|LOOCV,,GPR,47,LOOCV,Augmented,Thickness_mean,,,,7,7,7,OFAT,13.2775,16.42754092414644
loocv_ref,Augmented|LOOCV,,GPR,47,LOOCV,Augmented,Thickness_mean,,,,8,8,8,OFAT,15.329999999999998,18.803712176308498
loocv_ref,Augmented|LOOCV,,GPR,47,LOOCV,Augmented,Thickness_mean,,,,9,9,9,OFAT,7.855,12.236530962711644
loocv_ref,Augmented|LOOCV,,GPR,47,LOOCV,Augmented,Thickness_mean,,,,10,10,10,OFAT,2.8075,10.481004050782667
loocv_ref,Augmented|LOOCV,,GPR,47,LOOCV,Augmented,Thickness_mean,,,,11,11,11,OFAT,7.7875,10.184511429191517
loocv_ref,Augmented|LOOCV,,GPR,47,LOOCV,Augmented,Thickness_mean,,,,12,12,11,OFAT,9.105,9.585094713515048
loocv_ref,Augmented|LOOCV,,GPR,47,LOOCV,Augmented,Thickness_mean,,,,13,13,12,OFAT,7.734999999999999,9.216361390340811
loocv_ref,Augmented|LOOCV,,GPR,47,LOOCV,Augmented,Thickness_mean,,,,14,14,10,OFAT,6.8225,9.95915554331992
loocv_ref,Augmented|LOOCV,,GPR,47,LOOCV,Augmented,Thickness_mean,,,,15,15,10,OFAT,14.995,8.986522930929357
loocv_ref,Augmented|LOOCV,,GPR,47,LOOCV,Augmented,Thickness_mean,,,,16,16,13,OFAT,14.025,10.555605013282108
loocv_ref,Augmented|LOOCV,,GPR,47,LOOCV,Augmented,Thickness_mean,,,,17,17,10,OFAT,9.0475,9.674116159124207
loocv_ref,Augmented|LOOCV,,GPR,47,LOOCV,Augmented,Thickness_mean,,,,18,18,14,OFAT,22.225,22.31686649546238
loocv_ref,Augmented|LOOCV,,GPR,47,LOOCV,Augmented,Thickness_mean,,,,19,19,14,OFAT,25.935,21.769234443424438
loocv_ref,Augmented|LOOCV,,GPR,47,LOOCV,Augmented,Thickness_mean,,,,20,20,15,OFAT,7.03,5.7983213188012925
loocv_ref,Augmented|LOOCV,,GPR,47,LOOCV,Augmented,Thickness_mean,,,,21,21,16,OFAT,13.5325,10.190543938638163
loocv_ref,Augmented|LOOCV,,GPR,47,LOOCV,Augmented,Thickness_mean,,,,22,22,14,OFAT,25.29,21.85397215931009
loocv_ref,Augmented|LOOCV,,GPR,47,LOOCV,Augmented,Thickness_mean,,,,23,23,14,OFAT,21.965,22.360794432116364
loocv_ref,Augmented|LOOCV,,GPR,47,LOOCV,Augmented,Thickness_mean,,,,24,24,14,OFAT,23.082500000000003,22.176924736044462
loocv_ref,Augmented|LOOCV,,GPR,47,LOOCV,Augmented,Thickness_mean,,,,25,25,14,OFAT,21.262500000000003,22.482680943149646
loocv_ref,Augmented|LOOCV,,GPR,47,LOOCV,Augmented,Thickness_mean,,,,26,26,17,OFAT,17.8275,18.914754656182026
loocv_ref,Augmented|LOOCV,,GPR,47,LOOCV,Augmented,Thickness_mean,,,,27,27,17,OFAT,17.345,19.04149770609992
loocv_ref,Augmented|LOOCV,,GPR,47,LOOCV,Augmented,Thickness_mean,,,,28,28,17,OFAT,24.4925,17.4606962234897
loocv_ref,Augmented|LOOCV,,GPR,47,LOOCV,Augmented,Thickness_mean,,,,29,29,17,OFAT,17.695,18.94955772199248
loocv_ref,Augmented|LOOCV,,GPR,47,LOOCV,Augmented,Thickness_mean,,,,30,30,17,OFAT,16.814999999999998,19.174780445277545
loocv_ref,Augmented|LOOCV,,GPR,47,LOOCV,Augmented,Thickness_mean,,,,31,31,18,OFAT,14.9425,18.077980929113853
loocv_ref,Augmented|LOOCV,,GPR,47,LOOCV,Augmented,Thickness_mean,,,,32,32,19,OFAT,9.9625,11.954526340304902
loocv_ref,Augmented|LOOCV,,GPR,47,LOOCV,Augmented,Thickness_mean,,,,33,33,20,OFAT,4.855,6.284192474629066
loocv_ref,Augmented|LOOCV,,GPR,47,LOOCV,Augmented,Thickness_mean,,,,34,34,21,OFAT,1.2375,3.3429672262821217
loocv_ref,Augmented|LOOCV,,GPR,47,LOOCV,Augmented,Thickness_mean,,,,35,35,22,OFAT,2.0275,3.443699369824609
loocv_ref,Augmented|LOOCV,,GPR,47,LOOCV,Augmented,Thickness_mean,,,,36,36,23,OFAT,3.535,4.458673502395493
loocv_ref,Augmented|LOOCV,,GPR,47,LOOCV,Augmented,Thickness_mean,,,,37,37,20,OFAT,8.6425,5.795310993738038
loocv_ref,Augmented|LOOCV,,GPR,47,LOOCV,Augmented,Thickness_mean,,,,38,38,19,OFAT,12.75,11.662004274886865
loocv_ref,Augmented|LOOCV,,GPR,47,LOOCV,Augmented,Thickness_mean,,,,39,39,18,OFAT,16.965,17.472836068606867
loocv_ref,Augmented|LOOCV,,GPR,47,LOOCV,Augmented,Thickness_mean,,,,40,40,19,OFAT,19.6525,11.019314680906454
loocv_ref,Augmented|LOOCV,,GPR,47,LOOCV,Augmented,Thickness_mean,,,,41,41,19,OFAT,9.2675,12.03276023490738
loocv_ref,Augmented|LOOCV,,GPR,47,LOOCV,Augmented,Thickness_mean,,,,42,44,26,DOE,5.285,4.120375219551812
loocv_ref,Augmented|LOOCV,,GPR,47,LOOCV,Augmented,Thickness_mean,,,,43,45,27,DOE,29.6975,24.891163761520193
loocv_ref,Augmented|LOOCV,,GPR,47,LOOCV,Augmented,Thickness_mean,,,,44,43,25,DOE,1.05,1.220560151755544
loocv_ref,Augmented|LOOCV,,GPR,47,LOOCV,Augmented,Thickness_mean,,,,45,46,28,DOE,31.682500000000005,23.089931004137114
loocv_ref,Augmented|LOOCV,,GPR,47,LOOCV,Augmented,Thickness_mean,,,,46,42,24,DOE,1.0625,0.8215452092288427
loocv_ref,Augmented|LOOCV,,GPR,47,LOOCV,Augmented,Thickness_mean,,,,47,49,31,DOE,25.6225,26.360546536973963
loocv_ref,Augmented|LOOCV,,GPR,47,LOOCV,Augmented,Thickness_mean,,,,48,54,36,DOE,4.335,5.4319377778126015
loocv_ref,Augmented|LOOCV,,GPR,47,LOOCV,Augmented,Thickness_mean,,,,49,52,34,DOE,22.5,30.05745216528388
loocv_ref,Augmented|LOOCV,,GPR,47,LOOCV,Augmented,Thickness_mean,,,,50,47,29,DOE,1.0525000000000002,1.5106660581663114
loocv_ref,Augmented|LOOCV,,GPR,47,LOOCV,Augmented,Thickness_mean,,,,51,51,33,DOE,1.1124999999999998,0.5256046799360004
loocv_ref,Augmented|LOOCV,,GPR,47,LOOCV,Augmented,Thickness_mean,,,,52,53,35,DOE,1.285,1.7112772360406492
loocv_ref,Augmented|LOOCV,,GPR,47,LOOCV,Augmented,Thickness_mean,,,,53,56,38,DOE,21.8925,27.601463470267483
loocv_ref,Augmented|LOOCV,,GPR,47,LOOCV,Augmented,Thickness_mean,,,,54,50,32,DOE,25.37,25.85403700770042
loocv_ref,Augmented|LOOCV,,GPR,47,LOOCV,Augmented,Thickness_mean,,,,55,48,30,DOE,26.11,27.612438205126296
loocv_ref,Augmented|LOOCV,,GPR,47,LOOCV,Augmented,Thickness_mean,,,,56,55,37,DOE,11.3,13.764384970605201
loocv_ref,Augmented|LOOCV,,GPR,48,LOOCV,Augmented,Thickness_mean,,,,0,0,0,OFAT,36.34,18.220711249720967
loocv_ref,Augmented|LOOCV,,GPR,48,LOOCV,Augmented,Thickness_mean,,,,1,1,1,OFAT,19.9225,27.97244361477481
loocv_ref,Augmented|LOOCV,,GPR,48,LOOCV,Augmented,Thickness_mean,,,,2,2,2,OFAT,25.6625,24.900729219006365
loocv_ref,Augmented|LOOCV,,GPR,48,LOOCV,Augmented,Thickness_mean,,,,3,3,3,OFAT,20.2075,17.728742719545348
loocv_ref,Augmented|LOOCV,,GPR,48,LOOCV,Augmented,Thickness_mean,,,,4,4,4,OFAT,15.345,16.841886151964275
loocv_ref,Augmented|LOOCV,,GPR,48,LOOCV,Augmented,Thickness_mean,,,,5,5,5,OFAT,14.265,16.0459263108573
loocv_ref,Augmented|LOOCV,,GPR,48,LOOCV,Augmented,Thickness_mean,,,,6,6,6,OFAT,12.9225,16.57752700138032
loocv_ref,Augmented|LOOCV,,GPR,48,LOOCV,Augmented,Thickness_mean,,,,7,7,7,OFAT,13.2775,16.42753542993203
loocv_ref,Augmented|LOOCV,,GPR,48,LOOCV,Augmented,Thickness_mean,,,,8,8,8,OFAT,15.329999999999998,18.803713940483696
loocv_ref,Augmented|LOOCV,,GPR,48,LOOCV,Augmented,Thickness_mean,,,,9,9,9,OFAT,7.855,12.23653786510479
loocv_ref,Augmented|LOOCV,,GPR,48,LOOCV,Augmented,Thickness_mean,,,,10,10,10,OFAT,2.8075,10.48100315149398
loocv_ref,Augmented|LOOCV,,GPR,48,LOOCV,Augmented,Thickness_mean,,,,11,11,11,OFAT,7.7875,10.184510885874587
loocv_ref,Augmented|LOOCV,,GPR,48,LOOCV,Augmented,Thickness_mean,,,,12,12,11,OFAT,9.105,9.585093839155917
loocv_ref,Augmented|LOOCV,,GPR,48,LOOCV,Augmented,Thickness_mean,,,,13,13,12,OFAT,7.734999999999999,9.216360149681769
loocv_ref,Augmented|LOOCV,,GPR,48,LOOCV,Augmented,Thickness_mean,,,,14,14,10,OFAT,6.8225,9.959157555282346
loocv_ref,Augmented|LOOCV,,GPR,48,LOOCV,Augmented,Thickness_mean,,,,15,15,10,OFAT,14.995,8.986523026669069
loocv_ref,Augmented|LOOCV,,GPR,48,LOOCV,Augmented,Thickness_mean,,,,16,16,13,OFAT,14.025,10.5556116361098
loocv_ref,Augmented|LOOCV,,GPR,48,LOOCV,Augmented,Thickness_mean,,,,17,17,10,OFAT,9.0475,9.674117438132953
loocv_ref,Augmented|LOOCV,,GPR,48,LOOCV,Augmented,Thickness_mean,,,,18,18,14,OFAT,22.225,22.316865121774335
loocv_ref,Augmented|LOOCV,,GPR,48,LOOCV,Augmented,Thickness_mean,,,,19,19,14,OFAT,25.935,21.769230424935262
loocv_ref,Augmented|LOOCV,,GPR,48,LOOCV,Augmented,Thickness_mean,,,,20,20,15,OFAT,7.03,5.7983208401105895
loocv_ref,Augmented|LOOCV,,GPR,48,LOOCV,Augmented,Thickness_mean,,,,21,21,16,OFAT,13.5325,10.190545095577011
loocv_ref,Augmented|LOOCV,,GPR,48,LOOCV,Augmented,Thickness_mean,,,,22,22,14,OFAT,25.29,21.853970871384004
loocv_ref,Augmented|LOOCV,,GPR,48,LOOCV,Augmented,Thickness_mean,,,,23,23,14,OFAT,21.965,22.360794537370808
loocv_ref,Augmented|LOOCV,,GPR,48,LOOCV,Augmented,Thickness_mean,,,,24,24,14,OFAT,23.082500000000003,22.176926238001414
loocv_ref,Augmented|LOOCV,,GPR,48,LOOCV,Augmented,Thickness_mean,,,,25,25,14,OFAT,21.262500000000003,22.48268164275394
loocv_ref,Augmented|LOOCV,,GPR,48,LOOCV,Augmented,Thickness_mean,,,,26,26,17,OFAT,17.8275,18.914754806928403
loocv_ref,Augmented|LOOCV,,GPR,48,LOOCV,Augmented,Thickness_mean,,,,27,27,17,OFAT,17.345,19.041498747546875
loocv_ref,Augmented|LOOCV,,GPR,48,LOOCV,Augmented,Thickness_mean,,,,28,28,17,OFAT,24.4925,17.460694058887455
loocv_ref,Augmented|LOOCV,,GPR,48,LOOCV,Augmented,Thickness_mean,,,,29,29,17,OFAT,17.695,18.9495601896146
loocv_ref,Augmented|LOOCV,,GPR,48,LOOCV,Augmented,Thickness_mean,,,,30,30,17,OFAT,16.814999999999998,19.174778857460034
loocv_ref,Augmented|LOOCV,,GPR,48,LOOCV,Augmented,Thickness_mean,,,,31,31,18,OFAT,14.9425,18.077986498038342
loocv_ref,Augmented|LOOCV,,GPR,48,LOOCV,Augmented,Thickness_mean,,,,32,32,19,OFAT,9.9625,11.954524236796866
loocv_ref,Augmented|LOOCV,,GPR,48,LOOCV,Augmented,Thickness_mean,,,,33,33,20,OFAT,4.855,6.284193468622794
loocv_ref,Augmented|LOOCV,,GPR,48,LOOCV,Augmented,Thickness_mean,,,,34,34,21,OFAT,1.2375,3.3429676794654295
loocv_ref,Augmented|LOOCV,,GPR,48,LOOCV,Augmented,Thickness_mean,,,,35,35,22,OFAT,2.0275,3.4436969246907427
loocv_ref,Augmented|LOOCV,,GPR,48,LOOCV,Augmented,Thickness_mean,,,,36,36,23,OFAT,3.535,4.4586750481865
loocv_ref,Augmented|LOOCV,,GPR,48,LOOCV,Augmented,Thickness_mean,,,,37,37,20,OFAT,8.6425,5.795311255696003
loocv_ref,Augmented|LOOCV,,GPR,48,LOOCV,Augmented,Thickness_mean,,,,38,38,19,OFAT,12.75,11.662003654039967
loocv_ref,Augmented|LOOCV,,GPR,48,LOOCV,Augmented,Thickness_mean,,,,39,39,18,OFAT,16.965,17.4728375223726
loocv_ref,Augmented|LOOCV,,GPR,48,LOOCV,Augmented,Thickness_mean,,,,40,40,19,OFAT,19.6525,11.019314251623939
loocv_ref,Augmented|LOOCV,,GPR,48,LOOCV,Augmented,Thickness_mean,,,,41,41,19,OFAT,9.2675,12.03275912954271
loocv_ref,Augmented|LOOCV,,GPR,48,LOOCV,Augmented,Thickness_mean,,,,42,44,26,DOE,5.285,4.120376882616162
loocv_ref,Augmented|LOOCV,,GPR,48,LOOCV,Augmented,Thickness_mean,,,,43,45,27,DOE,29.6975,24.89116228805718
loocv_ref,Augmented|LOOCV,,GPR,48,LOOCV,Augmented,Thickness_mean,,,,44,43,25,DOE,1.05,1.2205627902960625
loocv_ref,Augmented|LOOCV,,GPR,48,LOOCV,Augmented,Thickness_mean,,,,45,46,28,DOE,31.682500000000005,23.089930466802443
loocv_ref,Augmented|LOOCV,,GPR,48,LOOCV,Augmented,Thickness_mean,,,,46,42,24,DOE,1.0625,0.8215460377441559
loocv_ref,Augmented|LOOCV,,GPR,48,LOOCV,Augmented,Thickness_mean,,,,47,49,31,DOE,25.6225,26.36055050165913
loocv_ref,Augmented|LOOCV,,GPR,48,LOOCV,Augmented,Thickness_mean,,,,48,54,36,DOE,4.335,5.431943221746273
loocv_ref,Augmented|LOOCV,,GPR,48,LOOCV,Augmented,Thickness_mean,,,,49,52,34,DOE,22.5,30.057454781047987
loocv_ref,Augmented|LOOCV,,GPR,48,LOOCV,Augmented,Thickness_mean,,,,50,47,29,DOE,1.0525000000000002,1.5106723791237187
loocv_ref,Augmented|LOOCV,,GPR,48,LOOCV,Augmented,Thickness_mean,,,,51,51,33,DOE,1.1124999999999998,0.525606032303175
loocv_ref,Augmented|LOOCV,,GPR,48,LOOCV,Augmented,Thickness_mean,,,,52,53,35,DOE,1.285,1.7112759494572156
loocv_ref,Augmented|LOOCV,,GPR,48,LOOCV,Augmented,Thickness_mean,,,,53,56,38,DOE,21.8925,27.601462657569108
loocv_ref,Augmented|LOOCV,,GPR,48,LOOCV,Augmented,Thickness_mean,,,,54,50,32,DOE,25.37,25.854037032829467
loocv_ref,Augmented|LOOCV,,GPR,48,LOOCV,Augmented,Thickness_mean,,,,55,48,30,DOE,26.11,27.61243072560682
loocv_ref,Augmented|LOOCV,,GPR,48,LOOCV,Augmented,Thickness_mean,,,,56,55,37,DOE,11.3,13.764383703576316
loocv_ref,Augmented|LOOCV,,GPR,49,LOOCV,Augmented,Thickness_mean,,,,0,0,0,OFAT,36.34,18.22071313009333
loocv_ref,Augmented|LOOCV,,GPR,49,LOOCV,Augmented,Thickness_mean,,,,1,1,1,OFAT,19.9225,27.972450181090338
loocv_ref,Augmented|LOOCV,,GPR,49,LOOCV,Augmented,Thickness_mean,,,,2,2,2,OFAT,25.6625,24.90072664892231
loocv_ref,Augmented|LOOCV,,GPR,49,LOOCV,Augmented,Thickness_mean,,,,3,3,3,OFAT,20.2075,17.728742963093772
loocv_ref,Augmented|LOOCV,,GPR,49,LOOCV,Augmented,Thickness_mean,,,,4,4,4,OFAT,15.345,16.841885088434168
loocv_ref,Augmented|LOOCV,,GPR,49,LOOCV,Augmented,Thickness_mean,,,,5,5,5,OFAT,14.265,16.045946508666777
loocv_ref,Augmented|LOOCV,,GPR,49,LOOCV,Augmented,Thickness_mean,,,,6,6,6,OFAT,12.9225,16.577530255281342
loocv_ref,Augmented|LOOCV,,GPR,49,LOOCV,Augmented,Thickness_mean,,,,7,7,7,OFAT,13.2775,16.427542443755225
loocv_ref,Augmented|LOOCV,,GPR,49,LOOCV,Augmented,Thickness_mean,,,,8,8,8,OFAT,15.329999999999998,18.80371077543726
loocv_ref,Augmented|LOOCV,,GPR,49,LOOCV,Augmented,Thickness_mean,,,,9,9,9,OFAT,7.855,12.236530962711644
loocv_ref,Augmented|LOOCV,,GPR,49,LOOCV,Augmented,Thickness_mean,,,,10,10,10,OFAT,2.8075,10.480996928909562
loocv_ref,Augmented|LOOCV,,GPR,49,LOOCV,Augmented,Thickness_mean,,,,11,11,11,OFAT,7.7875,10.184508752453517
loocv_ref,Augmented|LOOCV,,GPR,49,LOOCV,Augmented,Thickness_mean,,,,12,12,11,OFAT,9.105,9.585093713909265
loocv_ref,Augmented|LOOCV,,GPR,49,LOOCV,Augmented,Thickness_mean,,,,13,13,12,OFAT,7.734999999999999,9.216360367100735
loocv_ref,Augmented|LOOCV,,GPR,49,LOOCV,Augmented,Thickness_mean,,,,14,14,10,OFAT,6.8225,9.959158214735552
loocv_ref,Augmented|LOOCV,,GPR,49,LOOCV,Augmented,Thickness_mean,,,,15,15,10,OFAT,14.995,8.986523533034987
loocv_ref,Augmented|LOOCV,,GPR,49,LOOCV,Augmented,Thickness_mean,,,,16,16,13,OFAT,14.025,10.55560963855562
loocv_ref,Augmented|LOOCV,,GPR,49,LOOCV,Augmented,Thickness_mean,,,,17,17,10,OFAT,9.0475,9.674117318034263
loocv_ref,Augmented|LOOCV,,GPR,49,LOOCV,Augmented,Thickness_mean,,,,18,18,14,OFAT,22.225,22.316867208642634
loocv_ref,Augmented|LOOCV,,GPR,49,LOOCV,Augmented,Thickness_mean,,,,19,19,14,OFAT,25.935,21.769233453976764
loocv_ref,Augmented|LOOCV,,GPR,49,LOOCV,Augmented,Thickness_mean,,,,20,20,15,OFAT,7.03,5.798321217876975
loocv_ref,Augmented|LOOCV,,GPR,49,LOOCV,Augmented,Thickness_mean,,,,21,21,16,OFAT,13.5325,10.190546933526289
loocv_ref,Augmented|LOOCV,,GPR,49,LOOCV,Augmented,Thickness_mean,,,,22,22,14,OFAT,25.29,21.8539708271119
loocv_ref,Augmented|LOOCV,,GPR,49,LOOCV,Augmented,Thickness_mean,,,,23,23,14,OFAT,21.965,22.36079422402601
loocv_ref,Augmented|LOOCV,,GPR,49,LOOCV,Augmented,Thickness_mean,,,,24,24,14,OFAT,23.082500000000003,22.176926238001414
loocv_ref,Augmented|LOOCV,,GPR,49,LOOCV,Augmented,Thickness_mean,,,,25,25,14,OFAT,21.262500000000003,22.48267916599703
loocv_ref,Augmented|LOOCV,,GPR,49,LOOCV,Augmented,Thickness_mean,,,,26,26,17,OFAT,17.8275,18.914755145333434
loocv_ref,Augmented|LOOCV,,GPR,49,LOOCV,Augmented,Thickness_mean,,,,27,27,17,OFAT,17.345,19.04150204133198
loocv_ref,Augmented|LOOCV,,GPR,49,LOOCV,Augmented,Thickness_mean,,,,28,28,17,OFAT,24.4925,17.46069143636331
loocv_ref,Augmented|LOOCV,,GPR,49,LOOCV,Augmented,Thickness_mean,,,,29,29,17,OFAT,17.695,18.9495649088258
loocv_ref,Augmented|LOOCV,,GPR,49,LOOCV,Augmented,Thickness_mean,,,,30,30,17,OFAT,16.814999999999998,19.174774740258652
loocv_ref,Augmented|LOOCV,,GPR,49,LOOCV,Augmented,Thickness_mean,,,,31,31,18,OFAT,14.9425,18.077985060429548
loocv_ref,Augmented|LOOCV,,GPR,49,LOOCV,Augmented,Thickness_mean,,,,32,32,19,OFAT,9.9625,11.954522856393407
loocv_ref,Augmented|LOOCV,,GPR,49,LOOCV,Augmented,Thickness_mean,,,,33,33,20,OFAT,4.855,6.284192310903672
loocv_ref,Augmented|LOOCV,,GPR,49,LOOCV,Augmented,Thickness_mean,,,,34,34,21,OFAT,1.2375,3.342966132319697
loocv_ref,Augmented|LOOCV,,GPR,49,LOOCV,Augmented,Thickness_mean,,,,35,35,22,OFAT,2.0275,3.4437004778590765
loocv_ref,Augmented|LOOCV,,GPR,49,LOOCV,Augmented,Thickness_mean,,,,36,36,23,OFAT,3.535,4.458674619539893
loocv_ref,Augmented|LOOCV,,GPR,49,LOOCV,Augmented,Thickness_mean,,,,37,37,20,OFAT,8.6425,5.79531156767105
loocv_ref,Augmented|LOOCV,,GPR,49,LOOCV,Augmented,Thickness_mean,,,,38,38,19,OFAT,12.75,11.662003899724798
loocv_ref,Augmented|LOOCV,,GPR,49,LOOCV,Augmented,Thickness_mean,,,,39,39,18,OFAT,16.965,17.47283226663787
loocv_ref,Augmented|LOOCV,,GPR,49,LOOCV,Augmented,Thickness_mean,,,,40,40,19,OFAT,19.6525,11.019314215761284
loocv_ref,Augmented|LOOCV,,GPR,49,LOOCV,Augmented,Thickness_mean,,,,41,41,19,OFAT,9.2675,12.032759289766325
loocv_ref,Augmented|LOOCV,,GPR,49,LOOCV,Augmented,Thickness_mean,,,,42,44,26,DOE,5.285,4.120382261924638
loocv_ref,Augmented|LOOCV,,GPR,49,LOOCV,Augmented,Thickness_mean,,,,43,45,27,DOE,29.6975,24.891161227152406
loocv_ref,Augmented|LOOCV,,GPR,49,LOOCV,Augmented,Thickness_mean,,,,44,43,25,DOE,1.05,1.2205623487406463
loocv_ref,Augmented|LOOCV,,GPR,49,LOOCV,Augmented,Thickness_mean,,,,45,46,28,DOE,31.682500000000005,23.089930923184266
loocv_ref,Augmented|LOOCV,,GPR,49,LOOCV,Augmented,Thickness_mean,,,,46,42,24,DOE,1.0625,0.8215442687061199
loocv_ref,Augmented|LOOCV,,GPR,49,LOOCV,Augmented,Thickness_mean,,,,47,49,31,DOE,25.6225,26.360545783857738
loocv_ref,Augmented|LOOCV,,GPR,49,LOOCV,Augmented,Thickness_mean,,,,48,54,36,DOE,4.335,5.4319395442608105
loocv_ref,Augmented|LOOCV,,GPR,49,LOOCV,Augmented,Thickness_mean,,,,49,52,34,DOE,22.5,30.05745418718338
loocv_ref,Augmented|LOOCV,,GPR,49,LOOCV,Augmented,Thickness_mean,,,,50,47,29,DOE,1.0525000000000002,1.510671461496841
loocv_ref,Augmented|LOOCV,,GPR,49,LOOCV,Augmented,Thickness_mean,,,,51,51,33,DOE,1.1124999999999998,0.5256069604329099
loocv_ref,Augmented|LOOCV,,GPR,49,LOOCV,Augmented,Thickness_mean,,,,52,53,35,DOE,1.285,1.7112773659287246
loocv_ref,Augmented|LOOCV,,GPR,49,LOOCV,Augmented,Thickness_mean,,,,53,56,38,DOE,21.8925,27.60146233634736
loocv_ref,Augmented|LOOCV,,GPR,49,LOOCV,Augmented,Thickness_mean,,,,54,50,32,DOE,25.37,25.854035192883664
loocv_ref,Augmented|LOOCV,,GPR,49,LOOCV,Augmented,Thickness_mean,,,,55,48,30,DOE,26.11,27.612429945193878
loocv_ref,Augmented|LOOCV,,GPR,49,LOOCV,Augmented,Thickness_mean,,,,56,55,37,DOE,11.3,13.764384395071788
loocv_ref,Augmented|LOOCV,,GPR,50,LOOCV,Augmented,Thickness_mean,,,,0,0,0,OFAT,36.34,18.22071142659763
loocv_ref,Augmented|LOOCV,,GPR,50,LOOCV,Augmented,Thickness_mean,,,,1,1,1,OFAT,19.9225,27.972457390323505
loocv_ref,Augmented|LOOCV,,GPR,50,LOOCV,Augmented,Thickness_mean,,,,2,2,2,OFAT,25.6625,24.900734475944326
loocv_ref,Augmented|LOOCV,,GPR,50,LOOCV,Augmented,Thickness_mean,,,,3,3,3,OFAT,20.2075,17.728742208061036
loocv_ref,Augmented|LOOCV,,GPR,50,LOOCV,Augmented,Thickness_mean,,,,4,4,4,OFAT,15.345,16.84188568157275
loocv_ref,Augmented|LOOCV,,GPR,50,LOOCV,Augmented,Thickness_mean,,,,5,5,5,OFAT,14.265,16.045955484738062
loocv_ref,Augmented|LOOCV,,GPR,50,LOOCV,Augmented,Thickness_mean,,,,6,6,6,OFAT,12.9225,16.577526647969066
loocv_ref,Augmented|LOOCV,,GPR,50,LOOCV,Augmented,Thickness_mean,,,,7,7,7,OFAT,13.2775,16.42755135325637
loocv_ref,Augmented|LOOCV,,GPR,50,LOOCV,Augmented,Thickness_mean,,,,8,8,8,OFAT,15.329999999999998,18.8037131097186
loocv_ref,Augmented|LOOCV,,GPR,50,LOOCV,Augmented,Thickness_mean,,,,9,9,9,OFAT,7.855,12.236537414649078
loocv_ref,Augmented|LOOCV,,GPR,50,LOOCV,Augmented,Thickness_mean,,,,10,10,10,OFAT,2.8075,10.481002811157992
loocv_ref,Augmented|LOOCV,,GPR,50,LOOCV,Augmented,Thickness_mean,,,,11,11,11,OFAT,7.7875,10.184512497656975
loocv_ref,Augmented|LOOCV,,GPR,50,LOOCV,Augmented,Thickness_mean,,,,12,12,11,OFAT,9.105,9.585094778451696
loocv_ref,Augmented|LOOCV,,GPR,50,LOOCV,Augmented,Thickness_mean,,,,13,13,12,OFAT,7.734999999999999,9.216360654717873
loocv_ref,Augmented|LOOCV,,GPR,50,LOOCV,Augmented,Thickness_mean,,,,14,14,10,OFAT,6.8225,9.959156044999226
loocv_ref,Augmented|LOOCV,,GPR,50,LOOCV,Augmented,Thickness_mean,,,,15,15,10,OFAT,14.995,8.986522574062747
loocv_ref,Augmented|LOOCV,,GPR,50,LOOCV,Augmented,Thickness_mean,,,,16,16,13,OFAT,14.025,10.55560986412575
loocv_ref,Augmented|LOOCV,,GPR,50,LOOCV,Augmented,Thickness_mean,,,,17,17,10,OFAT,9.0475,9.67411719446149
loocv_ref,Augmented|LOOCV,,GPR,50,LOOCV,Augmented,Thickness_mean,,,,18,18,14,OFAT,22.225,22.316865701081824
loocv_ref,Augmented|LOOCV,,GPR,50,LOOCV,Augmented,Thickness_mean,,,,19,19,14,OFAT,25.935,21.76923309657324
loocv_ref,Augmented|LOOCV,,GPR,50,LOOCV,Augmented,Thickness_mean,,,,20,20,15,OFAT,7.03,5.79832138121801
loocv_ref,Augmented|LOOCV,,GPR,50,LOOCV,Augmented,Thickness_mean,,,,21,21,16,OFAT,13.5325,10.190545793730347
loocv_ref,Augmented|LOOCV,,GPR,50,LOOCV,Augmented,Thickness_mean,,,,22,22,14,OFAT,25.29,21.853971808064454
loocv_ref,Augmented|LOOCV,,GPR,50,LOOCV,Augmented,Thickness_mean,,,,23,23,14,OFAT,21.965,22.360792878273863
loocv_ref,Augmented|LOOCV,,GPR,50,LOOCV,Augmented,Thickness_mean,,,,24,24,14,OFAT,23.082500000000003,22.176926238001414
loocv_ref,Augmented|LOOCV,,GPR,50,LOOCV,Augmented,Thickness_mean,,,,25,25,14,OFAT,21.262500000000003,22.48268129629539
loocv_ref,Augmented|LOOCV,,GPR,50,LOOCV,Augmented,Thickness_mean,,,,26,26,17,OFAT,17.8275,18.914759098918854
loocv_ref,Augmented|LOOCV,,GPR,50,LOOCV,Augmented,Thickness_mean,,,,27,27,17,OFAT,17.345,19.04149770262665
loocv_ref,Augmented|LOOCV,,GPR,50,LOOCV,Augmented,Thickness_mean,,,,28,28,17,OFAT,24.4925,17.46069620298717
loocv_ref,Augmented|LOOCV,,GPR,50,LOOCV,Augmented,Thickness_mean,,,,29,29,17,OFAT,17.695,18.949564703234515
loocv_ref,Augmented|LOOCV,,GPR,50,LOOCV,Augmented,Thickness_mean,,,,30,30,17,OFAT,16.814999999999998,19.174778974094792
loocv_ref,Augmented|LOOCV,,GPR,50,LOOCV,Augmented,Thickness_mean,,,,31,31,18,OFAT,14.9425,18.077985617556976
loocv_ref,Augmented|LOOCV,,GPR,50,LOOCV,Augmented,Thickness_mean,,,,32,32,19,OFAT,9.9625,11.954527968926591
loocv_ref,Augmented|LOOCV,,GPR,50,LOOCV,Augmented,Thickness_mean,,,,33,33,20,OFAT,4.855,6.284193472405752
loocv_ref,Augmented|LOOCV,,GPR,50,LOOCV,Augmented,Thickness_mean,,,,34,34,21,OFAT,1.2375,3.3429667968213135
loocv_ref,Augmented|LOOCV,,GPR,50,LOOCV,Augmented,Thickness_mean,,,,35,35,22,OFAT,2.0275,3.4436992055870554
loocv_ref,Augmented|LOOCV,,GPR,50,LOOCV,Augmented,Thickness_mean,,,,36,36,23,OFAT,3.535,4.458674708799919
loocv_ref,Augmented|LOOCV,,GPR,50,LOOCV,Augmented,Thickness_mean,,,,37,37,20,OFAT,8.6425,5.7953111774722075
loocv_ref,Augmented|LOOCV,,GPR,50,LOOCV,Augmented,Thickness_mean,,,,38,38,19,OFAT,12.75,11.662004188343229
loocv_ref,Augmented|LOOCV,,GPR,50,LOOCV,Augmented,Thickness_mean,,,,39,39,18,OFAT,16.965,17.472839363900768
loocv_ref,Augmented|LOOCV,,GPR,50,LOOCV,Augmented,Thickness_mean,,,,40,40,19,OFAT,19.6525,11.019314624699067
loocv_ref,Augmented|LOOCV,,GPR,50,LOOCV,Augmented,Thickness_mean,,,,41,41,19,OFAT,9.2675,12.032760171988008
loocv_ref,Augmented|LOOCV,,GPR,50,LOOCV,Augmented,Thickness_mean,,,,42,44,26,DOE,5.285,4.120374413527204
loocv_ref,Augmented|LOOCV,,GPR,50,LOOCV,Augmented,Thickness_mean,,,,43,45,27,DOE,29.6975,24.89116154198231
loocv_ref,Augmented|LOOCV,,GPR,50,LOOCV,Augmented,Thickness_mean,,,,44,43,25,DOE,1.05,1.2205611166061967
loocv_ref,Augmented|LOOCV,,GPR,50,LOOCV,Augmented,Thickness_mean,,,,45,46,28,DOE,31.682500000000005,23.089932238139532
loocv_ref,Augmented|LOOCV,,GPR,50,LOOCV,Augmented,Thickness_mean,,,,46,42,24,DOE,1.0625,0.8215490891747859
loocv_ref,Augmented|LOOCV,,GPR,50,LOOCV,Augmented,Thickness_mean,,,,47,49,31,DOE,25.6225,26.36054630307877
loocv_ref,Augmented|LOOCV,,GPR,50,LOOCV,Augmented,Thickness_mean,,,,48,54,36,DOE,4.335,5.431941781887593
loocv_ref,Augmented|LOOCV,,GPR,50,LOOCV,Augmented,Thickness_mean,,,,49,52,34,DOE,22.5,30.05745165201494
loocv_ref,Augmented|LOOCV,,GPR,50,LOOCV,Augmented,Thickness_mean,,,,50,47,29,DOE,1.0525000000000002,1.5106637806753458
loocv_ref,Augmented|LOOCV,,GPR,50,LOOCV,Augmented,Thickness_mean,,,,51,51,33,DOE,1.1124999999999998,0.5256069058647217
loocv_ref,Augmented|LOOCV,,GPR,50,LOOCV,Augmented,Thickness_mean,,,,52,53,35,DOE,1.285,1.7112771882183857
loocv_ref,Augmented|LOOCV,,GPR,50,LOOCV,Augmented,Thickness_mean,,,,53,56,38,DOE,21.8925,27.601462580530104
loocv_ref,Augmented|LOOCV,,GPR,50,LOOCV,Augmented,Thickness_mean,,,,54,50,32,DOE,25.37,25.854037231583305
loocv_ref,Augmented|LOOCV,,GPR,50,LOOCV,Augmented,Thickness_mean,,,,55,48,30,DOE,26.11,27.612426460035323
loocv_ref,Augmented|LOOCV,,GPR,50,LOOCV,Augmented,Thickness_mean,,,,56,55,37,DOE,11.3,13.764384009532797
loocv_ref,Augmented|LOOCV,,GPR,51,LOOCV,Augmented,Thickness_mean,,,,0,0,0,OFAT,36.34,18.22071391556741
loocv_ref,Augmented|LOOCV,,GPR,51,LOOCV,Augmented,Thickness_mean,,,,1,1,1,OFAT,19.9225,27.9724458432541
loocv_ref,Augmented|LOOCV,,GPR,51,LOOCV,Augmented,Thickness_mean,,,,2,2,2,OFAT,25.6625,24.900732363722412
loocv_ref,Augmented|LOOCV,,GPR,51,LOOCV,Augmented,Thickness_mean,,,,3,3,3,OFAT,20.2075,17.728742714758184
loocv_ref,Augmented|LOOCV,,GPR,51,LOOCV,Augmented,Thickness_mean,,,,4,4,4,OFAT,15.345,16.841885098062313
loocv_ref,Augmented|LOOCV,,GPR,51,LOOCV,Augmented,Thickness_mean,,,,5,5,5,OFAT,14.265,16.04596563028721
loocv_ref,Augmented|LOOCV,,GPR,51,LOOCV,Augmented,Thickness_mean,,,,6,6,6,OFAT,12.9225,16.57753462623436
loocv_ref,Augmented|LOOCV,,GPR,51,LOOCV,Augmented,Thickness_mean,,,,7,7,7,OFAT,13.2775,16.427540711546843
loocv_ref,Augmented|LOOCV,,GPR,51,LOOCV,Augmented,Thickness_mean,,,,8,8,8,OFAT,15.329999999999998,18.80371096473148
loocv_ref,Augmented|LOOCV,,GPR,51,LOOCV,Augmented,Thickness_mean,,,,9,9,9,OFAT,7.855,12.23653213316371
loocv_ref,Augmented|LOOCV,,GPR,51,LOOCV,Augmented,Thickness_mean,,,,10,10,10,OFAT,2.8075,10.48100422584551
loocv_ref,Augmented|LOOCV,,GPR,51,LOOCV,Augmented,Thickness_mean,,,,11,11,11,OFAT,7.7875,10.184512446458083
loocv_ref,Augmented|LOOCV,,GPR,51,LOOCV,Augmented,Thickness_mean,,,,12,12,11,OFAT,9.105,9.585093762692217
loocv_ref,Augmented|LOOCV,,GPR,51,LOOCV,Augmented,Thickness_mean,,,,13,13,12,OFAT,7.734999999999999,9.216358657981132
loocv_ref,Augmented|LOOCV,,GPR,51,LOOCV,Augmented,Thickness_mean,,,,14,14,10,OFAT,6.8225,9.959158563339193
loocv_ref,Augmented|LOOCV,,GPR,51,LOOCV,Augmented,Thickness_mean,,,,15,15,10,OFAT,14.995,8.98652234016837
loocv_ref,Augmented|LOOCV,,GPR,51,LOOCV,Augmented,Thickness_mean,,,,16,16,13,OFAT,14.025,10.5556111849878
loocv_ref,Augmented|LOOCV,,GPR,51,LOOCV,Augmented,Thickness_mean,,,,17,17,10,OFAT,9.0475,9.674117260956324
loocv_ref,Augmented|LOOCV,,GPR,51,LOOCV,Augmented,Thickness_mean,,,,18,18,14,OFAT,22.225,22.316866470411966
loocv_ref,Augmented|LOOCV,,GPR,51,LOOCV,Augmented,Thickness_mean,,,,19,19,14,OFAT,25.935,21.769231546140645
loocv_ref,Augmented|LOOCV,,GPR,51,LOOCV,Augmented,Thickness_mean,,,,20,20,15,OFAT,7.03,5.7983208401105895
loocv_ref,Augmented|LOOCV,,GPR,51,LOOCV,Augmented,Thickness_mean,,,,21,21,16,OFAT,13.5325,10.190547423965238
loocv_ref,Augmented|LOOCV,,GPR,51,LOOCV,Augmented,Thickness_mean,,,,22,22,14,OFAT,25.29,21.853971286944976
loocv_ref,Augmented|LOOCV,,GPR,51,LOOCV,Augmented,Thickness_mean,,,,23,23,14,OFAT,21.965,22.360794406548305
loocv_ref,Augmented|LOOCV,,GPR,51,LOOCV,Augmented,Thickness_mean,,,,24,24,14,OFAT,23.082500000000003,22.176926238001414
loocv_ref,Augmented|LOOCV,,GPR,51,LOOCV,Augmented,Thickness_mean,,,,25,25,14,OFAT,21.262500000000003,22.482680916085876
loocv_ref,Augmented|LOOCV,,GPR,51,LOOCV,Augmented,Thickness_mean,,,,26,26,17,OFAT,17.8275,18.914755066322687
loocv_ref,Augmented|LOOCV,,GPR,51,LOOCV,Augmented,Thickness_mean,,,,27,27,17,OFAT,17.345,19.04149630627144
loocv_ref,Augmented|LOOCV,,GPR,51,LOOCV,Augmented,Thickness_mean,,,,28,28,17,OFAT,24.4925,17.460694904284185
loocv_ref,Augmented|LOOCV,,GPR,51,LOOCV,Augmented,Thickness_mean,,,,29,29,17,OFAT,17.695,18.949559362129776
loocv_ref,Augmented|LOOCV,,GPR,51,LOOCV,Augmented,Thickness_mean,,,,30,30,17,OFAT,16.814999999999998,19.174775126976293
loocv_ref,Augmented|LOOCV,,GPR,51,LOOCV,Augmented,Thickness_mean,,,,31,31,18,OFAT,14.9425,18.077986637025518
loocv_ref,Augmented|LOOCV,,GPR,51,LOOCV,Augmented,Thickness_mean,,,,32,32,19,OFAT,9.9625,11.954525883252762
loocv_ref,Augmented|LOOCV,,GPR,51,LOOCV,Augmented,Thickness_mean,,,,33,33,20,OFAT,4.855,6.284193361152338
loocv_ref,Augmented|LOOCV,,GPR,51,LOOCV,Augmented,Thickness_mean,,,,34,34,21,OFAT,1.2375,3.3429685179273925
loocv_ref,Augmented|LOOCV,,GPR,51,LOOCV,Augmented,Thickness_mean,,,,35,35,22,OFAT,2.0275,3.4436968300673865
loocv_ref,Augmented|LOOCV,,GPR,51,LOOCV,Augmented,Thickness_mean,,,,36,36,23,OFAT,3.535,4.458675019244332
loocv_ref,Augmented|LOOCV,,GPR,51,LOOCV,Augmented,Thickness_mean,,,,37,37,20,OFAT,8.6425,5.79531120858959
loocv_ref,Augmented|LOOCV,,GPR,51,LOOCV,Augmented,Thickness_mean,,,,38,38,19,OFAT,12.75,11.662003945790582
loocv_ref,Augmented|LOOCV,,GPR,51,LOOCV,Augmented,Thickness_mean,,,,39,39,18,OFAT,16.965,17.47284235989262
loocv_ref,Augmented|LOOCV,,GPR,51,LOOCV,Augmented,Thickness_mean,,,,40,40,19,OFAT,19.6525,11.01931463433777
loocv_ref,Augmented|LOOCV,,GPR,51,LOOCV,Augmented,Thickness_mean,,,,41,41,19,OFAT,9.2675,12.03275918388325
loocv_ref,Augmented|LOOCV,,GPR,51,LOOCV,Augmented,Thickness_mean,,,,42,44,26,DOE,5.285,4.120375431811315
loocv_ref,Augmented|LOOCV,,GPR,51,LOOCV,Augmented,Thickness_mean,,,,43,45,27,DOE,29.6975,24.89116232469845
loocv_ref,Augmented|LOOCV,,GPR,51,LOOCV,Augmented,Thickness_mean,,,,44,43,25,DOE,1.05,1.2205607494754922
loocv_ref,Augmented|LOOCV,,GPR,51,LOOCV,Augmented,Thickness_mean,,,,45,46,28,DOE,31.682500000000005,23.08993093567917
loocv_ref,Augmented|LOOCV,,GPR,51,LOOCV,Augmented,Thickness_mean,,,,46,42,24,DOE,1.0625,0.821547106358766
loocv_ref,Augmented|LOOCV,,GPR,51,LOOCV,Augmented,Thickness_mean,,,,47,49,31,DOE,25.6225,26.360544177510288
loocv_ref,Augmented|LOOCV,,GPR,51,LOOCV,Augmented,Thickness_mean,,,,48,54,36,DOE,4.335,5.431941976730222
loocv_ref,Augmented|LOOCV,,GPR,51,LOOCV,Augmented,Thickness_mean,,,,49,52,34,DOE,22.5,30.05745747813836
loocv_ref,Augmented|LOOCV,,GPR,51,LOOCV,Augmented,Thickness_mean,,,,50,47,29,DOE,1.0525000000000002,1.5106689343753317
loocv_ref,Augmented|LOOCV,,GPR,51,LOOCV,Augmented,Thickness_mean,,,,51,51,33,DOE,1.1124999999999998,0.5256061870416886
loocv_ref,Augmented|LOOCV,,GPR,51,LOOCV,Augmented,Thickness_mean,,,,52,53,35,DOE,1.285,1.7112773312266558
loocv_ref,Augmented|LOOCV,,GPR,51,LOOCV,Augmented,Thickness_mean,,,,53,56,38,DOE,21.8925,27.601465423582447
loocv_ref,Augmented|LOOCV,,GPR,51,LOOCV,Augmented,Thickness_mean,,,,54,50,32,DOE,25.37,25.854033119399794
loocv_ref,Augmented|LOOCV,,GPR,51,LOOCV,Augmented,Thickness_mean,,,,55,48,30,DOE,26.11,27.61243052173549
loocv_ref,Augmented|LOOCV,,GPR,51,LOOCV,Augmented,Thickness_mean,,,,56,55,37,DOE,11.3,13.764383654599028
loocv_ref,Augmented|LOCO,,Ridge,42,LOCO,Augmented,Thickness_mean,,,,0,0,0,OFAT,36.34,16.30772745445049
loocv_ref,Augmented|LOCO,,Ridge,42,LOCO,Augmented,Thickness_mean,,,,1,1,1,OFAT,19.9225,20.55789208891946
loocv_ref,Augmented|LOCO,,Ridge,42,LOCO,Augmented,Thickness_mean,,,,2,2,2,OFAT,25.6625,19.412357439762232
loocv_ref,Augmented|LOCO,,Ridge,42,LOCO,Augmented,Thickness_mean,,,,3,3,3,OFAT,20.2075,19.123827142155957
loocv_ref,Augmented|LOCO,,Ridge,42,LOCO,Augmented,Thickness_mean,,,,4,4,4,OFAT,15.345,19.65156695816266
loocv_ref,Augmented|LOCO,,Ridge,42,LOCO,Augmented,Thickness_mean,,,,5,5,5,OFAT,14.265,19.785306463556896
loocv_ref,Augmented|LOCO,,Ridge,42,LOCO,Augmented,Thickness_mean,,,,6,6,6,OFAT,12.9225,20.985140143963317
loocv_ref,Augmented|LOCO,,Ridge,42,LOCO,Augmented,Thickness_mean,,,,7,7,7,OFAT,13.2775,18.167621580254384
loocv_ref,Augmented|LOCO,,Ridge,42,LOCO,Augmented,Thickness_mean,,,,8,8,8,OFAT,15.329999999999998,18.31554940442803
loocv_ref,Augmented|LOCO,,Ridge,42,LOCO,Augmented,Thickness_mean,,,,9,9,9,OFAT,7.855,10.906659564439922
loocv_ref,Augmented|LOCO,,Ridge,42,LOCO,Augmented,Thickness_mean,,,,10,10,10,OFAT,2.8075,9.410722587846028
loocv_ref,Augmented|LOCO,,Ridge,42,LOCO,Augmented,Thickness_mean,,,,11,11,11,OFAT,7.7875,11.426616420171202
loocv_ref,Augmented|LOCO,,Ridge,42,LOCO,Augmented,Thickness_mean,,,,12,12,11,OFAT,9.105,11.426616420171202
loocv_ref,Augmented|LOCO,,Ridge,42,LOCO,Augmented,Thickness_mean,,,,13,13,12,OFAT,7.734999999999999,9.694566827338718
loocv_ref,Augmented|LOCO,,Ridge,42,LOCO,Augmented,Thickness_mean,,,,14,14,10,OFAT,6.8225,9.410722587846028
loocv_ref,Augmented|LOCO,,Ridge,42,LOCO,Augmented,Thickness_mean,,,,15,15,10,OFAT,14.995,9.410722587846028
loocv_ref,Augmented|LOCO,,Ridge,42,LOCO,Augmented,Thickness_mean,,,,16,16,13,OFAT,14.025,10.351275729047023
loocv_ref,Augmented|LOCO,,Ridge,42,LOCO,Augmented,Thickness_mean,,,,17,17,10,OFAT,9.0475,9.410722587846028
loocv_ref,Augmented|LOCO,,Ridge,42,LOCO,Augmented,Thickness_mean,,,,18,18,14,OFAT,22.225,20.46380972569299
loocv_ref,Augmented|LOCO,,Ridge,42,LOCO,Augmented,Thickness_mean,,,,19,19,14,OFAT,25.935,20.46380972569299
loocv_ref,Augmented|LOCO,,Ridge,42,LOCO,Augmented,Thickness_mean,,,,20,20,15,OFAT,7.03,5.77003395191622
loocv_ref,Augmented|LOCO,,Ridge,42,LOCO,Augmented,Thickness_mean,,,,21,21,16,OFAT,13.5325,10.010597759810507
loocv_ref,Augmented|LOCO,,Ridge,42,LOCO,Augmented,Thickness_mean,,,,22,22,14,OFAT,25.29,20.46380972569299
loocv_ref,Augmented|LOCO,,Ridge,42,LOCO,Augmented,Thickness_mean,,,,23,23,14,OFAT,21.965,20.46380972569299
loocv_ref,Augmented|LOCO,,Ridge,42,LOCO,Augmented,Thickness_mean,,,,24,24,14,OFAT,23.082500000000003,20.46380972569299
loocv_ref,Augmented|LOCO,,Ridge,42,LOCO,Augmented,Thickness_mean,,,,25,25,14,OFAT,21.262500000000003,20.46380972569299
loocv_ref,Augmented|LOCO,,Ridge,42,LOCO,Augmented,Thickness_mean,,,,26,26,17,OFAT,17.8275,17.617447109367987
loocv_ref,Augmented|LOCO,,Ridge,42,LOCO,Augmented,Thickness_mean,,,,27,27,17,OFAT,17.345,17.617447109367987
loocv_ref,Augmented|LOCO,,Ridge,42,LOCO,Augmented,Thickness_mean,,,,28,28,17,OFAT,24.4925,17.617447109367987
loocv_ref,Augmented|LOCO,,Ridge,42,LOCO,Augmented,Thickness_mean,,,,29,29,17,OFAT,17.695,17.617447109367987
loocv_ref,Augmented|LOCO,,Ridge,42,LOCO,Augmented,Thickness_mean,,,,30,30,17,OFAT,16.814999999999998,17.617447109367987
loocv_ref,Augmented|LOCO,,Ridge,42,LOCO,Augmented,Thickness_mean,,,,31,31,18,OFAT,14.9425,16.338817364023278
loocv_ref,Augmented|LOCO,,Ridge,42,LOCO,Augmented,Thickness_mean,,,,32,32,19,OFAT,9.9625,11.112369411665606
loocv_ref,Augmented|LOCO,,Ridge,42,LOCO,Augmented,Thickness_mean,,,,33,33,20,OFAT,4.855,6.808197196832915
loocv_ref,Augmented|LOCO,,Ridge,42,LOCO,Augmented,Thickness_mean,,,,34,34,21,OFAT,1.2375,1.5377640660798644
loocv_ref,Augmented|LOCO,,Ridge,42,LOCO,Augmented,Thickness_mean,,,,35,35,22,OFAT,2.0275,2.4049959973193165
loocv_ref,Augmented|LOCO,,Ridge,42,LOCO,Augmented,Thickness_mean,,,,36,36,23,OFAT,3.535,4.138867267247898
loocv_ref,Augmented|LOCO,,Ridge,42,LOCO,Augmented,Thickness_mean,,,,37,37,20,OFAT,8.6425,6.808197196832915
loocv_ref,Augmented|LOCO,,Ridge,42,LOCO,Augmented,Thickness_mean,,,,38,38,19,OFAT,12.75,11.112369411665606
loocv_ref,Augmented|LOCO,,Ridge,42,LOCO,Augmented,Thickness_mean,,,,39,39,18,OFAT,16.965,16.338817364023278
loocv_ref,Augmented|LOCO,,Ridge,42,LOCO,Augmented,Thickness_mean,,,,40,40,19,OFAT,19.6525,11.112369411665606
loocv_ref,Augmented|LOCO,,Ridge,42,LOCO,Augmented,Thickness_mean,,,,41,41,19,OFAT,9.2675,11.112369411665606
loocv_ref,Augmented|LOCO,,Ridge,42,LOCO,Augmented,Thickness_mean,,,,42,44,26,DOE,5.285,5.633031811403905
loocv_ref,Augmented|LOCO,,Ridge,42,LOCO,Augmented,Thickness_mean,,,,43,45,27,DOE,29.6975,27.472171432115637
loocv_ref,Augmented|LOCO,,Ridge,42,LOCO,Augmented,Thickness_mean,,,,44,43,25,DOE,1.05,5.745216140081865
loocv_ref,Augmented|LOCO,,Ridge,42,LOCO,Augmented,Thickness_mean,,,,45,46,28,DOE,31.682500000000005,23.95814146571137
loocv_ref,Augmented|LOCO,,Ridge,42,LOCO,Augmented,Thickness_mean,,,,46,42,24,DOE,1.0625,4.066644866761235
loocv_ref,Augmented|LOCO,,Ridge,42,LOCO,Augmented,Thickness_mean,,,,47,49,31,DOE,25.6225,27.49887638186533
loocv_ref,Augmented|LOCO,,Ridge,42,LOCO,Augmented,Thickness_mean,,,,48,54,36,DOE,4.335,7.81570586913331
loocv_ref,Augmented|LOCO,,Ridge,42,LOCO,Augmented,Thickness_mean,,,,49,52,34,DOE,22.5,28.625652774076453
loocv_ref,Augmented|LOCO,,Ridge,42,LOCO,Augmented,Thickness_mean,,,,50,47,29,DOE,1.0525000000000002,5.598119439931418
loocv_ref,Augmented|LOCO,,Ridge,42,LOCO,Augmented,Thickness_mean,,,,51,51,33,DOE,1.1124999999999998,3.9530100147526053
loocv_ref,Augmented|LOCO,,Ridge,42,LOCO,Augmented,Thickness_mean,,,,52,53,35,DOE,1.285,4.220836017639881
loocv_ref,Augmented|LOCO,,Ridge,42,LOCO,Augmented,Thickness_mean,,,,53,56,38,DOE,21.8925,28.460103783629084
loocv_ref,Augmented|LOCO,,Ridge,42,LOCO,Augmented,Thickness_mean,,,,54,50,32,DOE,25.37,25.222286831660448
loocv_ref,Augmented|LOCO,,Ridge,42,LOCO,Augmented,Thickness_mean,,,,55,48,30,DOE,26.11,21.860011022834456
loocv_ref,Augmented|LOCO,,Ridge,42,LOCO,Augmented,Thickness_mean,,,,56,55,37,DOE,11.3,14.76395828446857
loocv_ref,Augmented|LOCO,,Ridge,43,LOCO,Augmented,Thickness_mean,,,,0,0,0,OFAT,36.34,16.320457846541007
loocv_ref,Augmented|LOCO,,Ridge,43,LOCO,Augmented,Thickness_mean,,,,1,1,1,OFAT,19.9225,20.55789208891946
loocv_ref,Augmented|LOCO,,Ridge,43,LOCO,Augmented,Thickness_mean,,,,2,2,2,OFAT,25.6625,19.412357439762232
loocv_ref,Augmented|LOCO,,Ridge,43,LOCO,Augmented,Thickness_mean,,,,3,3,3,OFAT,20.2075,19.123827142155957
loocv_ref,Augmented|LOCO,,Ridge,43,LOCO,Augmented,Thickness_mean,,,,4,4,4,OFAT,15.345,19.65156695816266
loocv_ref,Augmented|LOCO,,Ridge,43,LOCO,Augmented,Thickness_mean,,,,5,5,5,OFAT,14.265,19.785306463556896
loocv_ref,Augmented|LOCO,,Ridge,43,LOCO,Augmented,Thickness_mean,,,,6,6,6,OFAT,12.9225,20.985140143963317
loocv_ref,Augmented|LOCO,,Ridge,43,LOCO,Augmented,Thickness_mean,,,,7,7,7,OFAT,13.2775,18.167621580254384
loocv_ref,Augmented|LOCO,,Ridge,43,LOCO,Augmented,Thickness_mean,,,,8,8,8,OFAT,15.329999999999998,18.31554940442803
loocv_ref,Augmented|LOCO,,Ridge,43,LOCO,Augmented,Thickness_mean,,,,9,9,9,OFAT,7.855,10.906659564439922
loocv_ref,Augmented|LOCO,,Ridge,43,LOCO,Augmented,Thickness_mean,,,,10,10,10,OFAT,2.8075,9.410722587846028
loocv_ref,Augmented|LOCO,,Ridge,43,LOCO,Augmented,Thickness_mean,,,,11,11,11,OFAT,7.7875,11.233614431410667
loocv_ref,Augmented|LOCO,,Ridge,43,LOCO,Augmented,Thickness_mean,,,,12,12,11,OFAT,9.105,11.233614431410667
loocv_ref,Augmented|LOCO,,Ridge,43,LOCO,Augmented,Thickness_mean,,,,13,13,12,OFAT,7.734999999999999,9.694566827338718
loocv_ref,Augmented|LOCO,,Ridge,43,LOCO,Augmented,Thickness_mean,,,,14,14,10,OFAT,6.8225,9.410722587846028
loocv_ref,Augmented|LOCO,,Ridge,43,LOCO,Augmented,Thickness_mean,,,,15,15,10,OFAT,14.995,9.410722587846028
loocv_ref,Augmented|LOCO,,Ridge,43,LOCO,Augmented,Thickness_mean,,,,16,16,13,OFAT,14.025,10.351275729047023
loocv_ref,Augmented|LOCO,,Ridge,43,LOCO,Augmented,Thickness_mean,,,,17,17,10,OFAT,9.0475,9.410722587846028
loocv_ref,Augmented|LOCO,,Ridge,43,LOCO,Augmented,Thickness_mean,,,,18,18,14,OFAT,22.225,20.46380972569299
loocv_ref,Augmented|LOCO,,Ridge,43,LOCO,Augmented,Thickness_mean,,,,19,19,14,OFAT,25.935,20.46380972569299
loocv_ref,Augmented|LOCO,,Ridge,43,LOCO,Augmented,Thickness_mean,,,,20,20,15,OFAT,7.03,5.77003395191622
loocv_ref,Augmented|LOCO,,Ridge,43,LOCO,Augmented,Thickness_mean,,,,21,21,16,OFAT,13.5325,10.010597759810507
loocv_ref,Augmented|LOCO,,Ridge,43,LOCO,Augmented,Thickness_mean,,,,22,22,14,OFAT,25.29,20.46380972569299
loocv_ref,Augmented|LOCO,,Ridge,43,LOCO,Augmented,Thickness_mean,,,,23,23,14,OFAT,21.965,20.46380972569299
loocv_ref,Augmented|LOCO,,Ridge,43,LOCO,Augmented,Thickness_mean,,,,24,24,14,OFAT,23.082500000000003,20.46380972569299
loocv_ref,Augmented|LOCO,,Ridge,43,LOCO,Augmented,Thickness_mean,,,,25,25,14,OFAT,21.262500000000003,20.46380972569299
loocv_ref,Augmented|LOCO,,Ridge,43,LOCO,Augmented,Thickness_mean,,,,26,26,17,OFAT,17.8275,17.617447109367987
loocv_ref,Augmented|LOCO,,Ridge,43,LOCO,Augmented,Thickness_mean,,,,27,27,17,OFAT,17.345,17.617447109367987
loocv_ref,Augmented|LOCO,,Ridge,43,LOCO,Augmented,Thickness_mean,,,,28,28,17,OFAT,24.4925,17.617447109367987
loocv_ref,Augmented|LOCO,,Ridge,43,LOCO,Augmented,Thickness_mean,,,,29,29,17,OFAT,17.695,17.617447109367987
loocv_ref,Augmented|LOCO,,Ridge,43,LOCO,Augmented,Thickness_mean,,,,30,30,17,OFAT,16.814999999999998,17.617447109367987
loocv_ref,Augmented|LOCO,,Ridge,43,LOCO,Augmented,Thickness_mean,,,,31,31,18,OFAT,14.9425,16.691559702120763
loocv_ref,Augmented|LOCO,,Ridge,43,LOCO,Augmented,Thickness_mean,,,,32,32,19,OFAT,9.9625,11.003189943524577
loocv_ref,Augmented|LOCO,,Ridge,43,LOCO,Augmented,Thickness_mean,,,,33,33,20,OFAT,4.855,5.924612362912008
loocv_ref,Augmented|LOCO,,Ridge,43,LOCO,Augmented,Thickness_mean,,,,34,34,21,OFAT,1.2375,1.5377640660798644
loocv_ref,Augmented|LOCO,,Ridge,43,LOCO,Augmented,Thickness_mean,,,,35,35,22,OFAT,2.0275,2.4049959973193165
loocv_ref,Augmented|LOCO,,Ridge,43,LOCO,Augmented,Thickness_mean,,,,36,36,23,OFAT,3.535,4.138867267247898
loocv_ref,Augmented|LOCO,,Ridge,43,LOCO,Augmented,Thickness_mean,,,,37,37,20,OFAT,8.6425,5.924612362912008
loocv_ref,Augmented|LOCO,,Ridge,43,LOCO,Augmented,Thickness_mean,,,,38,38,19,OFAT,12.75,11.003189943524577
loocv_ref,Augmented|LOCO,,Ridge,43,LOCO,Augmented,Thickness_mean,,,,39,39,18,OFAT,16.965,16.691559702120763
loocv_ref,Augmented|LOCO,,Ridge,43,LOCO,Augmented,Thickness_mean,,,,40,40,19,OFAT,19.6525,11.003189943524577
loocv_ref,Augmented|LOCO,,Ridge,43,LOCO,Augmented,Thickness_mean,,,,41,41,19,OFAT,9.2675,11.003189943524577
loocv_ref,Augmented|LOCO,,Ridge,43,LOCO,Augmented,Thickness_mean,,,,42,44,26,DOE,5.285,5.633031811403905
loocv_ref,Augmented|LOCO,,Ridge,43,LOCO,Augmented,Thickness_mean,,,,43,45,27,DOE,29.6975,25.57472763293176
loocv_ref,Augmented|LOCO,,Ridge,43,LOCO,Augmented,Thickness_mean,,,,44,43,25,DOE,1.05,5.745216140081865
loocv_ref,Augmented|LOCO,,Ridge,43,LOCO,Augmented,Thickness_mean,,,,45,46,28,DOE,31.682500000000005,24.55163864930269
loocv_ref,Augmented|LOCO,,Ridge,43,LOCO,Augmented,Thickness_mean,,,,46,42,24,DOE,1.0625,4.066644866761235
loocv_ref,Augmented|LOCO,,Ridge,43,LOCO,Augmented,Thickness_mean,,,,47,49,31,DOE,25.6225,27.49887638186533
loocv_ref,Augmented|LOCO,,Ridge,43,LOCO,Augmented,Thickness_mean,,,,48,54,36,DOE,4.335,7.81570586913331
loocv_ref,Augmented|LOCO,,Ridge,43,LOCO,Augmented,Thickness_mean,,,,49,52,34,DOE,22.5,28.625652774076453
loocv_ref,Augmented|LOCO,,Ridge,43,LOCO,Augmented,Thickness_mean,,,,50,47,29,DOE,1.0525000000000002,3.111565292441604
loocv_ref,Augmented|LOCO,,Ridge,43,LOCO,Augmented,Thickness_mean,,,,51,51,33,DOE,1.1124999999999998,1.8654775797303227
loocv_ref,Augmented|LOCO,,Ridge,43,LOCO,Augmented,Thickness_mean,,,,52,53,35,DOE,1.285,2.7820492962417127
loocv_ref,Augmented|LOCO,,Ridge,43,LOCO,Augmented,Thickness_mean,,,,53,56,38,DOE,21.8925,29.63297414582351
loocv_ref,Augmented|LOCO,,Ridge,43,LOCO,Augmented,Thickness_mean,,,,54,50,32,DOE,25.37,27.211276403218463
loocv_ref,Augmented|LOCO,,Ridge,43,LOCO,Augmented,Thickness_mean,,,,55,48,30,DOE,26.11,22.528275385777206
loocv_ref,Augmented|LOCO,,Ridge,43,LOCO,Augmented,Thickness_mean,,,,56,55,37,DOE,11.3,14.465638003471053
loocv_ref,Augmented|LOCO,,Ridge,44,LOCO,Augmented,Thickness_mean,,,,0,0,0,OFAT,36.34,16.319239058505694
loocv_ref,Augmented|LOCO,,Ridge,44,LOCO,Augmented,Thickness_mean,,,,1,1,1,OFAT,19.9225,20.55789208891946
loocv_ref,Augmented|LOCO,,Ridge,44,LOCO,Augmented,Thickness_mean,,,,2,2,2,OFAT,25.6625,19.412357439762232
loocv_ref,Augmented|LOCO,,Ridge,44,LOCO,Augmented,Thickness_mean,,,,3,3,3,OFAT,20.2075,19.187268967012365
loocv_ref,Augmented|LOCO,,Ridge,44,LOCO,Augmented,Thickness_mean,,,,4,4,4,OFAT,15.345,19.65156695816266
loocv_ref,Augmented|LOCO,,Ridge,44,LOCO,Augmented,Thickness_mean,,,,5,5,5,OFAT,14.265,19.859536933525714
loocv_ref,Augmented|LOCO,,Ridge,44,LOCO,Augmented,Thickness_mean,,,,6,6,6,OFAT,12.9225,21.29447599488228
loocv_ref,Augmented|LOCO,,Ridge,44,LOCO,Augmented,Thickness_mean,,,,7,7,7,OFAT,13.2775,18.21095915997538
loocv_ref,Augmented|LOCO,,Ridge,44,LOCO,Augmented,Thickness_mean,,,,8,8,8,OFAT,15.329999999999998,18.381790826813496
loocv_ref,Augmented|LOCO,,Ridge,44,LOCO,Augmented,Thickness_mean,,,,9,9,9,OFAT,7.855,10.675449971939805
loocv_ref,Augmented|LOCO,,Ridge,44,LOCO,Augmented,Thickness_mean,,,,10,10,10,OFAT,2.8075,9.410722587846028
loocv_ref,Augmented|LOCO,,Ridge,44,LOCO,Augmented,Thickness_mean,,,,11,11,11,OFAT,7.7875,11.233614431410667
loocv_ref,Augmented|LOCO,,Ridge,44,LOCO,Augmented,Thickness_mean,,,,12,12,11,OFAT,9.105,11.233614431410667
loocv_ref,Augmented|LOCO,,Ridge,44,LOCO,Augmented,Thickness_mean,,,,13,13,12,OFAT,7.734999999999999,9.551459892133877
loocv_ref,Augmented|LOCO,,Ridge,44,LOCO,Augmented,Thickness_mean,,,,14,14,10,OFAT,6.8225,9.410722587846028
loocv_ref,Augmented|LOCO,,Ridge,44,LOCO,Augmented,Thickness_mean,,,,15,15,10,OFAT,14.995,9.410722587846028
loocv_ref,Augmented|LOCO,,Ridge,44,LOCO,Augmented,Thickness_mean,,,,16,16,13,OFAT,14.025,10.222237646232145
loocv_ref,Augmented|LOCO,,Ridge,44,LOCO,Augmented,Thickness_mean,,,,17,17,10,OFAT,9.0475,9.410722587846028
loocv_ref,Augmented|LOCO,,Ridge,44,LOCO,Augmented,Thickness_mean,,,,18,18,14,OFAT,22.225,20.46380972569299
loocv_ref,Augmented|LOCO,,Ridge,44,LOCO,Augmented,Thickness_mean,,,,19,19,14,OFAT,25.935,20.46380972569299
loocv_ref,Augmented|LOCO,,Ridge,44,LOCO,Augmented,Thickness_mean,,,,20,20,15,OFAT,7.03,5.450535409364633
loocv_ref,Augmented|LOCO,,Ridge,44,LOCO,Augmented,Thickness_mean,,,,21,21,16,OFAT,13.5325,9.867424358031744
loocv_ref,Augmented|LOCO,,Ridge,44,LOCO,Augmented,Thickness_mean,,,,22,22,14,OFAT,25.29,20.46380972569299
loocv_ref,Augmented|LOCO,,Ridge,44,LOCO,Augmented,Thickness_mean,,,,23,23,14,OFAT,21.965,20.46380972569299
loocv_ref,Augmented|LOCO,,Ridge,44,LOCO,Augmented,Thickness_mean,,,,24,24,14,OFAT,23.082500000000003,20.46380972569299
loocv_ref,Augmented|LOCO,,Ridge,44,LOCO,Augmented,Thickness_mean,,,,25,25,14,OFAT,21.262500000000003,20.46380972569299
loocv_ref,Augmented|LOCO,,Ridge,44,LOCO,Augmented,Thickness_mean,,,,26,26,17,OFAT,17.8275,17.830793860157968
loocv_ref,Augmented|LOCO,,Ridge,44,LOCO,Augmented,Thickness_mean,,,,27,27,17,OFAT,17.345,17.830793860157968
loocv_ref,Augmented|LOCO,,Ridge,44,LOCO,Augmented,Thickness_mean,,,,28,28,17,OFAT,24.4925,17.830793860157968
loocv_ref,Augmented|LOCO,,Ridge,44,LOCO,Augmented,Thickness_mean,,,,29,29,17,OFAT,17.695,17.830793860157968
loocv_ref,Augmented|LOCO,,Ridge,44,LOCO,Augmented,Thickness_mean,,,,30,30,17,OFAT,16.814999999999998,17.830793860157968
loocv_ref,Augmented|LOCO,,Ridge,44,LOCO,Augmented,Thickness_mean,,,,31,31,18,OFAT,14.9425,16.691559702120763
loocv_ref,Augmented|LOCO,,Ridge,44,LOCO,Augmented,Thickness_mean,,,,32,32,19,OFAT,9.9625,11.112369411665606
loocv_ref,Augmented|LOCO,,Ridge,44,LOCO,Augmented,Thickness_mean,,,,33,33,20,OFAT,4.855,5.924612362912008
loocv_ref,Augmented|LOCO,,Ridge,44,LOCO,Augmented,Thickness_mean,,,,34,34,21,OFAT,1.2375,1.0426700074383177
loocv_ref,Augmented|LOCO,,Ridge,44,LOCO,Augmented,Thickness_mean,,,,35,35,22,OFAT,2.0275,1.9455551621113116
loocv_ref,Augmented|LOCO,,Ridge,44,LOCO,Augmented,Thickness_mean,,,,36,36,23,OFAT,3.535,3.7505655204827217
loocv_ref,Augmented|LOCO,,Ridge,44,LOCO,Augmented,Thickness_mean,,,,37,37,20,OFAT,8.6425,5.924612362912008
loocv_ref,Augmented|LOCO,,Ridge,44,LOCO,Augmented,Thickness_mean,,,,38,38,19,OFAT,12.75,11.112369411665606
loocv_ref,Augmented|LOCO,,Ridge,44,LOCO,Augmented,Thickness_mean,,,,39,39,18,OFAT,16.965,16.691559702120763
loocv_ref,Augmented|LOCO,,Ridge,44,LOCO,Augmented,Thickness_mean,,,,40,40,19,OFAT,19.6525,11.112369411665606
loocv_ref,Augmented|LOCO,,Ridge,44,LOCO,Augmented,Thickness_mean,,,,41,41,19,OFAT,9.2675,11.112369411665606
loocv_ref,Augmented|LOCO,,Ridge,44,LOCO,Augmented,Thickness_mean,,,,42,44,26,DOE,5.285,5.633031811403905
loocv_ref,Augmented|LOCO,,Ridge,44,LOCO,Augmented,Thickness_mean,,,,43,45,27,DOE,29.6975,27.472171432115637
loocv_ref,Augmented|LOCO,,Ridge,44,LOCO,Augmented,Thickness_mean,,,,44,43,25,DOE,1.05,4.02313184280294
loocv_ref,Augmented|LOCO,,Ridge,44,LOCO,Augmented,Thickness_mean,,,,45,46,28,DOE,31.682500000000005,24.55163864930269
loocv_ref,Augmented|LOCO,,Ridge,44,LOCO,Augmented,Thickness_mean,,,,46,42,24,DOE,1.0625,1.7521457194851457
loocv_ref,Augmented|LOCO,,Ridge,44,LOCO,Augmented,Thickness_mean,,,,47,49,31,DOE,25.6225,27.49887638186533
loocv_ref,Augmented|LOCO,,Ridge,44,LOCO,Augmented,Thickness_mean,,,,48,54,36,DOE,4.335,7.386258099840811
loocv_ref,Augmented|LOCO,,Ridge,44,LOCO,Augmented,Thickness_mean,,,,49,52,34,DOE,22.5,28.625652774076453
loocv_ref,Augmented|LOCO,,Ridge,44,LOCO,Augmented,Thickness_mean,,,,50,47,29,DOE,1.0525000000000002,4.013356875927325
loocv_ref,Augmented|LOCO,,Ridge,44,LOCO,Augmented,Thickness_mean,,,,51,51,33,DOE,1.1124999999999998,2.612037612957483
loocv_ref,Augmented|LOCO,,Ridge,44,LOCO,Augmented,Thickness_mean,,,,52,53,35,DOE,1.285,3.2604191596558696
loocv_ref,Augmented|LOCO,,Ridge,44,LOCO,Augmented,Thickness_mean,,,,53,56,38,DOE,21.8925,28.460103783629084
loocv_ref,Augmented|LOCO,,Ridge,44,LOCO,Augmented,Thickness_mean,,,,54,50,32,DOE,25.37,26.51481012379498
loocv_ref,Augmented|LOCO,,Ridge,44,LOCO,Augmented,Thickness_mean,,,,55,48,30,DOE,26.11,22.375147330062017
loocv_ref,Augmented|LOCO,,Ridge,44,LOCO,Augmented,Thickness_mean,,,,56,55,37,DOE,11.3,14.56310153615354
loocv_ref,Augmented|LOCO,,Ridge,45,LOCO,Augmented,Thickness_mean,,,,0,0,0,OFAT,36.34,16.316578958163284
loocv_ref,Augmented|LOCO,,Ridge,45,LOCO,Augmented,Thickness_mean,,,,1,1,1,OFAT,19.9225,20.55789208891946
loocv_ref,Augmented|LOCO,,Ridge,45,LOCO,Augmented,Thickness_mean,,,,2,2,2,OFAT,25.6625,19.412357439762232
loocv_ref,Augmented|LOCO,,Ridge,45,LOCO,Augmented,Thickness_mean,,,,3,3,3,OFAT,20.2075,18.917182864960864
loocv_ref,Augmented|LOCO,,Ridge,45,LOCO,Augmented,Thickness_mean,,,,4,4,4,OFAT,15.345,19.65156695816266
loocv_ref,Augmented|LOCO,,Ridge,45,LOCO,Augmented,Thickness_mean,,,,5,5,5,OFAT,14.265,19.785306463556896
loocv_ref,Augmented|LOCO,,Ridge,45,LOCO,Augmented,Thickness_mean,,,,6,6,6,OFAT,12.9225,20.23927776091434
loocv_ref,Augmented|LOCO,,Ridge,45,LOCO,Augmented,Thickness_mean,,,,7,7,7,OFAT,13.2775,17.980852374848418
loocv_ref,Augmented|LOCO,,Ridge,45,LOCO,Augmented,Thickness_mean,,,,8,8,8,OFAT,15.329999999999998,18.0819276583332
loocv_ref,Augmented|LOCO,,Ridge,45,LOCO,Augmented,Thickness_mean,,,,9,9,9,OFAT,7.855,11.487476400455908
loocv_ref,Augmented|LOCO,,Ridge,45,LOCO,Augmented,Thickness_mean,,,,10,10,10,OFAT,2.8075,9.410722587846028
loocv_ref,Augmented|LOCO,,Ridge,45,LOCO,Augmented,Thickness_mean,,,,11,11,11,OFAT,7.7875,11.233614431410667
loocv_ref,Augmented|LOCO,,Ridge,45,LOCO,Augmented,Thickness_mean,,,,12,12,11,OFAT,9.105,11.233614431410667
loocv_ref,Augmented|LOCO,,Ridge,45,LOCO,Augmented,Thickness_mean,,,,13,13,12,OFAT,7.734999999999999,10.098746934104955
loocv_ref,Augmented|LOCO,,Ridge,45,LOCO,Augmented,Thickness_mean,,,,14,14,10,OFAT,6.8225,9.410722587846028
loocv_ref,Augmented|LOCO,,Ridge,45,LOCO,Augmented,Thickness_mean,,,,15,15,10,OFAT,14.995,9.410722587846028
loocv_ref,Augmented|LOCO,,Ridge,45,LOCO,Augmented,Thickness_mean,,,,16,16,13,OFAT,14.025,10.702712641734324
loocv_ref,Augmented|LOCO,,Ridge,45,LOCO,Augmented,Thickness_mean,,,,17,17,10,OFAT,9.0475,9.410722587846028
loocv_ref,Augmented|LOCO,,Ridge,45,LOCO,Augmented,Thickness_mean,,,,18,18,14,OFAT,22.225,20.46380972569299
loocv_ref,Augmented|LOCO,,Ridge,45,LOCO,Augmented,Thickness_mean,,,,19,19,14,OFAT,25.935,20.46380972569299
loocv_ref,Augmented|LOCO,,Ridge,45,LOCO,Augmented,Thickness_mean,,,,20,20,15,OFAT,7.03,5.77003395191622
loocv_ref,Augmented|LOCO,,Ridge,45,LOCO,Augmented,Thickness_mean,,,,21,21,16,OFAT,13.5325,10.010597759810507
loocv_ref,Augmented|LOCO,,Ridge,45,LOCO,Augmented,Thickness_mean,,,,22,22,14,OFAT,25.29,20.46380972569299
loocv_ref,Augmented|LOCO,,Ridge,45,LOCO,Augmented,Thickness_mean,,,,23,23,14,OFAT,21.965,20.46380972569299
loocv_ref,Augmented|LOCO,,Ridge,45,LOCO,Augmented,Thickness_mean,,,,24,24,14,OFAT,23.082500000000003,20.46380972569299
loocv_ref,Augmented|LOCO,,Ridge,45,LOCO,Augmented,Thickness_mean,,,,25,25,14,OFAT,21.262500000000003,20.46380972569299
loocv_ref,Augmented|LOCO,,Ridge,45,LOCO,Augmented,Thickness_mean,,,,26,26,17,OFAT,17.8275,17.617447109367987
loocv_ref,Augmented|LOCO,,Ridge,45,LOCO,Augmented,Thickness_mean,,,,27,27,17,OFAT,17.345,17.617447109367987
loocv_ref,Augmented|LOCO,,Ridge,45,LOCO,Augmented,Thickness_mean,,,,28,28,17,OFAT,24.4925,17.617447109367987
loocv_ref,Augmented|LOCO,,Ridge,45,LOCO,Augmented,Thickness_mean,,,,29,29,17,OFAT,17.695,17.617447109367987
loocv_ref,Augmented|LOCO,,Ridge,45,LOCO,Augmented,Thickness_mean,,,,30,30,17,OFAT,16.814999999999998,17.617447109367987
loocv_ref,Augmented|LOCO,,Ridge,45,LOCO,Augmented,Thickness_mean,,,,31,31,18,OFAT,14.9425,16.691559702120763
loocv_ref,Augmented|LOCO,,Ridge,45,LOCO,Augmented,Thickness_mean,,,,32,32,19,OFAT,9.9625,11.112369411665606
loocv_ref,Augmented|LOCO,,Ridge,45,LOCO,Augmented,Thickness_mean,,,,33,33,20,OFAT,4.855,5.924612362912008
loocv_ref,Augmented|LOCO,,Ridge,45,LOCO,Augmented,Thickness_mean,,,,34,34,21,OFAT,1.2375,1.5377640660798644
loocv_ref,Augmented|LOCO,,Ridge,45,LOCO,Augmented,Thickness_mean,,,,35,35,22,OFAT,2.0275,2.4049959973193165
loocv_ref,Augmented|LOCO,,Ridge,45,LOCO,Augmented,Thickness_mean,,,,36,36,23,OFAT,3.535,4.138867267247898
loocv_ref,Augmented|LOCO,,Ridge,45,LOCO,Augmented,Thickness_mean,,,,37,37,20,OFAT,8.6425,5.924612362912008
loocv_ref,Augmented|LOCO,,Ridge,45,LOCO,Augmented,Thickness_mean,,,,38,38,19,OFAT,12.75,11.112369411665606
loocv_ref,Augmented|LOCO,,Ridge,45,LOCO,Augmented,Thickness_mean,,,,39,39,18,OFAT,16.965,16.691559702120763
loocv_ref,Augmented|LOCO,,Ridge,45,LOCO,Augmented,Thickness_mean,,,,40,40,19,OFAT,19.6525,11.112369411665606
loocv_ref,Augmented|LOCO,,Ridge,45,LOCO,Augmented,Thickness_mean,,,,41,41,19,OFAT,9.2675,11.112369411665606
loocv_ref,Augmented|LOCO,,Ridge,45,LOCO,Augmented,Thickness_mean,,,,42,44,26,DOE,5.285,6.8783522632272165
loocv_ref,Augmented|LOCO,,Ridge,45,LOCO,Augmented,Thickness_mean,,,,43,45,27,DOE,29.6975,27.472171432115637
loocv_ref,Augmented|LOCO,,Ridge,45,LOCO,Augmented,Thickness_mean,,,,44,43,25,DOE,1.05,4.482064977715671
loocv_ref,Augmented|LOCO,,Ridge,45,LOCO,Augmented,Thickness_mean,,,,45,46,28,DOE,31.682500000000005,23.95814146571137
loocv_ref,Augmented|LOCO,,Ridge,45,LOCO,Augmented,Thickness_mean,,,,46,42,24,DOE,1.0625,4.066644866761235
loocv_ref,Augmented|LOCO,,Ridge,45,LOCO,Augmented,Thickness_mean,,,,47,49,31,DOE,25.6225,27.49887638186533
loocv_ref,Augmented|LOCO,,Ridge,45,LOCO,Augmented,Thickness_mean,,,,48,54,36,DOE,4.335,7.386258099840811
loocv_ref,Augmented|LOCO,,Ridge,45,LOCO,Augmented,Thickness_mean,,,,49,52,34,DOE,22.5,28.625652774076453
loocv_ref,Augmented|LOCO,,Ridge,45,LOCO,Augmented,Thickness_mean,,,,50,47,29,DOE,1.0525000000000002,4.013356875927325
loocv_ref,Augmented|LOCO,,Ridge,45,LOCO,Augmented,Thickness_mean,,,,51,51,33,DOE,1.1124999999999998,2.612037612957483
loocv_ref,Augmented|LOCO,,Ridge,45,LOCO,Augmented,Thickness_mean,,,,52,53,35,DOE,1.285,3.2604191596558696
loocv_ref,Augmented|LOCO,,Ridge,45,LOCO,Augmented,Thickness_mean,,,,53,56,38,DOE,21.8925,28.460103783629084
loocv_ref,Augmented|LOCO,,Ridge,45,LOCO,Augmented,Thickness_mean,,,,54,50,32,DOE,25.37,26.51481012379498
loocv_ref,Augmented|LOCO,,Ridge,45,LOCO,Augmented,Thickness_mean,,,,55,48,30,DOE,26.11,22.375147330062017
loocv_ref,Augmented|LOCO,,Ridge,45,LOCO,Augmented,Thickness_mean,,,,56,55,37,DOE,11.3,14.56310153615354
loocv_ref,Augmented|LOCO,,Ridge,46,LOCO,Augmented,Thickness_mean,,,,0,0,0,OFAT,36.34,16.316578958163284
loocv_ref,Augmented|LOCO,,Ridge,46,LOCO,Augmented,Thickness_mean,,,,1,1,1,OFAT,19.9225,19.94799297210831
loocv_ref,Augmented|LOCO,,Ridge,46,LOCO,Augmented,Thickness_mean,,,,2,2,2,OFAT,25.6625,19.04196214174722
loocv_ref,Augmented|LOCO,,Ridge,46,LOCO,Augmented,Thickness_mean,,,,3,3,3,OFAT,20.2075,18.917182864960864
loocv_ref,Augmented|LOCO,,Ridge,46,LOCO,Augmented,Thickness_mean,,,,4,4,4,OFAT,15.345,19.65156695816266
loocv_ref,Augmented|LOCO,,Ridge,46,LOCO,Augmented,Thickness_mean,,,,5,5,5,OFAT,14.265,19.785306463556896
loocv_ref,Augmented|LOCO,,Ridge,46,LOCO,Augmented,Thickness_mean,,,,6,6,6,OFAT,12.9225,20.23927776091434
loocv_ref,Augmented|LOCO,,Ridge,46,LOCO,Augmented,Thickness_mean,,,,7,7,7,OFAT,13.2775,18.167621580254384
loocv_ref,Augmented|LOCO,,Ridge,46,LOCO,Augmented,Thickness_mean,,,,8,8,8,OFAT,15.329999999999998,18.31554940442803
loocv_ref,Augmented|LOCO,,Ridge,46,LOCO,Augmented,Thickness_mean,,,,9,9,9,OFAT,7.855,10.906659564439922
loocv_ref,Augmented|LOCO,,Ridge,46,LOCO,Augmented,Thickness_mean,,,,10,10,10,OFAT,2.8075,9.208257092204201
loocv_ref,Augmented|LOCO,,Ridge,46,LOCO,Augmented,Thickness_mean,,,,11,11,11,OFAT,7.7875,11.186139706819374
loocv_ref,Augmented|LOCO,,Ridge,46,LOCO,Augmented,Thickness_mean,,,,12,12,11,OFAT,9.105,11.186139706819374
loocv_ref,Augmented|LOCO,,Ridge,46,LOCO,Augmented,Thickness_mean,,,,13,13,12,OFAT,7.734999999999999,9.694566827338718
loocv_ref,Augmented|LOCO,,Ridge,46,LOCO,Augmented,Thickness_mean,,,,14,14,10,OFAT,6.8225,9.208257092204201
loocv_ref,Augmented|LOCO,,Ridge,46,LOCO,Augmented,Thickness_mean,,,,15,15,10,OFAT,14.995,9.208257092204201
loocv_ref,Augmented|LOCO,,Ridge,46,LOCO,Augmented,Thickness_mean,,,,16,16,13,OFAT,14.025,10.351275729047023
loocv_ref,Augmented|LOCO,,Ridge,46,LOCO,Augmented,Thickness_mean,,,,17,17,10,OFAT,9.0475,9.208257092204201
loocv_ref,Augmented|LOCO,,Ridge,46,LOCO,Augmented,Thickness_mean,,,,18,18,14,OFAT,22.225,20.46380972569299
loocv_ref,Augmented|LOCO,,Ridge,46,LOCO,Augmented,Thickness_mean,,,,19,19,14,OFAT,25.935,20.46380972569299
loocv_ref,Augmented|LOCO,,Ridge,46,LOCO,Augmented,Thickness_mean,,,,20,20,15,OFAT,7.03,5.77003395191622
loocv_ref,Augmented|LOCO,,Ridge,46,LOCO,Augmented,Thickness_mean,,,,21,21,16,OFAT,13.5325,10.010597759810507
loocv_ref,Augmented|LOCO,,Ridge,46,LOCO,Augmented,Thickness_mean,,,,22,22,14,OFAT,25.29,20.46380972569299
loocv_ref,Augmented|LOCO,,Ridge,46,LOCO,Augmented,Thickness_mean,,,,23,23,14,OFAT,21.965,20.46380972569299
loocv_ref,Augmented|LOCO,,Ridge,46,LOCO,Augmented,Thickness_mean,,,,24,24,14,OFAT,23.082500000000003,20.46380972569299
loocv_ref,Augmented|LOCO,,Ridge,46,LOCO,Augmented,Thickness_mean,,,,25,25,14,OFAT,21.262500000000003,20.46380972569299
loocv_ref,Augmented|LOCO,,Ridge,46,LOCO,Augmented,Thickness_mean,,,,26,26,17,OFAT,17.8275,17.617447109367987
loocv_ref,Augmented|LOCO,,Ridge,46,LOCO,Augmented,Thickness_mean,,,,27,27,17,OFAT,17.345,17.617447109367987
loocv_ref,Augmented|LOCO,,Ridge,46,LOCO,Augmented,Thickness_mean,,,,28,28,17,OFAT,24.4925,17.617447109367987
loocv_ref,Augmented|LOCO,,Ridge,46,LOCO,Augmented,Thickness_mean,,,,29,29,17,OFAT,17.695,17.617447109367987
loocv_ref,Augmented|LOCO,,Ridge,46,LOCO,Augmented,Thickness_mean,,,,30,30,17,OFAT,16.814999999999998,17.617447109367987
loocv_ref,Augmented|LOCO,,Ridge,46,LOCO,Augmented,Thickness_mean,,,,31,31,18,OFAT,14.9425,16.825083835479955
loocv_ref,Augmented|LOCO,,Ridge,46,LOCO,Augmented,Thickness_mean,,,,32,32,19,OFAT,9.9625,11.003189943524577
loocv_ref,Augmented|LOCO,,Ridge,46,LOCO,Augmented,Thickness_mean,,,,33,33,20,OFAT,4.855,5.596515719386261
loocv_ref,Augmented|LOCO,,Ridge,46,LOCO,Augmented,Thickness_mean,,,,34,34,21,OFAT,1.2375,1.5377640660798644
loocv_ref,Augmented|LOCO,,Ridge,46,LOCO,Augmented,Thickness_mean,,,,35,35,22,OFAT,2.0275,2.4049959973193165
loocv_ref,Augmented|LOCO,,Ridge,46,LOCO,Augmented,Thickness_mean,,,,36,36,23,OFAT,3.535,4.138867267247898
loocv_ref,Augmented|LOCO,,Ridge,46,LOCO,Augmented,Thickness_mean,,,,37,37,20,OFAT,8.6425,5.596515719386261
loocv_ref,Augmented|LOCO,,Ridge,46,LOCO,Augmented,Thickness_mean,,,,38,38,19,OFAT,12.75,11.003189943524577
loocv_ref,Augmented|LOCO,,Ridge,46,LOCO,Augmented,Thickness_mean,,,,39,39,18,OFAT,16.965,16.825083835479955
loocv_ref,Augmented|LOCO,,Ridge,46,LOCO,Augmented,Thickness_mean,,,,40,40,19,OFAT,19.6525,11.003189943524577
loocv_ref,Augmented|LOCO,,Ridge,46,LOCO,Augmented,Thickness_mean,,,,41,41,19,OFAT,9.2675,11.003189943524577
loocv_ref,Augmented|LOCO,,Ridge,46,LOCO,Augmented,Thickness_mean,,,,42,44,26,DOE,5.285,5.633031811403905
loocv_ref,Augmented|LOCO,,Ridge,46,LOCO,Augmented,Thickness_mean,,,,43,45,27,DOE,29.6975,27.472171432115637
loocv_ref,Augmented|LOCO,,Ridge,46,LOCO,Augmented,Thickness_mean,,,,44,43,25,DOE,1.05,4.482064977715671
loocv_ref,Augmented|LOCO,,Ridge,46,LOCO,Augmented,Thickness_mean,,,,45,46,28,DOE,31.682500000000005,24.55163864930269
loocv_ref,Augmented|LOCO,,Ridge,46,LOCO,Augmented,Thickness_mean,,,,46,42,24,DOE,1.0625,1.7521457194851457
loocv_ref,Augmented|LOCO,,Ridge,46,LOCO,Augmented,Thickness_mean,,,,47,49,31,DOE,25.6225,27.49887638186533
loocv_ref,Augmented|LOCO,,Ridge,46,LOCO,Augmented,Thickness_mean,,,,48,54,36,DOE,4.335,7.271567715317276
loocv_ref,Augmented|LOCO,,Ridge,46,LOCO,Augmented,Thickness_mean,,,,49,52,34,DOE,22.5,29.21371600403828
loocv_ref,Augmented|LOCO,,Ridge,46,LOCO,Augmented,Thickness_mean,,,,50,47,29,DOE,1.0525000000000002,3.4104076793206133
loocv_ref,Augmented|LOCO,,Ridge,46,LOCO,Augmented,Thickness_mean,,,,51,51,33,DOE,1.1124999999999998,2.111810887004914
loocv_ref,Augmented|LOCO,,Ridge,46,LOCO,Augmented,Thickness_mean,,,,52,53,35,DOE,1.285,2.934752257848494
loocv_ref,Augmented|LOCO,,Ridge,46,LOCO,Augmented,Thickness_mean,,,,53,56,38,DOE,21.8925,29.63297414582351
loocv_ref,Augmented|LOCO,,Ridge,46,LOCO,Augmented,Thickness_mean,,,,54,50,32,DOE,25.37,27.211276403218463
loocv_ref,Augmented|LOCO,,Ridge,46,LOCO,Augmented,Thickness_mean,,,,55,48,30,DOE,26.11,22.594368736274618
loocv_ref,Augmented|LOCO,,Ridge,46,LOCO,Augmented,Thickness_mean,,,,56,55,37,DOE,11.3,14.412492473024038
loocv_ref,Augmented|LOCO,,Ridge,47,LOCO,Augmented,Thickness_mean,,,,0,0,0,OFAT,36.34,16.30772745445049
loocv_ref,Augmented|LOCO,,Ridge,47,LOCO,Augmented,Thickness_mean,,,,1,1,1,OFAT,19.9225,20.55789208891946
loocv_ref,Augmented|LOCO,,Ridge,47,LOCO,Augmented,Thickness_mean,,,,2,2,2,OFAT,25.6625,19.552266314585523
loocv_ref,Augmented|LOCO,,Ridge,47,LOCO,Augmented,Thickness_mean,,,,3,3,3,OFAT,20.2075,19.206907759218268
loocv_ref,Augmented|LOCO,,Ridge,47,LOCO,Augmented,Thickness_mean,,,,4,4,4,OFAT,15.345,19.75546093644562
loocv_ref,Augmented|LOCO,,Ridge,47,LOCO,Augmented,Thickness_mean,,,,5,5,5,OFAT,14.265,19.892292827400706
loocv_ref,Augmented|LOCO,,Ridge,47,LOCO,Augmented,Thickness_mean,,,,6,6,6,OFAT,12.9225,21.455076703246718
loocv_ref,Augmented|LOCO,,Ridge,47,LOCO,Augmented,Thickness_mean,,,,7,7,7,OFAT,13.2775,18.221795674487932
loocv_ref,Augmented|LOCO,,Ridge,47,LOCO,Augmented,Thickness_mean,,,,8,8,8,OFAT,15.329999999999998,18.40694743541078
loocv_ref,Augmented|LOCO,,Ridge,47,LOCO,Augmented,Thickness_mean,,,,9,9,9,OFAT,7.855,10.675449971939805
loocv_ref,Augmented|LOCO,,Ridge,47,LOCO,Augmented,Thickness_mean,,,,10,10,10,OFAT,2.8075,9.410722587846028
loocv_ref,Augmented|LOCO,,Ridge,47,LOCO,Augmented,Thickness_mean,,,,11,11,11,OFAT,7.7875,11.233614431410667
loocv_ref,Augmented|LOCO,,Ridge,47,LOCO,Augmented,Thickness_mean,,,,12,12,11,OFAT,9.105,11.233614431410667
loocv_ref,Augmented|LOCO,,Ridge,47,LOCO,Augmented,Thickness_mean,,,,13,13,12,OFAT,7.734999999999999,9.482654824413567
loocv_ref,Augmented|LOCO,,Ridge,47,LOCO,Augmented,Thickness_mean,,,,14,14,10,OFAT,6.8225,9.410722587846028
loocv_ref,Augmented|LOCO,,Ridge,47,LOCO,Augmented,Thickness_mean,,,,15,15,10,OFAT,14.995,9.410722587846028
loocv_ref,Augmented|LOCO,,Ridge,47,LOCO,Augmented,Thickness_mean,,,,16,16,13,OFAT,14.025,10.159060039941949
loocv_ref,Augmented|LOCO,,Ridge,47,LOCO,Augmented,Thickness_mean,,,,17,17,10,OFAT,9.0475,9.410722587846028
loocv_ref,Augmented|LOCO,,Ridge,47,LOCO,Augmented,Thickness_mean,,,,18,18,14,OFAT,22.225,20.46380972569299
loocv_ref,Augmented|LOCO,,Ridge,47,LOCO,Augmented,Thickness_mean,,,,19,19,14,OFAT,25.935,20.46380972569299
loocv_ref,Augmented|LOCO,,Ridge,47,LOCO,Augmented,Thickness_mean,,,,20,20,15,OFAT,7.03,5.293697718953
loocv_ref,Augmented|LOCO,,Ridge,47,LOCO,Augmented,Thickness_mean,,,,21,21,16,OFAT,13.5325,9.79729602897958
loocv_ref,Augmented|LOCO,,Ridge,47,LOCO,Augmented,Thickness_mean,,,,22,22,14,OFAT,25.29,20.46380972569299
loocv_ref,Augmented|LOCO,,Ridge,47,LOCO,Augmented,Thickness_mean,,,,23,23,14,OFAT,21.965,20.46380972569299
loocv_ref,Augmented|LOCO,,Ridge,47,LOCO,Augmented,Thickness_mean,,,,24,24,14,OFAT,23.082500000000003,20.46380972569299
loocv_ref,Augmented|LOCO,,Ridge,47,LOCO,Augmented,Thickness_mean,,,,25,25,14,OFAT,21.262500000000003,20.46380972569299
loocv_ref,Augmented|LOCO,,Ridge,47,LOCO,Augmented,Thickness_mean,,,,26,26,17,OFAT,17.8275,17.617447109367987
loocv_ref,Augmented|LOCO,,Ridge,47,LOCO,Augmented,Thickness_mean,,,,27,27,17,OFAT,17.345,17.617447109367987
loocv_ref,Augmented|LOCO,,Ridge,47,LOCO,Augmented,Thickness_mean,,,,28,28,17,OFAT,24.4925,17.617447109367987
loocv_ref,Augmented|LOCO,,Ridge,47,LOCO,Augmented,Thickness_mean,,,,29,29,17,OFAT,17.695,17.617447109367987
loocv_ref,Augmented|LOCO,,Ridge,47,LOCO,Augmented,Thickness_mean,,,,30,30,17,OFAT,16.814999999999998,17.617447109367987
loocv_ref,Augmented|LOCO,,Ridge,47,LOCO,Augmented,Thickness_mean,,,,31,31,18,OFAT,14.9425,16.825083835479955
loocv_ref,Augmented|LOCO,,Ridge,47,LOCO,Augmented,Thickness_mean,,,,32,32,19,OFAT,9.9625,11.112369411665606
loocv_ref,Augmented|LOCO,,Ridge,47,LOCO,Augmented,Thickness_mean,,,,33,33,20,OFAT,4.855,5.596515719386261
loocv_ref,Augmented|LOCO,,Ridge,47,LOCO,Augmented,Thickness_mean,,,,34,34,21,OFAT,1.2375,0.7994566278003354
loocv_ref,Augmented|LOCO,,Ridge,47,LOCO,Augmented,Thickness_mean,,,,35,35,22,OFAT,2.0275,1.719882958305023
loocv_ref,Augmented|LOCO,,Ridge,47,LOCO,Augmented,Thickness_mean,,,,36,36,23,OFAT,3.535,3.559887010229927
loocv_ref,Augmented|LOCO,,Ridge,47,LOCO,Augmented,Thickness_mean,,,,37,37,20,OFAT,8.6425,5.596515719386261
loocv_ref,Augmented|LOCO,,Ridge,47,LOCO,Augmented,Thickness_mean,,,,38,38,19,OFAT,12.75,11.112369411665606
loocv_ref,Augmented|LOCO,,Ridge,47,LOCO,Augmented,Thickness_mean,,,,39,39,18,OFAT,16.965,16.825083835479955
loocv_ref,Augmented|LOCO,,Ridge,47,LOCO,Augmented,Thickness_mean,,,,40,40,19,OFAT,19.6525,11.112369411665606
loocv_ref,Augmented|LOCO,,Ridge,47,LOCO,Augmented,Thickness_mean,,,,41,41,19,OFAT,9.2675,11.112369411665606
loocv_ref,Augmented|LOCO,,Ridge,47,LOCO,Augmented,Thickness_mean,,,,42,44,26,DOE,5.285,5.633031811403905
loocv_ref,Augmented|LOCO,,Ridge,47,LOCO,Augmented,Thickness_mean,,,,43,45,27,DOE,29.6975,27.472171432115637
loocv_ref,Augmented|LOCO,,Ridge,47,LOCO,Augmented,Thickness_mean,,,,44,43,25,DOE,1.05,4.482064977715671
loocv_ref,Augmented|LOCO,,Ridge,47,LOCO,Augmented,Thickness_mean,,,,45,46,28,DOE,31.682500000000005,24.55163864930269
loocv_ref,Augmented|LOCO,,Ridge,47,LOCO,Augmented,Thickness_mean,,,,46,42,24,DOE,1.0625,1.7521457194851457
loocv_ref,Augmented|LOCO,,Ridge,47,LOCO,Augmented,Thickness_mean,,,,47,49,31,DOE,25.6225,27.49887638186533
loocv_ref,Augmented|LOCO,,Ridge,47,LOCO,Augmented,Thickness_mean,,,,48,54,36,DOE,4.335,7.386258099840811
loocv_ref,Augmented|LOCO,,Ridge,47,LOCO,Augmented,Thickness_mean,,,,49,52,34,DOE,22.5,28.625652774076453
loocv_ref,Augmented|LOCO,,Ridge,47,LOCO,Augmented,Thickness_mean,,,,50,47,29,DOE,1.0525000000000002,4.013356875927325
loocv_ref,Augmented|LOCO,,Ridge,47,LOCO,Augmented,Thickness_mean,,,,51,51,33,DOE,1.1124999999999998,2.612037612957483
loocv_ref,Augmented|LOCO,,Ridge,47,LOCO,Augmented,Thickness_mean,,,,52,53,35,DOE,1.285,3.2604191596558696
loocv_ref,Augmented|LOCO,,Ridge,47,LOCO,Augmented,Thickness_mean,,,,53,56,38,DOE,21.8925,28.460103783629084
loocv_ref,Augmented|LOCO,,Ridge,47,LOCO,Augmented,Thickness_mean,,,,54,50,32,DOE,25.37,26.51481012379498
loocv_ref,Augmented|LOCO,,Ridge,47,LOCO,Augmented,Thickness_mean,,,,55,48,30,DOE,26.11,22.375147330062017
loocv_ref,Augmented|LOCO,,Ridge,47,LOCO,Augmented,Thickness_mean,,,,56,55,37,DOE,11.3,14.56310153615354
loocv_ref,Augmented|LOCO,,Ridge,48,LOCO,Augmented,Thickness_mean,,,,0,0,0,OFAT,36.34,16.30772745445049
loocv_ref,Augmented|LOCO,,Ridge,48,LOCO,Augmented,Thickness_mean,,,,1,1,1,OFAT,19.9225,20.8077424916251
loocv_ref,Augmented|LOCO,,Ridge,48,LOCO,Augmented,Thickness_mean,,,,2,2,2,OFAT,25.6625,19.59962572305623
loocv_ref,Augmented|LOCO,,Ridge,48,LOCO,Augmented,Thickness_mean,,,,3,3,3,OFAT,20.2075,19.215876324759716
loocv_ref,Augmented|LOCO,,Ridge,48,LOCO,Augmented,Thickness_mean,,,,4,4,4,OFAT,15.345,19.723448427129995
loocv_ref,Augmented|LOCO,,Ridge,48,LOCO,Augmented,Thickness_mean,,,,5,5,5,OFAT,14.265,19.859536933525714
loocv_ref,Augmented|LOCO,,Ridge,48,LOCO,Augmented,Thickness_mean,,,,6,6,6,OFAT,12.9225,21.455076703246718
loocv_ref,Augmented|LOCO,,Ridge,48,LOCO,Augmented,Thickness_mean,,,,7,7,7,OFAT,13.2775,18.226222161657216
loocv_ref,Augmented|LOCO,,Ridge,48,LOCO,Augmented,Thickness_mean,,,,8,8,8,OFAT,15.329999999999998,18.409604059212445
loocv_ref,Augmented|LOCO,,Ridge,48,LOCO,Augmented,Thickness_mean,,,,9,9,9,OFAT,7.855,10.55835568808647
loocv_ref,Augmented|LOCO,,Ridge,48,LOCO,Augmented,Thickness_mean,,,,10,10,10,OFAT,2.8075,9.208257092204201
loocv_ref,Augmented|LOCO,,Ridge,48,LOCO,Augmented,Thickness_mean,,,,11,11,11,OFAT,7.7875,11.186139706819374
loocv_ref,Augmented|LOCO,,Ridge,48,LOCO,Augmented,Thickness_mean,,,,12,12,11,OFAT,9.105,11.186139706819374
loocv_ref,Augmented|LOCO,,Ridge,48,LOCO,Augmented,Thickness_mean,,,,13,13,12,OFAT,7.734999999999999,9.482654824413567
loocv_ref,Augmented|LOCO,,Ridge,48,LOCO,Augmented,Thickness_mean,,,,14,14,10,OFAT,6.8225,9.208257092204201
loocv_ref,Augmented|LOCO,,Ridge,48,LOCO,Augmented,Thickness_mean,,,,15,15,10,OFAT,14.995,9.208257092204201
loocv_ref,Augmented|LOCO,,Ridge,48,LOCO,Augmented,Thickness_mean,,,,16,16,13,OFAT,14.025,10.159060039941949
loocv_ref,Augmented|LOCO,,Ridge,48,LOCO,Augmented,Thickness_mean,,,,17,17,10,OFAT,9.0475,9.208257092204201
loocv_ref,Augmented|LOCO,,Ridge,48,LOCO,Augmented,Thickness_mean,,,,18,18,14,OFAT,22.225,21.0644995007316
loocv_ref,Augmented|LOCO,,Ridge,48,LOCO,Augmented,Thickness_mean,,,,19,19,14,OFAT,25.935,21.0644995007316
loocv_ref,Augmented|LOCO,,Ridge,48,LOCO,Augmented,Thickness_mean,,,,20,20,15,OFAT,7.03,5.293697718953
loocv_ref,Augmented|LOCO,,Ridge,48,LOCO,Augmented,Thickness_mean,,,,21,21,16,OFAT,13.5325,9.79729602897958
loocv_ref,Augmented|LOCO,,Ridge,48,LOCO,Augmented,Thickness_mean,,,,22,22,14,OFAT,25.29,21.0644995007316
loocv_ref,Augmented|LOCO,,Ridge,48,LOCO,Augmented,Thickness_mean,,,,23,23,14,OFAT,21.965,21.0644995007316
loocv_ref,Augmented|LOCO,,Ridge,48,LOCO,Augmented,Thickness_mean,,,,24,24,14,OFAT,23.082500000000003,21.0644995007316
loocv_ref,Augmented|LOCO,,Ridge,48,LOCO,Augmented,Thickness_mean,,,,25,25,14,OFAT,21.262500000000003,21.0644995007316
loocv_ref,Augmented|LOCO,,Ridge,48,LOCO,Augmented,Thickness_mean,,,,26,26,17,OFAT,17.8275,17.617447109367987
loocv_ref,Augmented|LOCO,,Ridge,48,LOCO,Augmented,Thickness_mean,,,,27,27,17,OFAT,17.345,17.617447109367987
loocv_ref,Augmented|LOCO,,Ridge,48,LOCO,Augmented,Thickness_mean,,,,28,28,17,OFAT,24.4925,17.617447109367987
loocv_ref,Augmented|LOCO,,Ridge,48,LOCO,Augmented,Thickness_mean,,,,29,29,17,OFAT,17.695,17.617447109367987
loocv_ref,Augmented|LOCO,,Ridge,48,LOCO,Augmented,Thickness_mean,,,,30,30,17,OFAT,16.814999999999998,17.617447109367987
loocv_ref,Augmented|LOCO,,Ridge,48,LOCO,Augmented,Thickness_mean,,,,31,31,18,OFAT,14.9425,16.869974735642092
loocv_ref,Augmented|LOCO,,Ridge,48,LOCO,Augmented,Thickness_mean,,,,32,32,19,OFAT,9.9625,11.112369411665606
loocv_ref,Augmented|LOCO,,Ridge,48,LOCO,Augmented,Thickness_mean,,,,33,33,20,OFAT,4.855,5.486829342222027
loocv_ref,Augmented|LOCO,,Ridge,48,LOCO,Augmented,Thickness_mean,,,,34,34,21,OFAT,1.2375,0.7994566278003354
loocv_ref,Augmented|LOCO,,Ridge,48,LOCO,Augmented,Thickness_mean,,,,35,35,22,OFAT,2.0275,1.719882958305023
loocv_ref,Augmented|LOCO,,Ridge,48,LOCO,Augmented,Thickness_mean,,,,36,36,23,OFAT,3.535,3.559887010229927
loocv_ref,Augmented|LOCO,,Ridge,48,LOCO,Augmented,Thickness_mean,,,,37,37,20,OFAT,8.6425,5.486829342222027
loocv_ref,Augmented|LOCO,,Ridge,48,LOCO,Augmented,Thickness_mean,,,,38,38,19,OFAT,12.75,11.112369411665606
loocv_ref,Augmented|LOCO,,Ridge,48,LOCO,Augmented,Thickness_mean,,,,39,39,18,OFAT,16.965,16.869974735642092
loocv_ref,Augmented|LOCO,,Ridge,48,LOCO,Augmented,Thickness_mean,,,,40,40,19,OFAT,19.6525,11.112369411665606
loocv_ref,Augmented|LOCO,,Ridge,48,LOCO,Augmented,Thickness_mean,,,,41,41,19,OFAT,9.2675,11.112369411665606
loocv_ref,Augmented|LOCO,,Ridge,48,LOCO,Augmented,Thickness_mean,,,,42,44,26,DOE,5.285,4.8628224201459584
loocv_ref,Augmented|LOCO,,Ridge,48,LOCO,Augmented,Thickness_mean,,,,43,45,27,DOE,29.6975,28.646639019989486
loocv_ref,Augmented|LOCO,,Ridge,48,LOCO,Augmented,Thickness_mean,,,,44,43,25,DOE,1.05,3.8007545064487367
loocv_ref,Augmented|LOCO,,Ridge,48,LOCO,Augmented,Thickness_mean,,,,45,46,28,DOE,31.682500000000005,24.73000739221297
loocv_ref,Augmented|LOCO,,Ridge,48,LOCO,Augmented,Thickness_mean,,,,46,42,24,DOE,1.0625,0.7674955859509858
loocv_ref,Augmented|LOCO,,Ridge,48,LOCO,Augmented,Thickness_mean,,,,47,49,31,DOE,25.6225,28.179174818969763
loocv_ref,Augmented|LOCO,,Ridge,48,LOCO,Augmented,Thickness_mean,,,,48,54,36,DOE,4.335,7.239814044366596
loocv_ref,Augmented|LOCO,,Ridge,48,LOCO,Augmented,Thickness_mean,,,,49,52,34,DOE,22.5,28.625652774076453
loocv_ref,Augmented|LOCO,,Ridge,48,LOCO,Augmented,Thickness_mean,,,,50,47,29,DOE,1.0525000000000002,4.013356875927325
loocv_ref,Augmented|LOCO,,Ridge,48,LOCO,Augmented,Thickness_mean,,,,51,51,33,DOE,1.1124999999999998,2.612037612957483
loocv_ref,Augmented|LOCO,,Ridge,48,LOCO,Augmented,Thickness_mean,,,,52,53,35,DOE,1.285,3.2604191596558696
loocv_ref,Augmented|LOCO,,Ridge,48,LOCO,Augmented,Thickness_mean,,,,53,56,38,DOE,21.8925,28.460103783629084
loocv_ref,Augmented|LOCO,,Ridge,48,LOCO,Augmented,Thickness_mean,,,,54,50,32,DOE,25.37,26.51481012379498
loocv_ref,Augmented|LOCO,,Ridge,48,LOCO,Augmented,Thickness_mean,,,,55,48,30,DOE,26.11,22.375147330062017
loocv_ref,Augmented|LOCO,,Ridge,48,LOCO,Augmented,Thickness_mean,,,,56,55,37,DOE,11.3,14.56310153615354
loocv_ref,Augmented|LOCO,,Ridge,49,LOCO,Augmented,Thickness_mean,,,,0,0,0,OFAT,36.34,16.320457846541007
loocv_ref,Augmented|LOCO,,Ridge,49,LOCO,Augmented,Thickness_mean,,,,1,1,1,OFAT,19.9225,20.8077424916251
loocv_ref,Augmented|LOCO,,Ridge,49,LOCO,Augmented,Thickness_mean,,,,2,2,2,OFAT,25.6625,19.552266314585523
loocv_ref,Augmented|LOCO,,Ridge,49,LOCO,Augmented,Thickness_mean,,,,3,3,3,OFAT,20.2075,19.123827142155957
loocv_ref,Augmented|LOCO,,Ridge,49,LOCO,Augmented,Thickness_mean,,,,4,4,4,OFAT,15.345,19.723448427129995
loocv_ref,Augmented|LOCO,,Ridge,49,LOCO,Augmented,Thickness_mean,,,,5,5,5,OFAT,14.265,19.859536933525714
loocv_ref,Augmented|LOCO,,Ridge,49,LOCO,Augmented,Thickness_mean,,,,6,6,6,OFAT,12.9225,21.29447599488228
loocv_ref,Augmented|LOCO,,Ridge,49,LOCO,Augmented,Thickness_mean,,,,7,7,7,OFAT,13.2775,18.167621580254384
loocv_ref,Augmented|LOCO,,Ridge,49,LOCO,Augmented,Thickness_mean,,,,8,8,8,OFAT,15.329999999999998,18.31554940442803
loocv_ref,Augmented|LOCO,,Ridge,49,LOCO,Augmented,Thickness_mean,,,,9,9,9,OFAT,7.855,10.906659564439922
loocv_ref,Augmented|LOCO,,Ridge,49,LOCO,Augmented,Thickness_mean,,,,10,10,10,OFAT,2.8075,9.410722587846028
loocv_ref,Augmented|LOCO,,Ridge,49,LOCO,Augmented,Thickness_mean,,,,11,11,11,OFAT,7.7875,11.233614431410667
loocv_ref,Augmented|LOCO,,Ridge,49,LOCO,Augmented,Thickness_mean,,,,12,12,11,OFAT,9.105,11.233614431410667
loocv_ref,Augmented|LOCO,,Ridge,49,LOCO,Augmented,Thickness_mean,,,,13,13,12,OFAT,7.734999999999999,9.694566827338718
loocv_ref,Augmented|LOCO,,Ridge,49,LOCO,Augmented,Thickness_mean,,,,14,14,10,OFAT,6.8225,9.410722587846028
loocv_ref,Augmented|LOCO,,Ridge,49,LOCO,Augmented,Thickness_mean,,,,15,15,10,OFAT,14.995,9.410722587846028
loocv_ref,Augmented|LOCO,,Ridge,49,LOCO,Augmented,Thickness_mean,,,,16,16,13,OFAT,14.025,10.351275729047023
loocv_ref,Augmented|LOCO,,Ridge,49,LOCO,Augmented,Thickness_mean,,,,17,17,10,OFAT,9.0475,9.410722587846028
loocv_ref,Augmented|LOCO,,Ridge,49,LOCO,Augmented,Thickness_mean,,,,18,18,14,OFAT,22.225,20.46380972569299
loocv_ref,Augmented|LOCO,,Ridge,49,LOCO,Augmented,Thickness_mean,,,,19,19,14,OFAT,25.935,20.46380972569299
loocv_ref,Augmented|LOCO,,Ridge,49,LOCO,Augmented,Thickness_mean,,,,20,20,15,OFAT,7.03,5.77003395191622
loocv_ref,Augmented|LOCO,,Ridge,49,LOCO,Augmented,Thickness_mean,,,,21,21,16,OFAT,13.5325,10.010597759810507
loocv_ref,Augmented|LOCO,,Ridge,49,LOCO,Augmented,Thickness_mean,,,,22,22,14,OFAT,25.29,20.46380972569299
loocv_ref,Augmented|LOCO,,Ridge,49,LOCO,Augmented,Thickness_mean,,,,23,23,14,OFAT,21.965,20.46380972569299
loocv_ref,Augmented|LOCO,,Ridge,49,LOCO,Augmented,Thickness_mean,,,,24,24,14,OFAT,23.082500000000003,20.46380972569299
loocv_ref,Augmented|LOCO,,Ridge,49,LOCO,Augmented,Thickness_mean,,,,25,25,14,OFAT,21.262500000000003,20.46380972569299
loocv_ref,Augmented|LOCO,,Ridge,49,LOCO,Augmented,Thickness_mean,,,,26,26,17,OFAT,17.8275,17.617447109367987
loocv_ref,Augmented|LOCO,,Ridge,49,LOCO,Augmented,Thickness_mean,,,,27,27,17,OFAT,17.345,17.617447109367987
loocv_ref,Augmented|LOCO,,Ridge,49,LOCO,Augmented,Thickness_mean,,,,28,28,17,OFAT,24.4925,17.617447109367987
loocv_ref,Augmented|LOCO,,Ridge,49,LOCO,Augmented,Thickness_mean,,,,29,29,17,OFAT,17.695,17.617447109367987
loocv_ref,Augmented|LOCO,,Ridge,49,LOCO,Augmented,Thickness_mean,,,,30,30,17,OFAT,16.814999999999998,17.617447109367987
loocv_ref,Augmented|LOCO,,Ridge,49,LOCO,Augmented,Thickness_mean,,,,31,31,18,OFAT,14.9425,16.825083835479955
loocv_ref,Augmented|LOCO,,Ridge,49,LOCO,Augmented,Thickness_mean,,,,32,32,19,OFAT,9.9625,11.112369411665606
loocv_ref,Augmented|LOCO,,Ridge,49,LOCO,Augmented,Thickness_mean,,,,33,33,20,OFAT,4.855,5.596515719386261
loocv_ref,Augmented|LOCO,,Ridge,49,LOCO,Augmented,Thickness_mean,,,,34,34,21,OFAT,1.2375,1.5377640660798644
loocv_ref,Augmented|LOCO,,Ridge,49,LOCO,Augmented,Thickness_mean,,,,35,35,22,OFAT,2.0275,2.4049959973193165
loocv_ref,Augmented|LOCO,,Ridge,49,LOCO,Augmented,Thickness_mean,,,,36,36,23,OFAT,3.535,4.138867267247898
loocv_ref,Augmented|LOCO,,Ridge,49,LOCO,Augmented,Thickness_mean,,,,37,37,20,OFAT,8.6425,5.596515719386261
loocv_ref,Augmented|LOCO,,Ridge,49,LOCO,Augmented,Thickness_mean,,,,38,38,19,OFAT,12.75,11.112369411665606
loocv_ref,Augmented|LOCO,,Ridge,49,LOCO,Augmented,Thickness_mean,,,,39,39,18,OFAT,16.965,16.825083835479955
loocv_ref,Augmented|LOCO,,Ridge,49,LOCO,Augmented,Thickness_mean,,,,40,40,19,OFAT,19.6525,11.112369411665606
loocv_ref,Augmented|LOCO,,Ridge,49,LOCO,Augmented,Thickness_mean,,,,41,41,19,OFAT,9.2675,11.112369411665606
loocv_ref,Augmented|LOCO,,Ridge,49,LOCO,Augmented,Thickness_mean,,,,42,44,26,DOE,5.285,5.633031811403905
loocv_ref,Augmented|LOCO,,Ridge,49,LOCO,Augmented,Thickness_mean,,,,43,45,27,DOE,29.6975,27.472171432115637
loocv_ref,Augmented|LOCO,,Ridge,49,LOCO,Augmented,Thickness_mean,,,,44,43,25,DOE,1.05,4.02313184280294
loocv_ref,Augmented|LOCO,,Ridge,49,LOCO,Augmented,Thickness_mean,,,,45,46,28,DOE,31.682500000000005,24.55163864930269
loocv_ref,Augmented|LOCO,,Ridge,49,LOCO,Augmented,Thickness_mean,,,,46,42,24,DOE,1.0625,4.066644866761235
loocv_ref,Augmented|LOCO,,Ridge,49,LOCO,Augmented,Thickness_mean,,,,47,49,31,DOE,25.6225,27.49887638186533
loocv_ref,Augmented|LOCO,,Ridge,49,LOCO,Augmented,Thickness_mean,,,,48,54,36,DOE,4.335,7.386258099840811
loocv_ref,Augmented|LOCO,,Ridge,49,LOCO,Augmented,Thickness_mean,,,,49,52,34,DOE,22.5,28.625652774076453
loocv_ref,Augmented|LOCO,,Ridge,49,LOCO,Augmented,Thickness_mean,,,,50,47,29,DOE,1.0525000000000002,4.013356875927325
loocv_ref,Augmented|LOCO,,Ridge,49,LOCO,Augmented,Thickness_mean,,,,51,51,33,DOE,1.1124999999999998,2.612037612957483
loocv_ref,Augmented|LOCO,,Ridge,49,LOCO,Augmented,Thickness_mean,,,,52,53,35,DOE,1.285,3.2604191596558696
loocv_ref,Augmented|LOCO,,Ridge,49,LOCO,Augmented,Thickness_mean,,,,53,56,38,DOE,21.8925,28.460103783629084
loocv_ref,Augmented|LOCO,,Ridge,49,LOCO,Augmented,Thickness_mean,,,,54,50,32,DOE,25.37,26.51481012379498
loocv_ref,Augmented|LOCO,,Ridge,49,LOCO,Augmented,Thickness_mean,,,,55,48,30,DOE,26.11,22.375147330062017
loocv_ref,Augmented|LOCO,,Ridge,49,LOCO,Augmented,Thickness_mean,,,,56,55,37,DOE,11.3,14.56310153615354
loocv_ref,Augmented|LOCO,,Ridge,50,LOCO,Augmented,Thickness_mean,,,,0,0,0,OFAT,36.34,16.320457846541007
loocv_ref,Augmented|LOCO,,Ridge,50,LOCO,Augmented,Thickness_mean,,,,1,1,1,OFAT,19.9225,20.55789208891946
loocv_ref,Augmented|LOCO,,Ridge,50,LOCO,Augmented,Thickness_mean,,,,2,2,2,OFAT,25.6625,19.412357439762232
loocv_ref,Augmented|LOCO,,Ridge,50,LOCO,Augmented,Thickness_mean,,,,3,3,3,OFAT,20.2075,19.123827142155957
loocv_ref,Augmented|LOCO,,Ridge,50,LOCO,Augmented,Thickness_mean,,,,4,4,4,OFAT,15.345,19.65156695816266
loocv_ref,Augmented|LOCO,,Ridge,50,LOCO,Augmented,Thickness_mean,,,,5,5,5,OFAT,14.265,19.785306463556896
loocv_ref,Augmented|LOCO,,Ridge,50,LOCO,Augmented,Thickness_mean,,,,6,6,6,OFAT,12.9225,20.985140143963317
loocv_ref,Augmented|LOCO,,Ridge,50,LOCO,Augmented,Thickness_mean,,,,7,7,7,OFAT,13.2775,18.167621580254384
loocv_ref,Augmented|LOCO,,Ridge,50,LOCO,Augmented,Thickness_mean,,,,8,8,8,OFAT,15.329999999999998,18.31554940442803
loocv_ref,Augmented|LOCO,,Ridge,50,LOCO,Augmented,Thickness_mean,,,,9,9,9,OFAT,7.855,10.906659564439922
loocv_ref,Augmented|LOCO,,Ridge,50,LOCO,Augmented,Thickness_mean,,,,10,10,10,OFAT,2.8075,9.410722587846028
loocv_ref,Augmented|LOCO,,Ridge,50,LOCO,Augmented,Thickness_mean,,,,11,11,11,OFAT,7.7875,11.233614431410667
loocv_ref,Augmented|LOCO,,Ridge,50,LOCO,Augmented,Thickness_mean,,,,12,12,11,OFAT,9.105,11.233614431410667
loocv_ref,Augmented|LOCO,,Ridge,50,LOCO,Augmented,Thickness_mean,,,,13,13,12,OFAT,7.734999999999999,9.694566827338718
loocv_ref,Augmented|LOCO,,Ridge,50,LOCO,Augmented,Thickness_mean,,,,14,14,10,OFAT,6.8225,9.410722587846028
loocv_ref,Augmented|LOCO,,Ridge,50,LOCO,Augmented,Thickness_mean,,,,15,15,10,OFAT,14.995,9.410722587846028
loocv_ref,Augmented|LOCO,,Ridge,50,LOCO,Augmented,Thickness_mean,,,,16,16,13,OFAT,14.025,10.351275729047023
loocv_ref,Augmented|LOCO,,Ridge,50,LOCO,Augmented,Thickness_mean,,,,17,17,10,OFAT,9.0475,9.410722587846028
loocv_ref,Augmented|LOCO,,Ridge,50,LOCO,Augmented,Thickness_mean,,,,18,18,14,OFAT,22.225,19.425179071695446
loocv_ref,Augmented|LOCO,,Ridge,50,LOCO,Augmented,Thickness_mean,,,,19,19,14,OFAT,25.935,19.425179071695446
loocv_ref,Augmented|LOCO,,Ridge,50,LOCO,Augmented,Thickness_mean,,,,20,20,15,OFAT,7.03,5.77003395191622
loocv_ref,Augmented|LOCO,,Ridge,50,LOCO,Augmented,Thickness_mean,,,,21,21,16,OFAT,13.5325,10.010597759810507
loocv_ref,Augmented|LOCO,,Ridge,50,LOCO,Augmented,Thickness_mean,,,,22,22,14,OFAT,25.29,19.425179071695446
loocv_ref,Augmented|LOCO,,Ridge,50,LOCO,Augmented,Thickness_mean,,,,23,23,14,OFAT,21.965,19.425179071695446
loocv_ref,Augmented|LOCO,,Ridge,50,LOCO,Augmented,Thickness_mean,,,,24,24,14,OFAT,23.082500000000003,19.425179071695446
loocv_ref,Augmented|LOCO,,Ridge,50,LOCO,Augmented,Thickness_mean,,,,25,25,14,OFAT,21.262500000000003,19.425179071695446
loocv_ref,Augmented|LOCO,,Ridge,50,LOCO,Augmented,Thickness_mean,,,,26,26,17,OFAT,17.8275,17.617447109367987
loocv_ref,Augmented|LOCO,,Ridge,50,LOCO,Augmented,Thickness_mean,,,,27,27,17,OFAT,17.345,17.617447109367987
loocv_ref,Augmented|LOCO,,Ridge,50,LOCO,Augmented,Thickness_mean,,,,28,28,17,OFAT,24.4925,17.617447109367987
loocv_ref,Augmented|LOCO,,Ridge,50,LOCO,Augmented,Thickness_mean,,,,29,29,17,OFAT,17.695,17.617447109367987
loocv_ref,Augmented|LOCO,,Ridge,50,LOCO,Augmented,Thickness_mean,,,,30,30,17,OFAT,16.814999999999998,17.617447109367987
loocv_ref,Augmented|LOCO,,Ridge,50,LOCO,Augmented,Thickness_mean,,,,31,31,18,OFAT,14.9425,16.691559702120763
loocv_ref,Augmented|LOCO,,Ridge,50,LOCO,Augmented,Thickness_mean,,,,32,32,19,OFAT,9.9625,11.112369411665606
loocv_ref,Augmented|LOCO,,Ridge,50,LOCO,Augmented,Thickness_mean,,,,33,33,20,OFAT,4.855,5.924612362912008
loocv_ref,Augmented|LOCO,,Ridge,50,LOCO,Augmented,Thickness_mean,,,,34,34,21,OFAT,1.2375,1.5377640660798644
loocv_ref,Augmented|LOCO,,Ridge,50,LOCO,Augmented,Thickness_mean,,,,35,35,22,OFAT,2.0275,2.4049959973193165
loocv_ref,Augmented|LOCO,,Ridge,50,LOCO,Augmented,Thickness_mean,,,,36,36,23,OFAT,3.535,4.138867267247898
loocv_ref,Augmented|LOCO,,Ridge,50,LOCO,Augmented,Thickness_mean,,,,37,37,20,OFAT,8.6425,5.924612362912008
loocv_ref,Augmented|LOCO,,Ridge,50,LOCO,Augmented,Thickness_mean,,,,38,38,19,OFAT,12.75,11.112369411665606
loocv_ref,Augmented|LOCO,,Ridge,50,LOCO,Augmented,Thickness_mean,,,,39,39,18,OFAT,16.965,16.691559702120763
loocv_ref,Augmented|LOCO,,Ridge,50,LOCO,Augmented,Thickness_mean,,,,40,40,19,OFAT,19.6525,11.112369411665606
loocv_ref,Augmented|LOCO,,Ridge,50,LOCO,Augmented,Thickness_mean,,,,41,41,19,OFAT,9.2675,11.112369411665606
loocv_ref,Augmented|LOCO,,Ridge,50,LOCO,Augmented,Thickness_mean,,,,42,44,26,DOE,5.285,5.633031811403905
loocv_ref,Augmented|LOCO,,Ridge,50,LOCO,Augmented,Thickness_mean,,,,43,45,27,DOE,29.6975,27.472171432115637
loocv_ref,Augmented|LOCO,,Ridge,50,LOCO,Augmented,Thickness_mean,,,,44,43,25,DOE,1.05,4.482064977715671
loocv_ref,Augmented|LOCO,,Ridge,50,LOCO,Augmented,Thickness_mean,,,,45,46,28,DOE,31.682500000000005,24.55163864930269
loocv_ref,Augmented|LOCO,,Ridge,50,LOCO,Augmented,Thickness_mean,,,,46,42,24,DOE,1.0625,1.7521457194851457
loocv_ref,Augmented|LOCO,,Ridge,50,LOCO,Augmented,Thickness_mean,,,,47,49,31,DOE,25.6225,27.49887638186533
loocv_ref,Augmented|LOCO,,Ridge,50,LOCO,Augmented,Thickness_mean,,,,48,54,36,DOE,4.335,7.386258099840811
loocv_ref,Augmented|LOCO,,Ridge,50,LOCO,Augmented,Thickness_mean,,,,49,52,34,DOE,22.5,28.625652774076453
loocv_ref,Augmented|LOCO,,Ridge,50,LOCO,Augmented,Thickness_mean,,,,50,47,29,DOE,1.0525000000000002,4.013356875927325
loocv_ref,Augmented|LOCO,,Ridge,50,LOCO,Augmented,Thickness_mean,,,,51,51,33,DOE,1.1124999999999998,2.612037612957483
loocv_ref,Augmented|LOCO,,Ridge,50,LOCO,Augmented,Thickness_mean,,,,52,53,35,DOE,1.285,3.2604191596558696
loocv_ref,Augmented|LOCO,,Ridge,50,LOCO,Augmented,Thickness_mean,,,,53,56,38,DOE,21.8925,29.238964630574934
loocv_ref,Augmented|LOCO,,Ridge,50,LOCO,Augmented,Thickness_mean,,,,54,50,32,DOE,25.37,26.98380235339608
loocv_ref,Augmented|LOCO,,Ridge,50,LOCO,Augmented,Thickness_mean,,,,55,48,30,DOE,26.11,22.528275385777206
loocv_ref,Augmented|LOCO,,Ridge,50,LOCO,Augmented,Thickness_mean,,,,56,55,37,DOE,11.3,14.465638003471053
loocv_ref,Augmented|LOCO,,Ridge,51,LOCO,Augmented,Thickness_mean,,,,0,0,0,OFAT,36.34,16.320457846541007
loocv_ref,Augmented|LOCO,,Ridge,51,LOCO,Augmented,Thickness_mean,,,,1,1,1,OFAT,19.9225,20.55789208891946
loocv_ref,Augmented|LOCO,,Ridge,51,LOCO,Augmented,Thickness_mean,,,,2,2,2,OFAT,25.6625,19.552266314585523
loocv_ref,Augmented|LOCO,,Ridge,51,LOCO,Augmented,Thickness_mean,,,,3,3,3,OFAT,20.2075,19.187268967012365
loocv_ref,Augmented|LOCO,,Ridge,51,LOCO,Augmented,Thickness_mean,,,,4,4,4,OFAT,15.345,19.723448427129995
loocv_ref,Augmented|LOCO,,Ridge,51,LOCO,Augmented,Thickness_mean,,,,5,5,5,OFAT,14.265,19.859536933525714
loocv_ref,Augmented|LOCO,,Ridge,51,LOCO,Augmented,Thickness_mean,,,,6,6,6,OFAT,12.9225,21.455076703246718
loocv_ref,Augmented|LOCO,,Ridge,51,LOCO,Augmented,Thickness_mean,,,,7,7,7,OFAT,13.2775,18.21095915997538
loocv_ref,Augmented|LOCO,,Ridge,51,LOCO,Augmented,Thickness_mean,,,,8,8,8,OFAT,15.329999999999998,18.381790826813496
loocv_ref,Augmented|LOCO,,Ridge,51,LOCO,Augmented,Thickness_mean,,,,9,9,9,OFAT,7.855,10.675449971939805
loocv_ref,Augmented|LOCO,,Ridge,51,LOCO,Augmented,Thickness_mean,,,,10,10,10,OFAT,2.8075,9.410722587846028
loocv_ref,Augmented|LOCO,,Ridge,51,LOCO,Augmented,Thickness_mean,,,,11,11,11,OFAT,7.7875,11.233614431410667
loocv_ref,Augmented|LOCO,,Ridge,51,LOCO,Augmented,Thickness_mean,,,,12,12,11,OFAT,9.105,11.233614431410667
loocv_ref,Augmented|LOCO,,Ridge,51,LOCO,Augmented,Thickness_mean,,,,13,13,12,OFAT,7.734999999999999,9.694566827338718
loocv_ref,Augmented|LOCO,,Ridge,51,LOCO,Augmented,Thickness_mean,,,,14,14,10,OFAT,6.8225,9.410722587846028
loocv_ref,Augmented|LOCO,,Ridge,51,LOCO,Augmented,Thickness_mean,,,,15,15,10,OFAT,14.995,9.410722587846028
loocv_ref,Augmented|LOCO,,Ridge,51,LOCO,Augmented,Thickness_mean,,,,16,16,13,OFAT,14.025,10.351275729047023
loocv_ref,Augmented|LOCO,,Ridge,51,LOCO,Augmented,Thickness_mean,,,,17,17,10,OFAT,9.0475,9.410722587846028
loocv_ref,Augmented|LOCO,,Ridge,51,LOCO,Augmented,Thickness_mean,,,,18,18,14,OFAT,22.225,21.044234566134886
loocv_ref,Augmented|LOCO,,Ridge,51,LOCO,Augmented,Thickness_mean,,,,19,19,14,OFAT,25.935,21.044234566134886
loocv_ref,Augmented|LOCO,,Ridge,51,LOCO,Augmented,Thickness_mean,,,,20,20,15,OFAT,7.03,5.77003395191622
loocv_ref,Augmented|LOCO,,Ridge,51,LOCO,Augmented,Thickness_mean,,,,21,21,16,OFAT,13.5325,10.010597759810507
loocv_ref,Augmented|LOCO,,Ridge,51,LOCO,Augmented,Thickness_mean,,,,22,22,14,OFAT,25.29,21.044234566134886
loocv_ref,Augmented|LOCO,,Ridge,51,LOCO,Augmented,Thickness_mean,,,,23,23,14,OFAT,21.965,21.044234566134886
loocv_ref,Augmented|LOCO,,Ridge,51,LOCO,Augmented,Thickness_mean,,,,24,24,14,OFAT,23.082500000000003,21.044234566134886
loocv_ref,Augmented|LOCO,,Ridge,51,LOCO,Augmented,Thickness_mean,,,,25,25,14,OFAT,21.262500000000003,21.044234566134886
loocv_ref,Augmented|LOCO,,Ridge,51,LOCO,Augmented,Thickness_mean,,,,26,26,17,OFAT,17.8275,17.617447109367987
loocv_ref,Augmented|LOCO,,Ridge,51,LOCO,Augmented,Thickness_mean,,,,27,27,17,OFAT,17.345,17.617447109367987
loocv_ref,Augmented|LOCO,,Ridge,51,LOCO,Augmented,Thickness_mean,,,,28,28,17,OFAT,24.4925,17.617447109367987
loocv_ref,Augmented|LOCO,,Ridge,51,LOCO,Augmented,Thickness_mean,,,,29,29,17,OFAT,17.695,17.617447109367987
loocv_ref,Augmented|LOCO,,Ridge,51,LOCO,Augmented,Thickness_mean,,,,30,30,17,OFAT,16.814999999999998,17.617447109367987
loocv_ref,Augmented|LOCO,,Ridge,51,LOCO,Augmented,Thickness_mean,,,,31,31,18,OFAT,14.9425,16.691559702120763
loocv_ref,Augmented|LOCO,,Ridge,51,LOCO,Augmented,Thickness_mean,,,,32,32,19,OFAT,9.9625,11.112369411665606
loocv_ref,Augmented|LOCO,,Ridge,51,LOCO,Augmented,Thickness_mean,,,,33,33,20,OFAT,4.855,5.924612362912008
loocv_ref,Augmented|LOCO,,Ridge,51,LOCO,Augmented,Thickness_mean,,,,34,34,21,OFAT,1.2375,1.5377640660798644
loocv_ref,Augmented|LOCO,,Ridge,51,LOCO,Augmented,Thickness_mean,,,,35,35,22,OFAT,2.0275,2.4049959973193165
loocv_ref,Augmented|LOCO,,Ridge,51,LOCO,Augmented,Thickness_mean,,,,36,36,23,OFAT,3.535,4.138867267247898
loocv_ref,Augmented|LOCO,,Ridge,51,LOCO,Augmented,Thickness_mean,,,,37,37,20,OFAT,8.6425,5.924612362912008
loocv_ref,Augmented|LOCO,,Ridge,51,LOCO,Augmented,Thickness_mean,,,,38,38,19,OFAT,12.75,11.112369411665606
loocv_ref,Augmented|LOCO,,Ridge,51,LOCO,Augmented,Thickness_mean,,,,39,39,18,OFAT,16.965,16.691559702120763
loocv_ref,Augmented|LOCO,,Ridge,51,LOCO,Augmented,Thickness_mean,,,,40,40,19,OFAT,19.6525,11.112369411665606
loocv_ref,Augmented|LOCO,,Ridge,51,LOCO,Augmented,Thickness_mean,,,,41,41,19,OFAT,9.2675,11.112369411665606
loocv_ref,Augmented|LOCO,,Ridge,51,LOCO,Augmented,Thickness_mean,,,,42,44,26,DOE,5.285,5.633031811403905
loocv_ref,Augmented|LOCO,,Ridge,51,LOCO,Augmented,Thickness_mean,,,,43,45,27,DOE,29.6975,27.472171432115637
loocv_ref,Augmented|LOCO,,Ridge,51,LOCO,Augmented,Thickness_mean,,,,44,43,25,DOE,1.05,4.482064977715671
loocv_ref,Augmented|LOCO,,Ridge,51,LOCO,Augmented,Thickness_mean,,,,45,46,28,DOE,31.682500000000005,24.55163864930269
loocv_ref,Augmented|LOCO,,Ridge,51,LOCO,Augmented,Thickness_mean,,,,46,42,24,DOE,1.0625,1.7521457194851457
loocv_ref,Augmented|LOCO,,Ridge,51,LOCO,Augmented,Thickness_mean,,,,47,49,31,DOE,25.6225,28.179174818969763
loocv_ref,Augmented|LOCO,,Ridge,51,LOCO,Augmented,Thickness_mean,,,,48,54,36,DOE,4.335,7.271567715317276
loocv_ref,Augmented|LOCO,,Ridge,51,LOCO,Augmented,Thickness_mean,,,,49,52,34,DOE,22.5,28.625652774076453
loocv_ref,Augmented|LOCO,,Ridge,51,LOCO,Augmented,Thickness_mean,,,,50,47,29,DOE,1.0525000000000002,4.013356875927325
loocv_ref,Augmented|LOCO,,Ridge,51,LOCO,Augmented,Thickness_mean,,,,51,51,33,DOE,1.1124999999999998,2.612037612957483
loocv_ref,Augmented|LOCO,,Ridge,51,LOCO,Augmented,Thickness_mean,,,,52,53,35,DOE,1.285,3.2604191596558696
loocv_ref,Augmented|LOCO,,Ridge,51,LOCO,Augmented,Thickness_mean,,,,53,56,38,DOE,21.8925,28.460103783629084
loocv_ref,Augmented|LOCO,,Ridge,51,LOCO,Augmented,Thickness_mean,,,,54,50,32,DOE,25.37,26.51481012379498
loocv_ref,Augmented|LOCO,,Ridge,51,LOCO,Augmented,Thickness_mean,,,,55,48,30,DOE,26.11,22.375147330062017
loocv_ref,Augmented|LOCO,,Ridge,51,LOCO,Augmented,Thickness_mean,,,,56,55,37,DOE,11.3,14.56310153615354
loocv_ref,Augmented|LOCO,,Random Forest,42,LOCO,Augmented,Thickness_mean,,,,0,0,0,OFAT,36.34,20.467315510724653
loocv_ref,Augmented|LOCO,,Random Forest,42,LOCO,Augmented,Thickness_mean,,,,1,1,1,OFAT,19.9225,27.3997109076687
loocv_ref,Augmented|LOCO,,Random Forest,42,LOCO,Augmented,Thickness_mean,,,,2,2,2,OFAT,25.6625,22.395585852797122
loocv_ref,Augmented|LOCO,,Random Forest,42,LOCO,Augmented,Thickness_mean,,,,3,3,3,OFAT,20.2075,18.961656378062738
loocv_ref,Augmented|LOCO,,Random Forest,42,LOCO,Augmented,Thickness_mean,,,,4,4,4,OFAT,15.345,18.217250939414043
loocv_ref,Augmented|LOCO,,Random Forest,42,LOCO,Augmented,Thickness_mean,,,,5,5,5,OFAT,14.265,18.219702837991257
loocv_ref,Augmented|LOCO,,Random Forest,42,LOCO,Augmented,Thickness_mean,,,,6,6,6,OFAT,12.9225,18.09161322667633
loocv_ref,Augmented|LOCO,,Random Forest,42,LOCO,Augmented,Thickness_mean,,,,7,7,7,OFAT,13.2775,17.874193683344057
loocv_ref,Augmented|LOCO,,Random Forest,42,LOCO,Augmented,Thickness_mean,,,,8,8,8,OFAT,15.329999999999998,20.52363091807324
loocv_ref,Augmented|LOCO,,Random Forest,42,LOCO,Augmented,Thickness_mean,,,,9,9,9,OFAT,7.855,8.480243606541057
loocv_ref,Augmented|LOCO,,Random Forest,42,LOCO,Augmented,Thickness_mean,,,,10,10,10,OFAT,2.8075,7.8681187500000025
loocv_ref,Augmented|LOCO,,Random Forest,42,LOCO,Augmented,Thickness_mean,,,,11,11,11,OFAT,7.7875,7.950532857142864
loocv_ref,Augmented|LOCO,,Random Forest,42,LOCO,Augmented,Thickness_mean,,,,12,12,11,OFAT,9.105,7.950532857142864
loocv_ref,Augmented|LOCO,,Random Forest,42,LOCO,Augmented,Thickness_mean,,,,13,13,12,OFAT,7.734999999999999,8.401659500324344
loocv_ref,Augmented|LOCO,,Random Forest,42,LOCO,Augmented,Thickness_mean,,,,14,14,10,OFAT,6.8225,7.8681187500000025
loocv_ref,Augmented|LOCO,,Random Forest,42,LOCO,Augmented,Thickness_mean,,,,15,15,10,OFAT,14.995,7.8681187500000025
loocv_ref,Augmented|LOCO,,Random Forest,42,LOCO,Augmented,Thickness_mean,,,,16,16,13,OFAT,14.025,12.018762297067937
loocv_ref,Augmented|LOCO,,Random Forest,42,LOCO,Augmented,Thickness_mean,,,,17,17,10,OFAT,9.0475,7.8681187500000025
loocv_ref,Augmented|LOCO,,Random Forest,42,LOCO,Augmented,Thickness_mean,,,,18,18,14,OFAT,22.225,18.395680305246977
loocv_ref,Augmented|LOCO,,Random Forest,42,LOCO,Augmented,Thickness_mean,,,,19,19,14,OFAT,25.935,18.395680305246977
loocv_ref,Augmented|LOCO,,Random Forest,42,LOCO,Augmented,Thickness_mean,,,,20,20,15,OFAT,7.03,3.6202360805274454
loocv_ref,Augmented|LOCO,,Random Forest,42,LOCO,Augmented,Thickness_mean,,,,21,21,16,OFAT,13.5325,10.606331988772535
loocv_ref,Augmented|LOCO,,Random Forest,42,LOCO,Augmented,Thickness_mean,,,,22,22,14,OFAT,25.29,18.395680305246977
loocv_ref,Augmented|LOCO,,Random Forest,42,LOCO,Augmented,Thickness_mean,,,,23,23,14,OFAT,21.965,18.395680305246977
loocv_ref,Augmented|LOCO,,Random Forest,42,LOCO,Augmented,Thickness_mean,,,,24,24,14,OFAT,23.082500000000003,18.395680305246977
loocv_ref,Augmented|LOCO,,Random Forest,42,LOCO,Augmented,Thickness_mean,,,,25,25,14,OFAT,21.262500000000003,18.395680305246977
loocv_ref,Augmented|LOCO,,Random Forest,42,LOCO,Augmented,Thickness_mean,,,,26,26,17,OFAT,17.8275,16.226545437551525
loocv_ref,Augmented|LOCO,,Random Forest,42,LOCO,Augmented,Thickness_mean,,,,27,27,17,OFAT,17.345,16.226545437551525
loocv_ref,Augmented|LOCO,,Random Forest,42,LOCO,Augmented,Thickness_mean,,,,28,28,17,OFAT,24.4925,16.226545437551525
loocv_ref,Augmented|LOCO,,Random Forest,42,LOCO,Augmented,Thickness_mean,,,,29,29,17,OFAT,17.695,16.226545437551525
loocv_ref,Augmented|LOCO,,Random Forest,42,LOCO,Augmented,Thickness_mean,,,,30,30,17,OFAT,16.814999999999998,16.226545437551525
loocv_ref,Augmented|LOCO,,Random Forest,42,LOCO,Augmented,Thickness_mean,,,,31,31,18,OFAT,14.9425,18.84934930555555
loocv_ref,Augmented|LOCO,,Random Forest,42,LOCO,Augmented,Thickness_mean,,,,32,32,19,OFAT,9.9625,12.673593869047627
loocv_ref,Augmented|LOCO,,Random Forest,42,LOCO,Augmented,Thickness_mean,,,,33,33,20,OFAT,4.855,6.005762499999994
loocv_ref,Augmented|LOCO,,Random Forest,42,LOCO,Augmented,Thickness_mean,,,,34,34,21,OFAT,1.2375,2.6070463088300584
loocv_ref,Augmented|LOCO,,Random Forest,42,LOCO,Augmented,Thickness_mean,,,,35,35,22,OFAT,2.0275,2.502323005397381
loocv_ref,Augmented|LOCO,,Random Forest,42,LOCO,Augmented,Thickness_mean,,,,36,36,23,OFAT,3.535,3.303886570931113
loocv_ref,Augmented|LOCO,,Random Forest,42,LOCO,Augmented,Thickness_mean,,,,37,37,20,OFAT,8.6425,6.005762499999994
loocv_ref,Augmented|LOCO,,Random Forest,42,LOCO,Augmented,Thickness_mean,,,,38,38,19,OFAT,12.75,12.673593869047627
loocv_ref,Augmented|LOCO,,Random Forest,42,LOCO,Augmented,Thickness_mean,,,,39,39,18,OFAT,16.965,18.84934930555555
loocv_ref,Augmented|LOCO,,Random Forest,42,LOCO,Augmented,Thickness_mean,,,,40,40,19,OFAT,19.6525,12.673593869047627
loocv_ref,Augmented|LOCO,,Random Forest,42,LOCO,Augmented,Thickness_mean,,,,41,41,19,OFAT,9.2675,12.673593869047627
loocv_ref,Augmented|LOCO,,Random Forest,42,LOCO,Augmented,Thickness_mean,,,,42,44,26,DOE,5.285,3.9895443241206876
loocv_ref,Augmented|LOCO,,Random Forest,42,LOCO,Augmented,Thickness_mean,,,,43,45,27,DOE,29.6975,25.779209274462755
loocv_ref,Augmented|LOCO,,Random Forest,42,LOCO,Augmented,Thickness_mean,,,,44,43,25,DOE,1.05,2.4548823613657373
loocv_ref,Augmented|LOCO,,Random Forest,42,LOCO,Augmented,Thickness_mean,,,,45,46,28,DOE,31.682500000000005,25.50614492410366
loocv_ref,Augmented|LOCO,,Random Forest,42,LOCO,Augmented,Thickness_mean,,,,46,42,24,DOE,1.0625,2.4516149764124777
loocv_ref,Augmented|LOCO,,Random Forest,42,LOCO,Augmented,Thickness_mean,,,,47,49,31,DOE,25.6225,26.174750606762522
loocv_ref,Augmented|LOCO,,Random Forest,42,LOCO,Augmented,Thickness_mean,,,,48,54,36,DOE,4.335,4.868654025620707
loocv_ref,Augmented|LOCO,,Random Forest,42,LOCO,Augmented,Thickness_mean,,,,49,52,34,DOE,22.5,26.74447828482513
loocv_ref,Augmented|LOCO,,Random Forest,42,LOCO,Augmented,Thickness_mean,,,,50,47,29,DOE,1.0525000000000002,2.5319265700271942
loocv_ref,Augmented|LOCO,,Random Forest,42,LOCO,Augmented,Thickness_mean,,,,51,51,33,DOE,1.1124999999999998,2.5254824866106107
loocv_ref,Augmented|LOCO,,Random Forest,42,LOCO,Augmented,Thickness_mean,,,,52,53,35,DOE,1.285,2.507961673673549
loocv_ref,Augmented|LOCO,,Random Forest,42,LOCO,Augmented,Thickness_mean,,,,53,56,38,DOE,21.8925,25.89380047369298
loocv_ref,Augmented|LOCO,,Random Forest,42,LOCO,Augmented,Thickness_mean,,,,54,50,32,DOE,25.37,22.13911226321828
loocv_ref,Augmented|LOCO,,Random Forest,42,LOCO,Augmented,Thickness_mean,,,,55,48,30,DOE,26.11,25.64543964734041
loocv_ref,Augmented|LOCO,,Random Forest,42,LOCO,Augmented,Thickness_mean,,,,56,55,37,DOE,11.3,17.600724552424325
loocv_ref,Augmented|LOCO,,Random Forest,43,LOCO,Augmented,Thickness_mean,,,,0,0,0,OFAT,36.34,19.567083124999968
loocv_ref,Augmented|LOCO,,Random Forest,43,LOCO,Augmented,Thickness_mean,,,,1,1,1,OFAT,19.9225,27.247293571428578
loocv_ref,Augmented|LOCO,,Random Forest,43,LOCO,Augmented,Thickness_mean,,,,2,2,2,OFAT,25.6625,24.72171339285715
loocv_ref,Augmented|LOCO,,Random Forest,43,LOCO,Augmented,Thickness_mean,,,,3,3,3,OFAT,20.2075,17.448504150432903
loocv_ref,Augmented|LOCO,,Random Forest,43,LOCO,Augmented,Thickness_mean,,,,4,4,4,OFAT,15.345,15.14630247564935
loocv_ref,Augmented|LOCO,,Random Forest,43,LOCO,Augmented,Thickness_mean,,,,5,5,5,OFAT,14.265,15.798709725458357
loocv_ref,Augmented|LOCO,,Random Forest,43,LOCO,Augmented,Thickness_mean,,,,6,6,6,OFAT,12.9225,15.2678992222361
loocv_ref,Augmented|LOCO,,Random Forest,43,LOCO,Augmented,Thickness_mean,,,,7,7,7,OFAT,13.2775,15.359345017690643
loocv_ref,Augmented|LOCO,,Random Forest,43,LOCO,Augmented,Thickness_mean,,,,8,8,8,OFAT,15.329999999999998,20.739694791666647
loocv_ref,Augmented|LOCO,,Random Forest,43,LOCO,Augmented,Thickness_mean,,,,9,9,9,OFAT,7.855,8.160203221500723
loocv_ref,Augmented|LOCO,,Random Forest,43,LOCO,Augmented,Thickness_mean,,,,10,10,10,OFAT,2.8075,7.809241666666674
loocv_ref,Augmented|LOCO,,Random Forest,43,LOCO,Augmented,Thickness_mean,,,,11,11,11,OFAT,7.7875,8.135563244047617
loocv_ref,Augmented|LOCO,,Random Forest,43,LOCO,Augmented,Thickness_mean,,,,12,12,11,OFAT,9.105,8.135563244047617
loocv_ref,Augmented|LOCO,,Random Forest,43,LOCO,Augmented,Thickness_mean,,,,13,13,12,OFAT,7.734999999999999,8.470088706709959
loocv_ref,Augmented|LOCO,,Random Forest,43,LOCO,Augmented,Thickness_mean,,,,14,14,10,OFAT,6.8225,7.809241666666674
loocv_ref,Augmented|LOCO,,Random Forest,43,LOCO,Augmented,Thickness_mean,,,,15,15,10,OFAT,14.995,7.809241666666674
loocv_ref,Augmented|LOCO,,Random Forest,43,LOCO,Augmented,Thickness_mean,,,,16,16,13,OFAT,14.025,12.774040116480744
loocv_ref,Augmented|LOCO,,Random Forest,43,LOCO,Augmented,Thickness_mean,,,,17,17,10,OFAT,9.0475,7.809241666666674
loocv_ref,Augmented|LOCO,,Random Forest,43,LOCO,Augmented,Thickness_mean,,,,18,18,14,OFAT,22.225,18.962719391719393
loocv_ref,Augmented|LOCO,,Random Forest,43,LOCO,Augmented,Thickness_mean,,,,19,19,14,OFAT,25.935,18.962719391719393
loocv_ref,Augmented|LOCO,,Random Forest,43,LOCO,Augmented,Thickness_mean,,,,20,20,15,OFAT,7.03,4.912006250000002
loocv_ref,Augmented|LOCO,,Random Forest,43,LOCO,Augmented,Thickness_mean,,,,21,21,16,OFAT,13.5325,12.545517261904761
loocv_ref,Augmented|LOCO,,Random Forest,43,LOCO,Augmented,Thickness_mean,,,,22,22,14,OFAT,25.29,18.962719391719393
loocv_ref,Augmented|LOCO,,Random Forest,43,LOCO,Augmented,Thickness_mean,,,,23,23,14,OFAT,21.965,18.962719391719393
loocv_ref,Augmented|LOCO,,Random Forest,43,LOCO,Augmented,Thickness_mean,,,,24,24,14,OFAT,23.082500000000003,18.962719391719393
loocv_ref,Augmented|LOCO,,Random Forest,43,LOCO,Augmented,Thickness_mean,,,,25,25,14,OFAT,21.262500000000003,18.962719391719393
loocv_ref,Augmented|LOCO,,Random Forest,43,LOCO,Augmented,Thickness_mean,,,,26,26,17,OFAT,17.8275,15.799341945207562
loocv_ref,Augmented|LOCO,,Random Forest,43,LOCO,Augmented,Thickness_mean,,,,27,27,17,OFAT,17.345,15.799341945207562
loocv_ref,Augmented|LOCO,,Random Forest,43,LOCO,Augmented,Thickness_mean,,,,28,28,17,OFAT,24.4925,15.799341945207562
loocv_ref,Augmented|LOCO,,Random Forest,43,LOCO,Augmented,Thickness_mean,,,,29,29,17,OFAT,17.695,15.799341945207562
loocv_ref,Augmented|LOCO,,Random Forest,43,LOCO,Augmented,Thickness_mean,,,,30,30,17,OFAT,16.814999999999998,15.799341945207562
loocv_ref,Augmented|LOCO,,Random Forest,43,LOCO,Augmented,Thickness_mean,,,,31,31,18,OFAT,14.9425,18.690785603632477
loocv_ref,Augmented|LOCO,,Random Forest,43,LOCO,Augmented,Thickness_mean,,,,32,32,19,OFAT,9.9625,13.598500267857155
loocv_ref,Augmented|LOCO,,Random Forest,43,LOCO,Augmented,Thickness_mean,,,,33,33,20,OFAT,4.855,6.0795731845238015
loocv_ref,Augmented|LOCO,,Random Forest,43,LOCO,Augmented,Thickness_mean,,,,34,34,21,OFAT,1.2375,1.9920534523809514
loocv_ref,Augmented|LOCO,,Random Forest,43,LOCO,Augmented,Thickness_mean,,,,35,35,22,OFAT,2.0275,1.8314235714285707
loocv_ref,Augmented|LOCO,,Random Forest,43,LOCO,Augmented,Thickness_mean,,,,36,36,23,OFAT,3.535,4.7587617261904755
loocv_ref,Augmented|LOCO,,Random Forest,43,LOCO,Augmented,Thickness_mean,,,,37,37,20,OFAT,8.6425,6.0795731845238015
loocv_ref,Augmented|LOCO,,Random Forest,43,LOCO,Augmented,Thickness_mean,,,,38,38,19,OFAT,12.75,13.598500267857155
loocv_ref,Augmented|LOCO,,Random Forest,43,LOCO,Augmented,Thickness_mean,,,,39,39,18,OFAT,16.965,18.690785603632477
loocv_ref,Augmented|LOCO,,Random Forest,43,LOCO,Augmented,Thickness_mean,,,,40,40,19,OFAT,19.6525,13.598500267857155
loocv_ref,Augmented|LOCO,,Random Forest,43,LOCO,Augmented,Thickness_mean,,,,41,41,19,OFAT,9.2675,13.598500267857155
loocv_ref,Augmented|LOCO,,Random Forest,43,LOCO,Augmented,Thickness_mean,,,,42,44,26,DOE,5.285,4.76064181547619
loocv_ref,Augmented|LOCO,,Random Forest,43,LOCO,Augmented,Thickness_mean,,,,43,45,27,DOE,29.6975,25.268355793650795
loocv_ref,Augmented|LOCO,,Random Forest,43,LOCO,Augmented,Thickness_mean,,,,44,43,25,DOE,1.05,1.4518673214285718
loocv_ref,Augmented|LOCO,,Random Forest,43,LOCO,Augmented,Thickness_mean,,,,45,46,28,DOE,31.682500000000005,25.903246488095238
loocv_ref,Augmented|LOCO,,Random Forest,43,LOCO,Augmented,Thickness_mean,,,,46,42,24,DOE,1.0625,1.4033975297619048
loocv_ref,Augmented|LOCO,,Random Forest,43,LOCO,Augmented,Thickness_mean,,,,47,49,31,DOE,25.6225,26.337453373015865
loocv_ref,Augmented|LOCO,,Random Forest,43,LOCO,Augmented,Thickness_mean,,,,48,54,36,DOE,4.335,5.734267053571431
loocv_ref,Augmented|LOCO,,Random Forest,43,LOCO,Augmented,Thickness_mean,,,,49,52,34,DOE,22.5,26.45971146374457
loocv_ref,Augmented|LOCO,,Random Forest,43,LOCO,Augmented,Thickness_mean,,,,50,47,29,DOE,1.0525000000000002,1.3434853273809517
loocv_ref,Augmented|LOCO,,Random Forest,43,LOCO,Augmented,Thickness_mean,,,,51,51,33,DOE,1.1124999999999998,1.3948659821428566
loocv_ref,Augmented|LOCO,,Random Forest,43,LOCO,Augmented,Thickness_mean,,,,52,53,35,DOE,1.285,1.8228274999999994
loocv_ref,Augmented|LOCO,,Random Forest,43,LOCO,Augmented,Thickness_mean,,,,53,56,38,DOE,21.8925,25.923752830433457
loocv_ref,Augmented|LOCO,,Random Forest,43,LOCO,Augmented,Thickness_mean,,,,54,50,32,DOE,25.37,23.820086901501277
loocv_ref,Augmented|LOCO,,Random Forest,43,LOCO,Augmented,Thickness_mean,,,,55,48,30,DOE,26.11,25.705224188658566
loocv_ref,Augmented|LOCO,,Random Forest,43,LOCO,Augmented,Thickness_mean,,,,56,55,37,DOE,11.3,18.095037916666666
loocv_ref,Augmented|LOCO,,Random Forest,44,LOCO,Augmented,Thickness_mean,,,,0,0,0,OFAT,36.34,20.852774999999962
loocv_ref,Augmented|LOCO,,Random Forest,44,LOCO,Augmented,Thickness_mean,,,,1,1,1,OFAT,19.9225,26.436224374999988
loocv_ref,Augmented|LOCO,,Random Forest,44,LOCO,Augmented,Thickness_mean,,,,2,2,2,OFAT,25.6625,24.177632380952375
loocv_ref,Augmented|LOCO,,Random Forest,44,LOCO,Augmented,Thickness_mean,,,,3,3,3,OFAT,20.2075,17.150375
loocv_ref,Augmented|LOCO,,Random Forest,44,LOCO,Augmented,Thickness_mean,,,,4,4,4,OFAT,15.345,16.01504358134921
loocv_ref,Augmented|LOCO,,Random Forest,44,LOCO,Augmented,Thickness_mean,,,,5,5,5,OFAT,14.265,16.991064236111107
loocv_ref,Augmented|LOCO,,Random Forest,44,LOCO,Augmented,Thickness_mean,,,,6,6,6,OFAT,12.9225,14.855493928571427
loocv_ref,Augmented|LOCO,,Random Forest,44,LOCO,Augmented,Thickness_mean,,,,7,7,7,OFAT,13.2775,15.076972716450209
loocv_ref,Augmented|LOCO,,Random Forest,44,LOCO,Augmented,Thickness_mean,,,,8,8,8,OFAT,15.329999999999998,20.763664464285696
loocv_ref,Augmented|LOCO,,Random Forest,44,LOCO,Augmented,Thickness_mean,,,,9,9,9,OFAT,7.855,8.739922673160178
loocv_ref,Augmented|LOCO,,Random Forest,44,LOCO,Augmented,Thickness_mean,,,,10,10,10,OFAT,2.8075,8.430607550428737
loocv_ref,Augmented|LOCO,,Random Forest,44,LOCO,Augmented,Thickness_mean,,,,11,11,11,OFAT,7.7875,8.721936073685299
loocv_ref,Augmented|LOCO,,Random Forest,44,LOCO,Augmented,Thickness_mean,,,,12,12,11,OFAT,9.105,8.721936073685299
loocv_ref,Augmented|LOCO,,Random Forest,44,LOCO,Augmented,Thickness_mean,,,,13,13,12,OFAT,7.734999999999999,8.352640036075034
loocv_ref,Augmented|LOCO,,Random Forest,44,LOCO,Augmented,Thickness_mean,,,,14,14,10,OFAT,6.8225,8.430607550428737
loocv_ref,Augmented|LOCO,,Random Forest,44,LOCO,Augmented,Thickness_mean,,,,15,15,10,OFAT,14.995,8.430607550428737
loocv_ref,Augmented|LOCO,,Random Forest,44,LOCO,Augmented,Thickness_mean,,,,16,16,13,OFAT,14.025,12.759697058721267
loocv_ref,Augmented|LOCO,,Random Forest,44,LOCO,Augmented,Thickness_mean,,,,17,17,10,OFAT,9.0475,8.430607550428737
loocv_ref,Augmented|LOCO,,Random Forest,44,LOCO,Augmented,Thickness_mean,,,,18,18,14,OFAT,22.225,19.53965936660562
loocv_ref,Augmented|LOCO,,Random Forest,44,LOCO,Augmented,Thickness_mean,,,,19,19,14,OFAT,25.935,19.53965936660562
loocv_ref,Augmented|LOCO,,Random Forest,44,LOCO,Augmented,Thickness_mean,,,,20,20,15,OFAT,7.03,4.823032509920637
loocv_ref,Augmented|LOCO,,Random Forest,44,LOCO,Augmented,Thickness_mean,,,,21,21,16,OFAT,13.5325,11.365309774341368
loocv_ref,Augmented|LOCO,,Random Forest,44,LOCO,Augmented,Thickness_mean,,,,22,22,14,OFAT,25.29,19.53965936660562
loocv_ref,Augmented|LOCO,,Random Forest,44,LOCO,Augmented,Thickness_mean,,,,23,23,14,OFAT,21.965,19.53965936660562
loocv_ref,Augmented|LOCO,,Random Forest,44,LOCO,Augmented,Thickness_mean,,,,24,24,14,OFAT,23.082500000000003,19.53965936660562
loocv_ref,Augmented|LOCO,,Random Forest,44,LOCO,Augmented,Thickness_mean,,,,25,25,14,OFAT,21.262500000000003,19.53965936660562
loocv_ref,Augmented|LOCO,,Random Forest,44,LOCO,Augmented,Thickness_mean,,,,26,26,17,OFAT,17.8275,16.12399924091303
loocv_ref,Augmented|LOCO,,Random Forest,44,LOCO,Augmented,Thickness_mean,,,,27,27,17,OFAT,17.345,16.12399924091303
loocv_ref,Augmented|LOCO,,Random Forest,44,LOCO,Augmented,Thickness_mean,,,,28,28,17,OFAT,24.4925,16.12399924091303
loocv_ref,Augmented|LOCO,,Random Forest,44,LOCO,Augmented,Thickness_mean,,,,29,29,17,OFAT,17.695,16.12399924091303
loocv_ref,Augmented|LOCO,,Random Forest,44,LOCO,Augmented,Thickness_mean,,,,30,30,17,OFAT,16.814999999999998,16.12399924091303
loocv_ref,Augmented|LOCO,,Random Forest,44,LOCO,Augmented,Thickness_mean,,,,31,31,18,OFAT,14.9425,17.653096880677907
loocv_ref,Augmented|LOCO,,Random Forest,44,LOCO,Augmented,Thickness_mean,,,,32,32,19,OFAT,9.9625,13.018063511904774
loocv_ref,Augmented|LOCO,,Random Forest,44,LOCO,Augmented,Thickness_mean,,,,33,33,20,OFAT,4.855,6.612896535617156
loocv_ref,Augmented|LOCO,,Random Forest,44,LOCO,Augmented,Thickness_mean,,,,34,34,21,OFAT,1.2375,1.6652985450660447
loocv_ref,Augmented|LOCO,,Random Forest,44,LOCO,Augmented,Thickness_mean,,,,35,35,22,OFAT,2.0275,1.4627328777472526
loocv_ref,Augmented|LOCO,,Random Forest,44,LOCO,Augmented,Thickness_mean,,,,36,36,23,OFAT,3.535,5.093089718198469
loocv_ref,Augmented|LOCO,,Random Forest,44,LOCO,Augmented,Thickness_mean,,,,37,37,20,OFAT,8.6425,6.612896535617156
loocv_ref,Augmented|LOCO,,Random Forest,44,LOCO,Augmented,Thickness_mean,,,,38,38,19,OFAT,12.75,13.018063511904774
loocv_ref,Augmented|LOCO,,Random Forest,44,LOCO,Augmented,Thickness_mean,,,,39,39,18,OFAT,16.965,17.653096880677907
loocv_ref,Augmented|LOCO,,Random Forest,44,LOCO,Augmented,Thickness_mean,,,,40,40,19,OFAT,19.6525,13.018063511904774
loocv_ref,Augmented|LOCO,,Random Forest,44,LOCO,Augmented,Thickness_mean,,,,41,41,19,OFAT,9.2675,13.018063511904774
loocv_ref,Augmented|LOCO,,Random Forest,44,LOCO,Augmented,Thickness_mean,,,,42,44,26,DOE,5.285,5.272366396532605
loocv_ref,Augmented|LOCO,,Random Forest,44,LOCO,Augmented,Thickness_mean,,,,43,45,27,DOE,29.6975,26.79904734432233
loocv_ref,Augmented|LOCO,,Random Forest,44,LOCO,Augmented,Thickness_mean,,,,44,43,25,DOE,1.05,1.6099141071428573
loocv_ref,Augmented|LOCO,,Random Forest,44,LOCO,Augmented,Thickness_mean,,,,45,46,28,DOE,31.682500000000005,25.470897168668742
loocv_ref,Augmented|LOCO,,Random Forest,44,LOCO,Augmented,Thickness_mean,,,,46,42,24,DOE,1.0625,1.518827886904762
loocv_ref,Augmented|LOCO,,Random Forest,44,LOCO,Augmented,Thickness_mean,,,,47,49,31,DOE,25.6225,26.38472154765374
loocv_ref,Augmented|LOCO,,Random Forest,44,LOCO,Augmented,Thickness_mean,,,,48,54,36,DOE,4.335,5.93371092261905
loocv_ref,Augmented|LOCO,,Random Forest,44,LOCO,Augmented,Thickness_mean,,,,49,52,34,DOE,22.5,26.709539388632212
loocv_ref,Augmented|LOCO,,Random Forest,44,LOCO,Augmented,Thickness_mean,,,,50,47,29,DOE,1.0525000000000002,1.2103980357142854
loocv_ref,Augmented|LOCO,,Random Forest,44,LOCO,Augmented,Thickness_mean,,,,51,51,33,DOE,1.1124999999999998,1.2576607738095236
loocv_ref,Augmented|LOCO,,Random Forest,44,LOCO,Augmented,Thickness_mean,,,,52,53,35,DOE,1.285,1.5242230952380953
loocv_ref,Augmented|LOCO,,Random Forest,44,LOCO,Augmented,Thickness_mean,,,,53,56,38,DOE,21.8925,25.978132134185266
loocv_ref,Augmented|LOCO,,Random Forest,44,LOCO,Augmented,Thickness_mean,,,,54,50,32,DOE,25.37,24.010579914391165
loocv_ref,Augmented|LOCO,,Random Forest,44,LOCO,Augmented,Thickness_mean,,,,55,48,30,DOE,26.11,26.40370229076478
loocv_ref,Augmented|LOCO,,Random Forest,44,LOCO,Augmented,Thickness_mean,,,,56,55,37,DOE,11.3,17.5244855465368
loocv_ref,Augmented|LOCO,,Random Forest,45,LOCO,Augmented,Thickness_mean,,,,0,0,0,OFAT,36.34,20.24804999999996
loocv_ref,Augmented|LOCO,,Random Forest,45,LOCO,Augmented,Thickness_mean,,,,1,1,1,OFAT,19.9225,27.298493095238104
loocv_ref,Augmented|LOCO,,Random Forest,45,LOCO,Augmented,Thickness_mean,,,,2,2,2,OFAT,25.6625,22.296128930807757
loocv_ref,Augmented|LOCO,,Random Forest,45,LOCO,Augmented,Thickness_mean,,,,3,3,3,OFAT,20.2075,17.705074672619038
loocv_ref,Augmented|LOCO,,Random Forest,45,LOCO,Augmented,Thickness_mean,,,,4,4,4,OFAT,15.345,16.246800000000015
loocv_ref,Augmented|LOCO,,Random Forest,45,LOCO,Augmented,Thickness_mean,,,,5,5,5,OFAT,14.265,16.529279999999996
loocv_ref,Augmented|LOCO,,Random Forest,45,LOCO,Augmented,Thickness_mean,,,,6,6,6,OFAT,12.9225,14.950988571428576
loocv_ref,Augmented|LOCO,,Random Forest,45,LOCO,Augmented,Thickness_mean,,,,7,7,7,OFAT,13.2775,15.069002162698412
loocv_ref,Augmented|LOCO,,Random Forest,45,LOCO,Augmented,Thickness_mean,,,,8,8,8,OFAT,15.329999999999998,19.17641974206348
loocv_ref,Augmented|LOCO,,Random Forest,45,LOCO,Augmented,Thickness_mean,,,,9,9,9,OFAT,7.855,8.403903819444453
loocv_ref,Augmented|LOCO,,Random Forest,45,LOCO,Augmented,Thickness_mean,,,,10,10,10,OFAT,2.8075,8.235320416666672
loocv_ref,Augmented|LOCO,,Random Forest,45,LOCO,Augmented,Thickness_mean,,,,11,11,11,OFAT,7.7875,7.755776190476198
loocv_ref,Augmented|LOCO,,Random Forest,45,LOCO,Augmented,Thickness_mean,,,,12,12,11,OFAT,9.105,7.755776190476198
loocv_ref,Augmented|LOCO,,Random Forest,45,LOCO,Augmented,Thickness_mean,,,,13,13,12,OFAT,7.734999999999999,8.311369851190479
loocv_ref,Augmented|LOCO,,Random Forest,45,LOCO,Augmented,Thickness_mean,,,,14,14,10,OFAT,6.8225,8.235320416666672
loocv_ref,Augmented|LOCO,,Random Forest,45,LOCO,Augmented,Thickness_mean,,,,15,15,10,OFAT,14.995,8.235320416666672
loocv_ref,Augmented|LOCO,,Random Forest,45,LOCO,Augmented,Thickness_mean,,,,16,16,13,OFAT,14.025,12.90701715173715
loocv_ref,Augmented|LOCO,,Random Forest,45,LOCO,Augmented,Thickness_mean,,,,17,17,10,OFAT,9.0475,8.235320416666672
loocv_ref,Augmented|LOCO,,Random Forest,45,LOCO,Augmented,Thickness_mean,,,,18,18,14,OFAT,22.225,17.966594216267442
loocv_ref,Augmented|LOCO,,Random Forest,45,LOCO,Augmented,Thickness_mean,,,,19,19,14,OFAT,25.935,17.966594216267442
loocv_ref,Augmented|LOCO,,Random Forest,45,LOCO,Augmented,Thickness_mean,,,,20,20,15,OFAT,7.03,5.145218750000001
loocv_ref,Augmented|LOCO,,Random Forest,45,LOCO,Augmented,Thickness_mean,,,,21,21,16,OFAT,13.5325,12.3946021780303
loocv_ref,Augmented|LOCO,,Random Forest,45,LOCO,Augmented,Thickness_mean,,,,22,22,14,OFAT,25.29,17.966594216267442
loocv_ref,Augmented|LOCO,,Random Forest,45,LOCO,Augmented,Thickness_mean,,,,23,23,14,OFAT,21.965,17.966594216267442
loocv_ref,Augmented|LOCO,,Random Forest,45,LOCO,Augmented,Thickness_mean,,,,24,24,14,OFAT,23.082500000000003,17.966594216267442
loocv_ref,Augmented|LOCO,,Random Forest,45,LOCO,Augmented,Thickness_mean,,,,25,25,14,OFAT,21.262500000000003,17.966594216267442
loocv_ref,Augmented|LOCO,,Random Forest,45,LOCO,Augmented,Thickness_mean,,,,26,26,17,OFAT,17.8275,16.02391324042039
loocv_ref,Augmented|LOCO,,Random Forest,45,LOCO,Augmented,Thickness_mean,,,,27,27,17,OFAT,17.345,16.02391324042039
loocv_ref,Augmented|LOCO,,Random Forest,45,LOCO,Augmented,Thickness_mean,,,,28,28,17,OFAT,24.4925,16.02391324042039
loocv_ref,Augmented|LOCO,,Random Forest,45,LOCO,Augmented,Thickness_mean,,,,29,29,17,OFAT,17.695,16.02391324042039
loocv_ref,Augmented|LOCO,,Random Forest,45,LOCO,Augmented,Thickness_mean,,,,30,30,17,OFAT,16.814999999999998,16.02391324042039
loocv_ref,Augmented|LOCO,,Random Forest,45,LOCO,Augmented,Thickness_mean,,,,31,31,18,OFAT,14.9425,18.61893888091076
loocv_ref,Augmented|LOCO,,Random Forest,45,LOCO,Augmented,Thickness_mean,,,,32,32,19,OFAT,9.9625,13.347440109126989
loocv_ref,Augmented|LOCO,,Random Forest,45,LOCO,Augmented,Thickness_mean,,,,33,33,20,OFAT,4.855,6.421023164682539
loocv_ref,Augmented|LOCO,,Random Forest,45,LOCO,Augmented,Thickness_mean,,,,34,34,21,OFAT,1.2375,1.9974166666666664
loocv_ref,Augmented|LOCO,,Random Forest,45,LOCO,Augmented,Thickness_mean,,,,35,35,22,OFAT,2.0275,1.7481187500000002
loocv_ref,Augmented|LOCO,,Random Forest,45,LOCO,Augmented,Thickness_mean,,,,36,36,23,OFAT,3.535,5.110167392676764
loocv_ref,Augmented|LOCO,,Random Forest,45,LOCO,Augmented,Thickness_mean,,,,37,37,20,OFAT,8.6425,6.421023164682539
loocv_ref,Augmented|LOCO,,Random Forest,45,LOCO,Augmented,Thickness_mean,,,,38,38,19,OFAT,12.75,13.347440109126989
loocv_ref,Augmented|LOCO,,Random Forest,45,LOCO,Augmented,Thickness_mean,,,,39,39,18,OFAT,16.965,18.61893888091076
loocv_ref,Augmented|LOCO,,Random Forest,45,LOCO,Augmented,Thickness_mean,,,,40,40,19,OFAT,19.6525,13.347440109126989
loocv_ref,Augmented|LOCO,,Random Forest,45,LOCO,Augmented,Thickness_mean,,,,41,41,19,OFAT,9.2675,13.347440109126989
loocv_ref,Augmented|LOCO,,Random Forest,45,LOCO,Augmented,Thickness_mean,,,,42,44,26,DOE,5.285,5.06756338293651
loocv_ref,Augmented|LOCO,,Random Forest,45,LOCO,Augmented,Thickness_mean,,,,43,45,27,DOE,29.6975,25.40577533008657
loocv_ref,Augmented|LOCO,,Random Forest,45,LOCO,Augmented,Thickness_mean,,,,44,43,25,DOE,1.05,1.570746934523809
loocv_ref,Augmented|LOCO,,Random Forest,45,LOCO,Augmented,Thickness_mean,,,,45,46,28,DOE,31.682500000000005,25.815046488095245
loocv_ref,Augmented|LOCO,,Random Forest,45,LOCO,Augmented,Thickness_mean,,,,46,42,24,DOE,1.0625,1.5027769047619046
loocv_ref,Augmented|LOCO,,Random Forest,45,LOCO,Augmented,Thickness_mean,,,,47,49,31,DOE,25.6225,26.068665922619047
loocv_ref,Augmented|LOCO,,Random Forest,45,LOCO,Augmented,Thickness_mean,,,,48,54,36,DOE,4.335,5.844330257936511
loocv_ref,Augmented|LOCO,,Random Forest,45,LOCO,Augmented,Thickness_mean,,,,49,52,34,DOE,22.5,26.763999140720383
loocv_ref,Augmented|LOCO,,Random Forest,45,LOCO,Augmented,Thickness_mean,,,,50,47,29,DOE,1.0525000000000002,1.1727158630952375
loocv_ref,Augmented|LOCO,,Random Forest,45,LOCO,Augmented,Thickness_mean,,,,51,51,33,DOE,1.1124999999999998,1.2902252976190471
loocv_ref,Augmented|LOCO,,Random Forest,45,LOCO,Augmented,Thickness_mean,,,,52,53,35,DOE,1.285,1.6679103571428584
loocv_ref,Augmented|LOCO,,Random Forest,45,LOCO,Augmented,Thickness_mean,,,,53,56,38,DOE,21.8925,30.523029236111128
loocv_ref,Augmented|LOCO,,Random Forest,45,LOCO,Augmented,Thickness_mean,,,,54,50,32,DOE,25.37,23.640380284992784
loocv_ref,Augmented|LOCO,,Random Forest,45,LOCO,Augmented,Thickness_mean,,,,55,48,30,DOE,26.11,25.723761815476156
loocv_ref,Augmented|LOCO,,Random Forest,45,LOCO,Augmented,Thickness_mean,,,,56,55,37,DOE,11.3,16.14595993055554
loocv_ref,Augmented|LOCO,,Random Forest,46,LOCO,Augmented,Thickness_mean,,,,0,0,0,OFAT,36.34,20.105674999999966
loocv_ref,Augmented|LOCO,,Random Forest,46,LOCO,Augmented,Thickness_mean,,,,1,1,1,OFAT,19.9225,26.56698083333332
loocv_ref,Augmented|LOCO,,Random Forest,46,LOCO,Augmented,Thickness_mean,,,,2,2,2,OFAT,25.6625,23.60149080495893
loocv_ref,Augmented|LOCO,,Random Forest,46,LOCO,Augmented,Thickness_mean,,,,3,3,3,OFAT,20.2075,16.9577793452381
loocv_ref,Augmented|LOCO,,Random Forest,46,LOCO,Augmented,Thickness_mean,,,,4,4,4,OFAT,15.345,15.86557017857143
loocv_ref,Augmented|LOCO,,Random Forest,46,LOCO,Augmented,Thickness_mean,,,,5,5,5,OFAT,14.265,16.84976910714286
loocv_ref,Augmented|LOCO,,Random Forest,46,LOCO,Augmented,Thickness_mean,,,,6,6,6,OFAT,12.9225,15.90802767045455
loocv_ref,Augmented|LOCO,,Random Forest,46,LOCO,Augmented,Thickness_mean,,,,7,7,7,OFAT,13.2775,16.022287493686868
loocv_ref,Augmented|LOCO,,Random Forest,46,LOCO,Augmented,Thickness_mean,,,,8,8,8,OFAT,15.329999999999998,19.39409998376624
loocv_ref,Augmented|LOCO,,Random Forest,46,LOCO,Augmented,Thickness_mean,,,,9,9,9,OFAT,7.855,8.32587798611111
loocv_ref,Augmented|LOCO,,Random Forest,46,LOCO,Augmented,Thickness_mean,,,,10,10,10,OFAT,2.8075,8.000795803571428
loocv_ref,Augmented|LOCO,,Random Forest,46,LOCO,Augmented,Thickness_mean,,,,11,11,11,OFAT,7.7875,8.083062638888892
loocv_ref,Augmented|LOCO,,Random Forest,46,LOCO,Augmented,Thickness_mean,,,,12,12,11,OFAT,9.105,8.083062638888892
loocv_ref,Augmented|LOCO,,Random Forest,46,LOCO,Augmented,Thickness_mean,,,,13,13,12,OFAT,7.734999999999999,8.298513831168837
loocv_ref,Augmented|LOCO,,Random Forest,46,LOCO,Augmented,Thickness_mean,,,,14,14,10,OFAT,6.8225,8.000795803571428
loocv_ref,Augmented|LOCO,,Random Forest,46,LOCO,Augmented,Thickness_mean,,,,15,15,10,OFAT,14.995,8.000795803571428
loocv_ref,Augmented|LOCO,,Random Forest,46,LOCO,Augmented,Thickness_mean,,,,16,16,13,OFAT,14.025,12.802389106032853
loocv_ref,Augmented|LOCO,,Random Forest,46,LOCO,Augmented,Thickness_mean,,,,17,17,10,OFAT,9.0475,8.000795803571428
loocv_ref,Augmented|LOCO,,Random Forest,46,LOCO,Augmented,Thickness_mean,,,,18,18,14,OFAT,22.225,18.392052601344517
loocv_ref,Augmented|LOCO,,Random Forest,46,LOCO,Augmented,Thickness_mean,,,,19,19,14,OFAT,25.935,18.392052601344517
loocv_ref,Augmented|LOCO,,Random Forest,46,LOCO,Augmented,Thickness_mean,,,,20,20,15,OFAT,7.03,4.745311785714286
loocv_ref,Augmented|LOCO,,Random Forest,46,LOCO,Augmented,Thickness_mean,,,,21,21,16,OFAT,13.5325,11.063112702922078
loocv_ref,Augmented|LOCO,,Random Forest,46,LOCO,Augmented,Thickness_mean,,,,22,22,14,OFAT,25.29,18.392052601344517
loocv_ref,Augmented|LOCO,,Random Forest,46,LOCO,Augmented,Thickness_mean,,,,23,23,14,OFAT,21.965,18.392052601344517
loocv_ref,Augmented|LOCO,,Random Forest,46,LOCO,Augmented,Thickness_mean,,,,24,24,14,OFAT,23.082500000000003,18.392052601344517
loocv_ref,Augmented|LOCO,,Random Forest,46,LOCO,Augmented,Thickness_mean,,,,25,25,14,OFAT,21.262500000000003,18.392052601344517
loocv_ref,Augmented|LOCO,,Random Forest,46,LOCO,Augmented,Thickness_mean,,,,26,26,17,OFAT,17.8275,16.162937759342377
loocv_ref,Augmented|LOCO,,Random Forest,46,LOCO,Augmented,Thickness_mean,,,,27,27,17,OFAT,17.345,16.162937759342377
loocv_ref,Augmented|LOCO,,Random Forest,46,LOCO,Augmented,Thickness_mean,,,,28,28,17,OFAT,24.4925,16.162937759342377
loocv_ref,Augmented|LOCO,,Random Forest,46,LOCO,Augmented,Thickness_mean,,,,29,29,17,OFAT,17.695,16.162937759342377
loocv_ref,Augmented|LOCO,,Random Forest,46,LOCO,Augmented,Thickness_mean,,,,30,30,17,OFAT,16.814999999999998,16.162937759342377
loocv_ref,Augmented|LOCO,,Random Forest,46,LOCO,Augmented,Thickness_mean,,,,31,31,18,OFAT,14.9425,17.86773117601761
loocv_ref,Augmented|LOCO,,Random Forest,46,LOCO,Augmented,Thickness_mean,,,,32,32,19,OFAT,9.9625,12.893337113095235
loocv_ref,Augmented|LOCO,,Random Forest,46,LOCO,Augmented,Thickness_mean,,,,33,33,20,OFAT,4.855,6.494411805918756
loocv_ref,Augmented|LOCO,,Random Forest,46,LOCO,Augmented,Thickness_mean,,,,34,34,21,OFAT,1.2375,2.148071726190476
loocv_ref,Augmented|LOCO,,Random Forest,46,LOCO,Augmented,Thickness_mean,,,,35,35,22,OFAT,2.0275,1.9315589285714279
loocv_ref,Augmented|LOCO,,Random Forest,46,LOCO,Augmented,Thickness_mean,,,,36,36,23,OFAT,3.535,4.743179523809524
loocv_ref,Augmented|LOCO,,Random Forest,46,LOCO,Augmented,Thickness_mean,,,,37,37,20,OFAT,8.6425,6.494411805918756
loocv_ref,Augmented|LOCO,,Random Forest,46,LOCO,Augmented,Thickness_mean,,,,38,38,19,OFAT,12.75,12.893337113095235
loocv_ref,Augmented|LOCO,,Random Forest,46,LOCO,Augmented,Thickness_mean,,,,39,39,18,OFAT,16.965,17.86773117601761
loocv_ref,Augmented|LOCO,,Random Forest,46,LOCO,Augmented,Thickness_mean,,,,40,40,19,OFAT,19.6525,12.893337113095235
loocv_ref,Augmented|LOCO,,Random Forest,46,LOCO,Augmented,Thickness_mean,,,,41,41,19,OFAT,9.2675,12.893337113095235
loocv_ref,Augmented|LOCO,,Random Forest,46,LOCO,Augmented,Thickness_mean,,,,42,44,26,DOE,5.285,4.9063744426406934
loocv_ref,Augmented|LOCO,,Random Forest,46,LOCO,Augmented,Thickness_mean,,,,43,45,27,DOE,29.6975,24.93985793650791
loocv_ref,Augmented|LOCO,,Random Forest,46,LOCO,Augmented,Thickness_mean,,,,44,43,25,DOE,1.05,1.386222440476191
loocv_ref,Augmented|LOCO,,Random Forest,46,LOCO,Augmented,Thickness_mean,,,,45,46,28,DOE,31.682500000000005,25.82412668650793
loocv_ref,Augmented|LOCO,,Random Forest,46,LOCO,Augmented,Thickness_mean,,,,46,42,24,DOE,1.0625,1.3700316044372298
loocv_ref,Augmented|LOCO,,Random Forest,46,LOCO,Augmented,Thickness_mean,,,,47,49,31,DOE,25.6225,25.896864894688647
loocv_ref,Augmented|LOCO,,Random Forest,46,LOCO,Augmented,Thickness_mean,,,,48,54,36,DOE,4.335,6.032110744047617
loocv_ref,Augmented|LOCO,,Random Forest,46,LOCO,Augmented,Thickness_mean,,,,49,52,34,DOE,22.5,26.07061157550783
loocv_ref,Augmented|LOCO,,Random Forest,46,LOCO,Augmented,Thickness_mean,,,,50,47,29,DOE,1.0525000000000002,1.1991975892857147
loocv_ref,Augmented|LOCO,,Random Forest,46,LOCO,Augmented,Thickness_mean,,,,51,51,33,DOE,1.1124999999999998,1.3096949107142857
loocv_ref,Augmented|LOCO,,Random Forest,46,LOCO,Augmented,Thickness_mean,,,,52,53,35,DOE,1.285,1.6611917261904765
loocv_ref,Augmented|LOCO,,Random Forest,46,LOCO,Augmented,Thickness_mean,,,,53,56,38,DOE,21.8925,25.515112720057722
loocv_ref,Augmented|LOCO,,Random Forest,46,LOCO,Augmented,Thickness_mean,,,,54,50,32,DOE,25.37,23.327846887299476
loocv_ref,Augmented|LOCO,,Random Forest,46,LOCO,Augmented,Thickness_mean,,,,55,48,30,DOE,26.11,25.72894415674604
loocv_ref,Augmented|LOCO,,Random Forest,46,LOCO,Augmented,Thickness_mean,,,,56,55,37,DOE,11.3,16.964364791666668
loocv_ref,Augmented|LOCO,,Random Forest,47,LOCO,Augmented,Thickness_mean,,,,0,0,0,OFAT,36.34,20.297249999999963
loocv_ref,Augmented|LOCO,,Random Forest,47,LOCO,Augmented,Thickness_mean,,,,1,1,1,OFAT,19.9225,26.44878300926064
loocv_ref,Augmented|LOCO,,Random Forest,47,LOCO,Augmented,Thickness_mean,,,,2,2,2,OFAT,25.6625,24.38113595238095
loocv_ref,Augmented|LOCO,,Random Forest,47,LOCO,Augmented,Thickness_mean,,,,3,3,3,OFAT,20.2075,16.592052751623385
loocv_ref,Augmented|LOCO,,Random Forest,47,LOCO,Augmented,Thickness_mean,,,,4,4,4,OFAT,15.345,15.754071875000012
loocv_ref,Augmented|LOCO,,Random Forest,47,LOCO,Augmented,Thickness_mean,,,,5,5,5,OFAT,14.265,15.987439375000001
loocv_ref,Augmented|LOCO,,Random Forest,47,LOCO,Augmented,Thickness_mean,,,,6,6,6,OFAT,12.9225,14.820897946428572
loocv_ref,Augmented|LOCO,,Random Forest,47,LOCO,Augmented,Thickness_mean,,,,7,7,7,OFAT,13.2775,15.269813392857134
loocv_ref,Augmented|LOCO,,Random Forest,47,LOCO,Augmented,Thickness_mean,,,,8,8,8,OFAT,15.329999999999998,21.055081398809506
loocv_ref,Augmented|LOCO,,Random Forest,47,LOCO,Augmented,Thickness_mean,,,,9,9,9,OFAT,7.855,8.33182791666667
loocv_ref,Augmented|LOCO,,Random Forest,47,LOCO,Augmented,Thickness_mean,,,,10,10,10,OFAT,2.8075,8.124955158730156
loocv_ref,Augmented|LOCO,,Random Forest,47,LOCO,Augmented,Thickness_mean,,,,11,11,11,OFAT,7.7875,8.253439523809522
loocv_ref,Augmented|LOCO,,Random Forest,47,LOCO,Augmented,Thickness_mean,,,,12,12,11,OFAT,9.105,8.253439523809522
loocv_ref,Augmented|LOCO,,Random Forest,47,LOCO,Augmented,Thickness_mean,,,,13,13,12,OFAT,7.734999999999999,8.183095238095241
loocv_ref,Augmented|LOCO,,Random Forest,47,LOCO,Augmented,Thickness_mean,,,,14,14,10,OFAT,6.8225,8.124955158730156
loocv_ref,Augmented|LOCO,,Random Forest,47,LOCO,Augmented,Thickness_mean,,,,15,15,10,OFAT,14.995,8.124955158730156
loocv_ref,Augmented|LOCO,,Random Forest,47,LOCO,Augmented,Thickness_mean,,,,16,16,13,OFAT,14.025,12.708048803418803
loocv_ref,Augmented|LOCO,,Random Forest,47,LOCO,Augmented,Thickness_mean,,,,17,17,10,OFAT,9.0475,8.124955158730156
loocv_ref,Augmented|LOCO,,Random Forest,47,LOCO,Augmented,Thickness_mean,,,,18,18,14,OFAT,22.225,19.602904320609937
loocv_ref,Augmented|LOCO,,Random Forest,47,LOCO,Augmented,Thickness_mean,,,,19,19,14,OFAT,25.935,19.602904320609937
loocv_ref,Augmented|LOCO,,Random Forest,47,LOCO,Augmented,Thickness_mean,,,,20,20,15,OFAT,7.03,4.970085416666667
loocv_ref,Augmented|LOCO,,Random Forest,47,LOCO,Augmented,Thickness_mean,,,,21,21,16,OFAT,13.5325,11.289790142704518
loocv_ref,Augmented|LOCO,,Random Forest,47,LOCO,Augmented,Thickness_mean,,,,22,22,14,OFAT,25.29,19.602904320609937
loocv_ref,Augmented|LOCO,,Random Forest,47,LOCO,Augmented,Thickness_mean,,,,23,23,14,OFAT,21.965,19.602904320609937
loocv_ref,Augmented|LOCO,,Random Forest,47,LOCO,Augmented,Thickness_mean,,,,24,24,14,OFAT,23.082500000000003,19.602904320609937
loocv_ref,Augmented|LOCO,,Random Forest,47,LOCO,Augmented,Thickness_mean,,,,25,25,14,OFAT,21.262500000000003,19.602904320609937
loocv_ref,Augmented|LOCO,,Random Forest,47,LOCO,Augmented,Thickness_mean,,,,26,26,17,OFAT,17.8275,16.25068297112609
loocv_ref,Augmented|LOCO,,Random Forest,47,LOCO,Augmented,Thickness_mean,,,,27,27,17,OFAT,17.345,16.25068297112609
loocv_ref,Augmented|LOCO,,Random Forest,47,LOCO,Augmented,Thickness_mean,,,,28,28,17,OFAT,24.4925,16.25068297112609
loocv_ref,Augmented|LOCO,,Random Forest,47,LOCO,Augmented,Thickness_mean,,,,29,29,17,OFAT,17.695,16.25068297112609
loocv_ref,Augmented|LOCO,,Random Forest,47,LOCO,Augmented,Thickness_mean,,,,30,30,17,OFAT,16.814999999999998,16.25068297112609
loocv_ref,Augmented|LOCO,,Random Forest,47,LOCO,Augmented,Thickness_mean,,,,31,31,18,OFAT,14.9425,17.49212885604136
loocv_ref,Augmented|LOCO,,Random Forest,47,LOCO,Augmented,Thickness_mean,,,,32,32,19,OFAT,9.9625,13.322417798669775
loocv_ref,Augmented|LOCO,,Random Forest,47,LOCO,Augmented,Thickness_mean,,,,33,33,20,OFAT,4.855,6.339281559588288
loocv_ref,Augmented|LOCO,,Random Forest,47,LOCO,Augmented,Thickness_mean,,,,34,34,21,OFAT,1.2375,1.874560439213563
loocv_ref,Augmented|LOCO,,Random Forest,47,LOCO,Augmented,Thickness_mean,,,,35,35,22,OFAT,2.0275,1.7394775784632035
loocv_ref,Augmented|LOCO,,Random Forest,47,LOCO,Augmented,Thickness_mean,,,,36,36,23,OFAT,3.535,5.042730647304082
loocv_ref,Augmented|LOCO,,Random Forest,47,LOCO,Augmented,Thickness_mean,,,,37,37,20,OFAT,8.6425,6.339281559588288
loocv_ref,Augmented|LOCO,,Random Forest,47,LOCO,Augmented,Thickness_mean,,,,38,38,19,OFAT,12.75,13.322417798669775
loocv_ref,Augmented|LOCO,,Random Forest,47,LOCO,Augmented,Thickness_mean,,,,39,39,18,OFAT,16.965,17.49212885604136
loocv_ref,Augmented|LOCO,,Random Forest,47,LOCO,Augmented,Thickness_mean,,,,40,40,19,OFAT,19.6525,13.322417798669775
loocv_ref,Augmented|LOCO,,Random Forest,47,LOCO,Augmented,Thickness_mean,,,,41,41,19,OFAT,9.2675,13.322417798669775
loocv_ref,Augmented|LOCO,,Random Forest,47,LOCO,Augmented,Thickness_mean,,,,42,44,26,DOE,5.285,4.906774621038684
loocv_ref,Augmented|LOCO,,Random Forest,47,LOCO,Augmented,Thickness_mean,,,,43,45,27,DOE,29.6975,26.3811525798507
loocv_ref,Augmented|LOCO,,Random Forest,47,LOCO,Augmented,Thickness_mean,,,,44,43,25,DOE,1.05,1.4895107212925964
loocv_ref,Augmented|LOCO,,Random Forest,47,LOCO,Augmented,Thickness_mean,,,,45,46,28,DOE,31.682500000000005,25.122560072080688
loocv_ref,Augmented|LOCO,,Random Forest,47,LOCO,Augmented,Thickness_mean,,,,46,42,24,DOE,1.0625,1.6678617180735935
loocv_ref,Augmented|LOCO,,Random Forest,47,LOCO,Augmented,Thickness_mean,,,,47,49,31,DOE,25.6225,26.15956443792318
loocv_ref,Augmented|LOCO,,Random Forest,47,LOCO,Augmented,Thickness_mean,,,,48,54,36,DOE,4.335,5.858998632145074
loocv_ref,Augmented|LOCO,,Random Forest,47,LOCO,Augmented,Thickness_mean,,,,49,52,34,DOE,22.5,26.348298218795083
loocv_ref,Augmented|LOCO,,Random Forest,47,LOCO,Augmented,Thickness_mean,,,,50,47,29,DOE,1.0525000000000002,1.5100551587301583
loocv_ref,Augmented|LOCO,,Random Forest,47,LOCO,Augmented,Thickness_mean,,,,51,51,33,DOE,1.1124999999999998,1.5421411111111107
loocv_ref,Augmented|LOCO,,Random Forest,47,LOCO,Augmented,Thickness_mean,,,,52,53,35,DOE,1.285,1.811382396284271
loocv_ref,Augmented|LOCO,,Random Forest,47,LOCO,Augmented,Thickness_mean,,,,53,56,38,DOE,21.8925,25.708424144327896
loocv_ref,Augmented|LOCO,,Random Forest,47,LOCO,Augmented,Thickness_mean,,,,54,50,32,DOE,25.37,23.257071016442715
loocv_ref,Augmented|LOCO,,Random Forest,47,LOCO,Augmented,Thickness_mean,,,,55,48,30,DOE,26.11,26.08605405167749
loocv_ref,Augmented|LOCO,,Random Forest,47,LOCO,Augmented,Thickness_mean,,,,56,55,37,DOE,11.3,17.010461980078855
loocv_ref,Augmented|LOCO,,Random Forest,48,LOCO,Augmented,Thickness_mean,,,,0,0,0,OFAT,36.34,20.39643920634917
loocv_ref,Augmented|LOCO,,Random Forest,48,LOCO,Augmented,Thickness_mean,,,,1,1,1,OFAT,19.9225,27.26724999999998
loocv_ref,Augmented|LOCO,,Random Forest,48,LOCO,Augmented,Thickness_mean,,,,2,2,2,OFAT,25.6625,24.285889107142857
loocv_ref,Augmented|LOCO,,Random Forest,48,LOCO,Augmented,Thickness_mean,,,,3,3,3,OFAT,20.2075,16.719311041666675
loocv_ref,Augmented|LOCO,,Random Forest,48,LOCO,Augmented,Thickness_mean,,,,4,4,4,OFAT,15.345,17.538584963528255
loocv_ref,Augmented|LOCO,,Random Forest,48,LOCO,Augmented,Thickness_mean,,,,5,5,5,OFAT,14.265,17.604742872192247
loocv_ref,Augmented|LOCO,,Random Forest,48,LOCO,Augmented,Thickness_mean,,,,6,6,6,OFAT,12.9225,15.659031590909091
loocv_ref,Augmented|LOCO,,Random Forest,48,LOCO,Augmented,Thickness_mean,,,,7,7,7,OFAT,13.2775,15.620037975288602
loocv_ref,Augmented|LOCO,,Random Forest,48,LOCO,Augmented,Thickness_mean,,,,8,8,8,OFAT,15.329999999999998,19.221812400793624
loocv_ref,Augmented|LOCO,,Random Forest,48,LOCO,Augmented,Thickness_mean,,,,9,9,9,OFAT,7.855,8.343428244047622
loocv_ref,Augmented|LOCO,,Random Forest,48,LOCO,Augmented,Thickness_mean,,,,10,10,10,OFAT,2.8075,8.509163333333337
loocv_ref,Augmented|LOCO,,Random Forest,48,LOCO,Augmented,Thickness_mean,,,,11,11,11,OFAT,7.7875,8.225775654761913
loocv_ref,Augmented|LOCO,,Random Forest,48,LOCO,Augmented,Thickness_mean,,,,12,12,11,OFAT,9.105,8.225775654761913
loocv_ref,Augmented|LOCO,,Random Forest,48,LOCO,Augmented,Thickness_mean,,,,13,13,12,OFAT,7.734999999999999,8.259313154761902
loocv_ref,Augmented|LOCO,,Random Forest,48,LOCO,Augmented,Thickness_mean,,,,14,14,10,OFAT,6.8225,8.509163333333337
loocv_ref,Augmented|LOCO,,Random Forest,48,LOCO,Augmented,Thickness_mean,,,,15,15,10,OFAT,14.995,8.509163333333337
loocv_ref,Augmented|LOCO,,Random Forest,48,LOCO,Augmented,Thickness_mean,,,,16,16,13,OFAT,14.025,13.052091921897548
loocv_ref,Augmented|LOCO,,Random Forest,48,LOCO,Augmented,Thickness_mean,,,,17,17,10,OFAT,9.0475,8.509163333333337
loocv_ref,Augmented|LOCO,,Random Forest,48,LOCO,Augmented,Thickness_mean,,,,18,18,14,OFAT,22.225,18.155756395438814
loocv_ref,Augmented|LOCO,,Random Forest,48,LOCO,Augmented,Thickness_mean,,,,19,19,14,OFAT,25.935,18.155756395438814
loocv_ref,Augmented|LOCO,,Random Forest,48,LOCO,Augmented,Thickness_mean,,,,20,20,15,OFAT,7.03,5.019736309523811
loocv_ref,Augmented|LOCO,,Random Forest,48,LOCO,Augmented,Thickness_mean,,,,21,21,16,OFAT,13.5325,12.07342446810543
loocv_ref,Augmented|LOCO,,Random Forest,48,LOCO,Augmented,Thickness_mean,,,,22,22,14,OFAT,25.29,18.155756395438814
loocv_ref,Augmented|LOCO,,Random Forest,48,LOCO,Augmented,Thickness_mean,,,,23,23,14,OFAT,21.965,18.155756395438814
loocv_ref,Augmented|LOCO,,Random Forest,48,LOCO,Augmented,Thickness_mean,,,,24,24,14,OFAT,23.082500000000003,18.155756395438814
loocv_ref,Augmented|LOCO,,Random Forest,48,LOCO,Augmented,Thickness_mean,,,,25,25,14,OFAT,21.262500000000003,18.155756395438814
loocv_ref,Augmented|LOCO,,Random Forest,48,LOCO,Augmented,Thickness_mean,,,,26,26,17,OFAT,17.8275,15.793012766817206
loocv_ref,Augmented|LOCO,,Random Forest,48,LOCO,Augmented,Thickness_mean,,,,27,27,17,OFAT,17.345,15.793012766817206
loocv_ref,Augmented|LOCO,,Random Forest,48,LOCO,Augmented,Thickness_mean,,,,28,28,17,OFAT,24.4925,15.793012766817206
loocv_ref,Augmented|LOCO,,Random Forest,48,LOCO,Augmented,Thickness_mean,,,,29,29,17,OFAT,17.695,15.793012766817206
loocv_ref,Augmented|LOCO,,Random Forest,48,LOCO,Augmented,Thickness_mean,,,,30,30,17,OFAT,16.814999999999998,15.793012766817206
loocv_ref,Augmented|LOCO,,Random Forest,48,LOCO,Augmented,Thickness_mean,,,,31,31,18,OFAT,14.9425,18.66655411541889
loocv_ref,Augmented|LOCO,,Random Forest,48,LOCO,Augmented,Thickness_mean,,,,32,32,19,OFAT,9.9625,13.00071492521368
loocv_ref,Augmented|LOCO,,Random Forest,48,LOCO,Augmented,Thickness_mean,,,,33,33,20,OFAT,4.855,6.314767499999989
loocv_ref,Augmented|LOCO,,Random Forest,48,LOCO,Augmented,Thickness_mean,,,,34,34,21,OFAT,1.2375,2.0030293849206333
loocv_ref,Augmented|LOCO,,Random Forest,48,LOCO,Augmented,Thickness_mean,,,,35,35,22,OFAT,2.0275,1.806206408730158
loocv_ref,Augmented|LOCO,,Random Forest,48,LOCO,Augmented,Thickness_mean,,,,36,36,23,OFAT,3.535,4.570537003968252
loocv_ref,Augmented|LOCO,,Random Forest,48,LOCO,Augmented,Thickness_mean,,,,37,37,20,OFAT,8.6425,6.314767499999989
loocv_ref,Augmented|LOCO,,Random Forest,48,LOCO,Augmented,Thickness_mean,,,,38,38,19,OFAT,12.75,13.00071492521368
loocv_ref,Augmented|LOCO,,Random Forest,48,LOCO,Augmented,Thickness_mean,,,,39,39,18,OFAT,16.965,18.66655411541889
loocv_ref,Augmented|LOCO,,Random Forest,48,LOCO,Augmented,Thickness_mean,,,,40,40,19,OFAT,19.6525,13.00071492521368
loocv_ref,Augmented|LOCO,,Random Forest,48,LOCO,Augmented,Thickness_mean,,,,41,41,19,OFAT,9.2675,13.00071492521368
loocv_ref,Augmented|LOCO,,Random Forest,48,LOCO,Augmented,Thickness_mean,,,,42,44,26,DOE,5.285,4.805302083333334
loocv_ref,Augmented|LOCO,,Random Forest,48,LOCO,Augmented,Thickness_mean,,,,43,45,27,DOE,29.6975,26.349559988934665
loocv_ref,Augmented|LOCO,,Random Forest,48,LOCO,Augmented,Thickness_mean,,,,44,43,25,DOE,1.05,1.5408294570707064
loocv_ref,Augmented|LOCO,,Random Forest,48,LOCO,Augmented,Thickness_mean,,,,45,46,28,DOE,31.682500000000005,25.216398023756224
loocv_ref,Augmented|LOCO,,Random Forest,48,LOCO,Augmented,Thickness_mean,,,,46,42,24,DOE,1.0625,1.4721863176406926
loocv_ref,Augmented|LOCO,,Random Forest,48,LOCO,Augmented,Thickness_mean,,,,47,49,31,DOE,25.6225,25.58908388826451
loocv_ref,Augmented|LOCO,,Random Forest,48,LOCO,Augmented,Thickness_mean,,,,48,54,36,DOE,4.335,6.130224748677721
loocv_ref,Augmented|LOCO,,Random Forest,48,LOCO,Augmented,Thickness_mean,,,,49,52,34,DOE,22.5,26.224640422733327
loocv_ref,Augmented|LOCO,,Random Forest,48,LOCO,Augmented,Thickness_mean,,,,50,47,29,DOE,1.0525000000000002,1.4011879433760692
loocv_ref,Augmented|LOCO,,Random Forest,48,LOCO,Augmented,Thickness_mean,,,,51,51,33,DOE,1.1124999999999998,1.4040944452075705
loocv_ref,Augmented|LOCO,,Random Forest,48,LOCO,Augmented,Thickness_mean,,,,52,53,35,DOE,1.285,1.6333418879731376
loocv_ref,Augmented|LOCO,,Random Forest,48,LOCO,Augmented,Thickness_mean,,,,53,56,38,DOE,21.8925,25.417554387626275
loocv_ref,Augmented|LOCO,,Random Forest,48,LOCO,Augmented,Thickness_mean,,,,54,50,32,DOE,25.37,23.54679109015984
loocv_ref,Augmented|LOCO,,Random Forest,48,LOCO,Augmented,Thickness_mean,,,,55,48,30,DOE,26.11,25.7409992703824
loocv_ref,Augmented|LOCO,,Random Forest,48,LOCO,Augmented,Thickness_mean,,,,56,55,37,DOE,11.3,16.91476916666666
loocv_ref,Augmented|LOCO,,Random Forest,49,LOCO,Augmented,Thickness_mean,,,,0,0,0,OFAT,36.34,20.687079296918363
loocv_ref,Augmented|LOCO,,Random Forest,49,LOCO,Augmented,Thickness_mean,,,,1,1,1,OFAT,19.9225,27.766129003427128
loocv_ref,Augmented|LOCO,,Random Forest,49,LOCO,Augmented,Thickness_mean,,,,2,2,2,OFAT,25.6625,24.260049533487344
loocv_ref,Augmented|LOCO,,Random Forest,49,LOCO,Augmented,Thickness_mean,,,,3,3,3,OFAT,20.2075,17.343860634018757
loocv_ref,Augmented|LOCO,,Random Forest,49,LOCO,Augmented,Thickness_mean,,,,4,4,4,OFAT,15.345,15.274381920995664
loocv_ref,Augmented|LOCO,,Random Forest,49,LOCO,Augmented,Thickness_mean,,,,5,5,5,OFAT,14.265,16.122024261363627
loocv_ref,Augmented|LOCO,,Random Forest,49,LOCO,Augmented,Thickness_mean,,,,6,6,6,OFAT,12.9225,15.713956482683978
loocv_ref,Augmented|LOCO,,Random Forest,49,LOCO,Augmented,Thickness_mean,,,,7,7,7,OFAT,13.2775,15.77188136453824
loocv_ref,Augmented|LOCO,,Random Forest,49,LOCO,Augmented,Thickness_mean,,,,8,8,8,OFAT,15.329999999999998,20.615918273809505
loocv_ref,Augmented|LOCO,,Random Forest,49,LOCO,Augmented,Thickness_mean,,,,9,9,9,OFAT,7.855,8.273194642857145
loocv_ref,Augmented|LOCO,,Random Forest,49,LOCO,Augmented,Thickness_mean,,,,10,10,10,OFAT,2.8075,8.021731250000004
loocv_ref,Augmented|LOCO,,Random Forest,49,LOCO,Augmented,Thickness_mean,,,,11,11,11,OFAT,7.7875,7.70497710317461
loocv_ref,Augmented|LOCO,,Random Forest,49,LOCO,Augmented,Thickness_mean,,,,12,12,11,OFAT,9.105,7.70497710317461
loocv_ref,Augmented|LOCO,,Random Forest,49,LOCO,Augmented,Thickness_mean,,,,13,13,12,OFAT,7.734999999999999,8.530341716269843
loocv_ref,Augmented|LOCO,,Random Forest,49,LOCO,Augmented,Thickness_mean,,,,14,14,10,OFAT,6.8225,8.021731250000004
loocv_ref,Augmented|LOCO,,Random Forest,49,LOCO,Augmented,Thickness_mean,,,,15,15,10,OFAT,14.995,8.021731250000004
loocv_ref,Augmented|LOCO,,Random Forest,49,LOCO,Augmented,Thickness_mean,,,,16,16,13,OFAT,14.025,13.464761250000015
loocv_ref,Augmented|LOCO,,Random Forest,49,LOCO,Augmented,Thickness_mean,,,,17,17,10,OFAT,9.0475,8.021731250000004
loocv_ref,Augmented|LOCO,,Random Forest,49,LOCO,Augmented,Thickness_mean,,,,18,18,14,OFAT,22.225,19.205952724567098
loocv_ref,Augmented|LOCO,,Random Forest,49,LOCO,Augmented,Thickness_mean,,,,19,19,14,OFAT,25.935,19.205952724567098
loocv_ref,Augmented|LOCO,,Random Forest,49,LOCO,Augmented,Thickness_mean,,,,20,20,15,OFAT,7.03,4.923871091269844
loocv_ref,Augmented|LOCO,,Random Forest,49,LOCO,Augmented,Thickness_mean,,,,21,21,16,OFAT,13.5325,11.431900947039075
loocv_ref,Augmented|LOCO,,Random Forest,49,LOCO,Augmented,Thickness_mean,,,,22,22,14,OFAT,25.29,19.205952724567098
loocv_ref,Augmented|LOCO,,Random Forest,49,LOCO,Augmented,Thickness_mean,,,,23,23,14,OFAT,21.965,19.205952724567098
loocv_ref,Augmented|LOCO,,Random Forest,49,LOCO,Augmented,Thickness_mean,,,,24,24,14,OFAT,23.082500000000003,19.205952724567098
loocv_ref,Augmented|LOCO,,Random Forest,49,LOCO,Augmented,Thickness_mean,,,,25,25,14,OFAT,21.262500000000003,19.205952724567098
loocv_ref,Augmented|LOCO,,Random Forest,49,LOCO,Augmented,Thickness_mean,,,,26,26,17,OFAT,17.8275,15.813768731971932
loocv_ref,Augmented|LOCO,,Random Forest,49,LOCO,Augmented,Thickness_mean,,,,27,27,17,OFAT,17.345,15.813768731971932
loocv_ref,Augmented|LOCO,,Random Forest,49,LOCO,Augmented,Thickness_mean,,,,28,28,17,OFAT,24.4925,15.813768731971932
loocv_ref,Augmented|LOCO,,Random Forest,49,LOCO,Augmented,Thickness_mean,,,,29,29,17,OFAT,17.695,15.813768731971932
loocv_ref,Augmented|LOCO,,Random Forest,49,LOCO,Augmented,Thickness_mean,,,,30,30,17,OFAT,16.814999999999998,15.813768731971932
loocv_ref,Augmented|LOCO,,Random Forest,49,LOCO,Augmented,Thickness_mean,,,,31,31,18,OFAT,14.9425,18.88873708333333
loocv_ref,Augmented|LOCO,,Random Forest,49,LOCO,Augmented,Thickness_mean,,,,32,32,19,OFAT,9.9625,12.50887901154401
loocv_ref,Augmented|LOCO,,Random Forest,49,LOCO,Augmented,Thickness_mean,,,,33,33,20,OFAT,4.855,6.442164761904763
loocv_ref,Augmented|LOCO,,Random Forest,49,LOCO,Augmented,Thickness_mean,,,,34,34,21,OFAT,1.2375,1.897890833333334
loocv_ref,Augmented|LOCO,,Random Forest,49,LOCO,Augmented,Thickness_mean,,,,35,35,22,OFAT,2.0275,1.5486375
loocv_ref,Augmented|LOCO,,Random Forest,49,LOCO,Augmented,Thickness_mean,,,,36,36,23,OFAT,3.535,4.97068257575757
loocv_ref,Augmented|LOCO,,Random Forest,49,LOCO,Augmented,Thickness_mean,,,,37,37,20,OFAT,8.6425,6.442164761904763
loocv_ref,Augmented|LOCO,,Random Forest,49,LOCO,Augmented,Thickness_mean,,,,38,38,19,OFAT,12.75,12.50887901154401
loocv_ref,Augmented|LOCO,,Random Forest,49,LOCO,Augmented,Thickness_mean,,,,39,39,18,OFAT,16.965,18.88873708333333
loocv_ref,Augmented|LOCO,,Random Forest,49,LOCO,Augmented,Thickness_mean,,,,40,40,19,OFAT,19.6525,12.50887901154401
loocv_ref,Augmented|LOCO,,Random Forest,49,LOCO,Augmented,Thickness_mean,,,,41,41,19,OFAT,9.2675,12.50887901154401
loocv_ref,Augmented|LOCO,,Random Forest,49,LOCO,Augmented,Thickness_mean,,,,42,44,26,DOE,5.285,4.99541505952381
loocv_ref,Augmented|LOCO,,Random Forest,49,LOCO,Augmented,Thickness_mean,,,,43,45,27,DOE,29.6975,25.55220455357143
loocv_ref,Augmented|LOCO,,Random Forest,49,LOCO,Augmented,Thickness_mean,,,,44,43,25,DOE,1.05,1.3966999999999985
loocv_ref,Augmented|LOCO,,Random Forest,49,LOCO,Augmented,Thickness_mean,,,,45,46,28,DOE,31.682500000000005,25.40134221230158
loocv_ref,Augmented|LOCO,,Random Forest,49,LOCO,Augmented,Thickness_mean,,,,46,42,24,DOE,1.0625,1.2755273809523806
loocv_ref,Augmented|LOCO,,Random Forest,49,LOCO,Augmented,Thickness_mean,,,,47,49,31,DOE,25.6225,26.624462827380956
loocv_ref,Augmented|LOCO,,Random Forest,49,LOCO,Augmented,Thickness_mean,,,,48,54,36,DOE,4.335,5.777467392676774
loocv_ref,Augmented|LOCO,,Random Forest,49,LOCO,Augmented,Thickness_mean,,,,49,52,34,DOE,22.5,26.108564467754476
loocv_ref,Augmented|LOCO,,Random Forest,49,LOCO,Augmented,Thickness_mean,,,,50,47,29,DOE,1.0525000000000002,1.1865600694444445
loocv_ref,Augmented|LOCO,,Random Forest,49,LOCO,Augmented,Thickness_mean,,,,51,51,33,DOE,1.1124999999999998,1.1945165575396828
loocv_ref,Augmented|LOCO,,Random Forest,49,LOCO,Augmented,Thickness_mean,,,,52,53,35,DOE,1.285,1.670919583333333
loocv_ref,Augmented|LOCO,,Random Forest,49,LOCO,Augmented,Thickness_mean,,,,53,56,38,DOE,21.8925,30.73724594246033
loocv_ref,Augmented|LOCO,,Random Forest,49,LOCO,Augmented,Thickness_mean,,,,54,50,32,DOE,25.37,23.925889126984117
loocv_ref,Augmented|LOCO,,Random Forest,49,LOCO,Augmented,Thickness_mean,,,,55,48,30,DOE,26.11,26.202051190476144
loocv_ref,Augmented|LOCO,,Random Forest,49,LOCO,Augmented,Thickness_mean,,,,56,55,37,DOE,11.3,16.82377089285713
loocv_ref,Augmented|LOCO,,Random Forest,50,LOCO,Augmented,Thickness_mean,,,,0,0,0,OFAT,36.34,19.807074999999966
loocv_ref,Augmented|LOCO,,Random Forest,50,LOCO,Augmented,Thickness_mean,,,,1,1,1,OFAT,19.9225,26.225958749999975
loocv_ref,Augmented|LOCO,,Random Forest,50,LOCO,Augmented,Thickness_mean,,,,2,2,2,OFAT,25.6625,24.160515833333324
loocv_ref,Augmented|LOCO,,Random Forest,50,LOCO,Augmented,Thickness_mean,,,,3,3,3,OFAT,20.2075,17.04039099206349
loocv_ref,Augmented|LOCO,,Random Forest,50,LOCO,Augmented,Thickness_mean,,,,4,4,4,OFAT,15.345,15.453580863095237
loocv_ref,Augmented|LOCO,,Random Forest,50,LOCO,Augmented,Thickness_mean,,,,5,5,5,OFAT,14.265,16.402580267857132
loocv_ref,Augmented|LOCO,,Random Forest,50,LOCO,Augmented,Thickness_mean,,,,6,6,6,OFAT,12.9225,15.491186170634917
loocv_ref,Augmented|LOCO,,Random Forest,50,LOCO,Augmented,Thickness_mean,,,,7,7,7,OFAT,13.2775,15.973884007936507
loocv_ref,Augmented|LOCO,,Random Forest,50,LOCO,Augmented,Thickness_mean,,,,8,8,8,OFAT,15.329999999999998,18.89194261904761
loocv_ref,Augmented|LOCO,,Random Forest,50,LOCO,Augmented,Thickness_mean,,,,9,9,9,OFAT,7.855,8.240971595418468
loocv_ref,Augmented|LOCO,,Random Forest,50,LOCO,Augmented,Thickness_mean,,,,10,10,10,OFAT,2.8075,8.231933779761901
loocv_ref,Augmented|LOCO,,Random Forest,50,LOCO,Augmented,Thickness_mean,,,,11,11,11,OFAT,7.7875,8.213197195165943
loocv_ref,Augmented|LOCO,,Random Forest,50,LOCO,Augmented,Thickness_mean,,,,12,12,11,OFAT,9.105,8.213197195165943
loocv_ref,Augmented|LOCO,,Random Forest,50,LOCO,Augmented,Thickness_mean,,,,13,13,12,OFAT,7.734999999999999,8.386816433080812
loocv_ref,Augmented|LOCO,,Random Forest,50,LOCO,Augmented,Thickness_mean,,,,14,14,10,OFAT,6.8225,8.231933779761901
loocv_ref,Augmented|LOCO,,Random Forest,50,LOCO,Augmented,Thickness_mean,,,,15,15,10,OFAT,14.995,8.231933779761901
loocv_ref,Augmented|LOCO,,Random Forest,50,LOCO,Augmented,Thickness_mean,,,,16,16,13,OFAT,14.025,12.88168799679487
loocv_ref,Augmented|LOCO,,Random Forest,50,LOCO,Augmented,Thickness_mean,,,,17,17,10,OFAT,9.0475,8.231933779761901
loocv_ref,Augmented|LOCO,,Random Forest,50,LOCO,Augmented,Thickness_mean,,,,18,18,14,OFAT,22.225,19.4502975781857
loocv_ref,Augmented|LOCO,,Random Forest,50,LOCO,Augmented,Thickness_mean,,,,19,19,14,OFAT,25.935,19.4502975781857
loocv_ref,Augmented|LOCO,,Random Forest,50,LOCO,Augmented,Thickness_mean,,,,20,20,15,OFAT,7.03,5.025804216269839
loocv_ref,Augmented|LOCO,,Random Forest,50,LOCO,Augmented,Thickness_mean,,,,21,21,16,OFAT,13.5325,11.262306319444448
loocv_ref,Augmented|LOCO,,Random Forest,50,LOCO,Augmented,Thickness_mean,,,,22,22,14,OFAT,25.29,19.4502975781857
loocv_ref,Augmented|LOCO,,Random Forest,50,LOCO,Augmented,Thickness_mean,,,,23,23,14,OFAT,21.965,19.4502975781857
loocv_ref,Augmented|LOCO,,Random Forest,50,LOCO,Augmented,Thickness_mean,,,,24,24,14,OFAT,23.082500000000003,19.4502975781857
loocv_ref,Augmented|LOCO,,Random Forest,50,LOCO,Augmented,Thickness_mean,,,,25,25,14,OFAT,21.262500000000003,19.4502975781857
loocv_ref,Augmented|LOCO,,Random Forest,50,LOCO,Augmented,Thickness_mean,,,,26,26,17,OFAT,17.8275,16.11392809523809
loocv_ref,Augmented|LOCO,,Random Forest,50,LOCO,Augmented,Thickness_mean,,,,27,27,17,OFAT,17.345,16.11392809523809
loocv_ref,Augmented|LOCO,,Random Forest,50,LOCO,Augmented,Thickness_mean,,,,28,28,17,OFAT,24.4925,16.11392809523809
loocv_ref,Augmented|LOCO,,Random Forest,50,LOCO,Augmented,Thickness_mean,,,,29,29,17,OFAT,17.695,16.11392809523809
loocv_ref,Augmented|LOCO,,Random Forest,50,LOCO,Augmented,Thickness_mean,,,,30,30,17,OFAT,16.814999999999998,16.11392809523809
loocv_ref,Augmented|LOCO,,Random Forest,50,LOCO,Augmented,Thickness_mean,,,,31,31,18,OFAT,14.9425,18.614074190601062
loocv_ref,Augmented|LOCO,,Random Forest,50,LOCO,Augmented,Thickness_mean,,,,32,32,19,OFAT,9.9625,12.726914418290043
loocv_ref,Augmented|LOCO,,Random Forest,50,LOCO,Augmented,Thickness_mean,,,,33,33,20,OFAT,4.855,6.458155027056275
loocv_ref,Augmented|LOCO,,Random Forest,50,LOCO,Augmented,Thickness_mean,,,,34,34,21,OFAT,1.2375,1.9939620138888885
loocv_ref,Augmented|LOCO,,Random Forest,50,LOCO,Augmented,Thickness_mean,,,,35,35,22,OFAT,2.0275,1.8937286805555553
loocv_ref,Augmented|LOCO,,Random Forest,50,LOCO,Augmented,Thickness_mean,,,,36,36,23,OFAT,3.535,4.8549455059523785
loocv_ref,Augmented|LOCO,,Random Forest,50,LOCO,Augmented,Thickness_mean,,,,37,37,20,OFAT,8.6425,6.458155027056275
loocv_ref,Augmented|LOCO,,Random Forest,50,LOCO,Augmented,Thickness_mean,,,,38,38,19,OFAT,12.75,12.726914418290043
loocv_ref,Augmented|LOCO,,Random Forest,50,LOCO,Augmented,Thickness_mean,,,,39,39,18,OFAT,16.965,18.614074190601062
loocv_ref,Augmented|LOCO,,Random Forest,50,LOCO,Augmented,Thickness_mean,,,,40,40,19,OFAT,19.6525,12.726914418290043
loocv_ref,Augmented|LOCO,,Random Forest,50,LOCO,Augmented,Thickness_mean,,,,41,41,19,OFAT,9.2675,12.726914418290043
loocv_ref,Augmented|LOCO,,Random Forest,50,LOCO,Augmented,Thickness_mean,,,,42,44,26,DOE,5.285,5.25687443452381
loocv_ref,Augmented|LOCO,,Random Forest,50,LOCO,Augmented,Thickness_mean,,,,43,45,27,DOE,29.6975,25.160104430916302
loocv_ref,Augmented|LOCO,,Random Forest,50,LOCO,Augmented,Thickness_mean,,,,44,43,25,DOE,1.05,1.3182749999999985
loocv_ref,Augmented|LOCO,,Random Forest,50,LOCO,Augmented,Thickness_mean,,,,45,46,28,DOE,31.682500000000005,26.082735454545446
loocv_ref,Augmented|LOCO,,Random Forest,50,LOCO,Augmented,Thickness_mean,,,,46,42,24,DOE,1.0625,1.362124999999999
loocv_ref,Augmented|LOCO,,Random Forest,50,LOCO,Augmented,Thickness_mean,,,,47,49,31,DOE,25.6225,26.022707744408372
loocv_ref,Augmented|LOCO,,Random Forest,50,LOCO,Augmented,Thickness_mean,,,,48,54,36,DOE,4.335,5.718665870310247
loocv_ref,Augmented|LOCO,,Random Forest,50,LOCO,Augmented,Thickness_mean,,,,49,52,34,DOE,22.5,26.51183008116883
loocv_ref,Augmented|LOCO,,Random Forest,50,LOCO,Augmented,Thickness_mean,,,,50,47,29,DOE,1.0525000000000002,1.2705656250000001
loocv_ref,Augmented|LOCO,,Random Forest,50,LOCO,Augmented,Thickness_mean,,,,51,51,33,DOE,1.1124999999999998,1.3985959821428577
loocv_ref,Augmented|LOCO,,Random Forest,50,LOCO,Augmented,Thickness_mean,,,,52,53,35,DOE,1.285,1.8083038690476199
loocv_ref,Augmented|LOCO,,Random Forest,50,LOCO,Augmented,Thickness_mean,,,,53,56,38,DOE,21.8925,26.08251357371796
loocv_ref,Augmented|LOCO,,Random Forest,50,LOCO,Augmented,Thickness_mean,,,,54,50,32,DOE,25.37,24.188970491522355
loocv_ref,Augmented|LOCO,,Random Forest,50,LOCO,Augmented,Thickness_mean,,,,55,48,30,DOE,26.11,25.522438755827515
loocv_ref,Augmented|LOCO,,Random Forest,50,LOCO,Augmented,Thickness_mean,,,,56,55,37,DOE,11.3,16.485622152777772
loocv_ref,Augmented|LOCO,,Random Forest,51,LOCO,Augmented,Thickness_mean,,,,0,0,0,OFAT,36.34,19.552635221861472
loocv_ref,Augmented|LOCO,,Random Forest,51,LOCO,Augmented,Thickness_mean,,,,1,1,1,OFAT,19.9225,25.95423004329004
loocv_ref,Augmented|LOCO,,Random Forest,51,LOCO,Augmented,Thickness_mean,,,,2,2,2,OFAT,25.6625,23.414875340909084
loocv_ref,Augmented|LOCO,,Random Forest,51,LOCO,Augmented,Thickness_mean,,,,3,3,3,OFAT,20.2075,17.87531556818182
loocv_ref,Augmented|LOCO,,Random Forest,51,LOCO,Augmented,Thickness_mean,,,,4,4,4,OFAT,15.345,16.235438881673875
loocv_ref,Augmented|LOCO,,Random Forest,51,LOCO,Augmented,Thickness_mean,,,,5,5,5,OFAT,14.265,17.526426251888132
loocv_ref,Augmented|LOCO,,Random Forest,51,LOCO,Augmented,Thickness_mean,,,,6,6,6,OFAT,12.9225,17.13790676908478
loocv_ref,Augmented|LOCO,,Random Forest,51,LOCO,Augmented,Thickness_mean,,,,7,7,7,OFAT,13.2775,16.97341906214369
loocv_ref,Augmented|LOCO,,Random Forest,51,LOCO,Augmented,Thickness_mean,,,,8,8,8,OFAT,15.329999999999998,19.75242988095391
loocv_ref,Augmented|LOCO,,Random Forest,51,LOCO,Augmented,Thickness_mean,,,,9,9,9,OFAT,7.855,8.454643625541124
loocv_ref,Augmented|LOCO,,Random Forest,51,LOCO,Augmented,Thickness_mean,,,,10,10,10,OFAT,2.8075,8.19486458333334
loocv_ref,Augmented|LOCO,,Random Forest,51,LOCO,Augmented,Thickness_mean,,,,11,11,11,OFAT,7.7875,8.231779953102453
loocv_ref,Augmented|LOCO,,Random Forest,51,LOCO,Augmented,Thickness_mean,,,,12,12,11,OFAT,9.105,8.231779953102453
loocv_ref,Augmented|LOCO,,Random Forest,51,LOCO,Augmented,Thickness_mean,,,,13,13,12,OFAT,7.734999999999999,8.501934908386136
loocv_ref,Augmented|LOCO,,Random Forest,51,LOCO,Augmented,Thickness_mean,,,,14,14,10,OFAT,6.8225,8.19486458333334
loocv_ref,Augmented|LOCO,,Random Forest,51,LOCO,Augmented,Thickness_mean,,,,15,15,10,OFAT,14.995,8.19486458333334
loocv_ref,Augmented|LOCO,,Random Forest,51,LOCO,Augmented,Thickness_mean,,,,16,16,13,OFAT,14.025,13.021104530785273
loocv_ref,Augmented|LOCO,,Random Forest,51,LOCO,Augmented,Thickness_mean,,,,17,17,10,OFAT,9.0475,8.19486458333334
loocv_ref,Augmented|LOCO,,Random Forest,51,LOCO,Augmented,Thickness_mean,,,,18,18,14,OFAT,22.225,18.796722701709303
loocv_ref,Augmented|LOCO,,Random Forest,51,LOCO,Augmented,Thickness_mean,,,,19,19,14,OFAT,25.935,18.796722701709303
loocv_ref,Augmented|LOCO,,Random Forest,51,LOCO,Augmented,Thickness_mean,,,,20,20,15,OFAT,7.03,4.843790386904763
loocv_ref,Augmented|LOCO,,Random Forest,51,LOCO,Augmented,Thickness_mean,,,,21,21,16,OFAT,13.5325,11.108875821608944
loocv_ref,Augmented|LOCO,,Random Forest,51,LOCO,Augmented,Thickness_mean,,,,22,22,14,OFAT,25.29,18.796722701709303
loocv_ref,Augmented|LOCO,,Random Forest,51,LOCO,Augmented,Thickness_mean,,,,23,23,14,OFAT,21.965,18.796722701709303
loocv_ref,Augmented|LOCO,,Random Forest,51,LOCO,Augmented,Thickness_mean,,,,24,24,14,OFAT,23.082500000000003,18.796722701709303
loocv_ref,Augmented|LOCO,,Random Forest,51,LOCO,Augmented,Thickness_mean,,,,25,25,14,OFAT,21.262500000000003,18.796722701709303
loocv_ref,Augmented|LOCO,,Random Forest,51,LOCO,Augmented,Thickness_mean,,,,26,26,17,OFAT,17.8275,15.485095833333318
loocv_ref,Augmented|LOCO,,Random Forest,51,LOCO,Augmented,Thickness_mean,,,,27,27,17,OFAT,17.345,15.485095833333318
loocv_ref,Augmented|LOCO,,Random Forest,51,LOCO,Augmented,Thickness_mean,,,,28,28,17,OFAT,24.4925,15.485095833333318
loocv_ref,Augmented|LOCO,,Random Forest,51,LOCO,Augmented,Thickness_mean,,,,29,29,17,OFAT,17.695,15.485095833333318
loocv_ref,Augmented|LOCO,,Random Forest,51,LOCO,Augmented,Thickness_mean,,,,30,30,17,OFAT,16.814999999999998,15.485095833333318
loocv_ref,Augmented|LOCO,,Random Forest,51,LOCO,Augmented,Thickness_mean,,,,31,31,18,OFAT,14.9425,18.623822137445885
loocv_ref,Augmented|LOCO,,Random Forest,51,LOCO,Augmented,Thickness_mean,,,,32,32,19,OFAT,9.9625,13.001559245129865
loocv_ref,Augmented|LOCO,,Random Forest,51,LOCO,Augmented,Thickness_mean,,,,33,33,20,OFAT,4.855,6.08393416666666
loocv_ref,Augmented|LOCO,,Random Forest,51,LOCO,Augmented,Thickness_mean,,,,34,34,21,OFAT,1.2375,2.035552142857141
loocv_ref,Augmented|LOCO,,Random Forest,51,LOCO,Augmented,Thickness_mean,,,,35,35,22,OFAT,2.0275,1.8679149999999987
loocv_ref,Augmented|LOCO,,Random Forest,51,LOCO,Augmented,Thickness_mean,,,,36,36,23,OFAT,3.535,4.658846458333332
loocv_ref,Augmented|LOCO,,Random Forest,51,LOCO,Augmented,Thickness_mean,,,,37,37,20,OFAT,8.6425,6.08393416666666
loocv_ref,Augmented|LOCO,,Random Forest,51,LOCO,Augmented,Thickness_mean,,,,38,38,19,OFAT,12.75,13.001559245129865
loocv_ref,Augmented|LOCO,,Random Forest,51,LOCO,Augmented,Thickness_mean,,,,39,39,18,OFAT,16.965,18.623822137445885
loocv_ref,Augmented|LOCO,,Random Forest,51,LOCO,Augmented,Thickness_mean,,,,40,40,19,OFAT,19.6525,13.001559245129865
loocv_ref,Augmented|LOCO,,Random Forest,51,LOCO,Augmented,Thickness_mean,,,,41,41,19,OFAT,9.2675,13.001559245129865
loocv_ref,Augmented|LOCO,,Random Forest,51,LOCO,Augmented,Thickness_mean,,,,42,44,26,DOE,5.285,4.855147083333335
loocv_ref,Augmented|LOCO,,Random Forest,51,LOCO,Augmented,Thickness_mean,,,,43,45,27,DOE,29.6975,25.283382857142865
loocv_ref,Augmented|LOCO,,Random Forest,51,LOCO,Augmented,Thickness_mean,,,,44,43,25,DOE,1.05,1.4021484821428578
loocv_ref,Augmented|LOCO,,Random Forest,51,LOCO,Augmented,Thickness_mean,,,,45,46,28,DOE,31.682500000000005,25.362437260101014
loocv_ref,Augmented|LOCO,,Random Forest,51,LOCO,Augmented,Thickness_mean,,,,46,42,24,DOE,1.0625,1.3995141071428572
loocv_ref,Augmented|LOCO,,Random Forest,51,LOCO,Augmented,Thickness_mean,,,,47,49,31,DOE,25.6225,26.467581825396824
loocv_ref,Augmented|LOCO,,Random Forest,51,LOCO,Augmented,Thickness_mean,,,,48,54,36,DOE,4.335,5.907528541666667
loocv_ref,Augmented|LOCO,,Random Forest,51,LOCO,Augmented,Thickness_mean,,,,49,52,34,DOE,22.5,26.51339842185593
loocv_ref,Augmented|LOCO,,Random Forest,51,LOCO,Augmented,Thickness_mean,,,,50,47,29,DOE,1.0525000000000002,1.4110429852092345
loocv_ref,Augmented|LOCO,,Random Forest,51,LOCO,Augmented,Thickness_mean,,,,51,51,33,DOE,1.1124999999999998,1.394670297619048
loocv_ref,Augmented|LOCO,,Random Forest,51,LOCO,Augmented,Thickness_mean,,,,52,53,35,DOE,1.285,1.6094239577436453
loocv_ref,Augmented|LOCO,,Random Forest,51,LOCO,Augmented,Thickness_mean,,,,53,56,38,DOE,21.8925,28.827835982355065
loocv_ref,Augmented|LOCO,,Random Forest,51,LOCO,Augmented,Thickness_mean,,,,54,50,32,DOE,25.37,24.00897358454241
loocv_ref,Augmented|LOCO,,Random Forest,51,LOCO,Augmented,Thickness_mean,,,,55,48,30,DOE,26.11,25.063330797980598
loocv_ref,Augmented|LOCO,,Random Forest,51,LOCO,Augmented,Thickness_mean,,,,56,55,37,DOE,11.3,17.573851275033654
loocv_ref,Augmented|LOCO,,XGBoost,42,LOCO,Augmented,Thickness_mean,,,,0,0,0,OFAT,36.34,18.18120765686035
loocv_ref,Augmented|LOCO,,XGBoost,42,LOCO,Augmented,Thickness_mean,,,,1,1,1,OFAT,19.9225,26.68694305419922
loocv_ref,Augmented|LOCO,,XGBoost,42,LOCO,Augmented,Thickness_mean,,,,2,2,2,OFAT,25.6625,24.09320068359375
loocv_ref,Augmented|LOCO,,XGBoost,42,LOCO,Augmented,Thickness_mean,,,,3,3,3,OFAT,20.2075,17.66523551940918
loocv_ref,Augmented|LOCO,,XGBoost,42,LOCO,Augmented,Thickness_mean,,,,4,4,4,OFAT,15.345,16.985240936279297
loocv_ref,Augmented|LOCO,,XGBoost,42,LOCO,Augmented,Thickness_mean,,,,5,5,5,OFAT,14.265,17.467363357543945
loocv_ref,Augmented|LOCO,,XGBoost,42,LOCO,Augmented,Thickness_mean,,,,6,6,6,OFAT,12.9225,18.332855224609375
loocv_ref,Augmented|LOCO,,XGBoost,42,LOCO,Augmented,Thickness_mean,,,,7,7,7,OFAT,13.2775,17.314437866210938
loocv_ref,Augmented|LOCO,,XGBoost,42,LOCO,Augmented,Thickness_mean,,,,8,8,8,OFAT,15.329999999999998,18.538257598876953
loocv_ref,Augmented|LOCO,,XGBoost,42,LOCO,Augmented,Thickness_mean,,,,9,9,9,OFAT,7.855,11.194666862487793
loocv_ref,Augmented|LOCO,,XGBoost,42,LOCO,Augmented,Thickness_mean,,,,10,10,10,OFAT,2.8075,8.661528587341309
loocv_ref,Augmented|LOCO,,XGBoost,42,LOCO,Augmented,Thickness_mean,,,,11,11,11,OFAT,7.7875,9.085029602050781
loocv_ref,Augmented|LOCO,,XGBoost,42,LOCO,Augmented,Thickness_mean,,,,12,12,11,OFAT,9.105,9.085029602050781
loocv_ref,Augmented|LOCO,,XGBoost,42,LOCO,Augmented,Thickness_mean,,,,13,13,12,OFAT,7.734999999999999,8.606290817260742
loocv_ref,Augmented|LOCO,,XGBoost,42,LOCO,Augmented,Thickness_mean,,,,14,14,10,OFAT,6.8225,8.661528587341309
loocv_ref,Augmented|LOCO,,XGBoost,42,LOCO,Augmented,Thickness_mean,,,,15,15,10,OFAT,14.995,8.661528587341309
loocv_ref,Augmented|LOCO,,XGBoost,42,LOCO,Augmented,Thickness_mean,,,,16,16,13,OFAT,14.025,13.276498794555664
loocv_ref,Augmented|LOCO,,XGBoost,42,LOCO,Augmented,Thickness_mean,,,,17,17,10,OFAT,9.0475,8.661528587341309
loocv_ref,Augmented|LOCO,,XGBoost,42,LOCO,Augmented,Thickness_mean,,,,18,18,14,OFAT,22.225,17.69264793395996
loocv_ref,Augmented|LOCO,,XGBoost,42,LOCO,Augmented,Thickness_mean,,,,19,19,14,OFAT,25.935,17.69264793395996
loocv_ref,Augmented|LOCO,,XGBoost,42,LOCO,Augmented,Thickness_mean,,,,20,20,15,OFAT,7.03,4.812321662902832
loocv_ref,Augmented|LOCO,,XGBoost,42,LOCO,Augmented,Thickness_mean,,,,21,21,16,OFAT,13.5325,8.180679321289062
loocv_ref,Augmented|LOCO,,XGBoost,42,LOCO,Augmented,Thickness_mean,,,,22,22,14,OFAT,25.29,17.69264793395996
loocv_ref,Augmented|LOCO,,XGBoost,42,LOCO,Augmented,Thickness_mean,,,,23,23,14,OFAT,21.965,17.69264793395996
loocv_ref,Augmented|LOCO,,XGBoost,42,LOCO,Augmented,Thickness_mean,,,,24,24,14,OFAT,23.082500000000003,17.69264793395996
loocv_ref,Augmented|LOCO,,XGBoost,42,LOCO,Augmented,Thickness_mean,,,,25,25,14,OFAT,21.262500000000003,17.69264793395996
loocv_ref,Augmented|LOCO,,XGBoost,42,LOCO,Augmented,Thickness_mean,,,,26,26,17,OFAT,17.8275,16.56125831604004
loocv_ref,Augmented|LOCO,,XGBoost,42,LOCO,Augmented,Thickness_mean,,,,27,27,17,OFAT,17.345,16.56125831604004
loocv_ref,Augmented|LOCO,,XGBoost,42,LOCO,Augmented,Thickness_mean,,,,28,28,17,OFAT,24.4925,16.56125831604004
loocv_ref,Augmented|LOCO,,XGBoost,42,LOCO,Augmented,Thickness_mean,,,,29,29,17,OFAT,17.695,16.56125831604004
loocv_ref,Augmented|LOCO,,XGBoost,42,LOCO,Augmented,Thickness_mean,,,,30,30,17,OFAT,16.814999999999998,16.56125831604004
loocv_ref,Augmented|LOCO,,XGBoost,42,LOCO,Augmented,Thickness_mean,,,,31,31,18,OFAT,14.9425,13.518840789794922
loocv_ref,Augmented|LOCO,,XGBoost,42,LOCO,Augmented,Thickness_mean,,,,32,32,19,OFAT,9.9625,13.020556449890137
loocv_ref,Augmented|LOCO,,XGBoost,42,LOCO,Augmented,Thickness_mean,,,,33,33,20,OFAT,4.855,6.49261474609375
loocv_ref,Augmented|LOCO,,XGBoost,42,LOCO,Augmented,Thickness_mean,,,,34,34,21,OFAT,1.2375,2.4224019050598145
loocv_ref,Augmented|LOCO,,XGBoost,42,LOCO,Augmented,Thickness_mean,,,,35,35,22,OFAT,2.0275,2.855602502822876
loocv_ref,Augmented|LOCO,,XGBoost,42,LOCO,Augmented,Thickness_mean,,,,36,36,23,OFAT,3.535,2.712768793106079
loocv_ref,Augmented|LOCO,,XGBoost,42,LOCO,Augmented,Thickness_mean,,,,37,37,20,OFAT,8.6425,6.49261474609375
loocv_ref,Augmented|LOCO,,XGBoost,42,LOCO,Augmented,Thickness_mean,,,,38,38,19,OFAT,12.75,13.020556449890137
loocv_ref,Augmented|LOCO,,XGBoost,42,LOCO,Augmented,Thickness_mean,,,,39,39,18,OFAT,16.965,13.518840789794922
loocv_ref,Augmented|LOCO,,XGBoost,42,LOCO,Augmented,Thickness_mean,,,,40,40,19,OFAT,19.6525,13.020556449890137
loocv_ref,Augmented|LOCO,,XGBoost,42,LOCO,Augmented,Thickness_mean,,,,41,41,19,OFAT,9.2675,13.020556449890137
loocv_ref,Augmented|LOCO,,XGBoost,42,LOCO,Augmented,Thickness_mean,,,,42,44,26,DOE,5.285,5.869048595428467
loocv_ref,Augmented|LOCO,,XGBoost,42,LOCO,Augmented,Thickness_mean,,,,43,45,27,DOE,29.6975,22.577192306518555
loocv_ref,Augmented|LOCO,,XGBoost,42,LOCO,Augmented,Thickness_mean,,,,44,43,25,DOE,1.05,5.770209312438965
loocv_ref,Augmented|LOCO,,XGBoost,42,LOCO,Augmented,Thickness_mean,,,,45,46,28,DOE,31.682500000000005,23.44308090209961
loocv_ref,Augmented|LOCO,,XGBoost,42,LOCO,Augmented,Thickness_mean,,,,46,42,24,DOE,1.0625,3.4896817207336426
loocv_ref,Augmented|LOCO,,XGBoost,42,LOCO,Augmented,Thickness_mean,,,,47,49,31,DOE,25.6225,24.658546447753906
loocv_ref,Augmented|LOCO,,XGBoost,42,LOCO,Augmented,Thickness_mean,,,,48,54,36,DOE,4.335,4.163259983062744
loocv_ref,Augmented|LOCO,,XGBoost,42,LOCO,Augmented,Thickness_mean,,,,49,52,34,DOE,22.5,26.810791015625
loocv_ref,Augmented|LOCO,,XGBoost,42,LOCO,Augmented,Thickness_mean,,,,50,47,29,DOE,1.0525000000000002,7.043407917022705
loocv_ref,Augmented|LOCO,,XGBoost,42,LOCO,Augmented,Thickness_mean,,,,51,51,33,DOE,1.1124999999999998,3.7880702018737793
loocv_ref,Augmented|LOCO,,XGBoost,42,LOCO,Augmented,Thickness_mean,,,,52,53,35,DOE,1.285,3.0670177936553955
loocv_ref,Augmented|LOCO,,XGBoost,42,LOCO,Augmented,Thickness_mean,,,,53,56,38,DOE,21.8925,25.92918586730957
loocv_ref,Augmented|LOCO,,XGBoost,42,LOCO,Augmented,Thickness_mean,,,,54,50,32,DOE,25.37,23.225601196289062
loocv_ref,Augmented|LOCO,,XGBoost,42,LOCO,Augmented,Thickness_mean,,,,55,48,30,DOE,26.11,24.17082405090332
loocv_ref,Augmented|LOCO,,XGBoost,42,LOCO,Augmented,Thickness_mean,,,,56,55,37,DOE,11.3,11.781658172607422
loocv_ref,Augmented|LOCO,,XGBoost,43,LOCO,Augmented,Thickness_mean,,,,0,0,0,OFAT,36.34,19.148902893066406
loocv_ref,Augmented|LOCO,,XGBoost,43,LOCO,Augmented,Thickness_mean,,,,1,1,1,OFAT,19.9225,31.127830505371094
loocv_ref,Augmented|LOCO,,XGBoost,43,LOCO,Augmented,Thickness_mean,,,,2,2,2,OFAT,25.6625,25.865598678588867
loocv_ref,Augmented|LOCO,,XGBoost,43,LOCO,Augmented,Thickness_mean,,,,3,3,3,OFAT,20.2075,16.937353134155273
loocv_ref,Augmented|LOCO,,XGBoost,43,LOCO,Augmented,Thickness_mean,,,,4,4,4,OFAT,15.345,14.344026565551758
loocv_ref,Augmented|LOCO,,XGBoost,43,LOCO,Augmented,Thickness_mean,,,,5,5,5,OFAT,14.265,15.293866157531738
loocv_ref,Augmented|LOCO,,XGBoost,43,LOCO,Augmented,Thickness_mean,,,,6,6,6,OFAT,12.9225,18.303009033203125
loocv_ref,Augmented|LOCO,,XGBoost,43,LOCO,Augmented,Thickness_mean,,,,7,7,7,OFAT,13.2775,13.963508605957031
loocv_ref,Augmented|LOCO,,XGBoost,43,LOCO,Augmented,Thickness_mean,,,,8,8,8,OFAT,15.329999999999998,19.688140869140625
loocv_ref,Augmented|LOCO,,XGBoost,43,LOCO,Augmented,Thickness_mean,,,,9,9,9,OFAT,7.855,10.461265563964844
loocv_ref,Augmented|LOCO,,XGBoost,43,LOCO,Augmented,Thickness_mean,,,,10,10,10,OFAT,2.8075,7.827496528625488
loocv_ref,Augmented|LOCO,,XGBoost,43,LOCO,Augmented,Thickness_mean,,,,11,11,11,OFAT,7.7875,9.492080688476562
loocv_ref,Augmented|LOCO,,XGBoost,43,LOCO,Augmented,Thickness_mean,,,,12,12,11,OFAT,9.105,9.492080688476562
loocv_ref,Augmented|LOCO,,XGBoost,43,LOCO,Augmented,Thickness_mean,,,,13,13,12,OFAT,7.734999999999999,7.2404375076293945
loocv_ref,Augmented|LOCO,,XGBoost,43,LOCO,Augmented,Thickness_mean,,,,14,14,10,OFAT,6.8225,7.827496528625488
loocv_ref,Augmented|LOCO,,XGBoost,43,LOCO,Augmented,Thickness_mean,,,,15,15,10,OFAT,14.995,7.827496528625488
loocv_ref,Augmented|LOCO,,XGBoost,43,LOCO,Augmented,Thickness_mean,,,,16,16,13,OFAT,14.025,13.691499710083008
loocv_ref,Augmented|LOCO,,XGBoost,43,LOCO,Augmented,Thickness_mean,,,,17,17,10,OFAT,9.0475,7.827496528625488
loocv_ref,Augmented|LOCO,,XGBoost,43,LOCO,Augmented,Thickness_mean,,,,18,18,14,OFAT,22.225,18.661792755126953
loocv_ref,Augmented|LOCO,,XGBoost,43,LOCO,Augmented,Thickness_mean,,,,19,19,14,OFAT,25.935,18.661792755126953
loocv_ref,Augmented|LOCO,,XGBoost,43,LOCO,Augmented,Thickness_mean,,,,20,20,15,OFAT,7.03,4.808804988861084
loocv_ref,Augmented|LOCO,,XGBoost,43,LOCO,Augmented,Thickness_mean,,,,21,21,16,OFAT,13.5325,8.731057167053223
loocv_ref,Augmented|LOCO,,XGBoost,43,LOCO,Augmented,Thickness_mean,,,,22,22,14,OFAT,25.29,18.661792755126953
loocv_ref,Augmented|LOCO,,XGBoost,43,LOCO,Augmented,Thickness_mean,,,,23,23,14,OFAT,21.965,18.661792755126953
loocv_ref,Augmented|LOCO,,XGBoost,43,LOCO,Augmented,Thickness_mean,,,,24,24,14,OFAT,23.082500000000003,18.661792755126953
loocv_ref,Augmented|LOCO,,XGBoost,43,LOCO,Augmented,Thickness_mean,,,,25,25,14,OFAT,21.262500000000003,18.661792755126953
loocv_ref,Augmented|LOCO,,XGBoost,43,LOCO,Augmented,Thickness_mean,,,,26,26,17,OFAT,17.8275,17.15332794189453
loocv_ref,Augmented|LOCO,,XGBoost,43,LOCO,Augmented,Thickness_mean,,,,27,27,17,OFAT,17.345,17.15332794189453
loocv_ref,Augmented|LOCO,,XGBoost,43,LOCO,Augmented,Thickness_mean,,,,28,28,17,OFAT,24.4925,17.15332794189453
loocv_ref,Augmented|LOCO,,XGBoost,43,LOCO,Augmented,Thickness_mean,,,,29,29,17,OFAT,17.695,17.15332794189453
loocv_ref,Augmented|LOCO,,XGBoost,43,LOCO,Augmented,Thickness_mean,,,,30,30,17,OFAT,16.814999999999998,17.15332794189453
loocv_ref,Augmented|LOCO,,XGBoost,43,LOCO,Augmented,Thickness_mean,,,,31,31,18,OFAT,14.9425,12.978781700134277
loocv_ref,Augmented|LOCO,,XGBoost,43,LOCO,Augmented,Thickness_mean,,,,32,32,19,OFAT,9.9625,13.958328247070312
loocv_ref,Augmented|LOCO,,XGBoost,43,LOCO,Augmented,Thickness_mean,,,,33,33,20,OFAT,4.855,7.463926315307617
loocv_ref,Augmented|LOCO,,XGBoost,43,LOCO,Augmented,Thickness_mean,,,,34,34,21,OFAT,1.2375,1.8132057189941406
loocv_ref,Augmented|LOCO,,XGBoost,43,LOCO,Augmented,Thickness_mean,,,,35,35,22,OFAT,2.0275,1.5331001281738281
loocv_ref,Augmented|LOCO,,XGBoost,43,LOCO,Augmented,Thickness_mean,,,,36,36,23,OFAT,3.535,2.138742685317993
loocv_ref,Augmented|LOCO,,XGBoost,43,LOCO,Augmented,Thickness_mean,,,,37,37,20,OFAT,8.6425,7.463926315307617
loocv_ref,Augmented|LOCO,,XGBoost,43,LOCO,Augmented,Thickness_mean,,,,38,38,19,OFAT,12.75,13.958328247070312
loocv_ref,Augmented|LOCO,,XGBoost,43,LOCO,Augmented,Thickness_mean,,,,39,39,18,OFAT,16.965,12.978781700134277
loocv_ref,Augmented|LOCO,,XGBoost,43,LOCO,Augmented,Thickness_mean,,,,40,40,19,OFAT,19.6525,13.958328247070312
loocv_ref,Augmented|LOCO,,XGBoost,43,LOCO,Augmented,Thickness_mean,,,,41,41,19,OFAT,9.2675,13.958328247070312
loocv_ref,Augmented|LOCO,,XGBoost,43,LOCO,Augmented,Thickness_mean,,,,42,44,26,DOE,5.285,4.651113986968994
loocv_ref,Augmented|LOCO,,XGBoost,43,LOCO,Augmented,Thickness_mean,,,,43,45,27,DOE,29.6975,24.518152236938477
loocv_ref,Augmented|LOCO,,XGBoost,43,LOCO,Augmented,Thickness_mean,,,,44,43,25,DOE,1.05,3.2689647674560547
loocv_ref,Augmented|LOCO,,XGBoost,43,LOCO,Augmented,Thickness_mean,,,,45,46,28,DOE,31.682500000000005,23.95157241821289
loocv_ref,Augmented|LOCO,,XGBoost,43,LOCO,Augmented,Thickness_mean,,,,46,42,24,DOE,1.0625,2.316364049911499
loocv_ref,Augmented|LOCO,,XGBoost,43,LOCO,Augmented,Thickness_mean,,,,47,49,31,DOE,25.6225,26.540525436401367
loocv_ref,Augmented|LOCO,,XGBoost,43,LOCO,Augmented,Thickness_mean,,,,48,54,36,DOE,4.335,4.018728256225586
loocv_ref,Augmented|LOCO,,XGBoost,43,LOCO,Augmented,Thickness_mean,,,,49,52,34,DOE,22.5,26.94649887084961
loocv_ref,Augmented|LOCO,,XGBoost,43,LOCO,Augmented,Thickness_mean,,,,50,47,29,DOE,1.0525000000000002,2.050464153289795
loocv_ref,Augmented|LOCO,,XGBoost,43,LOCO,Augmented,Thickness_mean,,,,51,51,33,DOE,1.1124999999999998,-2.008453130722046
loocv_ref,Augmented|LOCO,,XGBoost,43,LOCO,Augmented,Thickness_mean,,,,52,53,35,DOE,1.285,2.1312265396118164
loocv_ref,Augmented|LOCO,,XGBoost,43,LOCO,Augmented,Thickness_mean,,,,53,56,38,DOE,21.8925,28.048995971679688
loocv_ref,Augmented|LOCO,,XGBoost,43,LOCO,Augmented,Thickness_mean,,,,54,50,32,DOE,25.37,22.2849063873291
loocv_ref,Augmented|LOCO,,XGBoost,43,LOCO,Augmented,Thickness_mean,,,,55,48,30,DOE,26.11,24.92312240600586
loocv_ref,Augmented|LOCO,,XGBoost,43,LOCO,Augmented,Thickness_mean,,,,56,55,37,DOE,11.3,13.417505264282227
loocv_ref,Augmented|LOCO,,XGBoost,44,LOCO,Augmented,Thickness_mean,,,,0,0,0,OFAT,36.34,19.309965133666992
loocv_ref,Augmented|LOCO,,XGBoost,44,LOCO,Augmented,Thickness_mean,,,,1,1,1,OFAT,19.9225,30.60706329345703
loocv_ref,Augmented|LOCO,,XGBoost,44,LOCO,Augmented,Thickness_mean,,,,2,2,2,OFAT,25.6625,25.025789260864258
loocv_ref,Augmented|LOCO,,XGBoost,44,LOCO,Augmented,Thickness_mean,,,,3,3,3,OFAT,20.2075,17.462228775024414
loocv_ref,Augmented|LOCO,,XGBoost,44,LOCO,Augmented,Thickness_mean,,,,4,4,4,OFAT,15.345,14.499517440795898
loocv_ref,Augmented|LOCO,,XGBoost,44,LOCO,Augmented,Thickness_mean,,,,5,5,5,OFAT,14.265,14.831425666809082
loocv_ref,Augmented|LOCO,,XGBoost,44,LOCO,Augmented,Thickness_mean,,,,6,6,6,OFAT,12.9225,19.099882125854492
loocv_ref,Augmented|LOCO,,XGBoost,44,LOCO,Augmented,Thickness_mean,,,,7,7,7,OFAT,13.2775,13.18412971496582
loocv_ref,Augmented|LOCO,,XGBoost,44,LOCO,Augmented,Thickness_mean,,,,8,8,8,OFAT,15.329999999999998,19.435800552368164
loocv_ref,Augmented|LOCO,,XGBoost,44,LOCO,Augmented,Thickness_mean,,,,9,9,9,OFAT,7.855,11.274667739868164
loocv_ref,Augmented|LOCO,,XGBoost,44,LOCO,Augmented,Thickness_mean,,,,10,10,10,OFAT,2.8075,8.584890365600586
loocv_ref,Augmented|LOCO,,XGBoost,44,LOCO,Augmented,Thickness_mean,,,,11,11,11,OFAT,7.7875,8.399115562438965
loocv_ref,Augmented|LOCO,,XGBoost,44,LOCO,Augmented,Thickness_mean,,,,12,12,11,OFAT,9.105,8.399115562438965
loocv_ref,Augmented|LOCO,,XGBoost,44,LOCO,Augmented,Thickness_mean,,,,13,13,12,OFAT,7.734999999999999,8.738639831542969
loocv_ref,Augmented|LOCO,,XGBoost,44,LOCO,Augmented,Thickness_mean,,,,14,14,10,OFAT,6.8225,8.584890365600586
loocv_ref,Augmented|LOCO,,XGBoost,44,LOCO,Augmented,Thickness_mean,,,,15,15,10,OFAT,14.995,8.584890365600586
loocv_ref,Augmented|LOCO,,XGBoost,44,LOCO,Augmented,Thickness_mean,,,,16,16,13,OFAT,14.025,13.652070045471191
loocv_ref,Augmented|LOCO,,XGBoost,44,LOCO,Augmented,Thickness_mean,,,,17,17,10,OFAT,9.0475,8.584890365600586
loocv_ref,Augmented|LOCO,,XGBoost,44,LOCO,Augmented,Thickness_mean,,,,18,18,14,OFAT,22.225,17.420166015625
loocv_ref,Augmented|LOCO,,XGBoost,44,LOCO,Augmented,Thickness_mean,,,,19,19,14,OFAT,25.935,17.420166015625
loocv_ref,Augmented|LOCO,,XGBoost,44,LOCO,Augmented,Thickness_mean,,,,20,20,15,OFAT,7.03,5.319924354553223
loocv_ref,Augmented|LOCO,,XGBoost,44,LOCO,Augmented,Thickness_mean,,,,21,21,16,OFAT,13.5325,8.343052864074707
loocv_ref,Augmented|LOCO,,XGBoost,44,LOCO,Augmented,Thickness_mean,,,,22,22,14,OFAT,25.29,17.420166015625
loocv_ref,Augmented|LOCO,,XGBoost,44,LOCO,Augmented,Thickness_mean,,,,23,23,14,OFAT,21.965,17.420166015625
loocv_ref,Augmented|LOCO,,XGBoost,44,LOCO,Augmented,Thickness_mean,,,,24,24,14,OFAT,23.082500000000003,17.420166015625
loocv_ref,Augmented|LOCO,,XGBoost,44,LOCO,Augmented,Thickness_mean,,,,25,25,14,OFAT,21.262500000000003,17.420166015625
loocv_ref,Augmented|LOCO,,XGBoost,44,LOCO,Augmented,Thickness_mean,,,,26,26,17,OFAT,17.8275,17.41449546813965
loocv_ref,Augmented|LOCO,,XGBoost,44,LOCO,Augmented,Thickness_mean,,,,27,27,17,OFAT,17.345,17.41449546813965
loocv_ref,Augmented|LOCO,,XGBoost,44,LOCO,Augmented,Thickness_mean,,,,28,28,17,OFAT,24.4925,17.41449546813965
loocv_ref,Augmented|LOCO,,XGBoost,44,LOCO,Augmented,Thickness_mean,,,,29,29,17,OFAT,17.695,17.41449546813965
loocv_ref,Augmented|LOCO,,XGBoost,44,LOCO,Augmented,Thickness_mean,,,,30,30,17,OFAT,16.814999999999998,17.41449546813965
loocv_ref,Augmented|LOCO,,XGBoost,44,LOCO,Augmented,Thickness_mean,,,,31,31,18,OFAT,14.9425,13.724065780639648
loocv_ref,Augmented|LOCO,,XGBoost,44,LOCO,Augmented,Thickness_mean,,,,32,32,19,OFAT,9.9625,13.962364196777344
loocv_ref,Augmented|LOCO,,XGBoost,44,LOCO,Augmented,Thickness_mean,,,,33,33,20,OFAT,4.855,7.268568992614746
loocv_ref,Augmented|LOCO,,XGBoost,44,LOCO,Augmented,Thickness_mean,,,,34,34,21,OFAT,1.2375,2.677035093307495
loocv_ref,Augmented|LOCO,,XGBoost,44,LOCO,Augmented,Thickness_mean,,,,35,35,22,OFAT,2.0275,2.2968149185180664
loocv_ref,Augmented|LOCO,,XGBoost,44,LOCO,Augmented,Thickness_mean,,,,36,36,23,OFAT,3.535,2.668825149536133
loocv_ref,Augmented|LOCO,,XGBoost,44,LOCO,Augmented,Thickness_mean,,,,37,37,20,OFAT,8.6425,7.268568992614746
loocv_ref,Augmented|LOCO,,XGBoost,44,LOCO,Augmented,Thickness_mean,,,,38,38,19,OFAT,12.75,13.962364196777344
loocv_ref,Augmented|LOCO,,XGBoost,44,LOCO,Augmented,Thickness_mean,,,,39,39,18,OFAT,16.965,13.724065780639648
loocv_ref,Augmented|LOCO,,XGBoost,44,LOCO,Augmented,Thickness_mean,,,,40,40,19,OFAT,19.6525,13.962364196777344
loocv_ref,Augmented|LOCO,,XGBoost,44,LOCO,Augmented,Thickness_mean,,,,41,41,19,OFAT,9.2675,13.962364196777344
loocv_ref,Augmented|LOCO,,XGBoost,44,LOCO,Augmented,Thickness_mean,,,,42,44,26,DOE,5.285,9.210185050964355
loocv_ref,Augmented|LOCO,,XGBoost,44,LOCO,Augmented,Thickness_mean,,,,43,45,27,DOE,29.6975,23.390857696533203
loocv_ref,Augmented|LOCO,,XGBoost,44,LOCO,Augmented,Thickness_mean,,,,44,43,25,DOE,1.05,4.589777946472168
loocv_ref,Augmented|LOCO,,XGBoost,44,LOCO,Augmented,Thickness_mean,,,,45,46,28,DOE,31.682500000000005,23.269208908081055
loocv_ref,Augmented|LOCO,,XGBoost,44,LOCO,Augmented,Thickness_mean,,,,46,42,24,DOE,1.0625,3.809994697570801
loocv_ref,Augmented|LOCO,,XGBoost,44,LOCO,Augmented,Thickness_mean,,,,47,49,31,DOE,25.6225,24.745149612426758
loocv_ref,Augmented|LOCO,,XGBoost,44,LOCO,Augmented,Thickness_mean,,,,48,54,36,DOE,4.335,4.1037983894348145
loocv_ref,Augmented|LOCO,,XGBoost,44,LOCO,Augmented,Thickness_mean,,,,49,52,34,DOE,22.5,26.79621696472168
loocv_ref,Augmented|LOCO,,XGBoost,44,LOCO,Augmented,Thickness_mean,,,,50,47,29,DOE,1.0525000000000002,5.789517402648926
loocv_ref,Augmented|LOCO,,XGBoost,44,LOCO,Augmented,Thickness_mean,,,,51,51,33,DOE,1.1124999999999998,2.422917604446411
loocv_ref,Augmented|LOCO,,XGBoost,44,LOCO,Augmented,Thickness_mean,,,,52,53,35,DOE,1.285,1.648221731185913
loocv_ref,Augmented|LOCO,,XGBoost,44,LOCO,Augmented,Thickness_mean,,,,53,56,38,DOE,21.8925,26.436782836914062
loocv_ref,Augmented|LOCO,,XGBoost,44,LOCO,Augmented,Thickness_mean,,,,54,50,32,DOE,25.37,22.583553314208984
loocv_ref,Augmented|LOCO,,XGBoost,44,LOCO,Augmented,Thickness_mean,,,,55,48,30,DOE,26.11,22.23166275024414
loocv_ref,Augmented|LOCO,,XGBoost,44,LOCO,Augmented,Thickness_mean,,,,56,55,37,DOE,11.3,11.60926342010498
loocv_ref,Augmented|LOCO,,XGBoost,45,LOCO,Augmented,Thickness_mean,,,,0,0,0,OFAT,36.34,18.9963436126709
loocv_ref,Augmented|LOCO,,XGBoost,45,LOCO,Augmented,Thickness_mean,,,,1,1,1,OFAT,19.9225,27.857500076293945
loocv_ref,Augmented|LOCO,,XGBoost,45,LOCO,Augmented,Thickness_mean,,,,2,2,2,OFAT,25.6625,24.217864990234375
loocv_ref,Augmented|LOCO,,XGBoost,45,LOCO,Augmented,Thickness_mean,,,,3,3,3,OFAT,20.2075,17.955644607543945
loocv_ref,Augmented|LOCO,,XGBoost,45,LOCO,Augmented,Thickness_mean,,,,4,4,4,OFAT,15.345,16.8727970123291
loocv_ref,Augmented|LOCO,,XGBoost,45,LOCO,Augmented,Thickness_mean,,,,5,5,5,OFAT,14.265,17.167190551757812
loocv_ref,Augmented|LOCO,,XGBoost,45,LOCO,Augmented,Thickness_mean,,,,6,6,6,OFAT,12.9225,17.116243362426758
loocv_ref,Augmented|LOCO,,XGBoost,45,LOCO,Augmented,Thickness_mean,,,,7,7,7,OFAT,13.2775,17.122766494750977
loocv_ref,Augmented|LOCO,,XGBoost,45,LOCO,Augmented,Thickness_mean,,,,8,8,8,OFAT,15.329999999999998,19.625089645385742
loocv_ref,Augmented|LOCO,,XGBoost,45,LOCO,Augmented,Thickness_mean,,,,9,9,9,OFAT,7.855,10.309514999389648
loocv_ref,Augmented|LOCO,,XGBoost,45,LOCO,Augmented,Thickness_mean,,,,10,10,10,OFAT,2.8075,9.301969528198242
loocv_ref,Augmented|LOCO,,XGBoost,45,LOCO,Augmented,Thickness_mean,,,,11,11,11,OFAT,7.7875,8.456954956054688
loocv_ref,Augmented|LOCO,,XGBoost,45,LOCO,Augmented,Thickness_mean,,,,12,12,11,OFAT,9.105,8.456954956054688
loocv_ref,Augmented|LOCO,,XGBoost,45,LOCO,Augmented,Thickness_mean,,,,13,13,12,OFAT,7.734999999999999,8.048470497131348
loocv_ref,Augmented|LOCO,,XGBoost,45,LOCO,Augmented,Thickness_mean,,,,14,14,10,OFAT,6.8225,9.301969528198242
loocv_ref,Augmented|LOCO,,XGBoost,45,LOCO,Augmented,Thickness_mean,,,,15,15,10,OFAT,14.995,9.301969528198242
loocv_ref,Augmented|LOCO,,XGBoost,45,LOCO,Augmented,Thickness_mean,,,,16,16,13,OFAT,14.025,12.900769233703613
loocv_ref,Augmented|LOCO,,XGBoost,45,LOCO,Augmented,Thickness_mean,,,,17,17,10,OFAT,9.0475,9.301969528198242
loocv_ref,Augmented|LOCO,,XGBoost,45,LOCO,Augmented,Thickness_mean,,,,18,18,14,OFAT,22.225,17.378259658813477
loocv_ref,Augmented|LOCO,,XGBoost,45,LOCO,Augmented,Thickness_mean,,,,19,19,14,OFAT,25.935,17.378259658813477
loocv_ref,Augmented|LOCO,,XGBoost,45,LOCO,Augmented,Thickness_mean,,,,20,20,15,OFAT,7.03,4.785689830780029
loocv_ref,Augmented|LOCO,,XGBoost,45,LOCO,Augmented,Thickness_mean,,,,21,21,16,OFAT,13.5325,8.184111595153809
loocv_ref,Augmented|LOCO,,XGBoost,45,LOCO,Augmented,Thickness_mean,,,,22,22,14,OFAT,25.29,17.378259658813477
loocv_ref,Augmented|LOCO,,XGBoost,45,LOCO,Augmented,Thickness_mean,,,,23,23,14,OFAT,21.965,17.378259658813477
loocv_ref,Augmented|LOCO,,XGBoost,45,LOCO,Augmented,Thickness_mean,,,,24,24,14,OFAT,23.082500000000003,17.378259658813477
loocv_ref,Augmented|LOCO,,XGBoost,45,LOCO,Augmented,Thickness_mean,,,,25,25,14,OFAT,21.262500000000003,17.378259658813477
loocv_ref,Augmented|LOCO,,XGBoost,45,LOCO,Augmented,Thickness_mean,,,,26,26,17,OFAT,17.8275,17.04999351501465
loocv_ref,Augmented|LOCO,,XGBoost,45,LOCO,Augmented,Thickness_mean,,,,27,27,17,OFAT,17.345,17.04999351501465
loocv_ref,Augmented|LOCO,,XGBoost,45,LOCO,Augmented,Thickness_mean,,,,28,28,17,OFAT,24.4925,17.04999351501465
loocv_ref,Augmented|LOCO,,XGBoost,45,LOCO,Augmented,Thickness_mean,,,,29,29,17,OFAT,17.695,17.04999351501465
loocv_ref,Augmented|LOCO,,XGBoost,45,LOCO,Augmented,Thickness_mean,,,,30,30,17,OFAT,16.814999999999998,17.04999351501465
loocv_ref,Augmented|LOCO,,XGBoost,45,LOCO,Augmented,Thickness_mean,,,,31,31,18,OFAT,14.9425,13.841401100158691
loocv_ref,Augmented|LOCO,,XGBoost,45,LOCO,Augmented,Thickness_mean,,,,32,32,19,OFAT,9.9625,13.378426551818848
loocv_ref,Augmented|LOCO,,XGBoost,45,LOCO,Augmented,Thickness_mean,,,,33,33,20,OFAT,4.855,7.281696796417236
loocv_ref,Augmented|LOCO,,XGBoost,45,LOCO,Augmented,Thickness_mean,,,,34,34,21,OFAT,1.2375,2.5153772830963135
loocv_ref,Augmented|LOCO,,XGBoost,45,LOCO,Augmented,Thickness_mean,,,,35,35,22,OFAT,2.0275,2.4829514026641846
loocv_ref,Augmented|LOCO,,XGBoost,45,LOCO,Augmented,Thickness_mean,,,,36,36,23,OFAT,3.535,2.9700071811676025
loocv_ref,Augmented|LOCO,,XGBoost,45,LOCO,Augmented,Thickness_mean,,,,37,37,20,OFAT,8.6425,7.281696796417236
loocv_ref,Augmented|LOCO,,XGBoost,45,LOCO,Augmented,Thickness_mean,,,,38,38,19,OFAT,12.75,13.378426551818848
loocv_ref,Augmented|LOCO,,XGBoost,45,LOCO,Augmented,Thickness_mean,,,,39,39,18,OFAT,16.965,13.841401100158691
loocv_ref,Augmented|LOCO,,XGBoost,45,LOCO,Augmented,Thickness_mean,,,,40,40,19,OFAT,19.6525,13.378426551818848
loocv_ref,Augmented|LOCO,,XGBoost,45,LOCO,Augmented,Thickness_mean,,,,41,41,19,OFAT,9.2675,13.378426551818848
loocv_ref,Augmented|LOCO,,XGBoost,45,LOCO,Augmented,Thickness_mean,,,,42,44,26,DOE,5.285,4.90399169921875
loocv_ref,Augmented|LOCO,,XGBoost,45,LOCO,Augmented,Thickness_mean,,,,43,45,27,DOE,29.6975,24.071033477783203
loocv_ref,Augmented|LOCO,,XGBoost,45,LOCO,Augmented,Thickness_mean,,,,44,43,25,DOE,1.05,4.527938365936279
loocv_ref,Augmented|LOCO,,XGBoost,45,LOCO,Augmented,Thickness_mean,,,,45,46,28,DOE,31.682500000000005,24.71233558654785
loocv_ref,Augmented|LOCO,,XGBoost,45,LOCO,Augmented,Thickness_mean,,,,46,42,24,DOE,1.0625,3.601526975631714
loocv_ref,Augmented|LOCO,,XGBoost,45,LOCO,Augmented,Thickness_mean,,,,47,49,31,DOE,25.6225,26.088518142700195
loocv_ref,Augmented|LOCO,,XGBoost,45,LOCO,Augmented,Thickness_mean,,,,48,54,36,DOE,4.335,5.1116790771484375
loocv_ref,Augmented|LOCO,,XGBoost,45,LOCO,Augmented,Thickness_mean,,,,49,52,34,DOE,22.5,26.39086151123047
loocv_ref,Augmented|LOCO,,XGBoost,45,LOCO,Augmented,Thickness_mean,,,,50,47,29,DOE,1.0525000000000002,5.488708019256592
loocv_ref,Augmented|LOCO,,XGBoost,45,LOCO,Augmented,Thickness_mean,,,,51,51,33,DOE,1.1124999999999998,1.6156682968139648
loocv_ref,Augmented|LOCO,,XGBoost,45,LOCO,Augmented,Thickness_mean,,,,52,53,35,DOE,1.285,2.9468393325805664
loocv_ref,Augmented|LOCO,,XGBoost,45,LOCO,Augmented,Thickness_mean,,,,53,56,38,DOE,21.8925,26.260255813598633
loocv_ref,Augmented|LOCO,,XGBoost,45,LOCO,Augmented,Thickness_mean,,,,54,50,32,DOE,25.37,22.042036056518555
loocv_ref,Augmented|LOCO,,XGBoost,45,LOCO,Augmented,Thickness_mean,,,,55,48,30,DOE,26.11,23.373912811279297
loocv_ref,Augmented|LOCO,,XGBoost,45,LOCO,Augmented,Thickness_mean,,,,56,55,37,DOE,11.3,11.980087280273438
loocv_ref,Augmented|LOCO,,XGBoost,46,LOCO,Augmented,Thickness_mean,,,,0,0,0,OFAT,36.34,19.564054489135742
loocv_ref,Augmented|LOCO,,XGBoost,46,LOCO,Augmented,Thickness_mean,,,,1,1,1,OFAT,19.9225,30.059295654296875
loocv_ref,Augmented|LOCO,,XGBoost,46,LOCO,Augmented,Thickness_mean,,,,2,2,2,OFAT,25.6625,24.120986938476562
loocv_ref,Augmented|LOCO,,XGBoost,46,LOCO,Augmented,Thickness_mean,,,,3,3,3,OFAT,20.2075,17.814062118530273
loocv_ref,Augmented|LOCO,,XGBoost,46,LOCO,Augmented,Thickness_mean,,,,4,4,4,OFAT,15.345,17.56135368347168
loocv_ref,Augmented|LOCO,,XGBoost,46,LOCO,Augmented,Thickness_mean,,,,5,5,5,OFAT,14.265,17.751399993896484
loocv_ref,Augmented|LOCO,,XGBoost,46,LOCO,Augmented,Thickness_mean,,,,6,6,6,OFAT,12.9225,18.13410186767578
loocv_ref,Augmented|LOCO,,XGBoost,46,LOCO,Augmented,Thickness_mean,,,,7,7,7,OFAT,13.2775,16.000804901123047
loocv_ref,Augmented|LOCO,,XGBoost,46,LOCO,Augmented,Thickness_mean,,,,8,8,8,OFAT,15.329999999999998,20.241899490356445
loocv_ref,Augmented|LOCO,,XGBoost,46,LOCO,Augmented,Thickness_mean,,,,9,9,9,OFAT,7.855,10.375616073608398
loocv_ref,Augmented|LOCO,,XGBoost,46,LOCO,Augmented,Thickness_mean,,,,10,10,10,OFAT,2.8075,9.82828140258789
loocv_ref,Augmented|LOCO,,XGBoost,46,LOCO,Augmented,Thickness_mean,,,,11,11,11,OFAT,7.7875,9.223215103149414
loocv_ref,Augmented|LOCO,,XGBoost,46,LOCO,Augmented,Thickness_mean,,,,12,12,11,OFAT,9.105,9.223215103149414
loocv_ref,Augmented|LOCO,,XGBoost,46,LOCO,Augmented,Thickness_mean,,,,13,13,12,OFAT,7.734999999999999,8.351890563964844
loocv_ref,Augmented|LOCO,,XGBoost,46,LOCO,Augmented,Thickness_mean,,,,14,14,10,OFAT,6.8225,9.82828140258789
loocv_ref,Augmented|LOCO,,XGBoost,46,LOCO,Augmented,Thickness_mean,,,,15,15,10,OFAT,14.995,9.82828140258789
loocv_ref,Augmented|LOCO,,XGBoost,46,LOCO,Augmented,Thickness_mean,,,,16,16,13,OFAT,14.025,13.074869155883789
loocv_ref,Augmented|LOCO,,XGBoost,46,LOCO,Augmented,Thickness_mean,,,,17,17,10,OFAT,9.0475,9.82828140258789
loocv_ref,Augmented|LOCO,,XGBoost,46,LOCO,Augmented,Thickness_mean,,,,18,18,14,OFAT,22.225,17.7668514251709
loocv_ref,Augmented|LOCO,,XGBoost,46,LOCO,Augmented,Thickness_mean,,,,19,19,14,OFAT,25.935,17.7668514251709
loocv_ref,Augmented|LOCO,,XGBoost,46,LOCO,Augmented,Thickness_mean,,,,20,20,15,OFAT,7.03,4.7339677810668945
loocv_ref,Augmented|LOCO,,XGBoost,46,LOCO,Augmented,Thickness_mean,,,,21,21,16,OFAT,13.5325,8.007975578308105
loocv_ref,Augmented|LOCO,,XGBoost,46,LOCO,Augmented,Thickness_mean,,,,22,22,14,OFAT,25.29,17.7668514251709
loocv_ref,Augmented|LOCO,,XGBoost,46,LOCO,Augmented,Thickness_mean,,,,23,23,14,OFAT,21.965,17.7668514251709
loocv_ref,Augmented|LOCO,,XGBoost,46,LOCO,Augmented,Thickness_mean,,,,24,24,14,OFAT,23.082500000000003,17.7668514251709
loocv_ref,Augmented|LOCO,,XGBoost,46,LOCO,Augmented,Thickness_mean,,,,25,25,14,OFAT,21.262500000000003,17.7668514251709
loocv_ref,Augmented|LOCO,,XGBoost,46,LOCO,Augmented,Thickness_mean,,,,26,26,17,OFAT,17.8275,18.418001174926758
loocv_ref,Augmented|LOCO,,XGBoost,46,LOCO,Augmented,Thickness_mean,,,,27,27,17,OFAT,17.345,18.418001174926758
loocv_ref,Augmented|LOCO,,XGBoost,46,LOCO,Augmented,Thickness_mean,,,,28,28,17,OFAT,24.4925,18.418001174926758
loocv_ref,Augmented|LOCO,,XGBoost,46,LOCO,Augmented,Thickness_mean,,,,29,29,17,OFAT,17.695,18.418001174926758
loocv_ref,Augmented|LOCO,,XGBoost,46,LOCO,Augmented,Thickness_mean,,,,30,30,17,OFAT,16.814999999999998,18.418001174926758
loocv_ref,Augmented|LOCO,,XGBoost,46,LOCO,Augmented,Thickness_mean,,,,31,31,18,OFAT,14.9425,13.86039924621582
loocv_ref,Augmented|LOCO,,XGBoost,46,LOCO,Augmented,Thickness_mean,,,,32,32,19,OFAT,9.9625,13.848381996154785
loocv_ref,Augmented|LOCO,,XGBoost,46,LOCO,Augmented,Thickness_mean,,,,33,33,20,OFAT,4.855,6.755245685577393
loocv_ref,Augmented|LOCO,,XGBoost,46,LOCO,Augmented,Thickness_mean,,,,34,34,21,OFAT,1.2375,2.8808751106262207
loocv_ref,Augmented|LOCO,,XGBoost,46,LOCO,Augmented,Thickness_mean,,,,35,35,22,OFAT,2.0275,2.7499067783355713
loocv_ref,Augmented|LOCO,,XGBoost,46,LOCO,Augmented,Thickness_mean,,,,36,36,23,OFAT,3.535,2.9513349533081055
loocv_ref,Augmented|LOCO,,XGBoost,46,LOCO,Augmented,Thickness_mean,,,,37,37,20,OFAT,8.6425,6.755245685577393
loocv_ref,Augmented|LOCO,,XGBoost,46,LOCO,Augmented,Thickness_mean,,,,38,38,19,OFAT,12.75,13.848381996154785
loocv_ref,Augmented|LOCO,,XGBoost,46,LOCO,Augmented,Thickness_mean,,,,39,39,18,OFAT,16.965,13.86039924621582
loocv_ref,Augmented|LOCO,,XGBoost,46,LOCO,Augmented,Thickness_mean,,,,40,40,19,OFAT,19.6525,13.848381996154785
loocv_ref,Augmented|LOCO,,XGBoost,46,LOCO,Augmented,Thickness_mean,,,,41,41,19,OFAT,9.2675,13.848381996154785
loocv_ref,Augmented|LOCO,,XGBoost,46,LOCO,Augmented,Thickness_mean,,,,42,44,26,DOE,5.285,4.630345821380615
loocv_ref,Augmented|LOCO,,XGBoost,46,LOCO,Augmented,Thickness_mean,,,,43,45,27,DOE,29.6975,23.407958984375
loocv_ref,Augmented|LOCO,,XGBoost,46,LOCO,Augmented,Thickness_mean,,,,44,43,25,DOE,1.05,4.876574516296387
loocv_ref,Augmented|LOCO,,XGBoost,46,LOCO,Augmented,Thickness_mean,,,,45,46,28,DOE,31.682500000000005,23.524944305419922
loocv_ref,Augmented|LOCO,,XGBoost,46,LOCO,Augmented,Thickness_mean,,,,46,42,24,DOE,1.0625,1.9365261793136597
loocv_ref,Augmented|LOCO,,XGBoost,46,LOCO,Augmented,Thickness_mean,,,,47,49,31,DOE,25.6225,25.768980026245117
loocv_ref,Augmented|LOCO,,XGBoost,46,LOCO,Augmented,Thickness_mean,,,,48,54,36,DOE,4.335,4.777935981750488
loocv_ref,Augmented|LOCO,,XGBoost,46,LOCO,Augmented,Thickness_mean,,,,49,52,34,DOE,22.5,27.459102630615234
loocv_ref,Augmented|LOCO,,XGBoost,46,LOCO,Augmented,Thickness_mean,,,,50,47,29,DOE,1.0525000000000002,6.1876444816589355
loocv_ref,Augmented|LOCO,,XGBoost,46,LOCO,Augmented,Thickness_mean,,,,51,51,33,DOE,1.1124999999999998,2.5823071002960205
loocv_ref,Augmented|LOCO,,XGBoost,46,LOCO,Augmented,Thickness_mean,,,,52,53,35,DOE,1.285,3.132824182510376
loocv_ref,Augmented|LOCO,,XGBoost,46,LOCO,Augmented,Thickness_mean,,,,53,56,38,DOE,21.8925,25.17750358581543
loocv_ref,Augmented|LOCO,,XGBoost,46,LOCO,Augmented,Thickness_mean,,,,54,50,32,DOE,25.37,23.087322235107422
loocv_ref,Augmented|LOCO,,XGBoost,46,LOCO,Augmented,Thickness_mean,,,,55,48,30,DOE,26.11,23.514568328857422
loocv_ref,Augmented|LOCO,,XGBoost,46,LOCO,Augmented,Thickness_mean,,,,56,55,37,DOE,11.3,11.558420181274414
loocv_ref,Augmented|LOCO,,XGBoost,47,LOCO,Augmented,Thickness_mean,,,,0,0,0,OFAT,36.34,20.455991744995117
loocv_ref,Augmented|LOCO,,XGBoost,47,LOCO,Augmented,Thickness_mean,,,,1,1,1,OFAT,19.9225,31.328990936279297
loocv_ref,Augmented|LOCO,,XGBoost,47,LOCO,Augmented,Thickness_mean,,,,2,2,2,OFAT,25.6625,23.967357635498047
loocv_ref,Augmented|LOCO,,XGBoost,47,LOCO,Augmented,Thickness_mean,,,,3,3,3,OFAT,20.2075,16.60312271118164
loocv_ref,Augmented|LOCO,,XGBoost,47,LOCO,Augmented,Thickness_mean,,,,4,4,4,OFAT,15.345,14.322213172912598
loocv_ref,Augmented|LOCO,,XGBoost,47,LOCO,Augmented,Thickness_mean,,,,5,5,5,OFAT,14.265,14.06326961517334
loocv_ref,Augmented|LOCO,,XGBoost,47,LOCO,Augmented,Thickness_mean,,,,6,6,6,OFAT,12.9225,19.067338943481445
loocv_ref,Augmented|LOCO,,XGBoost,47,LOCO,Augmented,Thickness_mean,,,,7,7,7,OFAT,13.2775,16.43625831604004
loocv_ref,Augmented|LOCO,,XGBoost,47,LOCO,Augmented,Thickness_mean,,,,8,8,8,OFAT,15.329999999999998,18.804569244384766
loocv_ref,Augmented|LOCO,,XGBoost,47,LOCO,Augmented,Thickness_mean,,,,9,9,9,OFAT,7.855,11.149223327636719
loocv_ref,Augmented|LOCO,,XGBoost,47,LOCO,Augmented,Thickness_mean,,,,10,10,10,OFAT,2.8075,8.432732582092285
loocv_ref,Augmented|LOCO,,XGBoost,47,LOCO,Augmented,Thickness_mean,,,,11,11,11,OFAT,7.7875,8.765752792358398
loocv_ref,Augmented|LOCO,,XGBoost,47,LOCO,Augmented,Thickness_mean,,,,12,12,11,OFAT,9.105,8.765752792358398
loocv_ref,Augmented|LOCO,,XGBoost,47,LOCO,Augmented,Thickness_mean,,,,13,13,12,OFAT,7.734999999999999,8.238607406616211
loocv_ref,Augmented|LOCO,,XGBoost,47,LOCO,Augmented,Thickness_mean,,,,14,14,10,OFAT,6.8225,8.432732582092285
loocv_ref,Augmented|LOCO,,XGBoost,47,LOCO,Augmented,Thickness_mean,,,,15,15,10,OFAT,14.995,8.432732582092285
loocv_ref,Augmented|LOCO,,XGBoost,47,LOCO,Augmented,Thickness_mean,,,,16,16,13,OFAT,14.025,13.497588157653809
loocv_ref,Augmented|LOCO,,XGBoost,47,LOCO,Augmented,Thickness_mean,,,,17,17,10,OFAT,9.0475,8.432732582092285
loocv_ref,Augmented|LOCO,,XGBoost,47,LOCO,Augmented,Thickness_mean,,,,18,18,14,OFAT,22.225,17.68801498413086
loocv_ref,Augmented|LOCO,,XGBoost,47,LOCO,Augmented,Thickness_mean,,,,19,19,14,OFAT,25.935,17.68801498413086
loocv_ref,Augmented|LOCO,,XGBoost,47,LOCO,Augmented,Thickness_mean,,,,20,20,15,OFAT,7.03,5.805556774139404
loocv_ref,Augmented|LOCO,,XGBoost,47,LOCO,Augmented,Thickness_mean,,,,21,21,16,OFAT,13.5325,8.613323211669922
loocv_ref,Augmented|LOCO,,XGBoost,47,LOCO,Augmented,Thickness_mean,,,,22,22,14,OFAT,25.29,17.68801498413086
loocv_ref,Augmented|LOCO,,XGBoost,47,LOCO,Augmented,Thickness_mean,,,,23,23,14,OFAT,21.965,17.68801498413086
loocv_ref,Augmented|LOCO,,XGBoost,47,LOCO,Augmented,Thickness_mean,,,,24,24,14,OFAT,23.082500000000003,17.68801498413086
loocv_ref,Augmented|LOCO,,XGBoost,47,LOCO,Augmented,Thickness_mean,,,,25,25,14,OFAT,21.262500000000003,17.68801498413086
loocv_ref,Augmented|LOCO,,XGBoost,47,LOCO,Augmented,Thickness_mean,,,,26,26,17,OFAT,17.8275,14.833335876464844
loocv_ref,Augmented|LOCO,,XGBoost,47,LOCO,Augmented,Thickness_mean,,,,27,27,17,OFAT,17.345,14.833335876464844
loocv_ref,Augmented|LOCO,,XGBoost,47,LOCO,Augmented,Thickness_mean,,,,28,28,17,OFAT,24.4925,14.833335876464844
loocv_ref,Augmented|LOCO,,XGBoost,47,LOCO,Augmented,Thickness_mean,,,,29,29,17,OFAT,17.695,14.833335876464844
loocv_ref,Augmented|LOCO,,XGBoost,47,LOCO,Augmented,Thickness_mean,,,,30,30,17,OFAT,16.814999999999998,14.833335876464844
loocv_ref,Augmented|LOCO,,XGBoost,47,LOCO,Augmented,Thickness_mean,,,,31,31,18,OFAT,14.9425,13.827407836914062
loocv_ref,Augmented|LOCO,,XGBoost,47,LOCO,Augmented,Thickness_mean,,,,32,32,19,OFAT,9.9625,13.3372220993042
loocv_ref,Augmented|LOCO,,XGBoost,47,LOCO,Augmented,Thickness_mean,,,,33,33,20,OFAT,4.855,6.251093864440918
loocv_ref,Augmented|LOCO,,XGBoost,47,LOCO,Augmented,Thickness_mean,,,,34,34,21,OFAT,1.2375,2.8689234256744385
loocv_ref,Augmented|LOCO,,XGBoost,47,LOCO,Augmented,Thickness_mean,,,,35,35,22,OFAT,2.0275,2.608628988265991
loocv_ref,Augmented|LOCO,,XGBoost,47,LOCO,Augmented,Thickness_mean,,,,36,36,23,OFAT,3.535,2.9148528575897217
loocv_ref,Augmented|LOCO,,XGBoost,47,LOCO,Augmented,Thickness_mean,,,,37,37,20,OFAT,8.6425,6.251093864440918
loocv_ref,Augmented|LOCO,,XGBoost,47,LOCO,Augmented,Thickness_mean,,,,38,38,19,OFAT,12.75,13.3372220993042
loocv_ref,Augmented|LOCO,,XGBoost,47,LOCO,Augmented,Thickness_mean,,,,39,39,18,OFAT,16.965,13.827407836914062
loocv_ref,Augmented|LOCO,,XGBoost,47,LOCO,Augmented,Thickness_mean,,,,40,40,19,OFAT,19.6525,13.3372220993042
loocv_ref,Augmented|LOCO,,XGBoost,47,LOCO,Augmented,Thickness_mean,,,,41,41,19,OFAT,9.2675,13.3372220993042
loocv_ref,Augmented|LOCO,,XGBoost,47,LOCO,Augmented,Thickness_mean,,,,42,44,26,DOE,5.285,5.586442470550537
loocv_ref,Augmented|LOCO,,XGBoost,47,LOCO,Augmented,Thickness_mean,,,,43,45,27,DOE,29.6975,23.83542823791504
loocv_ref,Augmented|LOCO,,XGBoost,47,LOCO,Augmented,Thickness_mean,,,,44,43,25,DOE,1.05,5.854965686798096
loocv_ref,Augmented|LOCO,,XGBoost,47,LOCO,Augmented,Thickness_mean,,,,45,46,28,DOE,31.682500000000005,24.621009826660156
loocv_ref,Augmented|LOCO,,XGBoost,47,LOCO,Augmented,Thickness_mean,,,,46,42,24,DOE,1.0625,2.8219926357269287
loocv_ref,Augmented|LOCO,,XGBoost,47,LOCO,Augmented,Thickness_mean,,,,47,49,31,DOE,25.6225,25.367046356201172
loocv_ref,Augmented|LOCO,,XGBoost,47,LOCO,Augmented,Thickness_mean,,,,48,54,36,DOE,4.335,4.546135902404785
loocv_ref,Augmented|LOCO,,XGBoost,47,LOCO,Augmented,Thickness_mean,,,,49,52,34,DOE,22.5,26.35906219482422
loocv_ref,Augmented|LOCO,,XGBoost,47,LOCO,Augmented,Thickness_mean,,,,50,47,29,DOE,1.0525000000000002,6.1901631355285645
loocv_ref,Augmented|LOCO,,XGBoost,47,LOCO,Augmented,Thickness_mean,,,,51,51,33,DOE,1.1124999999999998,2.7565042972564697
loocv_ref,Augmented|LOCO,,XGBoost,47,LOCO,Augmented,Thickness_mean,,,,52,53,35,DOE,1.285,3.3059864044189453
loocv_ref,Augmented|LOCO,,XGBoost,47,LOCO,Augmented,Thickness_mean,,,,53,56,38,DOE,21.8925,26.308042526245117
loocv_ref,Augmented|LOCO,,XGBoost,47,LOCO,Augmented,Thickness_mean,,,,54,50,32,DOE,25.37,23.55065155029297
loocv_ref,Augmented|LOCO,,XGBoost,47,LOCO,Augmented,Thickness_mean,,,,55,48,30,DOE,26.11,22.913888931274414
loocv_ref,Augmented|LOCO,,XGBoost,47,LOCO,Augmented,Thickness_mean,,,,56,55,37,DOE,11.3,12.112947463989258
loocv_ref,Augmented|LOCO,,XGBoost,48,LOCO,Augmented,Thickness_mean,,,,0,0,0,OFAT,36.34,19.50526237487793
loocv_ref,Augmented|LOCO,,XGBoost,48,LOCO,Augmented,Thickness_mean,,,,1,1,1,OFAT,19.9225,30.257369995117188
loocv_ref,Augmented|LOCO,,XGBoost,48,LOCO,Augmented,Thickness_mean,,,,2,2,2,OFAT,25.6625,25.022205352783203
loocv_ref,Augmented|LOCO,,XGBoost,48,LOCO,Augmented,Thickness_mean,,,,3,3,3,OFAT,20.2075,15.939075469970703
loocv_ref,Augmented|LOCO,,XGBoost,48,LOCO,Augmented,Thickness_mean,,,,4,4,4,OFAT,15.345,14.311422348022461
loocv_ref,Augmented|LOCO,,XGBoost,48,LOCO,Augmented,Thickness_mean,,,,5,5,5,OFAT,14.265,16.45933723449707
loocv_ref,Augmented|LOCO,,XGBoost,48,LOCO,Augmented,Thickness_mean,,,,6,6,6,OFAT,12.9225,17.9083251953125
loocv_ref,Augmented|LOCO,,XGBoost,48,LOCO,Augmented,Thickness_mean,,,,7,7,7,OFAT,13.2775,13.556366920471191
loocv_ref,Augmented|LOCO,,XGBoost,48,LOCO,Augmented,Thickness_mean,,,,8,8,8,OFAT,15.329999999999998,20.94156265258789
loocv_ref,Augmented|LOCO,,XGBoost,48,LOCO,Augmented,Thickness_mean,,,,9,9,9,OFAT,7.855,9.86886978149414
loocv_ref,Augmented|LOCO,,XGBoost,48,LOCO,Augmented,Thickness_mean,,,,10,10,10,OFAT,2.8075,9.284330368041992
loocv_ref,Augmented|LOCO,,XGBoost,48,LOCO,Augmented,Thickness_mean,,,,11,11,11,OFAT,7.7875,9.025242805480957
loocv_ref,Augmented|LOCO,,XGBoost,48,LOCO,Augmented,Thickness_mean,,,,12,12,11,OFAT,9.105,9.025242805480957
loocv_ref,Augmented|LOCO,,XGBoost,48,LOCO,Augmented,Thickness_mean,,,,13,13,12,OFAT,7.734999999999999,7.455692291259766
loocv_ref,Augmented|LOCO,,XGBoost,48,LOCO,Augmented,Thickness_mean,,,,14,14,10,OFAT,6.8225,9.284330368041992
loocv_ref,Augmented|LOCO,,XGBoost,48,LOCO,Augmented,Thickness_mean,,,,15,15,10,OFAT,14.995,9.284330368041992
loocv_ref,Augmented|LOCO,,XGBoost,48,LOCO,Augmented,Thickness_mean,,,,16,16,13,OFAT,14.025,13.458148956298828
loocv_ref,Augmented|LOCO,,XGBoost,48,LOCO,Augmented,Thickness_mean,,,,17,17,10,OFAT,9.0475,9.284330368041992
loocv_ref,Augmented|LOCO,,XGBoost,48,LOCO,Augmented,Thickness_mean,,,,18,18,14,OFAT,22.225,18.29297637939453
loocv_ref,Augmented|LOCO,,XGBoost,48,LOCO,Augmented,Thickness_mean,,,,19,19,14,OFAT,25.935,18.29297637939453
loocv_ref,Augmented|LOCO,,XGBoost,48,LOCO,Augmented,Thickness_mean,,,,20,20,15,OFAT,7.03,4.629495620727539
loocv_ref,Augmented|LOCO,,XGBoost,48,LOCO,Augmented,Thickness_mean,,,,21,21,16,OFAT,13.5325,8.216046333312988
loocv_ref,Augmented|LOCO,,XGBoost,48,LOCO,Augmented,Thickness_mean,,,,22,22,14,OFAT,25.29,18.29297637939453
loocv_ref,Augmented|LOCO,,XGBoost,48,LOCO,Augmented,Thickness_mean,,,,23,23,14,OFAT,21.965,18.29297637939453
loocv_ref,Augmented|LOCO,,XGBoost,48,LOCO,Augmented,Thickness_mean,,,,24,24,14,OFAT,23.082500000000003,18.29297637939453
loocv_ref,Augmented|LOCO,,XGBoost,48,LOCO,Augmented,Thickness_mean,,,,25,25,14,OFAT,21.262500000000003,18.29297637939453
loocv_ref,Augmented|LOCO,,XGBoost,48,LOCO,Augmented,Thickness_mean,,,,26,26,17,OFAT,17.8275,18.00726318359375
loocv_ref,Augmented|LOCO,,XGBoost,48,LOCO,Augmented,Thickness_mean,,,,27,27,17,OFAT,17.345,18.00726318359375
loocv_ref,Augmented|LOCO,,XGBoost,48,LOCO,Augmented,Thickness_mean,,,,28,28,17,OFAT,24.4925,18.00726318359375
loocv_ref,Augmented|LOCO,,XGBoost,48,LOCO,Augmented,Thickness_mean,,,,29,29,17,OFAT,17.695,18.00726318359375
loocv_ref,Augmented|LOCO,,XGBoost,48,LOCO,Augmented,Thickness_mean,,,,30,30,17,OFAT,16.814999999999998,18.00726318359375
loocv_ref,Augmented|LOCO,,XGBoost,48,LOCO,Augmented,Thickness_mean,,,,31,31,18,OFAT,14.9425,13.122941970825195
loocv_ref,Augmented|LOCO,,XGBoost,48,LOCO,Augmented,Thickness_mean,,,,32,32,19,OFAT,9.9625,13.622733116149902
loocv_ref,Augmented|LOCO,,XGBoost,48,LOCO,Augmented,Thickness_mean,,,,33,33,20,OFAT,4.855,7.3853020668029785
loocv_ref,Augmented|LOCO,,XGBoost,48,LOCO,Augmented,Thickness_mean,,,,34,34,21,OFAT,1.2375,1.6853774785995483
loocv_ref,Augmented|LOCO,,XGBoost,48,LOCO,Augmented,Thickness_mean,,,,35,35,22,OFAT,2.0275,2.051698923110962
loocv_ref,Augmented|LOCO,,XGBoost,48,LOCO,Augmented,Thickness_mean,,,,36,36,23,OFAT,3.535,2.6620664596557617
loocv_ref,Augmented|LOCO,,XGBoost,48,LOCO,Augmented,Thickness_mean,,,,37,37,20,OFAT,8.6425,7.3853020668029785
loocv_ref,Augmented|LOCO,,XGBoost,48,LOCO,Augmented,Thickness_mean,,,,38,38,19,OFAT,12.75,13.622733116149902
loocv_ref,Augmented|LOCO,,XGBoost,48,LOCO,Augmented,Thickness_mean,,,,39,39,18,OFAT,16.965,13.122941970825195
loocv_ref,Augmented|LOCO,,XGBoost,48,LOCO,Augmented,Thickness_mean,,,,40,40,19,OFAT,19.6525,13.622733116149902
loocv_ref,Augmented|LOCO,,XGBoost,48,LOCO,Augmented,Thickness_mean,,,,41,41,19,OFAT,9.2675,13.622733116149902
loocv_ref,Augmented|LOCO,,XGBoost,48,LOCO,Augmented,Thickness_mean,,,,42,44,26,DOE,5.285,4.565624713897705
loocv_ref,Augmented|LOCO,,XGBoost,48,LOCO,Augmented,Thickness_mean,,,,43,45,27,DOE,29.6975,23.59889030456543
loocv_ref,Augmented|LOCO,,XGBoost,48,LOCO,Augmented,Thickness_mean,,,,44,43,25,DOE,1.05,4.482537746429443
loocv_ref,Augmented|LOCO,,XGBoost,48,LOCO,Augmented,Thickness_mean,,,,45,46,28,DOE,31.682500000000005,23.716697692871094
loocv_ref,Augmented|LOCO,,XGBoost,48,LOCO,Augmented,Thickness_mean,,,,46,42,24,DOE,1.0625,3.537212371826172
loocv_ref,Augmented|LOCO,,XGBoost,48,LOCO,Augmented,Thickness_mean,,,,47,49,31,DOE,25.6225,25.816068649291992
loocv_ref,Augmented|LOCO,,XGBoost,48,LOCO,Augmented,Thickness_mean,,,,48,54,36,DOE,4.335,5.12000036239624
loocv_ref,Augmented|LOCO,,XGBoost,48,LOCO,Augmented,Thickness_mean,,,,49,52,34,DOE,22.5,26.811840057373047
loocv_ref,Augmented|LOCO,,XGBoost,48,LOCO,Augmented,Thickness_mean,,,,50,47,29,DOE,1.0525000000000002,4.969416618347168
loocv_ref,Augmented|LOCO,,XGBoost,48,LOCO,Augmented,Thickness_mean,,,,51,51,33,DOE,1.1124999999999998,2.0137975215911865
loocv_ref,Augmented|LOCO,,XGBoost,48,LOCO,Augmented,Thickness_mean,,,,52,53,35,DOE,1.285,2.6420605182647705
loocv_ref,Augmented|LOCO,,XGBoost,48,LOCO,Augmented,Thickness_mean,,,,53,56,38,DOE,21.8925,26.6468563079834
loocv_ref,Augmented|LOCO,,XGBoost,48,LOCO,Augmented,Thickness_mean,,,,54,50,32,DOE,25.37,23.395126342773438
loocv_ref,Augmented|LOCO,,XGBoost,48,LOCO,Augmented,Thickness_mean,,,,55,48,30,DOE,26.11,23.592451095581055
loocv_ref,Augmented|LOCO,,XGBoost,48,LOCO,Augmented,Thickness_mean,,,,56,55,37,DOE,11.3,12.902682304382324
loocv_ref,Augmented|LOCO,,XGBoost,49,LOCO,Augmented,Thickness_mean,,,,0,0,0,OFAT,36.34,20.492290496826172
loocv_ref,Augmented|LOCO,,XGBoost,49,LOCO,Augmented,Thickness_mean,,,,1,1,1,OFAT,19.9225,29.82792091369629
loocv_ref,Augmented|LOCO,,XGBoost,49,LOCO,Augmented,Thickness_mean,,,,2,2,2,OFAT,25.6625,24.52311134338379
loocv_ref,Augmented|LOCO,,XGBoost,49,LOCO,Augmented,Thickness_mean,,,,3,3,3,OFAT,20.2075,17.75208282470703
loocv_ref,Augmented|LOCO,,XGBoost,49,LOCO,Augmented,Thickness_mean,,,,4,4,4,OFAT,15.345,15.555838584899902
loocv_ref,Augmented|LOCO,,XGBoost,49,LOCO,Augmented,Thickness_mean,,,,5,5,5,OFAT,14.265,16.07999610900879
loocv_ref,Augmented|LOCO,,XGBoost,49,LOCO,Augmented,Thickness_mean,,,,6,6,6,OFAT,12.9225,17.6882381439209
loocv_ref,Augmented|LOCO,,XGBoost,49,LOCO,Augmented,Thickness_mean,,,,7,7,7,OFAT,13.2775,17.276472091674805
loocv_ref,Augmented|LOCO,,XGBoost,49,LOCO,Augmented,Thickness_mean,,,,8,8,8,OFAT,15.329999999999998,18.750362396240234
loocv_ref,Augmented|LOCO,,XGBoost,49,LOCO,Augmented,Thickness_mean,,,,9,9,9,OFAT,7.855,9.890798568725586
loocv_ref,Augmented|LOCO,,XGBoost,49,LOCO,Augmented,Thickness_mean,,,,10,10,10,OFAT,2.8075,8.238493919372559
loocv_ref,Augmented|LOCO,,XGBoost,49,LOCO,Augmented,Thickness_mean,,,,11,11,11,OFAT,7.7875,8.237049102783203
loocv_ref,Augmented|LOCO,,XGBoost,49,LOCO,Augmented,Thickness_mean,,,,12,12,11,OFAT,9.105,8.237049102783203
loocv_ref,Augmented|LOCO,,XGBoost,49,LOCO,Augmented,Thickness_mean,,,,13,13,12,OFAT,7.734999999999999,8.54410171508789
loocv_ref,Augmented|LOCO,,XGBoost,49,LOCO,Augmented,Thickness_mean,,,,14,14,10,OFAT,6.8225,8.238493919372559
loocv_ref,Augmented|LOCO,,XGBoost,49,LOCO,Augmented,Thickness_mean,,,,15,15,10,OFAT,14.995,8.238493919372559
loocv_ref,Augmented|LOCO,,XGBoost,49,LOCO,Augmented,Thickness_mean,,,,16,16,13,OFAT,14.025,12.987869262695312
loocv_ref,Augmented|LOCO,,XGBoost,49,LOCO,Augmented,Thickness_mean,,,,17,17,10,OFAT,9.0475,8.238493919372559
loocv_ref,Augmented|LOCO,,XGBoost,49,LOCO,Augmented,Thickness_mean,,,,18,18,14,OFAT,22.225,17.825716018676758
loocv_ref,Augmented|LOCO,,XGBoost,49,LOCO,Augmented,Thickness_mean,,,,19,19,14,OFAT,25.935,17.825716018676758
loocv_ref,Augmented|LOCO,,XGBoost,49,LOCO,Augmented,Thickness_mean,,,,20,20,15,OFAT,7.03,5.188800811767578
loocv_ref,Augmented|LOCO,,XGBoost,49,LOCO,Augmented,Thickness_mean,,,,21,21,16,OFAT,13.5325,8.739437103271484
loocv_ref,Augmented|LOCO,,XGBoost,49,LOCO,Augmented,Thickness_mean,,,,22,22,14,OFAT,25.29,17.825716018676758
loocv_ref,Augmented|LOCO,,XGBoost,49,LOCO,Augmented,Thickness_mean,,,,23,23,14,OFAT,21.965,17.825716018676758
loocv_ref,Augmented|LOCO,,XGBoost,49,LOCO,Augmented,Thickness_mean,,,,24,24,14,OFAT,23.082500000000003,17.825716018676758
loocv_ref,Augmented|LOCO,,XGBoost,49,LOCO,Augmented,Thickness_mean,,,,25,25,14,OFAT,21.262500000000003,17.825716018676758
loocv_ref,Augmented|LOCO,,XGBoost,49,LOCO,Augmented,Thickness_mean,,,,26,26,17,OFAT,17.8275,18.381267547607422
loocv_ref,Augmented|LOCO,,XGBoost,49,LOCO,Augmented,Thickness_mean,,,,27,27,17,OFAT,17.345,18.381267547607422
loocv_ref,Augmented|LOCO,,XGBoost,49,LOCO,Augmented,Thickness_mean,,,,28,28,17,OFAT,24.4925,18.381267547607422
loocv_ref,Augmented|LOCO,,XGBoost,49,LOCO,Augmented,Thickness_mean,,,,29,29,17,OFAT,17.695,18.381267547607422
loocv_ref,Augmented|LOCO,,XGBoost,49,LOCO,Augmented,Thickness_mean,,,,30,30,17,OFAT,16.814999999999998,18.381267547607422
loocv_ref,Augmented|LOCO,,XGBoost,49,LOCO,Augmented,Thickness_mean,,,,31,31,18,OFAT,14.9425,13.898591995239258
loocv_ref,Augmented|LOCO,,XGBoost,49,LOCO,Augmented,Thickness_mean,,,,32,32,19,OFAT,9.9625,13.280891418457031
loocv_ref,Augmented|LOCO,,XGBoost,49,LOCO,Augmented,Thickness_mean,,,,33,33,20,OFAT,4.855,6.950610160827637
loocv_ref,Augmented|LOCO,,XGBoost,49,LOCO,Augmented,Thickness_mean,,,,34,34,21,OFAT,1.2375,2.8770830631256104
loocv_ref,Augmented|LOCO,,XGBoost,49,LOCO,Augmented,Thickness_mean,,,,35,35,22,OFAT,2.0275,2.513200283050537
loocv_ref,Augmented|LOCO,,XGBoost,49,LOCO,Augmented,Thickness_mean,,,,36,36,23,OFAT,3.535,2.634026050567627
loocv_ref,Augmented|LOCO,,XGBoost,49,LOCO,Augmented,Thickness_mean,,,,37,37,20,OFAT,8.6425,6.950610160827637
loocv_ref,Augmented|LOCO,,XGBoost,49,LOCO,Augmented,Thickness_mean,,,,38,38,19,OFAT,12.75,13.280891418457031
loocv_ref,Augmented|LOCO,,XGBoost,49,LOCO,Augmented,Thickness_mean,,,,39,39,18,OFAT,16.965,13.898591995239258
loocv_ref,Augmented|LOCO,,XGBoost,49,LOCO,Augmented,Thickness_mean,,,,40,40,19,OFAT,19.6525,13.280891418457031
loocv_ref,Augmented|LOCO,,XGBoost,49,LOCO,Augmented,Thickness_mean,,,,41,41,19,OFAT,9.2675,13.280891418457031
loocv_ref,Augmented|LOCO,,XGBoost,49,LOCO,Augmented,Thickness_mean,,,,42,44,26,DOE,5.285,5.28708553314209
loocv_ref,Augmented|LOCO,,XGBoost,49,LOCO,Augmented,Thickness_mean,,,,43,45,27,DOE,29.6975,22.076669692993164
loocv_ref,Augmented|LOCO,,XGBoost,49,LOCO,Augmented,Thickness_mean,,,,44,43,25,DOE,1.05,6.395915985107422
loocv_ref,Augmented|LOCO,,XGBoost,49,LOCO,Augmented,Thickness_mean,,,,45,46,28,DOE,31.682500000000005,23.824262619018555
loocv_ref,Augmented|LOCO,,XGBoost,49,LOCO,Augmented,Thickness_mean,,,,46,42,24,DOE,1.0625,3.2322134971618652
loocv_ref,Augmented|LOCO,,XGBoost,49,LOCO,Augmented,Thickness_mean,,,,47,49,31,DOE,25.6225,25.757307052612305
loocv_ref,Augmented|LOCO,,XGBoost,49,LOCO,Augmented,Thickness_mean,,,,48,54,36,DOE,4.335,5.290991306304932
loocv_ref,Augmented|LOCO,,XGBoost,49,LOCO,Augmented,Thickness_mean,,,,49,52,34,DOE,22.5,26.60776710510254
loocv_ref,Augmented|LOCO,,XGBoost,49,LOCO,Augmented,Thickness_mean,,,,50,47,29,DOE,1.0525000000000002,5.381032466888428
loocv_ref,Augmented|LOCO,,XGBoost,49,LOCO,Augmented,Thickness_mean,,,,51,51,33,DOE,1.1124999999999998,2.9032115936279297
loocv_ref,Augmented|LOCO,,XGBoost,49,LOCO,Augmented,Thickness_mean,,,,52,53,35,DOE,1.285,2.5051820278167725
loocv_ref,Augmented|LOCO,,XGBoost,49,LOCO,Augmented,Thickness_mean,,,,53,56,38,DOE,21.8925,25.14550018310547
loocv_ref,Augmented|LOCO,,XGBoost,49,LOCO,Augmented,Thickness_mean,,,,54,50,32,DOE,25.37,22.502517700195312
loocv_ref,Augmented|LOCO,,XGBoost,49,LOCO,Augmented,Thickness_mean,,,,55,48,30,DOE,26.11,23.121829986572266
loocv_ref,Augmented|LOCO,,XGBoost,49,LOCO,Augmented,Thickness_mean,,,,56,55,37,DOE,11.3,12.041261672973633
loocv_ref,Augmented|LOCO,,XGBoost,50,LOCO,Augmented,Thickness_mean,,,,0,0,0,OFAT,36.34,20.516674041748047
loocv_ref,Augmented|LOCO,,XGBoost,50,LOCO,Augmented,Thickness_mean,,,,1,1,1,OFAT,19.9225,29.474245071411133
loocv_ref,Augmented|LOCO,,XGBoost,50,LOCO,Augmented,Thickness_mean,,,,2,2,2,OFAT,25.6625,24.87660789489746
loocv_ref,Augmented|LOCO,,XGBoost,50,LOCO,Augmented,Thickness_mean,,,,3,3,3,OFAT,20.2075,17.054468154907227
loocv_ref,Augmented|LOCO,,XGBoost,50,LOCO,Augmented,Thickness_mean,,,,4,4,4,OFAT,15.345,17.23189353942871
loocv_ref,Augmented|LOCO,,XGBoost,50,LOCO,Augmented,Thickness_mean,,,,5,5,5,OFAT,14.265,17.426469802856445
loocv_ref,Augmented|LOCO,,XGBoost,50,LOCO,Augmented,Thickness_mean,,,,6,6,6,OFAT,12.9225,18.870859146118164
loocv_ref,Augmented|LOCO,,XGBoost,50,LOCO,Augmented,Thickness_mean,,,,7,7,7,OFAT,13.2775,17.669048309326172
loocv_ref,Augmented|LOCO,,XGBoost,50,LOCO,Augmented,Thickness_mean,,,,8,8,8,OFAT,15.329999999999998,19.598487854003906
loocv_ref,Augmented|LOCO,,XGBoost,50,LOCO,Augmented,Thickness_mean,,,,9,9,9,OFAT,7.855,10.01534366607666
loocv_ref,Augmented|LOCO,,XGBoost,50,LOCO,Augmented,Thickness_mean,,,,10,10,10,OFAT,2.8075,8.427275657653809
loocv_ref,Augmented|LOCO,,XGBoost,50,LOCO,Augmented,Thickness_mean,,,,11,11,11,OFAT,7.7875,8.370476722717285
loocv_ref,Augmented|LOCO,,XGBoost,50,LOCO,Augmented,Thickness_mean,,,,12,12,11,OFAT,9.105,8.370476722717285
loocv_ref,Augmented|LOCO,,XGBoost,50,LOCO,Augmented,Thickness_mean,,,,13,13,12,OFAT,7.734999999999999,7.815227031707764
loocv_ref,Augmented|LOCO,,XGBoost,50,LOCO,Augmented,Thickness_mean,,,,14,14,10,OFAT,6.8225,8.427275657653809
loocv_ref,Augmented|LOCO,,XGBoost,50,LOCO,Augmented,Thickness_mean,,,,15,15,10,OFAT,14.995,8.427275657653809
loocv_ref,Augmented|LOCO,,XGBoost,50,LOCO,Augmented,Thickness_mean,,,,16,16,13,OFAT,14.025,13.481332778930664
loocv_ref,Augmented|LOCO,,XGBoost,50,LOCO,Augmented,Thickness_mean,,,,17,17,10,OFAT,9.0475,8.427275657653809
loocv_ref,Augmented|LOCO,,XGBoost,50,LOCO,Augmented,Thickness_mean,,,,18,18,14,OFAT,22.225,18.011940002441406
loocv_ref,Augmented|LOCO,,XGBoost,50,LOCO,Augmented,Thickness_mean,,,,19,19,14,OFAT,25.935,18.011940002441406
loocv_ref,Augmented|LOCO,,XGBoost,50,LOCO,Augmented,Thickness_mean,,,,20,20,15,OFAT,7.03,4.83758020401001
loocv_ref,Augmented|LOCO,,XGBoost,50,LOCO,Augmented,Thickness_mean,,,,21,21,16,OFAT,13.5325,8.223512649536133
loocv_ref,Augmented|LOCO,,XGBoost,50,LOCO,Augmented,Thickness_mean,,,,22,22,14,OFAT,25.29,18.011940002441406
loocv_ref,Augmented|LOCO,,XGBoost,50,LOCO,Augmented,Thickness_mean,,,,23,23,14,OFAT,21.965,18.011940002441406
loocv_ref,Augmented|LOCO,,XGBoost,50,LOCO,Augmented,Thickness_mean,,,,24,24,14,OFAT,23.082500000000003,18.011940002441406
loocv_ref,Augmented|LOCO,,XGBoost,50,LOCO,Augmented,Thickness_mean,,,,25,25,14,OFAT,21.262500000000003,18.011940002441406
loocv_ref,Augmented|LOCO,,XGBoost,50,LOCO,Augmented,Thickness_mean,,,,26,26,17,OFAT,17.8275,17.47219467163086
loocv_ref,Augmented|LOCO,,XGBoost,50,LOCO,Augmented,Thickness_mean,,,,27,27,17,OFAT,17.345,17.47219467163086
loocv_ref,Augmented|LOCO,,XGBoost,50,LOCO,Augmented,Thickness_mean,,,,28,28,17,OFAT,24.4925,17.47219467163086
loocv_ref,Augmented|LOCO,,XGBoost,50,LOCO,Augmented,Thickness_mean,,,,29,29,17,OFAT,17.695,17.47219467163086
loocv_ref,Augmented|LOCO,,XGBoost,50,LOCO,Augmented,Thickness_mean,,,,30,30,17,OFAT,16.814999999999998,17.47219467163086
loocv_ref,Augmented|LOCO,,XGBoost,50,LOCO,Augmented,Thickness_mean,,,,31,31,18,OFAT,14.9425,13.834574699401855
loocv_ref,Augmented|LOCO,,XGBoost,50,LOCO,Augmented,Thickness_mean,,,,32,32,19,OFAT,9.9625,12.972236633300781
loocv_ref,Augmented|LOCO,,XGBoost,50,LOCO,Augmented,Thickness_mean,,,,33,33,20,OFAT,4.855,7.372479438781738
loocv_ref,Augmented|LOCO,,XGBoost,50,LOCO,Augmented,Thickness_mean,,,,34,34,21,OFAT,1.2375,2.5467233657836914
loocv_ref,Augmented|LOCO,,XGBoost,50,LOCO,Augmented,Thickness_mean,,,,35,35,22,OFAT,2.0275,2.3773036003112793
loocv_ref,Augmented|LOCO,,XGBoost,50,LOCO,Augmented,Thickness_mean,,,,36,36,23,OFAT,3.535,2.6120738983154297
loocv_ref,Augmented|LOCO,,XGBoost,50,LOCO,Augmented,Thickness_mean,,,,37,37,20,OFAT,8.6425,7.372479438781738
loocv_ref,Augmented|LOCO,,XGBoost,50,LOCO,Augmented,Thickness_mean,,,,38,38,19,OFAT,12.75,12.972236633300781
loocv_ref,Augmented|LOCO,,XGBoost,50,LOCO,Augmented,Thickness_mean,,,,39,39,18,OFAT,16.965,13.834574699401855
loocv_ref,Augmented|LOCO,,XGBoost,50,LOCO,Augmented,Thickness_mean,,,,40,40,19,OFAT,19.6525,12.972236633300781
loocv_ref,Augmented|LOCO,,XGBoost,50,LOCO,Augmented,Thickness_mean,,,,41,41,19,OFAT,9.2675,12.972236633300781
loocv_ref,Augmented|LOCO,,XGBoost,50,LOCO,Augmented,Thickness_mean,,,,42,44,26,DOE,5.285,5.338634014129639
loocv_ref,Augmented|LOCO,,XGBoost,50,LOCO,Augmented,Thickness_mean,,,,43,45,27,DOE,29.6975,23.126888275146484
loocv_ref,Augmented|LOCO,,XGBoost,50,LOCO,Augmented,Thickness_mean,,,,44,43,25,DOE,1.05,4.898796081542969
loocv_ref,Augmented|LOCO,,XGBoost,50,LOCO,Augmented,Thickness_mean,,,,45,46,28,DOE,31.682500000000005,24.433290481567383
loocv_ref,Augmented|LOCO,,XGBoost,50,LOCO,Augmented,Thickness_mean,,,,46,42,24,DOE,1.0625,3.039841651916504
loocv_ref,Augmented|LOCO,,XGBoost,50,LOCO,Augmented,Thickness_mean,,,,47,49,31,DOE,25.6225,26.574127197265625
loocv_ref,Augmented|LOCO,,XGBoost,50,LOCO,Augmented,Thickness_mean,,,,48,54,36,DOE,4.335,5.439395427703857
loocv_ref,Augmented|LOCO,,XGBoost,50,LOCO,Augmented,Thickness_mean,,,,49,52,34,DOE,22.5,26.4132080078125
loocv_ref,Augmented|LOCO,,XGBoost,50,LOCO,Augmented,Thickness_mean,,,,50,47,29,DOE,1.0525000000000002,3.8707361221313477
loocv_ref,Augmented|LOCO,,XGBoost,50,LOCO,Augmented,Thickness_mean,,,,51,51,33,DOE,1.1124999999999998,2.177624225616455
loocv_ref,Augmented|LOCO,,XGBoost,50,LOCO,Augmented,Thickness_mean,,,,52,53,35,DOE,1.285,1.8584513664245605
loocv_ref,Augmented|LOCO,,XGBoost,50,LOCO,Augmented,Thickness_mean,,,,53,56,38,DOE,21.8925,26.053789138793945
loocv_ref,Augmented|LOCO,,XGBoost,50,LOCO,Augmented,Thickness_mean,,,,54,50,32,DOE,25.37,22.19732093811035
loocv_ref,Augmented|LOCO,,XGBoost,50,LOCO,Augmented,Thickness_mean,,,,55,48,30,DOE,26.11,22.894258499145508
loocv_ref,Augmented|LOCO,,XGBoost,50,LOCO,Augmented,Thickness_mean,,,,56,55,37,DOE,11.3,12.94101619720459
loocv_ref,Augmented|LOCO,,XGBoost,51,LOCO,Augmented,Thickness_mean,,,,0,0,0,OFAT,36.34,19.83928871154785
loocv_ref,Augmented|LOCO,,XGBoost,51,LOCO,Augmented,Thickness_mean,,,,1,1,1,OFAT,19.9225,30.159255981445312
loocv_ref,Augmented|LOCO,,XGBoost,51,LOCO,Augmented,Thickness_mean,,,,2,2,2,OFAT,25.6625,25.90268898010254
loocv_ref,Augmented|LOCO,,XGBoost,51,LOCO,Augmented,Thickness_mean,,,,3,3,3,OFAT,20.2075,18.29505157470703
loocv_ref,Augmented|LOCO,,XGBoost,51,LOCO,Augmented,Thickness_mean,,,,4,4,4,OFAT,15.345,15.45004940032959
loocv_ref,Augmented|LOCO,,XGBoost,51,LOCO,Augmented,Thickness_mean,,,,5,5,5,OFAT,14.265,16.058700561523438
loocv_ref,Augmented|LOCO,,XGBoost,51,LOCO,Augmented,Thickness_mean,,,,6,6,6,OFAT,12.9225,18.762962341308594
loocv_ref,Augmented|LOCO,,XGBoost,51,LOCO,Augmented,Thickness_mean,,,,7,7,7,OFAT,13.2775,12.252045631408691
loocv_ref,Augmented|LOCO,,XGBoost,51,LOCO,Augmented,Thickness_mean,,,,8,8,8,OFAT,15.329999999999998,19.236541748046875
loocv_ref,Augmented|LOCO,,XGBoost,51,LOCO,Augmented,Thickness_mean,,,,9,9,9,OFAT,7.855,10.888643264770508
loocv_ref,Augmented|LOCO,,XGBoost,51,LOCO,Augmented,Thickness_mean,,,,10,10,10,OFAT,2.8075,8.447603225708008
loocv_ref,Augmented|LOCO,,XGBoost,51,LOCO,Augmented,Thickness_mean,,,,11,11,11,OFAT,7.7875,8.436566352844238
loocv_ref,Augmented|LOCO,,XGBoost,51,LOCO,Augmented,Thickness_mean,,,,12,12,11,OFAT,9.105,8.436566352844238
loocv_ref,Augmented|LOCO,,XGBoost,51,LOCO,Augmented,Thickness_mean,,,,13,13,12,OFAT,7.734999999999999,8.58471965789795
loocv_ref,Augmented|LOCO,,XGBoost,51,LOCO,Augmented,Thickness_mean,,,,14,14,10,OFAT,6.8225,8.447603225708008
loocv_ref,Augmented|LOCO,,XGBoost,51,LOCO,Augmented,Thickness_mean,,,,15,15,10,OFAT,14.995,8.447603225708008
loocv_ref,Augmented|LOCO,,XGBoost,51,LOCO,Augmented,Thickness_mean,,,,16,16,13,OFAT,14.025,13.204054832458496
loocv_ref,Augmented|LOCO,,XGBoost,51,LOCO,Augmented,Thickness_mean,,,,17,17,10,OFAT,9.0475,8.447603225708008
loocv_ref,Augmented|LOCO,,XGBoost,51,LOCO,Augmented,Thickness_mean,,,,18,18,14,OFAT,22.225,18.012203216552734
loocv_ref,Augmented|LOCO,,XGBoost,51,LOCO,Augmented,Thickness_mean,,,,19,19,14,OFAT,25.935,18.012203216552734
loocv_ref,Augmented|LOCO,,XGBoost,51,LOCO,Augmented,Thickness_mean,,,,20,20,15,OFAT,7.03,5.271944046020508
loocv_ref,Augmented|LOCO,,XGBoost,51,LOCO,Augmented,Thickness_mean,,,,21,21,16,OFAT,13.5325,8.512423515319824
loocv_ref,Augmented|LOCO,,XGBoost,51,LOCO,Augmented,Thickness_mean,,,,22,22,14,OFAT,25.29,18.012203216552734
loocv_ref,Augmented|LOCO,,XGBoost,51,LOCO,Augmented,Thickness_mean,,,,23,23,14,OFAT,21.965,18.012203216552734
loocv_ref,Augmented|LOCO,,XGBoost,51,LOCO,Augmented,Thickness_mean,,,,24,24,14,OFAT,23.082500000000003,18.012203216552734
loocv_ref,Augmented|LOCO,,XGBoost,51,LOCO,Augmented,Thickness_mean,,,,25,25,14,OFAT,21.262500000000003,18.012203216552734
loocv_ref,Augmented|LOCO,,XGBoost,51,LOCO,Augmented,Thickness_mean,,,,26,26,17,OFAT,17.8275,18.568809509277344
loocv_ref,Augmented|LOCO,,XGBoost,51,LOCO,Augmented,Thickness_mean,,,,27,27,17,OFAT,17.345,18.568809509277344
loocv_ref,Augmented|LOCO,,XGBoost,51,LOCO,Augmented,Thickness_mean,,,,28,28,17,OFAT,24.4925,18.568809509277344
loocv_ref,Augmented|LOCO,,XGBoost,51,LOCO,Augmented,Thickness_mean,,,,29,29,17,OFAT,17.695,18.568809509277344
loocv_ref,Augmented|LOCO,,XGBoost,51,LOCO,Augmented,Thickness_mean,,,,30,30,17,OFAT,16.814999999999998,18.568809509277344
loocv_ref,Augmented|LOCO,,XGBoost,51,LOCO,Augmented,Thickness_mean,,,,31,31,18,OFAT,14.9425,13.8549165725708
loocv_ref,Augmented|LOCO,,XGBoost,51,LOCO,Augmented,Thickness_mean,,,,32,32,19,OFAT,9.9625,14.009567260742188
loocv_ref,Augmented|LOCO,,XGBoost,51,LOCO,Augmented,Thickness_mean,,,,33,33,20,OFAT,4.855,6.6479339599609375
loocv_ref,Augmented|LOCO,,XGBoost,51,LOCO,Augmented,Thickness_mean,,,,34,34,21,OFAT,1.2375,2.7354743480682373
loocv_ref,Augmented|LOCO,,XGBoost,51,LOCO,Augmented,Thickness_mean,,,,35,35,22,OFAT,2.0275,1.9142553806304932
loocv_ref,Augmented|LOCO,,XGBoost,51,LOCO,Augmented,Thickness_mean,,,,36,36,23,OFAT,3.535,2.5545654296875
loocv_ref,Augmented|LOCO,,XGBoost,51,LOCO,Augmented,Thickness_mean,,,,37,37,20,OFAT,8.6425,6.6479339599609375
loocv_ref,Augmented|LOCO,,XGBoost,51,LOCO,Augmented,Thickness_mean,,,,38,38,19,OFAT,12.75,14.009567260742188
loocv_ref,Augmented|LOCO,,XGBoost,51,LOCO,Augmented,Thickness_mean,,,,39,39,18,OFAT,16.965,13.8549165725708
loocv_ref,Augmented|LOCO,,XGBoost,51,LOCO,Augmented,Thickness_mean,,,,40,40,19,OFAT,19.6525,14.009567260742188
loocv_ref,Augmented|LOCO,,XGBoost,51,LOCO,Augmented,Thickness_mean,,,,41,41,19,OFAT,9.2675,14.009567260742188
loocv_ref,Augmented|LOCO,,XGBoost,51,LOCO,Augmented,Thickness_mean,,,,42,44,26,DOE,5.285,5.887414932250977
loocv_ref,Augmented|LOCO,,XGBoost,51,LOCO,Augmented,Thickness_mean,,,,43,45,27,DOE,29.6975,25.10563087463379
loocv_ref,Augmented|LOCO,,XGBoost,51,LOCO,Augmented,Thickness_mean,,,,44,43,25,DOE,1.05,4.329486846923828
loocv_ref,Augmented|LOCO,,XGBoost,51,LOCO,Augmented,Thickness_mean,,,,45,46,28,DOE,31.682500000000005,24.37366485595703
loocv_ref,Augmented|LOCO,,XGBoost,51,LOCO,Augmented,Thickness_mean,,,,46,42,24,DOE,1.0625,2.6608636379241943
loocv_ref,Augmented|LOCO,,XGBoost,51,LOCO,Augmented,Thickness_mean,,,,47,49,31,DOE,25.6225,25.820714950561523
loocv_ref,Augmented|LOCO,,XGBoost,51,LOCO,Augmented,Thickness_mean,,,,48,54,36,DOE,4.335,4.342953681945801
loocv_ref,Augmented|LOCO,,XGBoost,51,LOCO,Augmented,Thickness_mean,,,,49,52,34,DOE,22.5,26.106000900268555
loocv_ref,Augmented|LOCO,,XGBoost,51,LOCO,Augmented,Thickness_mean,,,,50,47,29,DOE,1.0525000000000002,5.156649589538574
loocv_ref,Augmented|LOCO,,XGBoost,51,LOCO,Augmented,Thickness_mean,,,,51,51,33,DOE,1.1124999999999998,2.21177077293396
loocv_ref,Augmented|LOCO,,XGBoost,51,LOCO,Augmented,Thickness_mean,,,,52,53,35,DOE,1.285,3.5143632888793945
loocv_ref,Augmented|LOCO,,XGBoost,51,LOCO,Augmented,Thickness_mean,,,,53,56,38,DOE,21.8925,26.73616600036621
loocv_ref,Augmented|LOCO,,XGBoost,51,LOCO,Augmented,Thickness_mean,,,,54,50,32,DOE,25.37,23.282596588134766
loocv_ref,Augmented|LOCO,,XGBoost,51,LOCO,Augmented,Thickness_mean,,,,55,48,30,DOE,26.11,24.67273712158203
loocv_ref,Augmented|LOCO,,XGBoost,51,LOCO,Augmented,Thickness_mean,,,,56,55,37,DOE,11.3,11.771598815917969
loocv_ref,Augmented|LOCO,,GPR,42,LOCO,Augmented,Thickness_mean,,,,0,0,0,OFAT,36.34,18.22070959490676
loocv_ref,Augmented|LOCO,,GPR,42,LOCO,Augmented,Thickness_mean,,,,1,1,1,OFAT,19.9225,27.97244536547132
loocv_ref,Augmented|LOCO,,GPR,42,LOCO,Augmented,Thickness_mean,,,,2,2,2,OFAT,25.6625,24.900735894430227
loocv_ref,Augmented|LOCO,,GPR,42,LOCO,Augmented,Thickness_mean,,,,3,3,3,OFAT,20.2075,17.72874234413884
loocv_ref,Augmented|LOCO,,GPR,42,LOCO,Augmented,Thickness_mean,,,,4,4,4,OFAT,15.345,16.84188428442098
loocv_ref,Augmented|LOCO,,GPR,42,LOCO,Augmented,Thickness_mean,,,,5,5,5,OFAT,14.265,16.04595323034137
loocv_ref,Augmented|LOCO,,GPR,42,LOCO,Augmented,Thickness_mean,,,,6,6,6,OFAT,12.9225,16.577546322243208
loocv_ref,Augmented|LOCO,,GPR,42,LOCO,Augmented,Thickness_mean,,,,7,7,7,OFAT,13.2775,16.42755529315363
loocv_ref,Augmented|LOCO,,GPR,42,LOCO,Augmented,Thickness_mean,,,,8,8,8,OFAT,15.329999999999998,18.803713154015476
loocv_ref,Augmented|LOCO,,GPR,42,LOCO,Augmented,Thickness_mean,,,,9,9,9,OFAT,7.855,12.236537979998863
loocv_ref,Augmented|LOCO,,GPR,42,LOCO,Augmented,Thickness_mean,,,,10,10,10,OFAT,2.8075,10.618258050840264
loocv_ref,Augmented|LOCO,,GPR,42,LOCO,Augmented,Thickness_mean,,,,11,11,11,OFAT,7.7875,11.011153299181627
loocv_ref,Augmented|LOCO,,GPR,42,LOCO,Augmented,Thickness_mean,,,,12,12,11,OFAT,9.105,11.011153299181627
loocv_ref,Augmented|LOCO,,GPR,42,LOCO,Augmented,Thickness_mean,,,,13,13,12,OFAT,7.734999999999999,9.216359652553543
loocv_ref,Augmented|LOCO,,GPR,42,LOCO,Augmented,Thickness_mean,,,,14,14,10,OFAT,6.8225,10.618258050840264
loocv_ref,Augmented|LOCO,,GPR,42,LOCO,Augmented,Thickness_mean,,,,15,15,10,OFAT,14.995,10.618258050840264
loocv_ref,Augmented|LOCO,,GPR,42,LOCO,Augmented,Thickness_mean,,,,16,16,13,OFAT,14.025,10.555609940206015
loocv_ref,Augmented|LOCO,,GPR,42,LOCO,Augmented,Thickness_mean,,,,17,17,10,OFAT,9.0475,10.618258050840264
loocv_ref,Augmented|LOCO,,GPR,42,LOCO,Augmented,Thickness_mean,,,,18,18,14,OFAT,22.225,19.98885456722988
loocv_ref,Augmented|LOCO,,GPR,42,LOCO,Augmented,Thickness_mean,,,,19,19,14,OFAT,25.935,19.98885456722988
loocv_ref,Augmented|LOCO,,GPR,42,LOCO,Augmented,Thickness_mean,,,,20,20,15,OFAT,7.03,5.798321400363143
loocv_ref,Augmented|LOCO,,GPR,42,LOCO,Augmented,Thickness_mean,,,,21,21,16,OFAT,13.5325,10.190548283466315
loocv_ref,Augmented|LOCO,,GPR,42,LOCO,Augmented,Thickness_mean,,,,22,22,14,OFAT,25.29,19.98885456722988
loocv_ref,Augmented|LOCO,,GPR,42,LOCO,Augmented,Thickness_mean,,,,23,23,14,OFAT,21.965,19.98885456722988
loocv_ref,Augmented|LOCO,,GPR,42,LOCO,Augmented,Thickness_mean,,,,24,24,14,OFAT,23.082500000000003,19.988854567229907
loocv_ref,Augmented|LOCO,,GPR,42,LOCO,Augmented,Thickness_mean,,,,25,25,14,OFAT,21.262500000000003,19.988854567229907
loocv_ref,Augmented|LOCO,,GPR,42,LOCO,Augmented,Thickness_mean,,,,26,26,17,OFAT,17.8275,17.60258387187406
loocv_ref,Augmented|LOCO,,GPR,42,LOCO,Augmented,Thickness_mean,,,,27,27,17,OFAT,17.345,17.60258387187406
loocv_ref,Augmented|LOCO,,GPR,42,LOCO,Augmented,Thickness_mean,,,,28,28,17,OFAT,24.4925,17.60258387187406
loocv_ref,Augmented|LOCO,,GPR,42,LOCO,Augmented,Thickness_mean,,,,29,29,17,OFAT,17.695,17.60258387187406
loocv_ref,Augmented|LOCO,,GPR,42,LOCO,Augmented,Thickness_mean,,,,30,30,17,OFAT,16.814999999999998,17.60258387187405
loocv_ref,Augmented|LOCO,,GPR,42,LOCO,Augmented,Thickness_mean,,,,31,31,18,OFAT,14.9425,18.276512142632473
loocv_ref,Augmented|LOCO,,GPR,42,LOCO,Augmented,Thickness_mean,,,,32,32,19,OFAT,9.9625,11.153733353763268
loocv_ref,Augmented|LOCO,,GPR,42,LOCO,Augmented,Thickness_mean,,,,33,33,20,OFAT,4.855,5.933127602890911
loocv_ref,Augmented|LOCO,,GPR,42,LOCO,Augmented,Thickness_mean,,,,34,34,21,OFAT,1.2375,3.3429676983942027
loocv_ref,Augmented|LOCO,,GPR,42,LOCO,Augmented,Thickness_mean,,,,35,35,22,OFAT,2.0275,3.443699311720973
loocv_ref,Augmented|LOCO,,GPR,42,LOCO,Augmented,Thickness_mean,,,,36,36,23,OFAT,3.535,4.458673594202464
loocv_ref,Augmented|LOCO,,GPR,42,LOCO,Augmented,Thickness_mean,,,,37,37,20,OFAT,8.6425,5.933127602890911
loocv_ref,Augmented|LOCO,,GPR,42,LOCO,Augmented,Thickness_mean,,,,38,38,19,OFAT,12.75,11.153733353763268
loocv_ref,Augmented|LOCO,,GPR,42,LOCO,Augmented,Thickness_mean,,,,39,39,18,OFAT,16.965,18.276512142632473
loocv_ref,Augmented|LOCO,,GPR,42,LOCO,Augmented,Thickness_mean,,,,40,40,19,OFAT,19.6525,11.153733353763268
loocv_ref,Augmented|LOCO,,GPR,42,LOCO,Augmented,Thickness_mean,,,,41,41,19,OFAT,9.2675,11.153733353763268
loocv_ref,Augmented|LOCO,,GPR,42,LOCO,Augmented,Thickness_mean,,,,42,44,26,DOE,5.285,4.120375813414846
loocv_ref,Augmented|LOCO,,GPR,42,LOCO,Augmented,Thickness_mean,,,,43,45,27,DOE,29.6975,24.89116228805718
loocv_ref,Augmented|LOCO,,GPR,42,LOCO,Augmented,Thickness_mean,,,,44,43,25,DOE,1.05,1.220559967747466
loocv_ref,Augmented|LOCO,,GPR,42,LOCO,Augmented,Thickness_mean,,,,45,46,28,DOE,31.682500000000005,23.089931183339253
loocv_ref,Augmented|LOCO,,GPR,42,LOCO,Augmented,Thickness_mean,,,,46,42,24,DOE,1.0625,0.821543731884903
loocv_ref,Augmented|LOCO,,GPR,42,LOCO,Augmented,Thickness_mean,,,,47,49,31,DOE,25.6225,26.360543780124438
loocv_ref,Augmented|LOCO,,GPR,42,LOCO,Augmented,Thickness_mean,,,,48,54,36,DOE,4.335,5.43194072060442
loocv_ref,Augmented|LOCO,,GPR,42,LOCO,Augmented,Thickness_mean,,,,49,52,34,DOE,22.5,30.05745222326658
loocv_ref,Augmented|LOCO,,GPR,42,LOCO,Augmented,Thickness_mean,,,,50,47,29,DOE,1.0525000000000002,1.510670354621361
loocv_ref,Augmented|LOCO,,GPR,42,LOCO,Augmented,Thickness_mean,,,,51,51,33,DOE,1.1124999999999998,0.5256063851917041
loocv_ref,Augmented|LOCO,,GPR,42,LOCO,Augmented,Thickness_mean,,,,52,53,35,DOE,1.285,1.711277562302664
loocv_ref,Augmented|LOCO,,GPR,42,LOCO,Augmented,Thickness_mean,,,,53,56,38,DOE,21.8925,27.601461809598966
loocv_ref,Augmented|LOCO,,GPR,42,LOCO,Augmented,Thickness_mean,,,,54,50,32,DOE,25.37,25.85403665354427
loocv_ref,Augmented|LOCO,,GPR,42,LOCO,Augmented,Thickness_mean,,,,55,48,30,DOE,26.11,27.61242879642976
loocv_ref,Augmented|LOCO,,GPR,42,LOCO,Augmented,Thickness_mean,,,,56,55,37,DOE,11.3,13.764383198257676
loocv_ref,Augmented|LOCO,,GPR,43,LOCO,Augmented,Thickness_mean,,,,0,0,0,OFAT,36.34,18.220718040184885
loocv_ref,Augmented|LOCO,,GPR,43,LOCO,Augmented,Thickness_mean,,,,1,1,1,OFAT,19.9225,27.972440182544346
loocv_ref,Augmented|LOCO,,GPR,43,LOCO,Augmented,Thickness_mean,,,,2,2,2,OFAT,25.6625,24.900730923706668
loocv_ref,Augmented|LOCO,,GPR,43,LOCO,Augmented,Thickness_mean,,,,3,3,3,OFAT,20.2075,17.728743832420403
loocv_ref,Augmented|LOCO,,GPR,43,LOCO,Augmented,Thickness_mean,,,,4,4,4,OFAT,15.345,16.841884750991838
loocv_ref,Augmented|LOCO,,GPR,43,LOCO,Augmented,Thickness_mean,,,,5,5,5,OFAT,14.265,16.045954735571783
loocv_ref,Augmented|LOCO,,GPR,43,LOCO,Augmented,Thickness_mean,,,,6,6,6,OFAT,12.9225,16.57753120573333
loocv_ref,Augmented|LOCO,,GPR,43,LOCO,Augmented,Thickness_mean,,,,7,7,7,OFAT,13.2775,16.427539200015364
loocv_ref,Augmented|LOCO,,GPR,43,LOCO,Augmented,Thickness_mean,,,,8,8,8,OFAT,15.329999999999998,18.803711877054543
loocv_ref,Augmented|LOCO,,GPR,43,LOCO,Augmented,Thickness_mean,,,,9,9,9,OFAT,7.855,12.23653553290737
loocv_ref,Augmented|LOCO,,GPR,43,LOCO,Augmented,Thickness_mean,,,,10,10,10,OFAT,2.8075,10.618255236152121
loocv_ref,Augmented|LOCO,,GPR,43,LOCO,Augmented,Thickness_mean,,,,11,11,11,OFAT,7.7875,11.011154671310399
loocv_ref,Augmented|LOCO,,GPR,43,LOCO,Augmented,Thickness_mean,,,,12,12,11,OFAT,9.105,11.011154671310399
loocv_ref,Augmented|LOCO,,GPR,43,LOCO,Augmented,Thickness_mean,,,,13,13,12,OFAT,7.734999999999999,9.21636303734856
loocv_ref,Augmented|LOCO,,GPR,43,LOCO,Augmented,Thickness_mean,,,,14,14,10,OFAT,6.8225,10.618255236152121
loocv_ref,Augmented|LOCO,,GPR,43,LOCO,Augmented,Thickness_mean,,,,15,15,10,OFAT,14.995,10.618255236152121
loocv_ref,Augmented|LOCO,,GPR,43,LOCO,Augmented,Thickness_mean,,,,16,16,13,OFAT,14.025,10.555610963915525
loocv_ref,Augmented|LOCO,,GPR,43,LOCO,Augmented,Thickness_mean,,,,17,17,10,OFAT,9.0475,10.618255236152121
loocv_ref,Augmented|LOCO,,GPR,43,LOCO,Augmented,Thickness_mean,,,,18,18,14,OFAT,22.225,19.988850584361185
loocv_ref,Augmented|LOCO,,GPR,43,LOCO,Augmented,Thickness_mean,,,,19,19,14,OFAT,25.935,19.988850584361185
loocv_ref,Augmented|LOCO,,GPR,43,LOCO,Augmented,Thickness_mean,,,,20,20,15,OFAT,7.03,5.798321140248204
loocv_ref,Augmented|LOCO,,GPR,43,LOCO,Augmented,Thickness_mean,,,,21,21,16,OFAT,13.5325,10.190546286235147
loocv_ref,Augmented|LOCO,,GPR,43,LOCO,Augmented,Thickness_mean,,,,22,22,14,OFAT,25.29,19.988850584361185
loocv_ref,Augmented|LOCO,,GPR,43,LOCO,Augmented,Thickness_mean,,,,23,23,14,OFAT,21.965,19.988850584361185
loocv_ref,Augmented|LOCO,,GPR,43,LOCO,Augmented,Thickness_mean,,,,24,24,14,OFAT,23.082500000000003,19.98885058436117
loocv_ref,Augmented|LOCO,,GPR,43,LOCO,Augmented,Thickness_mean,,,,25,25,14,OFAT,21.262500000000003,19.98885058436117
loocv_ref,Augmented|LOCO,,GPR,43,LOCO,Augmented,Thickness_mean,,,,26,26,17,OFAT,17.8275,17.60258348788853
loocv_ref,Augmented|LOCO,,GPR,43,LOCO,Augmented,Thickness_mean,,,,27,27,17,OFAT,17.345,17.60258348788853
loocv_ref,Augmented|LOCO,,GPR,43,LOCO,Augmented,Thickness_mean,,,,28,28,17,OFAT,24.4925,17.60258348788853
loocv_ref,Augmented|LOCO,,GPR,43,LOCO,Augmented,Thickness_mean,,,,29,29,17,OFAT,17.695,17.60258348788853
loocv_ref,Augmented|LOCO,,GPR,43,LOCO,Augmented,Thickness_mean,,,,30,30,17,OFAT,16.814999999999998,17.602583487888545
loocv_ref,Augmented|LOCO,,GPR,43,LOCO,Augmented,Thickness_mean,,,,31,31,18,OFAT,14.9425,18.276510333295647
loocv_ref,Augmented|LOCO,,GPR,43,LOCO,Augmented,Thickness_mean,,,,32,32,19,OFAT,9.9625,11.153734565504566
loocv_ref,Augmented|LOCO,,GPR,43,LOCO,Augmented,Thickness_mean,,,,33,33,20,OFAT,4.855,5.9331279234593755
loocv_ref,Augmented|LOCO,,GPR,43,LOCO,Augmented,Thickness_mean,,,,34,34,21,OFAT,1.2375,3.342973221065769
loocv_ref,Augmented|LOCO,,GPR,43,LOCO,Augmented,Thickness_mean,,,,35,35,22,OFAT,2.0275,3.443691948587615
loocv_ref,Augmented|LOCO,,GPR,43,LOCO,Augmented,Thickness_mean,,,,36,36,23,OFAT,3.535,4.458675350230047
loocv_ref,Augmented|LOCO,,GPR,43,LOCO,Augmented,Thickness_mean,,,,37,37,20,OFAT,8.6425,5.9331279234593755
loocv_ref,Augmented|LOCO,,GPR,43,LOCO,Augmented,Thickness_mean,,,,38,38,19,OFAT,12.75,11.153734565504566
loocv_ref,Augmented|LOCO,,GPR,43,LOCO,Augmented,Thickness_mean,,,,39,39,18,OFAT,16.965,18.276510333295647
loocv_ref,Augmented|LOCO,,GPR,43,LOCO,Augmented,Thickness_mean,,,,40,40,19,OFAT,19.6525,11.153734565504566
loocv_ref,Augmented|LOCO,,GPR,43,LOCO,Augmented,Thickness_mean,,,,41,41,19,OFAT,9.2675,11.153734565504566
loocv_ref,Augmented|LOCO,,GPR,43,LOCO,Augmented,Thickness_mean,,,,42,44,26,DOE,5.285,4.120376592677907
loocv_ref,Augmented|LOCO,,GPR,43,LOCO,Augmented,Thickness_mean,,,,43,45,27,DOE,29.6975,24.891161700286457
loocv_ref,Augmented|LOCO,,GPR,43,LOCO,Augmented,Thickness_mean,,,,44,43,25,DOE,1.05,1.2205605347759771
loocv_ref,Augmented|LOCO,,GPR,43,LOCO,Augmented,Thickness_mean,,,,45,46,28,DOE,31.682500000000005,23.08992732988404
loocv_ref,Augmented|LOCO,,GPR,43,LOCO,Augmented,Thickness_mean,,,,46,42,24,DOE,1.0625,0.821545290555429
loocv_ref,Augmented|LOCO,,GPR,43,LOCO,Augmented,Thickness_mean,,,,47,49,31,DOE,25.6225,26.360548460286537
loocv_ref,Augmented|LOCO,,GPR,43,LOCO,Augmented,Thickness_mean,,,,48,54,36,DOE,4.335,5.43194343200725
loocv_ref,Augmented|LOCO,,GPR,43,LOCO,Augmented,Thickness_mean,,,,49,52,34,DOE,22.5,30.057446918257984
loocv_ref,Augmented|LOCO,,GPR,43,LOCO,Augmented,Thickness_mean,,,,50,47,29,DOE,1.0525000000000002,1.5106702326119361
loocv_ref,Augmented|LOCO,,GPR,43,LOCO,Augmented,Thickness_mean,,,,51,51,33,DOE,1.1124999999999998,0.5256048826593283
loocv_ref,Augmented|LOCO,,GPR,43,LOCO,Augmented,Thickness_mean,,,,52,53,35,DOE,1.285,1.711276629873371
loocv_ref,Augmented|LOCO,,GPR,43,LOCO,Augmented,Thickness_mean,,,,53,56,38,DOE,21.8925,27.601461667921814
loocv_ref,Augmented|LOCO,,GPR,43,LOCO,Augmented,Thickness_mean,,,,54,50,32,DOE,25.37,25.854036409253276
loocv_ref,Augmented|LOCO,,GPR,43,LOCO,Augmented,Thickness_mean,,,,55,48,30,DOE,26.11,27.612433088282216
loocv_ref,Augmented|LOCO,,GPR,43,LOCO,Augmented,Thickness_mean,,,,56,55,37,DOE,11.3,13.764384601017776
loocv_ref,Augmented|LOCO,,GPR,44,LOCO,Augmented,Thickness_mean,,,,0,0,0,OFAT,36.34,18.220710067052735
loocv_ref,Augmented|LOCO,,GPR,44,LOCO,Augmented,Thickness_mean,,,,1,1,1,OFAT,19.9225,27.972444239325835
loocv_ref,Augmented|LOCO,,GPR,44,LOCO,Augmented,Thickness_mean,,,,2,2,2,OFAT,25.6625,24.900734164020612
loocv_ref,Augmented|LOCO,,GPR,44,LOCO,Augmented,Thickness_mean,,,,3,3,3,OFAT,20.2075,17.728738350525422
loocv_ref,Augmented|LOCO,,GPR,44,LOCO,Augmented,Thickness_mean,,,,4,4,4,OFAT,15.345,16.84188481637561
loocv_ref,Augmented|LOCO,,GPR,44,LOCO,Augmented,Thickness_mean,,,,5,5,5,OFAT,14.265,16.045955456816323
loocv_ref,Augmented|LOCO,,GPR,44,LOCO,Augmented,Thickness_mean,,,,6,6,6,OFAT,12.9225,16.57754516186902
loocv_ref,Augmented|LOCO,,GPR,44,LOCO,Augmented,Thickness_mean,,,,7,7,7,OFAT,13.2775,16.427539887139922
loocv_ref,Augmented|LOCO,,GPR,44,LOCO,Augmented,Thickness_mean,,,,8,8,8,OFAT,15.329999999999998,18.80371139183523
loocv_ref,Augmented|LOCO,,GPR,44,LOCO,Augmented,Thickness_mean,,,,9,9,9,OFAT,7.855,12.236539788304977
loocv_ref,Augmented|LOCO,,GPR,44,LOCO,Augmented,Thickness_mean,,,,10,10,10,OFAT,2.8075,10.61825478183924
loocv_ref,Augmented|LOCO,,GPR,44,LOCO,Augmented,Thickness_mean,,,,11,11,11,OFAT,7.7875,11.011153826022387
loocv_ref,Augmented|LOCO,,GPR,44,LOCO,Augmented,Thickness_mean,,,,12,12,11,OFAT,9.105,11.011153826022387
loocv_ref,Augmented|LOCO,,GPR,44,LOCO,Augmented,Thickness_mean,,,,13,13,12,OFAT,7.734999999999999,9.216361176570125
loocv_ref,Augmented|LOCO,,GPR,44,LOCO,Augmented,Thickness_mean,,,,14,14,10,OFAT,6.8225,10.61825478183924
loocv_ref,Augmented|LOCO,,GPR,44,LOCO,Augmented,Thickness_mean,,,,15,15,10,OFAT,14.995,10.61825478183924
loocv_ref,Augmented|LOCO,,GPR,44,LOCO,Augmented,Thickness_mean,,,,16,16,13,OFAT,14.025,10.55561033725974
loocv_ref,Augmented|LOCO,,GPR,44,LOCO,Augmented,Thickness_mean,,,,17,17,10,OFAT,9.0475,10.61825478183924
loocv_ref,Augmented|LOCO,,GPR,44,LOCO,Augmented,Thickness_mean,,,,18,18,14,OFAT,22.225,19.98885360975014
loocv_ref,Augmented|LOCO,,GPR,44,LOCO,Augmented,Thickness_mean,,,,19,19,14,OFAT,25.935,19.98885360975014
loocv_ref,Augmented|LOCO,,GPR,44,LOCO,Augmented,Thickness_mean,,,,20,20,15,OFAT,7.03,5.798321549123772
loocv_ref,Augmented|LOCO,,GPR,44,LOCO,Augmented,Thickness_mean,,,,21,21,16,OFAT,13.5325,10.190545895290143
loocv_ref,Augmented|LOCO,,GPR,44,LOCO,Augmented,Thickness_mean,,,,22,22,14,OFAT,25.29,19.98885360975014
loocv_ref,Augmented|LOCO,,GPR,44,LOCO,Augmented,Thickness_mean,,,,23,23,14,OFAT,21.965,19.98885360975014
loocv_ref,Augmented|LOCO,,GPR,44,LOCO,Augmented,Thickness_mean,,,,24,24,14,OFAT,23.082500000000003,19.988853609750116
loocv_ref,Augmented|LOCO,,GPR,44,LOCO,Augmented,Thickness_mean,,,,25,25,14,OFAT,21.262500000000003,19.988853609750116
loocv_ref,Augmented|LOCO,,GPR,44,LOCO,Augmented,Thickness_mean,,,,26,26,17,OFAT,17.8275,17.602581907316434
loocv_ref,Augmented|LOCO,,GPR,44,LOCO,Augmented,Thickness_mean,,,,27,27,17,OFAT,17.345,17.602581907316434
loocv_ref,Augmented|LOCO,,GPR,44,LOCO,Augmented,Thickness_mean,,,,28,28,17,OFAT,24.4925,17.602581907316434
loocv_ref,Augmented|LOCO,,GPR,44,LOCO,Augmented,Thickness_mean,,,,29,29,17,OFAT,17.695,17.602581907316434
loocv_ref,Augmented|LOCO,,GPR,44,LOCO,Augmented,Thickness_mean,,,,30,30,17,OFAT,16.814999999999998,17.602581907316427
loocv_ref,Augmented|LOCO,,GPR,44,LOCO,Augmented,Thickness_mean,,,,31,31,18,OFAT,14.9425,18.276511959507964
loocv_ref,Augmented|LOCO,,GPR,44,LOCO,Augmented,Thickness_mean,,,,32,32,19,OFAT,9.9625,11.153734594330038
loocv_ref,Augmented|LOCO,,GPR,44,LOCO,Augmented,Thickness_mean,,,,33,33,20,OFAT,4.855,5.933127541571045
loocv_ref,Augmented|LOCO,,GPR,44,LOCO,Augmented,Thickness_mean,,,,34,34,21,OFAT,1.2375,3.342968209207779
loocv_ref,Augmented|LOCO,,GPR,44,LOCO,Augmented,Thickness_mean,,,,35,35,22,OFAT,2.0275,3.443701671857445
loocv_ref,Augmented|LOCO,,GPR,44,LOCO,Augmented,Thickness_mean,,,,36,36,23,OFAT,3.535,4.458674296680803
loocv_ref,Augmented|LOCO,,GPR,44,LOCO,Augmented,Thickness_mean,,,,37,37,20,OFAT,8.6425,5.933127541571045
loocv_ref,Augmented|LOCO,,GPR,44,LOCO,Augmented,Thickness_mean,,,,38,38,19,OFAT,12.75,11.153734594330038
loocv_ref,Augmented|LOCO,,GPR,44,LOCO,Augmented,Thickness_mean,,,,39,39,18,OFAT,16.965,18.276511959507964
loocv_ref,Augmented|LOCO,,GPR,44,LOCO,Augmented,Thickness_mean,,,,40,40,19,OFAT,19.6525,11.153734594330038
loocv_ref,Augmented|LOCO,,GPR,44,LOCO,Augmented,Thickness_mean,,,,41,41,19,OFAT,9.2675,11.153734594330038
loocv_ref,Augmented|LOCO,,GPR,44,LOCO,Augmented,Thickness_mean,,,,42,44,26,DOE,5.285,4.120368571474232
loocv_ref,Augmented|LOCO,,GPR,44,LOCO,Augmented,Thickness_mean,,,,43,45,27,DOE,29.6975,24.891163014323624
loocv_ref,Augmented|LOCO,,GPR,44,LOCO,Augmented,Thickness_mean,,,,44,43,25,DOE,1.05,1.2205607831572767
loocv_ref,Augmented|LOCO,,GPR,44,LOCO,Augmented,Thickness_mean,,,,45,46,28,DOE,31.682500000000005,23.089931941040682
loocv_ref,Augmented|LOCO,,GPR,44,LOCO,Augmented,Thickness_mean,,,,46,42,24,DOE,1.0625,0.8215526015863279
loocv_ref,Augmented|LOCO,,GPR,44,LOCO,Augmented,Thickness_mean,,,,47,49,31,DOE,25.6225,26.360556157170684
loocv_ref,Augmented|LOCO,,GPR,44,LOCO,Augmented,Thickness_mean,,,,48,54,36,DOE,4.335,5.431941688425809
loocv_ref,Augmented|LOCO,,GPR,44,LOCO,Augmented,Thickness_mean,,,,49,52,34,DOE,22.5,30.05745226341363
loocv_ref,Augmented|LOCO,,GPR,44,LOCO,Augmented,Thickness_mean,,,,50,47,29,DOE,1.0525000000000002,1.5106726884850854
loocv_ref,Augmented|LOCO,,GPR,44,LOCO,Augmented,Thickness_mean,,,,51,51,33,DOE,1.1124999999999998,0.5256004179004918
loocv_ref,Augmented|LOCO,,GPR,44,LOCO,Augmented,Thickness_mean,,,,52,53,35,DOE,1.285,1.7112747204555756
loocv_ref,Augmented|LOCO,,GPR,44,LOCO,Augmented,Thickness_mean,,,,53,56,38,DOE,21.8925,27.60146247569547
loocv_ref,Augmented|LOCO,,GPR,44,LOCO,Augmented,Thickness_mean,,,,54,50,32,DOE,25.37,25.85403734992586
loocv_ref,Augmented|LOCO,,GPR,44,LOCO,Augmented,Thickness_mean,,,,55,48,30,DOE,26.11,27.612430570911002
loocv_ref,Augmented|LOCO,,GPR,44,LOCO,Augmented,Thickness_mean,,,,56,55,37,DOE,11.3,13.764384063729358
loocv_ref,Augmented|LOCO,,GPR,45,LOCO,Augmented,Thickness_mean,,,,0,0,0,OFAT,36.34,18.220715626870135
loocv_ref,Augmented|LOCO,,GPR,45,LOCO,Augmented,Thickness_mean,,,,1,1,1,OFAT,19.9225,27.972450790567265
loocv_ref,Augmented|LOCO,,GPR,45,LOCO,Augmented,Thickness_mean,,,,2,2,2,OFAT,25.6625,24.900733703649315
loocv_ref,Augmented|LOCO,,GPR,45,LOCO,Augmented,Thickness_mean,,,,3,3,3,OFAT,20.2075,17.72874329327715
loocv_ref,Augmented|LOCO,,GPR,45,LOCO,Augmented,Thickness_mean,,,,4,4,4,OFAT,15.345,16.84189024679971
loocv_ref,Augmented|LOCO,,GPR,45,LOCO,Augmented,Thickness_mean,,,,5,5,5,OFAT,14.265,16.0459492631047
loocv_ref,Augmented|LOCO,,GPR,45,LOCO,Augmented,Thickness_mean,,,,6,6,6,OFAT,12.9225,16.57752553670477
loocv_ref,Augmented|LOCO,,GPR,45,LOCO,Augmented,Thickness_mean,,,,7,7,7,OFAT,13.2775,16.427540667982875
loocv_ref,Augmented|LOCO,,GPR,45,LOCO,Augmented,Thickness_mean,,,,8,8,8,OFAT,15.329999999999998,18.803713701660534
loocv_ref,Augmented|LOCO,,GPR,45,LOCO,Augmented,Thickness_mean,,,,9,9,9,OFAT,7.855,12.236538315658077
loocv_ref,Augmented|LOCO,,GPR,45,LOCO,Augmented,Thickness_mean,,,,10,10,10,OFAT,2.8075,10.618253693576566
loocv_ref,Augmented|LOCO,,GPR,45,LOCO,Augmented,Thickness_mean,,,,11,11,11,OFAT,7.7875,11.011154085339205
loocv_ref,Augmented|LOCO,,GPR,45,LOCO,Augmented,Thickness_mean,,,,12,12,11,OFAT,9.105,11.011154085339205
loocv_ref,Augmented|LOCO,,GPR,45,LOCO,Augmented,Thickness_mean,,,,13,13,12,OFAT,7.734999999999999,9.21636016972204
loocv_ref,Augmented|LOCO,,GPR,45,LOCO,Augmented,Thickness_mean,,,,14,14,10,OFAT,6.8225,10.618253693576566
loocv_ref,Augmented|LOCO,,GPR,45,LOCO,Augmented,Thickness_mean,,,,15,15,10,OFAT,14.995,10.618253693576566
loocv_ref,Augmented|LOCO,,GPR,45,LOCO,Augmented,Thickness_mean,,,,16,16,13,OFAT,14.025,10.555610041035788
loocv_ref,Augmented|LOCO,,GPR,45,LOCO,Augmented,Thickness_mean,,,,17,17,10,OFAT,9.0475,10.618253693576566
loocv_ref,Augmented|LOCO,,GPR,45,LOCO,Augmented,Thickness_mean,,,,18,18,14,OFAT,22.225,19.98885477201035
loocv_ref,Augmented|LOCO,,GPR,45,LOCO,Augmented,Thickness_mean,,,,19,19,14,OFAT,25.935,19.98885477201035
loocv_ref,Augmented|LOCO,,GPR,45,LOCO,Augmented,Thickness_mean,,,,20,20,15,OFAT,7.03,5.798321317616196
loocv_ref,Augmented|LOCO,,GPR,45,LOCO,Augmented,Thickness_mean,,,,21,21,16,OFAT,13.5325,10.190546164482386
loocv_ref,Augmented|LOCO,,GPR,45,LOCO,Augmented,Thickness_mean,,,,22,22,14,OFAT,25.29,19.98885477201035
loocv_ref,Augmented|LOCO,,GPR,45,LOCO,Augmented,Thickness_mean,,,,23,23,14,OFAT,21.965,19.98885477201035
loocv_ref,Augmented|LOCO,,GPR,45,LOCO,Augmented,Thickness_mean,,,,24,24,14,OFAT,23.082500000000003,19.98885477201037
loocv_ref,Augmented|LOCO,,GPR,45,LOCO,Augmented,Thickness_mean,,,,25,25,14,OFAT,21.262500000000003,19.98885477201037
loocv_ref,Augmented|LOCO,,GPR,45,LOCO,Augmented,Thickness_mean,,,,26,26,17,OFAT,17.8275,17.602587830856493
loocv_ref,Augmented|LOCO,,GPR,45,LOCO,Augmented,Thickness_mean,,,,27,27,17,OFAT,17.345,17.602587830856493
loocv_ref,Augmented|LOCO,,GPR,45,LOCO,Augmented,Thickness_mean,,,,28,28,17,OFAT,24.4925,17.602587830856493
loocv_ref,Augmented|LOCO,,GPR,45,LOCO,Augmented,Thickness_mean,,,,29,29,17,OFAT,17.695,17.602587830856493
loocv_ref,Augmented|LOCO,,GPR,45,LOCO,Augmented,Thickness_mean,,,,30,30,17,OFAT,16.814999999999998,17.602587830856493
loocv_ref,Augmented|LOCO,,GPR,45,LOCO,Augmented,Thickness_mean,,,,31,31,18,OFAT,14.9425,18.27651374799401
loocv_ref,Augmented|LOCO,,GPR,45,LOCO,Augmented,Thickness_mean,,,,32,32,19,OFAT,9.9625,11.153734341553589
loocv_ref,Augmented|LOCO,,GPR,45,LOCO,Augmented,Thickness_mean,,,,33,33,20,OFAT,4.855,5.933127499621106
loocv_ref,Augmented|LOCO,,GPR,45,LOCO,Augmented,Thickness_mean,,,,34,34,21,OFAT,1.2375,3.3429697910871052
loocv_ref,Augmented|LOCO,,GPR,45,LOCO,Augmented,Thickness_mean,,,,35,35,22,OFAT,2.0275,3.4436993932234223
loocv_ref,Augmented|LOCO,,GPR,45,LOCO,Augmented,Thickness_mean,,,,36,36,23,OFAT,3.535,4.458674733962738
loocv_ref,Augmented|LOCO,,GPR,45,LOCO,Augmented,Thickness_mean,,,,37,37,20,OFAT,8.6425,5.933127499621106
loocv_ref,Augmented|LOCO,,GPR,45,LOCO,Augmented,Thickness_mean,,,,38,38,19,OFAT,12.75,11.153734341553589
loocv_ref,Augmented|LOCO,,GPR,45,LOCO,Augmented,Thickness_mean,,,,39,39,18,OFAT,16.965,18.27651374799401
loocv_ref,Augmented|LOCO,,GPR,45,LOCO,Augmented,Thickness_mean,,,,40,40,19,OFAT,19.6525,11.153734341553589
loocv_ref,Augmented|LOCO,,GPR,45,LOCO,Augmented,Thickness_mean,,,,41,41,19,OFAT,9.2675,11.153734341553589
loocv_ref,Augmented|LOCO,,GPR,45,LOCO,Augmented,Thickness_mean,,,,42,44,26,DOE,5.285,4.120376417234121
loocv_ref,Augmented|LOCO,,GPR,45,LOCO,Augmented,Thickness_mean,,,,43,45,27,DOE,29.6975,24.89116228805718
loocv_ref,Augmented|LOCO,,GPR,45,LOCO,Augmented,Thickness_mean,,,,44,43,25,DOE,1.05,1.2205604205859757
loocv_ref,Augmented|LOCO,,GPR,45,LOCO,Augmented,Thickness_mean,,,,45,46,28,DOE,31.682500000000005,23.08993093646245
loocv_ref,Augmented|LOCO,,GPR,45,LOCO,Augmented,Thickness_mean,,,,46,42,24,DOE,1.0625,0.821547740696861
loocv_ref,Augmented|LOCO,,GPR,45,LOCO,Augmented,Thickness_mean,,,,47,49,31,DOE,25.6225,26.360548912361175
loocv_ref,Augmented|LOCO,,GPR,45,LOCO,Augmented,Thickness_mean,,,,48,54,36,DOE,4.335,5.431942709618575
loocv_ref,Augmented|LOCO,,GPR,45,LOCO,Augmented,Thickness_mean,,,,49,52,34,DOE,22.5,30.05745254429754
loocv_ref,Augmented|LOCO,,GPR,45,LOCO,Augmented,Thickness_mean,,,,50,47,29,DOE,1.0525000000000002,1.51067140411687
loocv_ref,Augmented|LOCO,,GPR,45,LOCO,Augmented,Thickness_mean,,,,51,51,33,DOE,1.1124999999999998,0.5256035533508427
loocv_ref,Augmented|LOCO,,GPR,45,LOCO,Augmented,Thickness_mean,,,,52,53,35,DOE,1.285,1.711277131409421
loocv_ref,Augmented|LOCO,,GPR,45,LOCO,Augmented,Thickness_mean,,,,53,56,38,DOE,21.8925,27.60146273554102
loocv_ref,Augmented|LOCO,,GPR,45,LOCO,Augmented,Thickness_mean,,,,54,50,32,DOE,25.37,25.854036037567262
loocv_ref,Augmented|LOCO,,GPR,45,LOCO,Augmented,Thickness_mean,,,,55,48,30,DOE,26.11,27.612431170821196
loocv_ref,Augmented|LOCO,,GPR,45,LOCO,Augmented,Thickness_mean,,,,56,55,37,DOE,11.3,13.764384776729667
loocv_ref,Augmented|LOCO,,GPR,46,LOCO,Augmented,Thickness_mean,,,,0,0,0,OFAT,36.34,18.220716712519447
loocv_ref,Augmented|LOCO,,GPR,46,LOCO,Augmented,Thickness_mean,,,,1,1,1,OFAT,19.9225,27.972443629293394
loocv_ref,Augmented|LOCO,,GPR,46,LOCO,Augmented,Thickness_mean,,,,2,2,2,OFAT,25.6625,24.90073110565256
loocv_ref,Augmented|LOCO,,GPR,46,LOCO,Augmented,Thickness_mean,,,,3,3,3,OFAT,20.2075,17.72874223234504
loocv_ref,Augmented|LOCO,,GPR,46,LOCO,Augmented,Thickness_mean,,,,4,4,4,OFAT,15.345,16.841889735094817
loocv_ref,Augmented|LOCO,,GPR,46,LOCO,Augmented,Thickness_mean,,,,5,5,5,OFAT,14.265,16.04595539190531
loocv_ref,Augmented|LOCO,,GPR,46,LOCO,Augmented,Thickness_mean,,,,6,6,6,OFAT,12.9225,16.57752942261108
loocv_ref,Augmented|LOCO,,GPR,46,LOCO,Augmented,Thickness_mean,,,,7,7,7,OFAT,13.2775,16.427548577870187
loocv_ref,Augmented|LOCO,,GPR,46,LOCO,Augmented,Thickness_mean,,,,8,8,8,OFAT,15.329999999999998,18.803710169385994
loocv_ref,Augmented|LOCO,,GPR,46,LOCO,Augmented,Thickness_mean,,,,9,9,9,OFAT,7.855,12.236535774897263
loocv_ref,Augmented|LOCO,,GPR,46,LOCO,Augmented,Thickness_mean,,,,10,10,10,OFAT,2.8075,10.618253561715083
loocv_ref,Augmented|LOCO,,GPR,46,LOCO,Augmented,Thickness_mean,,,,11,11,11,OFAT,7.7875,11.011155825819941
loocv_ref,Augmented|LOCO,,GPR,46,LOCO,Augmented,Thickness_mean,,,,12,12,11,OFAT,9.105,11.011155825819941
loocv_ref,Augmented|LOCO,,GPR,46,LOCO,Augmented,Thickness_mean,,,,13,13,12,OFAT,7.734999999999999,9.21635757685696
loocv_ref,Augmented|LOCO,,GPR,46,LOCO,Augmented,Thickness_mean,,,,14,14,10,OFAT,6.8225,10.618253561715083
loocv_ref,Augmented|LOCO,,GPR,46,LOCO,Augmented,Thickness_mean,,,,15,15,10,OFAT,14.995,10.618253561715083
loocv_ref,Augmented|LOCO,,GPR,46,LOCO,Augmented,Thickness_mean,,,,16,16,13,OFAT,14.025,10.555609872782139
loocv_ref,Augmented|LOCO,,GPR,46,LOCO,Augmented,Thickness_mean,,,,17,17,10,OFAT,9.0475,10.618253561715083
loocv_ref,Augmented|LOCO,,GPR,46,LOCO,Augmented,Thickness_mean,,,,18,18,14,OFAT,22.225,19.988852615884795
loocv_ref,Augmented|LOCO,,GPR,46,LOCO,Augmented,Thickness_mean,,,,19,19,14,OFAT,25.935,19.988852615884795
loocv_ref,Augmented|LOCO,,GPR,46,LOCO,Augmented,Thickness_mean,,,,20,20,15,OFAT,7.03,5.798321576903341
loocv_ref,Augmented|LOCO,,GPR,46,LOCO,Augmented,Thickness_mean,,,,21,21,16,OFAT,13.5325,10.190546434942565
loocv_ref,Augmented|LOCO,,GPR,46,LOCO,Augmented,Thickness_mean,,,,22,22,14,OFAT,25.29,19.988852615884795
loocv_ref,Augmented|LOCO,,GPR,46,LOCO,Augmented,Thickness_mean,,,,23,23,14,OFAT,21.965,19.988852615884795
loocv_ref,Augmented|LOCO,,GPR,46,LOCO,Augmented,Thickness_mean,,,,24,24,14,OFAT,23.082500000000003,19.988852615884802
loocv_ref,Augmented|LOCO,,GPR,46,LOCO,Augmented,Thickness_mean,,,,25,25,14,OFAT,21.262500000000003,19.988852615884802
loocv_ref,Augmented|LOCO,,GPR,46,LOCO,Augmented,Thickness_mean,,,,26,26,17,OFAT,17.8275,17.602585737612944
loocv_ref,Augmented|LOCO,,GPR,46,LOCO,Augmented,Thickness_mean,,,,27,27,17,OFAT,17.345,17.602585737612944
loocv_ref,Augmented|LOCO,,GPR,46,LOCO,Augmented,Thickness_mean,,,,28,28,17,OFAT,24.4925,17.602585737612944
loocv_ref,Augmented|LOCO,,GPR,46,LOCO,Augmented,Thickness_mean,,,,29,29,17,OFAT,17.695,17.602585737612944
loocv_ref,Augmented|LOCO,,GPR,46,LOCO,Augmented,Thickness_mean,,,,30,30,17,OFAT,16.814999999999998,17.602585737612934
loocv_ref,Augmented|LOCO,,GPR,46,LOCO,Augmented,Thickness_mean,,,,31,31,18,OFAT,14.9425,18.276511963397365
loocv_ref,Augmented|LOCO,,GPR,46,LOCO,Augmented,Thickness_mean,,,,32,32,19,OFAT,9.9625,11.153734648439746
loocv_ref,Augmented|LOCO,,GPR,46,LOCO,Augmented,Thickness_mean,,,,33,33,20,OFAT,4.855,5.933127682069701
loocv_ref,Augmented|LOCO,,GPR,46,LOCO,Augmented,Thickness_mean,,,,34,34,21,OFAT,1.2375,3.342970354761869
loocv_ref,Augmented|LOCO,,GPR,46,LOCO,Augmented,Thickness_mean,,,,35,35,22,OFAT,2.0275,3.4437014178012717
loocv_ref,Augmented|LOCO,,GPR,46,LOCO,Augmented,Thickness_mean,,,,36,36,23,OFAT,3.535,4.458674599946493
loocv_ref,Augmented|LOCO,,GPR,46,LOCO,Augmented,Thickness_mean,,,,37,37,20,OFAT,8.6425,5.933127682069701
loocv_ref,Augmented|LOCO,,GPR,46,LOCO,Augmented,Thickness_mean,,,,38,38,19,OFAT,12.75,11.153734648439746
loocv_ref,Augmented|LOCO,,GPR,46,LOCO,Augmented,Thickness_mean,,,,39,39,18,OFAT,16.965,18.276511963397365
loocv_ref,Augmented|LOCO,,GPR,46,LOCO,Augmented,Thickness_mean,,,,40,40,19,OFAT,19.6525,11.153734648439746
loocv_ref,Augmented|LOCO,,GPR,46,LOCO,Augmented,Thickness_mean,,,,41,41,19,OFAT,9.2675,11.153734648439746
loocv_ref,Augmented|LOCO,,GPR,46,LOCO,Augmented,Thickness_mean,,,,42,44,26,DOE,5.285,4.120375651776138
loocv_ref,Augmented|LOCO,,GPR,46,LOCO,Augmented,Thickness_mean,,,,43,45,27,DOE,29.6975,24.891162447512485
loocv_ref,Augmented|LOCO,,GPR,46,LOCO,Augmented,Thickness_mean,,,,44,43,25,DOE,1.05,1.2205606512561733
loocv_ref,Augmented|LOCO,,GPR,46,LOCO,Augmented,Thickness_mean,,,,45,46,28,DOE,31.682500000000005,23.089934674194616
loocv_ref,Augmented|LOCO,,GPR,46,LOCO,Augmented,Thickness_mean,,,,46,42,24,DOE,1.0625,0.8215470523681638
loocv_ref,Augmented|LOCO,,GPR,46,LOCO,Augmented,Thickness_mean,,,,47,49,31,DOE,25.6225,26.360545964817977
loocv_ref,Augmented|LOCO,,GPR,46,LOCO,Augmented,Thickness_mean,,,,48,54,36,DOE,4.335,5.431940297093817
loocv_ref,Augmented|LOCO,,GPR,46,LOCO,Augmented,Thickness_mean,,,,49,52,34,DOE,22.5,30.057449560720485
loocv_ref,Augmented|LOCO,,GPR,46,LOCO,Augmented,Thickness_mean,,,,50,47,29,DOE,1.0525000000000002,1.5106739371489049
loocv_ref,Augmented|LOCO,,GPR,46,LOCO,Augmented,Thickness_mean,,,,51,51,33,DOE,1.1124999999999998,0.5256062222473528
loocv_ref,Augmented|LOCO,,GPR,46,LOCO,Augmented,Thickness_mean,,,,52,53,35,DOE,1.285,1.7112775446797315
loocv_ref,Augmented|LOCO,,GPR,46,LOCO,Augmented,Thickness_mean,,,,53,56,38,DOE,21.8925,27.6014623750347
loocv_ref,Augmented|LOCO,,GPR,46,LOCO,Augmented,Thickness_mean,,,,54,50,32,DOE,25.37,25.854039465956753
loocv_ref,Augmented|LOCO,,GPR,46,LOCO,Augmented,Thickness_mean,,,,55,48,30,DOE,26.11,27.612428700841857
loocv_ref,Augmented|LOCO,,GPR,46,LOCO,Augmented,Thickness_mean,,,,56,55,37,DOE,11.3,13.764387125510712
loocv_ref,Augmented|LOCO,,GPR,47,LOCO,Augmented,Thickness_mean,,,,0,0,0,OFAT,36.34,18.220708452321485
loocv_ref,Augmented|LOCO,,GPR,47,LOCO,Augmented,Thickness_mean,,,,1,1,1,OFAT,19.9225,27.972445808462567
loocv_ref,Augmented|LOCO,,GPR,47,LOCO,Augmented,Thickness_mean,,,,2,2,2,OFAT,25.6625,24.900728626801268
loocv_ref,Augmented|LOCO,,GPR,47,LOCO,Augmented,Thickness_mean,,,,3,3,3,OFAT,20.2075,17.728741817426727
loocv_ref,Augmented|LOCO,,GPR,47,LOCO,Augmented,Thickness_mean,,,,4,4,4,OFAT,15.345,16.841885630599677
loocv_ref,Augmented|LOCO,,GPR,47,LOCO,Augmented,Thickness_mean,,,,5,5,5,OFAT,14.265,16.045955078129428
loocv_ref,Augmented|LOCO,,GPR,47,LOCO,Augmented,Thickness_mean,,,,6,6,6,OFAT,12.9225,16.57752881019931
loocv_ref,Augmented|LOCO,,GPR,47,LOCO,Augmented,Thickness_mean,,,,7,7,7,OFAT,13.2775,16.42754092414644
loocv_ref,Augmented|LOCO,,GPR,47,LOCO,Augmented,Thickness_mean,,,,8,8,8,OFAT,15.329999999999998,18.803712176308498
loocv_ref,Augmented|LOCO,,GPR,47,LOCO,Augmented,Thickness_mean,,,,9,9,9,OFAT,7.855,12.236530962711644
loocv_ref,Augmented|LOCO,,GPR,47,LOCO,Augmented,Thickness_mean,,,,10,10,10,OFAT,2.8075,10.61825459247098
loocv_ref,Augmented|LOCO,,GPR,47,LOCO,Augmented,Thickness_mean,,,,11,11,11,OFAT,7.7875,11.011155587574086
loocv_ref,Augmented|LOCO,,GPR,47,LOCO,Augmented,Thickness_mean,,,,12,12,11,OFAT,9.105,11.011155587574086
loocv_ref,Augmented|LOCO,,GPR,47,LOCO,Augmented,Thickness_mean,,,,13,13,12,OFAT,7.734999999999999,9.216361390340811
loocv_ref,Augmented|LOCO,,GPR,47,LOCO,Augmented,Thickness_mean,,,,14,14,10,OFAT,6.8225,10.61825459247098
loocv_ref,Augmented|LOCO,,GPR,47,LOCO,Augmented,Thickness_mean,,,,15,15,10,OFAT,14.995,10.61825459247098
loocv_ref,Augmented|LOCO,,GPR,47,LOCO,Augmented,Thickness_mean,,,,16,16,13,OFAT,14.025,10.555605013282108
loocv_ref,Augmented|LOCO,,GPR,47,LOCO,Augmented,Thickness_mean,,,,17,17,10,OFAT,9.0475,10.61825459247098
loocv_ref,Augmented|LOCO,,GPR,47,LOCO,Augmented,Thickness_mean,,,,18,18,14,OFAT,22.225,19.988853157788572
loocv_ref,Augmented|LOCO,,GPR,47,LOCO,Augmented,Thickness_mean,,,,19,19,14,OFAT,25.935,19.988853157788572
loocv_ref,Augmented|LOCO,,GPR,47,LOCO,Augmented,Thickness_mean,,,,20,20,15,OFAT,7.03,5.7983213188012925
loocv_ref,Augmented|LOCO,,GPR,47,LOCO,Augmented,Thickness_mean,,,,21,21,16,OFAT,13.5325,10.190543938638163
loocv_ref,Augmented|LOCO,,GPR,47,LOCO,Augmented,Thickness_mean,,,,22,22,14,OFAT,25.29,19.988853157788572
loocv_ref,Augmented|LOCO,,GPR,47,LOCO,Augmented,Thickness_mean,,,,23,23,14,OFAT,21.965,19.988853157788572
loocv_ref,Augmented|LOCO,,GPR,47,LOCO,Augmented,Thickness_mean,,,,24,24,14,OFAT,23.082500000000003,19.98885315778859
loocv_ref,Augmented|LOCO,,GPR,47,LOCO,Augmented,Thickness_mean,,,,25,25,14,OFAT,21.262500000000003,19.98885315778859
loocv_ref,Augmented|LOCO,,GPR,47,LOCO,Augmented,Thickness_mean,,,,26,26,17,OFAT,17.8275,17.602585043160197
loocv_ref,Augmented|LOCO,,GPR,47,LOCO,Augmented,Thickness_mean,,,,27,27,17,OFAT,17.345,17.602585043160197
loocv_ref,Augmented|LOCO,,GPR,47,LOCO,Augmented,Thickness_mean,,,,28,28,17,OFAT,24.4925,17.602585043160197
loocv_ref,Augmented|LOCO,,GPR,47,LOCO,Augmented,Thickness_mean,,,,29,29,17,OFAT,17.695,17.602585043160197
loocv_ref,Augmented|LOCO,,GPR,47,LOCO,Augmented,Thickness_mean,,,,30,30,17,OFAT,16.814999999999998,17.602585043160182
loocv_ref,Augmented|LOCO,,GPR,47,LOCO,Augmented,Thickness_mean,,,,31,31,18,OFAT,14.9425,18.276511191917542
loocv_ref,Augmented|LOCO,,GPR,47,LOCO,Augmented,Thickness_mean,,,,32,32,19,OFAT,9.9625,11.15373494160476
loocv_ref,Augmented|LOCO,,GPR,47,LOCO,Augmented,Thickness_mean,,,,33,33,20,OFAT,4.855,5.933127184645116
loocv_ref,Augmented|LOCO,,GPR,47,LOCO,Augmented,Thickness_mean,,,,34,34,21,OFAT,1.2375,3.3429672262821217
loocv_ref,Augmented|LOCO,,GPR,47,LOCO,Augmented,Thickness_mean,,,,35,35,22,OFAT,2.0275,3.443699369824609
loocv_ref,Augmented|LOCO,,GPR,47,LOCO,Augmented,Thickness_mean,,,,36,36,23,OFAT,3.535,4.458673502395493
loocv_ref,Augmented|LOCO,,GPR,47,LOCO,Augmented,Thickness_mean,,,,37,37,20,OFAT,8.6425,5.933127184645116
loocv_ref,Augmented|LOCO,,GPR,47,LOCO,Augmented,Thickness_mean,,,,38,38,19,OFAT,12.75,11.15373494160476
loocv_ref,Augmented|LOCO,,GPR,47,LOCO,Augmented,Thickness_mean,,,,39,39,18,OFAT,16.965,18.276511191917542
loocv_ref,Augmented|LOCO,,GPR,47,LOCO,Augmented,Thickness_mean,,,,40,40,19,OFAT,19.6525,11.15373494160476
loocv_ref,Augmented|LOCO,,GPR,47,LOCO,Augmented,Thickness_mean,,,,41,41,19,OFAT,9.2675,11.15373494160476
loocv_ref,Augmented|LOCO,,GPR,47,LOCO,Augmented,Thickness_mean,,,,42,44,26,DOE,5.285,4.120375219551812
loocv_ref,Augmented|LOCO,,GPR,47,LOCO,Augmented,Thickness_mean,,,,43,45,27,DOE,29.6975,24.891163761520193
loocv_ref,Augmented|LOCO,,GPR,47,LOCO,Augmented,Thickness_mean,,,,44,43,25,DOE,1.05,1.220560151755544
loocv_ref,Augmented|LOCO,,GPR,47,LOCO,Augmented,Thickness_mean,,,,45,46,28,DOE,31.682500000000005,23.089931004137114
loocv_ref,Augmented|LOCO,,GPR,47,LOCO,Augmented,Thickness_mean,,,,46,42,24,DOE,1.0625,0.8215452092288427
loocv_ref,Augmented|LOCO,,GPR,47,LOCO,Augmented,Thickness_mean,,,,47,49,31,DOE,25.6225,26.360546536973963
loocv_ref,Augmented|LOCO,,GPR,47,LOCO,Augmented,Thickness_mean,,,,48,54,36,DOE,4.335,5.4319377778126015
loocv_ref,Augmented|LOCO,,GPR,47,LOCO,Augmented,Thickness_mean,,,,49,52,34,DOE,22.5,30.05745216528388
loocv_ref,Augmented|LOCO,,GPR,47,LOCO,Augmented,Thickness_mean,,,,50,47,29,DOE,1.0525000000000002,1.5106660581663114
loocv_ref,Augmented|LOCO,,GPR,47,LOCO,Augmented,Thickness_mean,,,,51,51,33,DOE,1.1124999999999998,0.5256046799360004
loocv_ref,Augmented|LOCO,,GPR,47,LOCO,Augmented,Thickness_mean,,,,52,53,35,DOE,1.285,1.7112772360406492
loocv_ref,Augmented|LOCO,,GPR,47,LOCO,Augmented,Thickness_mean,,,,53,56,38,DOE,21.8925,27.601463470267483
loocv_ref,Augmented|LOCO,,GPR,47,LOCO,Augmented,Thickness_mean,,,,54,50,32,DOE,25.37,25.85403700770042
loocv_ref,Augmented|LOCO,,GPR,47,LOCO,Augmented,Thickness_mean,,,,55,48,30,DOE,26.11,27.612438205126296
loocv_ref,Augmented|LOCO,,GPR,47,LOCO,Augmented,Thickness_mean,,,,56,55,37,DOE,11.3,13.764384970605201
loocv_ref,Augmented|LOCO,,GPR,48,LOCO,Augmented,Thickness_mean,,,,0,0,0,OFAT,36.34,18.220711249720967
loocv_ref,Augmented|LOCO,,GPR,48,LOCO,Augmented,Thickness_mean,,,,1,1,1,OFAT,19.9225,27.97244361477481
loocv_ref,Augmented|LOCO,,GPR,48,LOCO,Augmented,Thickness_mean,,,,2,2,2,OFAT,25.6625,24.900729219006365
loocv_ref,Augmented|LOCO,,GPR,48,LOCO,Augmented,Thickness_mean,,,,3,3,3,OFAT,20.2075,17.728742719545348
loocv_ref,Augmented|LOCO,,GPR,48,LOCO,Augmented,Thickness_mean,,,,4,4,4,OFAT,15.345,16.841886151964275
loocv_ref,Augmented|LOCO,,GPR,48,LOCO,Augmented,Thickness_mean,,,,5,5,5,OFAT,14.265,16.0459263108573
loocv_ref,Augmented|LOCO,,GPR,48,LOCO,Augmented,Thickness_mean,,,,6,6,6,OFAT,12.9225,16.57752700138032
loocv_ref,Augmented|LOCO,,GPR,48,LOCO,Augmented,Thickness_mean,,,,7,7,7,OFAT,13.2775,16.42753542993203
loocv_ref,Augmented|LOCO,,GPR,48,LOCO,Augmented,Thickness_mean,,,,8,8,8,OFAT,15.329999999999998,18.803713940483696
loocv_ref,Augmented|LOCO,,GPR,48,LOCO,Augmented,Thickness_mean,,,,9,9,9,OFAT,7.855,12.23653786510479
loocv_ref,Augmented|LOCO,,GPR,48,LOCO,Augmented,Thickness_mean,,,,10,10,10,OFAT,2.8075,10.6182545691726
loocv_ref,Augmented|LOCO,,GPR,48,LOCO,Augmented,Thickness_mean,,,,11,11,11,OFAT,7.7875,11.011155006000562
loocv_ref,Augmented|LOCO,,GPR,48,LOCO,Augmented,Thickness_mean,,,,12,12,11,OFAT,9.105,11.011155006000562
loocv_ref,Augmented|LOCO,,GPR,48,LOCO,Augmented,Thickness_mean,,,,13,13,12,OFAT,7.734999999999999,9.216360149681769
loocv_ref,Augmented|LOCO,,GPR,48,LOCO,Augmented,Thickness_mean,,,,14,14,10,OFAT,6.8225,10.6182545691726
loocv_ref,Augmented|LOCO,,GPR,48,LOCO,Augmented,Thickness_mean,,,,15,15,10,OFAT,14.995,10.6182545691726
loocv_ref,Augmented|LOCO,,GPR,48,LOCO,Augmented,Thickness_mean,,,,16,16,13,OFAT,14.025,10.5556116361098
loocv_ref,Augmented|LOCO,,GPR,48,LOCO,Augmented,Thickness_mean,,,,17,17,10,OFAT,9.0475,10.6182545691726
loocv_ref,Augmented|LOCO,,GPR,48,LOCO,Augmented,Thickness_mean,,,,18,18,14,OFAT,22.225,19.988852930732012
loocv_ref,Augmented|LOCO,,GPR,48,LOCO,Augmented,Thickness_mean,,,,19,19,14,OFAT,25.935,19.988852930732012
loocv_ref,Augmented|LOCO,,GPR,48,LOCO,Augmented,Thickness_mean,,,,20,20,15,OFAT,7.03,5.7983208401105895
loocv_ref,Augmented|LOCO,,GPR,48,LOCO,Augmented,Thickness_mean,,,,21,21,16,OFAT,13.5325,10.190545095577011
loocv_ref,Augmented|LOCO,,GPR,48,LOCO,Augmented,Thickness_mean,,,,22,22,14,OFAT,25.29,19.988852930732012
loocv_ref,Augmented|LOCO,,GPR,48,LOCO,Augmented,Thickness_mean,,,,23,23,14,OFAT,21.965,19.988852930732012
loocv_ref,Augmented|LOCO,,GPR,48,LOCO,Augmented,Thickness_mean,,,,24,24,14,OFAT,23.082500000000003,19.988852930731998
loocv_ref,Augmented|LOCO,,GPR,48,LOCO,Augmented,Thickness_mean,,,,25,25,14,OFAT,21.262500000000003,19.988852930731998
loocv_ref,Augmented|LOCO,,GPR,48,LOCO,Augmented,Thickness_mean,,,,26,26,17,OFAT,17.8275,17.60258233834103
loocv_ref,Augmented|LOCO,,GPR,48,LOCO,Augmented,Thickness_mean,,,,27,27,17,OFAT,17.345,17.60258233834103
loocv_ref,Augmented|LOCO,,GPR,48,LOCO,Augmented,Thickness_mean,,,,28,28,17,OFAT,24.4925,17.60258233834103
loocv_ref,Augmented|LOCO,,GPR,48,LOCO,Augmented,Thickness_mean,,,,29,29,17,OFAT,17.695,17.60258233834103
loocv_ref,Augmented|LOCO,,GPR,48,LOCO,Augmented,Thickness_mean,,,,30,30,17,OFAT,16.814999999999998,17.602582338341026
loocv_ref,Augmented|LOCO,,GPR,48,LOCO,Augmented,Thickness_mean,,,,31,31,18,OFAT,14.9425,18.27650973238596
loocv_ref,Augmented|LOCO,,GPR,48,LOCO,Augmented,Thickness_mean,,,,32,32,19,OFAT,9.9625,11.153734448054278
loocv_ref,Augmented|LOCO,,GPR,48,LOCO,Augmented,Thickness_mean,,,,33,33,20,OFAT,4.855,5.933127291003091
loocv_ref,Augmented|LOCO,,GPR,48,LOCO,Augmented,Thickness_mean,,,,34,34,21,OFAT,1.2375,3.3429676794654295
loocv_ref,Augmented|LOCO,,GPR,48,LOCO,Augmented,Thickness_mean,,,,35,35,22,OFAT,2.0275,3.4436969246907427
loocv_ref,Augmented|LOCO,,GPR,48,LOCO,Augmented,Thickness_mean,,,,36,36,23,OFAT,3.535,4.4586750481865
loocv_ref,Augmented|LOCO,,GPR,48,LOCO,Augmented,Thickness_mean,,,,37,37,20,OFAT,8.6425,5.933127291003091
loocv_ref,Augmented|LOCO,,GPR,48,LOCO,Augmented,Thickness_mean,,,,38,38,19,OFAT,12.75,11.153734448054278
loocv_ref,Augmented|LOCO,,GPR,48,LOCO,Augmented,Thickness_mean,,,,39,39,18,OFAT,16.965,18.27650973238596
loocv_ref,Augmented|LOCO,,GPR,48,LOCO,Augmented,Thickness_mean,,,,40,40,19,OFAT,19.6525,11.153734448054278
loocv_ref,Augmented|LOCO,,GPR,48,LOCO,Augmented,Thickness_mean,,,,41,41,19,OFAT,9.2675,11.153734448054278
loocv_ref,Augmented|LOCO,,GPR,48,LOCO,Augmented,Thickness_mean,,,,42,44,26,DOE,5.285,4.120376882616162
loocv_ref,Augmented|LOCO,,GPR,48,LOCO,Augmented,Thickness_mean,,,,43,45,27,DOE,29.6975,24.89116228805718
loocv_ref,Augmented|LOCO,,GPR,48,LOCO,Augmented,Thickness_mean,,,,44,43,25,DOE,1.05,1.2205627902960625
loocv_ref,Augmented|LOCO,,GPR,48,LOCO,Augmented,Thickness_mean,,,,45,46,28,DOE,31.682500000000005,23.089930466802443
loocv_ref,Augmented|LOCO,,GPR,48,LOCO,Augmented,Thickness_mean,,,,46,42,24,DOE,1.0625,0.8215460377441559
loocv_ref,Augmented|LOCO,,GPR,48,LOCO,Augmented,Thickness_mean,,,,47,49,31,DOE,25.6225,26.36055050165913
loocv_ref,Augmented|LOCO,,GPR,48,LOCO,Augmented,Thickness_mean,,,,48,54,36,DOE,4.335,5.431943221746273
loocv_ref,Augmented|LOCO,,GPR,48,LOCO,Augmented,Thickness_mean,,,,49,52,34,DOE,22.5,30.057454781047987
loocv_ref,Augmented|LOCO,,GPR,48,LOCO,Augmented,Thickness_mean,,,,50,47,29,DOE,1.0525000000000002,1.5106723791237187
loocv_ref,Augmented|LOCO,,GPR,48,LOCO,Augmented,Thickness_mean,,,,51,51,33,DOE,1.1124999999999998,0.525606032303175
loocv_ref,Augmented|LOCO,,GPR,48,LOCO,Augmented,Thickness_mean,,,,52,53,35,DOE,1.285,1.7112759494572156
loocv_ref,Augmented|LOCO,,GPR,48,LOCO,Augmented,Thickness_mean,,,,53,56,38,DOE,21.8925,27.601462657569108
loocv_ref,Augmented|LOCO,,GPR,48,LOCO,Augmented,Thickness_mean,,,,54,50,32,DOE,25.37,25.854037032829467
loocv_ref,Augmented|LOCO,,GPR,48,LOCO,Augmented,Thickness_mean,,,,55,48,30,DOE,26.11,27.61243072560682
loocv_ref,Augmented|LOCO,,GPR,48,LOCO,Augmented,Thickness_mean,,,,56,55,37,DOE,11.3,13.764383703576316
loocv_ref,Augmented|LOCO,,GPR,49,LOCO,Augmented,Thickness_mean,,,,0,0,0,OFAT,36.34,18.22071313009333
loocv_ref,Augmented|LOCO,,GPR,49,LOCO,Augmented,Thickness_mean,,,,1,1,1,OFAT,19.9225,27.972450181090338
loocv_ref,Augmented|LOCO,,GPR,49,LOCO,Augmented,Thickness_mean,,,,2,2,2,OFAT,25.6625,24.90072664892231
loocv_ref,Augmented|LOCO,,GPR,49,LOCO,Augmented,Thickness_mean,,,,3,3,3,OFAT,20.2075,17.728742963093772
loocv_ref,Augmented|LOCO,,GPR,49,LOCO,Augmented,Thickness_mean,,,,4,4,4,OFAT,15.345,16.841885088434168
loocv_ref,Augmented|LOCO,,GPR,49,LOCO,Augmented,Thickness_mean,,,,5,5,5,OFAT,14.265,16.045946508666777
loocv_ref,Augmented|LOCO,,GPR,49,LOCO,Augmented,Thickness_mean,,,,6,6,6,OFAT,12.9225,16.577530255281342
loocv_ref,Augmented|LOCO,,GPR,49,LOCO,Augmented,Thickness_mean,,,,7,7,7,OFAT,13.2775,16.427542443755225
loocv_ref,Augmented|LOCO,,GPR,49,LOCO,Augmented,Thickness_mean,,,,8,8,8,OFAT,15.329999999999998,18.80371077543726
loocv_ref,Augmented|LOCO,,GPR,49,LOCO,Augmented,Thickness_mean,,,,9,9,9,OFAT,7.855,12.236530962711644
loocv_ref,Augmented|LOCO,,GPR,49,LOCO,Augmented,Thickness_mean,,,,10,10,10,OFAT,2.8075,10.618255751835026
loocv_ref,Augmented|LOCO,,GPR,49,LOCO,Augmented,Thickness_mean,,,,11,11,11,OFAT,7.7875,11.011154180250672
loocv_ref,Augmented|LOCO,,GPR,49,LOCO,Augmented,Thickness_mean,,,,12,12,11,OFAT,9.105,11.011154180250672
loocv_ref,Augmented|LOCO,,GPR,49,LOCO,Augmented,Thickness_mean,,,,13,13,12,OFAT,7.734999999999999,9.216360367100735
loocv_ref,Augmented|LOCO,,GPR,49,LOCO,Augmented,Thickness_mean,,,,14,14,10,OFAT,6.8225,10.618255751835026
loocv_ref,Augmented|LOCO,,GPR,49,LOCO,Augmented,Thickness_mean,,,,15,15,10,OFAT,14.995,10.618255751835026
loocv_ref,Augmented|LOCO,,GPR,49,LOCO,Augmented,Thickness_mean,,,,16,16,13,OFAT,14.025,10.55560963855562
loocv_ref,Augmented|LOCO,,GPR,49,LOCO,Augmented,Thickness_mean,,,,17,17,10,OFAT,9.0475,10.618255751835026
loocv_ref,Augmented|LOCO,,GPR,49,LOCO,Augmented,Thickness_mean,,,,18,18,14,OFAT,22.225,19.98885404090809
loocv_ref,Augmented|LOCO,,GPR,49,LOCO,Augmented,Thickness_mean,,,,19,19,14,OFAT,25.935,19.98885404090809
loocv_ref,Augmented|LOCO,,GPR,49,LOCO,Augmented,Thickness_mean,,,,20,20,15,OFAT,7.03,5.798321217876975
loocv_ref,Augmented|LOCO,,GPR,49,LOCO,Augmented,Thickness_mean,,,,21,21,16,OFAT,13.5325,10.190546933526289
loocv_ref,Augmented|LOCO,,GPR,49,LOCO,Augmented,Thickness_mean,,,,22,22,14,OFAT,25.29,19.98885404090809
loocv_ref,Augmented|LOCO,,GPR,49,LOCO,Augmented,Thickness_mean,,,,23,23,14,OFAT,21.965,19.98885404090809
loocv_ref,Augmented|LOCO,,GPR,49,LOCO,Augmented,Thickness_mean,,,,24,24,14,OFAT,23.082500000000003,19.98885404090811
loocv_ref,Augmented|LOCO,,GPR,49,LOCO,Augmented,Thickness_mean,,,,25,25,14,OFAT,21.262500000000003,19.98885404090811
loocv_ref,Augmented|LOCO,,GPR,49,LOCO,Augmented,Thickness_mean,,,,26,26,17,OFAT,17.8275,17.602585424029456
loocv_ref,Augmented|LOCO,,GPR,49,LOCO,Augmented,Thickness_mean,,,,27,27,17,OFAT,17.345,17.602585424029456
loocv_ref,Augmented|LOCO,,GPR,49,LOCO,Augmented,Thickness_mean,,,,28,28,17,OFAT,24.4925,17.602585424029456
loocv_ref,Augmented|LOCO,,GPR,49,LOCO,Augmented,Thickness_mean,,,,29,29,17,OFAT,17.695,17.602585424029456
loocv_ref,Augmented|LOCO,,GPR,49,LOCO,Augmented,Thickness_mean,,,,30,30,17,OFAT,16.814999999999998,17.602585424029463
loocv_ref,Augmented|LOCO,,GPR,49,LOCO,Augmented,Thickness_mean,,,,31,31,18,OFAT,14.9425,18.276509511844214
loocv_ref,Augmented|LOCO,,GPR,49,LOCO,Augmented,Thickness_mean,,,,32,32,19,OFAT,9.9625,11.153733999718792
loocv_ref,Augmented|LOCO,,GPR,49,LOCO,Augmented,Thickness_mean,,,,33,33,20,OFAT,4.855,5.933127438711617
loocv_ref,Augmented|LOCO,,GPR,49,LOCO,Augmented,Thickness_mean,,,,34,34,21,OFAT,1.2375,3.342966132319697
loocv_ref,Augmented|LOCO,,GPR,49,LOCO,Augmented,Thickness_mean,,,,35,35,22,OFAT,2.0275,3.4437004778590765
loocv_ref,Augmented|LOCO,,GPR,49,LOCO,Augmented,Thickness_mean,,,,36,36,23,OFAT,3.535,4.458674619539893
loocv_ref,Augmented|LOCO,,GPR,49,LOCO,Augmented,Thickness_mean,,,,37,37,20,OFAT,8.6425,5.933127438711617
loocv_ref,Augmented|LOCO,,GPR,49,LOCO,Augmented,Thickness_mean,,,,38,38,19,OFAT,12.75,11.153733999718792
loocv_ref,Augmented|LOCO,,GPR,49,LOCO,Augmented,Thickness_mean,,,,39,39,18,OFAT,16.965,18.276509511844214
loocv_ref,Augmented|LOCO,,GPR,49,LOCO,Augmented,Thickness_mean,,,,40,40,19,OFAT,19.6525,11.153733999718792
loocv_ref,Augmented|LOCO,,GPR,49,LOCO,Augmented,Thickness_mean,,,,41,41,19,OFAT,9.2675,11.153733999718792
loocv_ref,Augmented|LOCO,,GPR,49,LOCO,Augmented,Thickness_mean,,,,42,44,26,DOE,5.285,4.120382261924638
loocv_ref,Augmented|LOCO,,GPR,49,LOCO,Augmented,Thickness_mean,,,,43,45,27,DOE,29.6975,24.891161227152406
loocv_ref,Augmented|LOCO,,GPR,49,LOCO,Augmented,Thickness_mean,,,,44,43,25,DOE,1.05,1.2205623487406463
loocv_ref,Augmented|LOCO,,GPR,49,LOCO,Augmented,Thickness_mean,,,,45,46,28,DOE,31.682500000000005,23.089930923184266
loocv_ref,Augmented|LOCO,,GPR,49,LOCO,Augmented,Thickness_mean,,,,46,42,24,DOE,1.0625,0.8215442687061199
loocv_ref,Augmented|LOCO,,GPR,49,LOCO,Augmented,Thickness_mean,,,,47,49,31,DOE,25.6225,26.360545783857738
loocv_ref,Augmented|LOCO,,GPR,49,LOCO,Augmented,Thickness_mean,,,,48,54,36,DOE,4.335,5.4319395442608105
loocv_ref,Augmented|LOCO,,GPR,49,LOCO,Augmented,Thickness_mean,,,,49,52,34,DOE,22.5,30.05745418718338
loocv_ref,Augmented|LOCO,,GPR,49,LOCO,Augmented,Thickness_mean,,,,50,47,29,DOE,1.0525000000000002,1.510671461496841
loocv_ref,Augmented|LOCO,,GPR,49,LOCO,Augmented,Thickness_mean,,,,51,51,33,DOE,1.1124999999999998,0.5256069604329099
loocv_ref,Augmented|LOCO,,GPR,49,LOCO,Augmented,Thickness_mean,,,,52,53,35,DOE,1.285,1.7112773659287246
loocv_ref,Augmented|LOCO,,GPR,49,LOCO,Augmented,Thickness_mean,,,,53,56,38,DOE,21.8925,27.60146233634736
loocv_ref,Augmented|LOCO,,GPR,49,LOCO,Augmented,Thickness_mean,,,,54,50,32,DOE,25.37,25.854035192883664
loocv_ref,Augmented|LOCO,,GPR,49,LOCO,Augmented,Thickness_mean,,,,55,48,30,DOE,26.11,27.612429945193878
loocv_ref,Augmented|LOCO,,GPR,49,LOCO,Augmented,Thickness_mean,,,,56,55,37,DOE,11.3,13.764384395071788
loocv_ref,Augmented|LOCO,,GPR,50,LOCO,Augmented,Thickness_mean,,,,0,0,0,OFAT,36.34,18.22071142659763
loocv_ref,Augmented|LOCO,,GPR,50,LOCO,Augmented,Thickness_mean,,,,1,1,1,OFAT,19.9225,27.972457390323505
loocv_ref,Augmented|LOCO,,GPR,50,LOCO,Augmented,Thickness_mean,,,,2,2,2,OFAT,25.6625,24.900734475944326
loocv_ref,Augmented|LOCO,,GPR,50,LOCO,Augmented,Thickness_mean,,,,3,3,3,OFAT,20.2075,17.728742208061036
loocv_ref,Augmented|LOCO,,GPR,50,LOCO,Augmented,Thickness_mean,,,,4,4,4,OFAT,15.345,16.84188568157275
loocv_ref,Augmented|LOCO,,GPR,50,LOCO,Augmented,Thickness_mean,,,,5,5,5,OFAT,14.265,16.045955484738062
loocv_ref,Augmented|LOCO,,GPR,50,LOCO,Augmented,Thickness_mean,,,,6,6,6,OFAT,12.9225,16.577526647969066
loocv_ref,Augmented|LOCO,,GPR,50,LOCO,Augmented,Thickness_mean,,,,7,7,7,OFAT,13.2775,16.42755135325637
loocv_ref,Augmented|LOCO,,GPR,50,LOCO,Augmented,Thickness_mean,,,,8,8,8,OFAT,15.329999999999998,18.8037131097186
loocv_ref,Augmented|LOCO,,GPR,50,LOCO,Augmented,Thickness_mean,,,,9,9,9,OFAT,7.855,12.236537414649078
loocv_ref,Augmented|LOCO,,GPR,50,LOCO,Augmented,Thickness_mean,,,,10,10,10,OFAT,2.8075,10.618254664423326
loocv_ref,Augmented|LOCO,,GPR,50,LOCO,Augmented,Thickness_mean,,,,11,11,11,OFAT,7.7875,11.011151874088085
loocv_ref,Augmented|LOCO,,GPR,50,LOCO,Augmented,Thickness_mean,,,,12,12,11,OFAT,9.105,11.011151874088085
loocv_ref,Augmented|LOCO,,GPR,50,LOCO,Augmented,Thickness_mean,,,,13,13,12,OFAT,7.734999999999999,9.216360654717873
loocv_ref,Augmented|LOCO,,GPR,50,LOCO,Augmented,Thickness_mean,,,,14,14,10,OFAT,6.8225,10.618254664423326
loocv_ref,Augmented|LOCO,,GPR,50,LOCO,Augmented,Thickness_mean,,,,15,15,10,OFAT,14.995,10.618254664423326
loocv_ref,Augmented|LOCO,,GPR,50,LOCO,Augmented,Thickness_mean,,,,16,16,13,OFAT,14.025,10.55560986412575
loocv_ref,Augmented|LOCO,,GPR,50,LOCO,Augmented,Thickness_mean,,,,17,17,10,OFAT,9.0475,10.618254664423326
loocv_ref,Augmented|LOCO,,GPR,50,LOCO,Augmented,Thickness_mean,,,,18,18,14,OFAT,22.225,19.988853522534427
loocv_ref,Augmented|LOCO,,GPR,50,LOCO,Augmented,Thickness_mean,,,,19,19,14,OFAT,25.935,19.988853522534427
loocv_ref,Augmented|LOCO,,GPR,50,LOCO,Augmented,Thickness_mean,,,,20,20,15,OFAT,7.03,5.79832138121801
loocv_ref,Augmented|LOCO,,GPR,50,LOCO,Augmented,Thickness_mean,,,,21,21,16,OFAT,13.5325,10.190545793730347
loocv_ref,Augmented|LOCO,,GPR,50,LOCO,Augmented,Thickness_mean,,,,22,22,14,OFAT,25.29,19.988853522534427
loocv_ref,Augmented|LOCO,,GPR,50,LOCO,Augmented,Thickness_mean,,,,23,23,14,OFAT,21.965,19.988853522534427
loocv_ref,Augmented|LOCO,,GPR,50,LOCO,Augmented,Thickness_mean,,,,24,24,14,OFAT,23.082500000000003,19.988853522534427
loocv_ref,Augmented|LOCO,,GPR,50,LOCO,Augmented,Thickness_mean,,,,25,25,14,OFAT,21.262500000000003,19.988853522534427
loocv_ref,Augmented|LOCO,,GPR,50,LOCO,Augmented,Thickness_mean,,,,26,26,17,OFAT,17.8275,17.602580714496465
loocv_ref,Augmented|LOCO,,GPR,50,LOCO,Augmented,Thickness_mean,,,,27,27,17,OFAT,17.345,17.602580714496465
loocv_ref,Augmented|LOCO,,GPR,50,LOCO,Augmented,Thickness_mean,,,,28,28,17,OFAT,24.4925,17.602580714496465
loocv_ref,Augmented|LOCO,,GPR,50,LOCO,Augmented,Thickness_mean,,,,29,29,17,OFAT,17.695,17.602580714496465
loocv_ref,Augmented|LOCO,,GPR,50,LOCO,Augmented,Thickness_mean,,,,30,30,17,OFAT,16.814999999999998,17.602580714496472
loocv_ref,Augmented|LOCO,,GPR,50,LOCO,Augmented,Thickness_mean,,,,31,31,18,OFAT,14.9425,18.276512117012295
loocv_ref,Augmented|LOCO,,GPR,50,LOCO,Augmented,Thickness_mean,,,,32,32,19,OFAT,9.9625,11.153734420437212
loocv_ref,Augmented|LOCO,,GPR,50,LOCO,Augmented,Thickness_mean,,,,33,33,20,OFAT,4.855,5.933127543255328
loocv_ref,Augmented|LOCO,,GPR,50,LOCO,Augmented,Thickness_mean,,,,34,34,21,OFAT,1.2375,3.3429667968213135
loocv_ref,Augmented|LOCO,,GPR,50,LOCO,Augmented,Thickness_mean,,,,35,35,22,OFAT,2.0275,3.4436992055870554
loocv_ref,Augmented|LOCO,,GPR,50,LOCO,Augmented,Thickness_mean,,,,36,36,23,OFAT,3.535,4.458674708799919
loocv_ref,Augmented|LOCO,,GPR,50,LOCO,Augmented,Thickness_mean,,,,37,37,20,OFAT,8.6425,5.933127543255328
loocv_ref,Augmented|LOCO,,GPR,50,LOCO,Augmented,Thickness_mean,,,,38,38,19,OFAT,12.75,11.153734420437212
loocv_ref,Augmented|LOCO,,GPR,50,LOCO,Augmented,Thickness_mean,,,,39,39,18,OFAT,16.965,18.276512117012295
loocv_ref,Augmented|LOCO,,GPR,50,LOCO,Augmented,Thickness_mean,,,,40,40,19,OFAT,19.6525,11.153734420437212
loocv_ref,Augmented|LOCO,,GPR,50,LOCO,Augmented,Thickness_mean,,,,41,41,19,OFAT,9.2675,11.153734420437212
loocv_ref,Augmented|LOCO,,GPR,50,LOCO,Augmented,Thickness_mean,,,,42,44,26,DOE,5.285,4.120374413527204
loocv_ref,Augmented|LOCO,,GPR,50,LOCO,Augmented,Thickness_mean,,,,43,45,27,DOE,29.6975,24.89116154198231
loocv_ref,Augmented|LOCO,,GPR,50,LOCO,Augmented,Thickness_mean,,,,44,43,25,DOE,1.05,1.2205611166061967
loocv_ref,Augmented|LOCO,,GPR,50,LOCO,Augmented,Thickness_mean,,,,45,46,28,DOE,31.682500000000005,23.089932238139532
loocv_ref,Augmented|LOCO,,GPR,50,LOCO,Augmented,Thickness_mean,,,,46,42,24,DOE,1.0625,0.8215490891747859
loocv_ref,Augmented|LOCO,,GPR,50,LOCO,Augmented,Thickness_mean,,,,47,49,31,DOE,25.6225,26.36054630307877
loocv_ref,Augmented|LOCO,,GPR,50,LOCO,Augmented,Thickness_mean,,,,48,54,36,DOE,4.335,5.431941781887593
loocv_ref,Augmented|LOCO,,GPR,50,LOCO,Augmented,Thickness_mean,,,,49,52,34,DOE,22.5,30.05745165201494
loocv_ref,Augmented|LOCO,,GPR,50,LOCO,Augmented,Thickness_mean,,,,50,47,29,DOE,1.0525000000000002,1.5106637806753458
loocv_ref,Augmented|LOCO,,GPR,50,LOCO,Augmented,Thickness_mean,,,,51,51,33,DOE,1.1124999999999998,0.5256069058647217
loocv_ref,Augmented|LOCO,,GPR,50,LOCO,Augmented,Thickness_mean,,,,52,53,35,DOE,1.285,1.7112771882183857
loocv_ref,Augmented|LOCO,,GPR,50,LOCO,Augmented,Thickness_mean,,,,53,56,38,DOE,21.8925,27.601462580530104
loocv_ref,Augmented|LOCO,,GPR,50,LOCO,Augmented,Thickness_mean,,,,54,50,32,DOE,25.37,25.854037231583305
loocv_ref,Augmented|LOCO,,GPR,50,LOCO,Augmented,Thickness_mean,,,,55,48,30,DOE,26.11,27.612426460035323
loocv_ref,Augmented|LOCO,,GPR,50,LOCO,Augmented,Thickness_mean,,,,56,55,37,DOE,11.3,13.764384009532797
loocv_ref,Augmented|LOCO,,GPR,51,LOCO,Augmented,Thickness_mean,,,,0,0,0,OFAT,36.34,18.22071391556741
loocv_ref,Augmented|LOCO,,GPR,51,LOCO,Augmented,Thickness_mean,,,,1,1,1,OFAT,19.9225,27.9724458432541
loocv_ref,Augmented|LOCO,,GPR,51,LOCO,Augmented,Thickness_mean,,,,2,2,2,OFAT,25.6625,24.900732363722412
loocv_ref,Augmented|LOCO,,GPR,51,LOCO,Augmented,Thickness_mean,,,,3,3,3,OFAT,20.2075,17.728742714758184
loocv_ref,Augmented|LOCO,,GPR,51,LOCO,Augmented,Thickness_mean,,,,4,4,4,OFAT,15.345,16.841885098062313
loocv_ref,Augmented|LOCO,,GPR,51,LOCO,Augmented,Thickness_mean,,,,5,5,5,OFAT,14.265,16.04596563028721
loocv_ref,Augmented|LOCO,,GPR,51,LOCO,Augmented,Thickness_mean,,,,6,6,6,OFAT,12.9225,16.57753462623436
loocv_ref,Augmented|LOCO,,GPR,51,LOCO,Augmented,Thickness_mean,,,,7,7,7,OFAT,13.2775,16.427540711546843
loocv_ref,Augmented|LOCO,,GPR,51,LOCO,Augmented,Thickness_mean,,,,8,8,8,OFAT,15.329999999999998,18.80371096473148
loocv_ref,Augmented|LOCO,,GPR,51,LOCO,Augmented,Thickness_mean,,,,9,9,9,OFAT,7.855,12.23653213316371
loocv_ref,Augmented|LOCO,,GPR,51,LOCO,Augmented,Thickness_mean,,,,10,10,10,OFAT,2.8075,10.618254933421262
loocv_ref,Augmented|LOCO,,GPR,51,LOCO,Augmented,Thickness_mean,,,,11,11,11,OFAT,7.7875,11.011154632225674
loocv_ref,Augmented|LOCO,,GPR,51,LOCO,Augmented,Thickness_mean,,,,12,12,11,OFAT,9.105,11.011154632225674
loocv_ref,Augmented|LOCO,,GPR,51,LOCO,Augmented,Thickness_mean,,,,13,13,12,OFAT,7.734999999999999,9.216358657981132
loocv_ref,Augmented|LOCO,,GPR,51,LOCO,Augmented,Thickness_mean,,,,14,14,10,OFAT,6.8225,10.618254933421262
loocv_ref,Augmented|LOCO,,GPR,51,LOCO,Augmented,Thickness_mean,,,,15,15,10,OFAT,14.995,10.618254933421262
loocv_ref,Augmented|LOCO,,GPR,51,LOCO,Augmented,Thickness_mean,,,,16,16,13,OFAT,14.025,10.5556111849878
loocv_ref,Augmented|LOCO,,GPR,51,LOCO,Augmented,Thickness_mean,,,,17,17,10,OFAT,9.0475,10.618254933421262
loocv_ref,Augmented|LOCO,,GPR,51,LOCO,Augmented,Thickness_mean,,,,18,18,14,OFAT,22.225,19.988852904603814
loocv_ref,Augmented|LOCO,,GPR,51,LOCO,Augmented,Thickness_mean,,,,19,19,14,OFAT,25.935,19.988852904603814
loocv_ref,Augmented|LOCO,,GPR,51,LOCO,Augmented,Thickness_mean,,,,20,20,15,OFAT,7.03,5.7983208401105895
loocv_ref,Augmented|LOCO,,GPR,51,LOCO,Augmented,Thickness_mean,,,,21,21,16,OFAT,13.5325,10.190547423965238
loocv_ref,Augmented|LOCO,,GPR,51,LOCO,Augmented,Thickness_mean,,,,22,22,14,OFAT,25.29,19.988852904603814
loocv_ref,Augmented|LOCO,,GPR,51,LOCO,Augmented,Thickness_mean,,,,23,23,14,OFAT,21.965,19.988852904603814
loocv_ref,Augmented|LOCO,,GPR,51,LOCO,Augmented,Thickness_mean,,,,24,24,14,OFAT,23.082500000000003,19.988852904603824
loocv_ref,Augmented|LOCO,,GPR,51,LOCO,Augmented,Thickness_mean,,,,25,25,14,OFAT,21.262500000000003,19.988852904603824
loocv_ref,Augmented|LOCO,,GPR,51,LOCO,Augmented,Thickness_mean,,,,26,26,17,OFAT,17.8275,17.6025709811411
loocv_ref,Augmented|LOCO,,GPR,51,LOCO,Augmented,Thickness_mean,,,,27,27,17,OFAT,17.345,17.6025709811411
loocv_ref,Augmented|LOCO,,GPR,51,LOCO,Augmented,Thickness_mean,,,,28,28,17,OFAT,24.4925,17.6025709811411
loocv_ref,Augmented|LOCO,,GPR,51,LOCO,Augmented,Thickness_mean,,,,29,29,17,OFAT,17.695,17.6025709811411
loocv_ref,Augmented|LOCO,,GPR,51,LOCO,Augmented,Thickness_mean,,,,30,30,17,OFAT,16.814999999999998,17.602570981141092
loocv_ref,Augmented|LOCO,,GPR,51,LOCO,Augmented,Thickness_mean,,,,31,31,18,OFAT,14.9425,18.27651303435059
loocv_ref,Augmented|LOCO,,GPR,51,LOCO,Augmented,Thickness_mean,,,,32,32,19,OFAT,9.9625,11.15373438215507
loocv_ref,Augmented|LOCO,,GPR,51,LOCO,Augmented,Thickness_mean,,,,33,33,20,OFAT,4.855,5.933127288756708
loocv_ref,Augmented|LOCO,,GPR,51,LOCO,Augmented,Thickness_mean,,,,34,34,21,OFAT,1.2375,3.3429685179273925
loocv_ref,Augmented|LOCO,,GPR,51,LOCO,Augmented,Thickness_mean,,,,35,35,22,OFAT,2.0275,3.4436968300673865
loocv_ref,Augmented|LOCO,,GPR,51,LOCO,Augmented,Thickness_mean,,,,36,36,23,OFAT,3.535,4.458675019244332
loocv_ref,Augmented|LOCO,,GPR,51,LOCO,Augmented,Thickness_mean,,,,37,37,20,OFAT,8.6425,5.933127288756708
loocv_ref,Augmented|LOCO,,GPR,51,LOCO,Augmented,Thickness_mean,,,,38,38,19,OFAT,12.75,11.15373438215507
loocv_ref,Augmented|LOCO,,GPR,51,LOCO,Augmented,Thickness_mean,,,,39,39,18,OFAT,16.965,18.27651303435059
loocv_ref,Augmented|LOCO,,GPR,51,LOCO,Augmented,Thickness_mean,,,,40,40,19,OFAT,19.6525,11.15373438215507
loocv_ref,Augmented|LOCO,,GPR,51,LOCO,Augmented,Thickness_mean,,,,41,41,19,OFAT,9.2675,11.15373438215507
loocv_ref,Augmented|LOCO,,GPR,51,LOCO,Augmented,Thickness_mean,,,,42,44,26,DOE,5.285,4.120375431811315
loocv_ref,Augmented|LOCO,,GPR,51,LOCO,Augmented,Thickness_mean,,,,43,45,27,DOE,29.6975,24.89116232469845
loocv_ref,Augmented|LOCO,,GPR,51,LOCO,Augmented,Thickness_mean,,,,44,43,25,DOE,1.05,1.2205607494754922
loocv_ref,Augmented|LOCO,,GPR,51,LOCO,Augmented,Thickness_mean,,,,45,46,28,DOE,31.682500000000005,23.08993093567917
loocv_ref,Augmented|LOCO,,GPR,51,LOCO,Augmented,Thickness_mean,,,,46,42,24,DOE,1.0625,0.821547106358766
loocv_ref,Augmented|LOCO,,GPR,51,LOCO,Augmented,Thickness_mean,,,,47,49,31,DOE,25.6225,26.360544177510288
loocv_ref,Augmented|LOCO,,GPR,51,LOCO,Augmented,Thickness_mean,,,,48,54,36,DOE,4.335,5.431941976730222
loocv_ref,Augmented|LOCO,,GPR,51,LOCO,Augmented,Thickness_mean,,,,49,52,34,DOE,22.5,30.05745747813836
loocv_ref,Augmented|LOCO,,GPR,51,LOCO,Augmented,Thickness_mean,,,,50,47,29,DOE,1.0525000000000002,1.5106689343753317
loocv_ref,Augmented|LOCO,,GPR,51,LOCO,Augmented,Thickness_mean,,,,51,51,33,DOE,1.1124999999999998,0.5256061870416886
loocv_ref,Augmented|LOCO,,GPR,51,LOCO,Augmented,Thickness_mean,,,,52,53,35,DOE,1.285,1.7112773312266558
loocv_ref,Augmented|LOCO,,GPR,51,LOCO,Augmented,Thickness_mean,,,,53,56,38,DOE,21.8925,27.601465423582447
loocv_ref,Augmented|LOCO,,GPR,51,LOCO,Augmented,Thickness_mean,,,,54,50,32,DOE,25.37,25.854033119399794
loocv_ref,Augmented|LOCO,,GPR,51,LOCO,Augmented,Thickness_mean,,,,55,48,30,DOE,26.11,27.61243052173549
loocv_ref,Augmented|LOCO,,GPR,51,LOCO,Augmented,Thickness_mean,,,,56,55,37,DOE,11.3,13.764383654599028
