part,step_id,variant,model,seed,cv,subset,target,train_mode,n_added,n,pos,row_id,group_id,source,y_true,y_pred
fivepos,OFAT,,Ridge,42,LOCO,OFAT,Thickness_5pos,,,,0,0,0,OFAT,29.372000000000003,15.565999194572289
fivepos,OFAT,,Ridge,42,LOCO,OFAT,Thickness_5pos,,,,1,1,1,OFAT,19.088,21.744940037758457
fivepos,OFAT,,Ridge,42,LOCO,OFAT,Thickness_5pos,,,,2,2,2,OFAT,24.044,18.288983028659565
fivepos,OFAT,,Ridge,42,LOCO,OFAT,Thickness_5pos,,,,3,3,3,OFAT,20.038,17.416894689385213
fivepos,OFAT,,Ridge,42,LOCO,OFAT,Thickness_5pos,,,,4,4,4,OFAT,15.540000000000001,18.25049435458525
fivepos,OFAT,,Ridge,42,LOCO,OFAT,Thickness_5pos,,,,5,5,5,OFAT,14.366,18.345894180733325
fivepos,OFAT,,Ridge,42,LOCO,OFAT,Thickness_5pos,,,,6,6,6,OFAT,12.963999999999999,26.085203704333686
fivepos,OFAT,,Ridge,42,LOCO,OFAT,Thickness_5pos,,,,7,7,7,OFAT,13.280000000000001,16.575935296046506
fivepos,OFAT,,Ridge,42,LOCO,OFAT,Thickness_5pos,,,,8,8,8,OFAT,15.191999999999998,16.64723649478396
fivepos,OFAT,,Ridge,42,LOCO,OFAT,Thickness_5pos,,,,9,9,9,OFAT,7.712000000000001,8.5101823499515
fivepos,OFAT,,Ridge,42,LOCO,OFAT,Thickness_5pos,,,,10,10,10,OFAT,2.3760000000000003,10.7683385394036
fivepos,OFAT,,Ridge,42,LOCO,OFAT,Thickness_5pos,,,,11,11,11,OFAT,7.786,17.88955931469787
fivepos,OFAT,,Ridge,42,LOCO,OFAT,Thickness_5pos,,,,12,12,11,OFAT,9.190000000000001,17.88955931469787
fivepos,OFAT,,Ridge,42,LOCO,OFAT,Thickness_5pos,,,,13,13,12,OFAT,7.714,11.29975578782414
fivepos,OFAT,,Ridge,42,LOCO,OFAT,Thickness_5pos,,,,14,14,10,OFAT,6.81,10.7683385394036
fivepos,OFAT,,Ridge,42,LOCO,OFAT,Thickness_5pos,,,,15,15,10,OFAT,16.612000000000002,10.7683385394036
fivepos,OFAT,,Ridge,42,LOCO,OFAT,Thickness_5pos,,,,16,16,13,OFAT,14.952000000000002,11.562972183439022
fivepos,OFAT,,Ridge,42,LOCO,OFAT,Thickness_5pos,,,,17,17,10,OFAT,10.623999999999999,10.7683385394036
fivepos,OFAT,,Ridge,42,LOCO,OFAT,Thickness_5pos,,,,18,18,14,OFAT,24.566000000000003,21.889063490584448
fivepos,OFAT,,Ridge,42,LOCO,OFAT,Thickness_5pos,,,,19,19,14,OFAT,28.262,21.889063490584448
fivepos,OFAT,,Ridge,42,LOCO,OFAT,Thickness_5pos,,,,20,20,15,OFAT,7.484,6.506169189818456
fivepos,OFAT,,Ridge,42,LOCO,OFAT,Thickness_5pos,,,,21,21,16,OFAT,15.064000000000002,11.301583515717482
fivepos,OFAT,,Ridge,42,LOCO,OFAT,Thickness_5pos,,,,22,22,14,OFAT,33.33,21.889063490584448
fivepos,OFAT,,Ridge,42,LOCO,OFAT,Thickness_5pos,,,,23,23,14,OFAT,23.546,21.889063490584448
fivepos,OFAT,,Ridge,42,LOCO,OFAT,Thickness_5pos,,,,24,24,14,OFAT,25.130000000000003,21.889063490584448
fivepos,OFAT,,Ridge,42,LOCO,OFAT,Thickness_5pos,,,,25,25,14,OFAT,22.818,21.889063490584448
fivepos,OFAT,,Ridge,42,LOCO,OFAT,Thickness_5pos,,,,26,26,17,OFAT,18.386000000000003,20.305952569049772
fivepos,OFAT,,Ridge,42,LOCO,OFAT,Thickness_5pos,,,,27,27,17,OFAT,18.174,20.305952569049772
fivepos,OFAT,,Ridge,42,LOCO,OFAT,Thickness_5pos,,,,28,28,17,OFAT,24.241999999999997,20.305952569049772
fivepos,OFAT,,Ridge,42,LOCO,OFAT,Thickness_5pos,,,,29,29,17,OFAT,18.942,20.305952569049772
fivepos,OFAT,,Ridge,42,LOCO,OFAT,Thickness_5pos,,,,30,30,17,OFAT,18.624,20.305952569049772
fivepos,OFAT,,Ridge,42,LOCO,OFAT,Thickness_5pos,,,,31,31,18,OFAT,15.928,18.882230231761884
fivepos,OFAT,,Ridge,42,LOCO,OFAT,Thickness_5pos,,,,32,32,19,OFAT,10.406,12.652313009130879
fivepos,OFAT,,Ridge,42,LOCO,OFAT,Thickness_5pos,,,,33,33,20,OFAT,5.188000000000001,5.89109768400785
fivepos,OFAT,,Ridge,42,LOCO,OFAT,Thickness_5pos,,,,34,34,21,OFAT,1.198,0.8994392022063469
fivepos,OFAT,,Ridge,42,LOCO,OFAT,Thickness_5pos,,,,35,35,22,OFAT,2.078,1.9657721338267855
fivepos,OFAT,,Ridge,42,LOCO,OFAT,Thickness_5pos,,,,36,36,23,OFAT,3.6160000000000005,4.099943283301267
fivepos,OFAT,,Ridge,42,LOCO,OFAT,Thickness_5pos,,,,37,37,20,OFAT,12.488,5.89109768400785
fivepos,OFAT,,Ridge,42,LOCO,OFAT,Thickness_5pos,,,,38,38,19,OFAT,15.386000000000001,12.652313009130879
fivepos,OFAT,,Ridge,42,LOCO,OFAT,Thickness_5pos,,,,39,39,18,OFAT,19.972,18.882230231761884
fivepos,OFAT,,Ridge,42,LOCO,OFAT,Thickness_5pos,,,,40,40,19,OFAT,17.589999999999996,12.652313009130879
fivepos,OFAT,,Ridge,42,LOCO,OFAT,Thickness_5pos,,,,41,41,19,OFAT,9.268,12.652313009130879
fivepos,OFAT,,Ridge,43,LOCO,OFAT,Thickness_5pos,,,,0,0,0,OFAT,29.372000000000003,15.565999194572289
fivepos,OFAT,,Ridge,43,LOCO,OFAT,Thickness_5pos,,,,1,1,1,OFAT,19.088,20.90646606016584
fivepos,OFAT,,Ridge,43,LOCO,OFAT,Thickness_5pos,,,,2,2,2,OFAT,24.044,17.7818638118689
fivepos,OFAT,,Ridge,43,LOCO,OFAT,Thickness_5pos,,,,3,3,3,OFAT,20.038,18.030610936911568
fivepos,OFAT,,Ridge,43,LOCO,OFAT,Thickness_5pos,,,,4,4,4,OFAT,15.540000000000001,18.590267165906997
fivepos,OFAT,,Ridge,43,LOCO,OFAT,Thickness_5pos,,,,5,5,5,OFAT,14.366,18.75723790310391
fivepos,OFAT,,Ridge,43,LOCO,OFAT,Thickness_5pos,,,,6,6,6,OFAT,12.963999999999999,26.68984871569268
fivepos,OFAT,,Ridge,43,LOCO,OFAT,Thickness_5pos,,,,7,7,7,OFAT,13.280000000000001,16.575935296046506
fivepos,OFAT,,Ridge,43,LOCO,OFAT,Thickness_5pos,,,,8,8,8,OFAT,15.191999999999998,15.815055704404255
fivepos,OFAT,,Ridge,43,LOCO,OFAT,Thickness_5pos,,,,9,9,9,OFAT,7.712000000000001,7.032799892996877
fivepos,OFAT,,Ridge,43,LOCO,OFAT,Thickness_5pos,,,,10,10,10,OFAT,2.3760000000000003,10.493941023852031
fivepos,OFAT,,Ridge,43,LOCO,OFAT,Thickness_5pos,,,,11,11,11,OFAT,7.786,16.597770569945276
fivepos,OFAT,,Ridge,43,LOCO,OFAT,Thickness_5pos,,,,12,12,11,OFAT,9.190000000000001,16.597770569945276
fivepos,OFAT,,Ridge,43,LOCO,OFAT,Thickness_5pos,,,,13,13,12,OFAT,7.714,11.29975578782414
fivepos,OFAT,,Ridge,43,LOCO,OFAT,Thickness_5pos,,,,14,14,10,OFAT,6.81,10.493941023852031
fivepos,OFAT,,Ridge,43,LOCO,OFAT,Thickness_5pos,,,,15,15,10,OFAT,16.612000000000002,10.493941023852031
fivepos,OFAT,,Ridge,43,LOCO,OFAT,Thickness_5pos,,,,16,16,13,OFAT,14.952000000000002,11.7144830525604
fivepos,OFAT,,Ridge,43,LOCO,OFAT,Thickness_5pos,,,,17,17,10,OFAT,10.623999999999999,10.493941023852031
fivepos,OFAT,,Ridge,43,LOCO,OFAT,Thickness_5pos,,,,18,18,14,OFAT,24.566000000000003,19.874488695297835
fivepos,OFAT,,Ridge,43,LOCO,OFAT,Thickness_5pos,,,,19,19,14,OFAT,28.262,19.874488695297835
fivepos,OFAT,,Ridge,43,LOCO,OFAT,Thickness_5pos,,,,20,20,15,OFAT,7.484,6.506169189818456
fivepos,OFAT,,Ridge,43,LOCO,OFAT,Thickness_5pos,,,,21,21,16,OFAT,15.064000000000002,11.301583515717482
fivepos,OFAT,,Ridge,43,LOCO,OFAT,Thickness_5pos,,,,22,22,14,OFAT,33.33,19.874488695297835
fivepos,OFAT,,Ridge,43,LOCO,OFAT,Thickness_5pos,,,,23,23,14,OFAT,23.546,19.874488695297835
fivepos,OFAT,,Ridge,43,LOCO,OFAT,Thickness_5pos,,,,24,24,14,OFAT,25.130000000000003,19.874488695297835
fivepos,OFAT,,Ridge,43,LOCO,OFAT,Thickness_5pos,,,,25,25,14,OFAT,22.818,19.874488695297835
fivepos,OFAT,,Ridge,43,LOCO,OFAT,Thickness_5pos,,,,26,26,17,OFAT,18.386000000000003,20.305952569049772
fivepos,OFAT,,Ridge,43,LOCO,OFAT,Thickness_5pos,,,,27,27,17,OFAT,18.174,20.305952569049772
fivepos,OFAT,,Ridge,43,LOCO,OFAT,Thickness_5pos,,,,28,28,17,OFAT,24.241999999999997,20.305952569049772
fivepos,OFAT,,Ridge,43,LOCO,OFAT,Thickness_5pos,,,,29,29,17,OFAT,18.942,20.305952569049772
fivepos,OFAT,,Ridge,43,LOCO,OFAT,Thickness_5pos,,,,30,30,17,OFAT,18.624,20.305952569049772
fivepos,OFAT,,Ridge,43,LOCO,OFAT,Thickness_5pos,,,,31,31,18,OFAT,15.928,18.882230231761884
fivepos,OFAT,,Ridge,43,LOCO,OFAT,Thickness_5pos,,,,32,32,19,OFAT,10.406,12.756386822351944
fivepos,OFAT,,Ridge,43,LOCO,OFAT,Thickness_5pos,,,,33,33,20,OFAT,5.188000000000001,6.414924368990057
fivepos,OFAT,,Ridge,43,LOCO,OFAT,Thickness_5pos,,,,34,34,21,OFAT,1.198,1.717784284194309
fivepos,OFAT,,Ridge,43,LOCO,OFAT,Thickness_5pos,,,,35,35,22,OFAT,2.078,2.7166803320987984
fivepos,OFAT,,Ridge,43,LOCO,OFAT,Thickness_5pos,,,,36,36,23,OFAT,3.6160000000000005,4.717822885572076
fivepos,OFAT,,Ridge,43,LOCO,OFAT,Thickness_5pos,,,,37,37,20,OFAT,12.488,6.414924368990057
fivepos,OFAT,,Ridge,43,LOCO,OFAT,Thickness_5pos,,,,38,38,19,OFAT,15.386000000000001,12.756386822351944
fivepos,OFAT,,Ridge,43,LOCO,OFAT,Thickness_5pos,,,,39,39,18,OFAT,19.972,18.882230231761884
fivepos,OFAT,,Ridge,43,LOCO,OFAT,Thickness_5pos,,,,40,40,19,OFAT,17.589999999999996,12.756386822351944
fivepos,OFAT,,Ridge,43,LOCO,OFAT,Thickness_5pos,,,,41,41,19,OFAT,9.268,12.756386822351944
fivepos,OFAT,,Ridge,44,LOCO,OFAT,Thickness_5pos,,,,0,0,0,OFAT,29.372000000000003,15.363837297828688
fivepos,OFAT,,Ridge,44,LOCO,OFAT,Thickness_5pos,,,,1,1,1,OFAT,19.088,20.90646606016584
fivepos,OFAT,,Ridge,44,LOCO,OFAT,Thickness_5pos,,,,2,2,2,OFAT,24.044,18.087351029483116
fivepos,OFAT,,Ridge,44,LOCO,OFAT,Thickness_5pos,,,,3,3,3,OFAT,20.038,17.719272928482454
fivepos,OFAT,,Ridge,44,LOCO,OFAT,Thickness_5pos,,,,4,4,4,OFAT,15.540000000000001,18.590267165906997
fivepos,OFAT,,Ridge,44,LOCO,OFAT,Thickness_5pos,,,,5,5,5,OFAT,14.366,18.75723790310391
fivepos,OFAT,,Ridge,44,LOCO,OFAT,Thickness_5pos,,,,6,6,6,OFAT,12.963999999999999,26.085203704333686
fivepos,OFAT,,Ridge,44,LOCO,OFAT,Thickness_5pos,,,,7,7,7,OFAT,13.280000000000001,14.930459087033507
fivepos,OFAT,,Ridge,44,LOCO,OFAT,Thickness_5pos,,,,8,8,8,OFAT,15.191999999999998,15.150633461827175
fivepos,OFAT,,Ridge,44,LOCO,OFAT,Thickness_5pos,,,,9,9,9,OFAT,7.712000000000001,6.011198872247276
fivepos,OFAT,,Ridge,44,LOCO,OFAT,Thickness_5pos,,,,10,10,10,OFAT,2.3760000000000003,10.7683385394036
fivepos,OFAT,,Ridge,44,LOCO,OFAT,Thickness_5pos,,,,11,11,11,OFAT,7.786,17.88955931469787
fivepos,OFAT,,Ridge,44,LOCO,OFAT,Thickness_5pos,,,,12,12,11,OFAT,9.190000000000001,17.88955931469787
fivepos,OFAT,,Ridge,44,LOCO,OFAT,Thickness_5pos,,,,13,13,12,OFAT,7.714,11.29975578782414
fivepos,OFAT,,Ridge,44,LOCO,OFAT,Thickness_5pos,,,,14,14,10,OFAT,6.81,10.7683385394036
fivepos,OFAT,,Ridge,44,LOCO,OFAT,Thickness_5pos,,,,15,15,10,OFAT,16.612000000000002,10.7683385394036
fivepos,OFAT,,Ridge,44,LOCO,OFAT,Thickness_5pos,,,,16,16,13,OFAT,14.952000000000002,11.7144830525604
fivepos,OFAT,,Ridge,44,LOCO,OFAT,Thickness_5pos,,,,17,17,10,OFAT,10.623999999999999,10.7683385394036
fivepos,OFAT,,Ridge,44,LOCO,OFAT,Thickness_5pos,,,,18,18,14,OFAT,24.566000000000003,21.889063490584448
fivepos,OFAT,,Ridge,44,LOCO,OFAT,Thickness_5pos,,,,19,19,14,OFAT,28.262,21.889063490584448
fivepos,OFAT,,Ridge,44,LOCO,OFAT,Thickness_5pos,,,,20,20,15,OFAT,7.484,6.506169189818456
fivepos,OFAT,,Ridge,44,LOCO,OFAT,Thickness_5pos,,,,21,21,16,OFAT,15.064000000000002,11.301583515717482
fivepos,OFAT,,Ridge,44,LOCO,OFAT,Thickness_5pos,,,,22,22,14,OFAT,33.33,21.889063490584448
fivepos,OFAT,,Ridge,44,LOCO,OFAT,Thickness_5pos,,,,23,23,14,OFAT,23.546,21.889063490584448
fivepos,OFAT,,Ridge,44,LOCO,OFAT,Thickness_5pos,,,,24,24,14,OFAT,25.130000000000003,21.889063490584448
fivepos,OFAT,,Ridge,44,LOCO,OFAT,Thickness_5pos,,,,25,25,14,OFAT,22.818,21.889063490584448
fivepos,OFAT,,Ridge,44,LOCO,OFAT,Thickness_5pos,,,,26,26,17,OFAT,18.386000000000003,20.305952569049772
fivepos,OFAT,,Ridge,44,LOCO,OFAT,Thickness_5pos,,,,27,27,17,OFAT,18.174,20.305952569049772
fivepos,OFAT,,Ridge,44,LOCO,OFAT,Thickness_5pos,,,,28,28,17,OFAT,24.241999999999997,20.305952569049772
fivepos,OFAT,,Ridge,44,LOCO,OFAT,Thickness_5pos,,,,29,29,17,OFAT,18.942,20.305952569049772
fivepos,OFAT,,Ridge,44,LOCO,OFAT,Thickness_5pos,,,,30,30,17,OFAT,18.624,20.305952569049772
fivepos,OFAT,,Ridge,44,LOCO,OFAT,Thickness_5pos,,,,31,31,18,OFAT,15.928,18.882230231761884
fivepos,OFAT,,Ridge,44,LOCO,OFAT,Thickness_5pos,,,,32,32,19,OFAT,10.406,12.756386822351944
fivepos,OFAT,,Ridge,44,LOCO,OFAT,Thickness_5pos,,,,33,33,20,OFAT,5.188000000000001,5.89109768400785
fivepos,OFAT,,Ridge,44,LOCO,OFAT,Thickness_5pos,,,,34,34,21,OFAT,1.198,1.717784284194309
fivepos,OFAT,,Ridge,44,LOCO,OFAT,Thickness_5pos,,,,35,35,22,OFAT,2.078,2.7166803320987984
fivepos,OFAT,,Ridge,44,LOCO,OFAT,Thickness_5pos,,,,36,36,23,OFAT,3.6160000000000005,4.717822885572076
fivepos,OFAT,,Ridge,44,LOCO,OFAT,Thickness_5pos,,,,37,37,20,OFAT,12.488,5.89109768400785
fivepos,OFAT,,Ridge,44,LOCO,OFAT,Thickness_5pos,,,,38,38,19,OFAT,15.386000000000001,12.756386822351944
fivepos,OFAT,,Ridge,44,LOCO,OFAT,Thickness_5pos,,,,39,39,18,OFAT,19.972,18.882230231761884
fivepos,OFAT,,Ridge,44,LOCO,OFAT,Thickness_5pos,,,,40,40,19,OFAT,17.589999999999996,12.756386822351944
fivepos,OFAT,,Ridge,44,LOCO,OFAT,Thickness_5pos,,,,41,41,19,OFAT,9.268,12.756386822351944
fivepos,OFAT,,Ridge,45,LOCO,OFAT,Thickness_5pos,,,,0,0,0,OFAT,29.372000000000003,15.565999194572289
fivepos,OFAT,,Ridge,45,LOCO,OFAT,Thickness_5pos,,,,1,1,1,OFAT,19.088,21.666877865445226
fivepos,OFAT,,Ridge,45,LOCO,OFAT,Thickness_5pos,,,,2,2,2,OFAT,24.044,18.288983028659565
fivepos,OFAT,,Ridge,45,LOCO,OFAT,Thickness_5pos,,,,3,3,3,OFAT,20.038,17.45324325504864
fivepos,OFAT,,Ridge,45,LOCO,OFAT,Thickness_5pos,,,,4,4,4,OFAT,15.540000000000001,18.350519659865316
fivepos,OFAT,,Ridge,45,LOCO,OFAT,Thickness_5pos,,,,5,5,5,OFAT,14.366,18.466786097067594
fivepos,OFAT,,Ridge,45,LOCO,OFAT,Thickness_5pos,,,,6,6,6,OFAT,12.963999999999999,25.0308965821122
fivepos,OFAT,,Ridge,45,LOCO,OFAT,Thickness_5pos,,,,7,7,7,OFAT,13.280000000000001,16.575935296046506
fivepos,OFAT,,Ridge,45,LOCO,OFAT,Thickness_5pos,,,,8,8,8,OFAT,15.191999999999998,16.64723649478396
fivepos,OFAT,,Ridge,45,LOCO,OFAT,Thickness_5pos,,,,9,9,9,OFAT,7.712000000000001,8.5101823499515
fivepos,OFAT,,Ridge,45,LOCO,OFAT,Thickness_5pos,,,,10,10,10,OFAT,2.3760000000000003,10.7683385394036
fivepos,OFAT,,Ridge,45,LOCO,OFAT,Thickness_5pos,,,,11,11,11,OFAT,7.786,16.597770569945276
fivepos,OFAT,,Ridge,45,LOCO,OFAT,Thickness_5pos,,,,12,12,11,OFAT,9.190000000000001,16.597770569945276
fivepos,OFAT,,Ridge,45,LOCO,OFAT,Thickness_5pos,,,,13,13,12,OFAT,7.714,11.29975578782414
fivepos,OFAT,,Ridge,45,LOCO,OFAT,Thickness_5pos,,,,14,14,10,OFAT,6.81,10.7683385394036
fivepos,OFAT,,Ridge,45,LOCO,OFAT,Thickness_5pos,,,,15,15,10,OFAT,16.612000000000002,10.7683385394036
fivepos,OFAT,,Ridge,45,LOCO,OFAT,Thickness_5pos,,,,16,16,13,OFAT,14.952000000000002,11.7144830525604
fivepos,OFAT,,Ridge,45,LOCO,OFAT,Thickness_5pos,,,,17,17,10,OFAT,10.623999999999999,10.7683385394036
fivepos,OFAT,,Ridge,45,LOCO,OFAT,Thickness_5pos,,,,18,18,14,OFAT,24.566000000000003,22.847186306445465
fivepos,OFAT,,Ridge,45,LOCO,OFAT,Thickness_5pos,,,,19,19,14,OFAT,28.262,22.847186306445465
fivepos,OFAT,,Ridge,45,LOCO,OFAT,Thickness_5pos,,,,20,20,15,OFAT,7.484,6.506169189818456
fivepos,OFAT,,Ridge,45,LOCO,OFAT,Thickness_5pos,,,,21,21,16,OFAT,15.064000000000002,11.301583515717482
fivepos,OFAT,,Ridge,45,LOCO,OFAT,Thickness_5pos,,,,22,22,14,OFAT,33.33,22.847186306445465
fivepos,OFAT,,Ridge,45,LOCO,OFAT,Thickness_5pos,,,,23,23,14,OFAT,23.546,22.847186306445465
fivepos,OFAT,,Ridge,45,LOCO,OFAT,Thickness_5pos,,,,24,24,14,OFAT,25.130000000000003,22.847186306445465
fivepos,OFAT,,Ridge,45,LOCO,OFAT,Thickness_5pos,,,,25,25,14,OFAT,22.818,22.847186306445465
fivepos,OFAT,,Ridge,45,LOCO,OFAT,Thickness_5pos,,,,26,26,17,OFAT,18.386000000000003,20.305952569049772
fivepos,OFAT,,Ridge,45,LOCO,OFAT,Thickness_5pos,,,,27,27,17,OFAT,18.174,20.305952569049772
fivepos,OFAT,,Ridge,45,LOCO,OFAT,Thickness_5pos,,,,28,28,17,OFAT,24.241999999999997,20.305952569049772
fivepos,OFAT,,Ridge,45,LOCO,OFAT,Thickness_5pos,,,,29,29,17,OFAT,18.942,20.305952569049772
fivepos,OFAT,,Ridge,45,LOCO,OFAT,Thickness_5pos,,,,30,30,17,OFAT,18.624,20.305952569049772
fivepos,OFAT,,Ridge,45,LOCO,OFAT,Thickness_5pos,,,,31,31,18,OFAT,15.928,18.882230231761884
fivepos,OFAT,,Ridge,45,LOCO,OFAT,Thickness_5pos,,,,32,32,19,OFAT,10.406,12.756386822351944
fivepos,OFAT,,Ridge,45,LOCO,OFAT,Thickness_5pos,,,,33,33,20,OFAT,5.188000000000001,6.414924368990057
fivepos,OFAT,,Ridge,45,LOCO,OFAT,Thickness_5pos,,,,34,34,21,OFAT,1.198,1.717784284194309
fivepos,OFAT,,Ridge,45,LOCO,OFAT,Thickness_5pos,,,,35,35,22,OFAT,2.078,2.7166803320987984
fivepos,OFAT,,Ridge,45,LOCO,OFAT,Thickness_5pos,,,,36,36,23,OFAT,3.6160000000000005,4.717822885572076
fivepos,OFAT,,Ridge,45,LOCO,OFAT,Thickness_5pos,,,,37,37,20,OFAT,12.488,6.414924368990057
fivepos,OFAT,,Ridge,45,LOCO,OFAT,Thickness_5pos,,,,38,38,19,OFAT,15.386000000000001,12.756386822351944
fivepos,OFAT,,Ridge,45,LOCO,OFAT,Thickness_5pos,,,,39,39,18,OFAT,19.972,18.882230231761884
fivepos,OFAT,,Ridge,45,LOCO,OFAT,Thickness_5pos,,,,40,40,19,OFAT,17.589999999999996,12.756386822351944
fivepos,OFAT,,Ridge,45,LOCO,OFAT,Thickness_5pos,,,,41,41,19,OFAT,9.268,12.756386822351944
fivepos,OFAT,,Ridge,46,LOCO,OFAT,Thickness_5pos,,,,0,0,0,OFAT,29.372000000000003,15.565999194572289
fivepos,OFAT,,Ridge,46,LOCO,OFAT,Thickness_5pos,,,,1,1,1,OFAT,19.088,21.666877865445226
fivepos,OFAT,,Ridge,46,LOCO,OFAT,Thickness_5pos,,,,2,2,2,OFAT,24.044,18.237507483112026
fivepos,OFAT,,Ridge,46,LOCO,OFAT,Thickness_5pos,,,,3,3,3,OFAT,20.038,17.531433662456443
fivepos,OFAT,,Ridge,46,LOCO,OFAT,Thickness_5pos,,,,4,4,4,OFAT,15.540000000000001,18.350519659865316
fivepos,OFAT,,Ridge,46,LOCO,OFAT,Thickness_5pos,,,,5,5,5,OFAT,14.366,18.466786097067594
fivepos,OFAT,,Ridge,46,LOCO,OFAT,Thickness_5pos,,,,6,6,6,OFAT,12.963999999999999,26.709200218279385
fivepos,OFAT,,Ridge,46,LOCO,OFAT,Thickness_5pos,,,,7,7,7,OFAT,13.280000000000001,16.575935296046506
fivepos,OFAT,,Ridge,46,LOCO,OFAT,Thickness_5pos,,,,8,8,8,OFAT,15.191999999999998,16.64723649478396
fivepos,OFAT,,Ridge,46,LOCO,OFAT,Thickness_5pos,,,,9,9,9,OFAT,7.712000000000001,8.5101823499515
fivepos,OFAT,,Ridge,46,LOCO,OFAT,Thickness_5pos,,,,10,10,10,OFAT,2.3760000000000003,10.493941023852031
fivepos,OFAT,,Ridge,46,LOCO,OFAT,Thickness_5pos,,,,11,11,11,OFAT,7.786,17.88955931469787
fivepos,OFAT,,Ridge,46,LOCO,OFAT,Thickness_5pos,,,,12,12,11,OFAT,9.190000000000001,17.88955931469787
fivepos,OFAT,,Ridge,46,LOCO,OFAT,Thickness_5pos,,,,13,13,12,OFAT,7.714,11.29975578782414
fivepos,OFAT,,Ridge,46,LOCO,OFAT,Thickness_5pos,,,,14,14,10,OFAT,6.81,10.493941023852031
fivepos,OFAT,,Ridge,46,LOCO,OFAT,Thickness_5pos,,,,15,15,10,OFAT,16.612000000000002,10.493941023852031
fivepos,OFAT,,Ridge,46,LOCO,OFAT,Thickness_5pos,,,,16,16,13,OFAT,14.952000000000002,11.7144830525604
fivepos,OFAT,,Ridge,46,LOCO,OFAT,Thickness_5pos,,,,17,17,10,OFAT,10.623999999999999,10.493941023852031
fivepos,OFAT,,Ridge,46,LOCO,OFAT,Thickness_5pos,,,,18,18,14,OFAT,24.566000000000003,22.847186306445465
fivepos,OFAT,,Ridge,46,LOCO,OFAT,Thickness_5pos,,,,19,19,14,OFAT,28.262,22.847186306445465
fivepos,OFAT,,Ridge,46,LOCO,OFAT,Thickness_5pos,,,,20,20,15,OFAT,7.484,6.506169189818456
fivepos,OFAT,,Ridge,46,LOCO,OFAT,Thickness_5pos,,,,21,21,16,OFAT,15.064000000000002,11.301583515717482
fivepos,OFAT,,Ridge,46,LOCO,OFAT,Thickness_5pos,,,,22,22,14,OFAT,33.33,22.847186306445465
fivepos,OFAT,,Ridge,46,LOCO,OFAT,Thickness_5pos,,,,23,23,14,OFAT,23.546,22.847186306445465
fivepos,OFAT,,Ridge,46,LOCO,OFAT,Thickness_5pos,,,,24,24,14,OFAT,25.130000000000003,22.847186306445465
fivepos,OFAT,,Ridge,46,LOCO,OFAT,Thickness_5pos,,,,25,25,14,OFAT,22.818,22.847186306445465
fivepos,OFAT,,Ridge,46,LOCO,OFAT,Thickness_5pos,,,,26,26,17,OFAT,18.386000000000003,20.84509822320038
fivepos,OFAT,,Ridge,46,LOCO,OFAT,Thickness_5pos,,,,27,27,17,OFAT,18.174,20.84509822320038
fivepos,OFAT,,Ridge,46,LOCO,OFAT,Thickness_5pos,,,,28,28,17,OFAT,24.241999999999997,20.84509822320038
fivepos,OFAT,,Ridge,46,LOCO,OFAT,Thickness_5pos,,,,29,29,17,OFAT,18.942,20.84509822320038
fivepos,OFAT,,Ridge,46,LOCO,OFAT,Thickness_5pos,,,,30,30,17,OFAT,18.624,20.84509822320038
fivepos,OFAT,,Ridge,46,LOCO,OFAT,Thickness_5pos,,,,31,31,18,OFAT,15.928,18.882230231761884
fivepos,OFAT,,Ridge,46,LOCO,OFAT,Thickness_5pos,,,,32,32,19,OFAT,10.406,12.756386822351944
fivepos,OFAT,,Ridge,46,LOCO,OFAT,Thickness_5pos,,,,33,33,20,OFAT,5.188000000000001,6.414924368990057
fivepos,OFAT,,Ridge,46,LOCO,OFAT,Thickness_5pos,,,,34,34,21,OFAT,1.198,1.717784284194309
fivepos,OFAT,,Ridge,46,LOCO,OFAT,Thickness_5pos,,,,35,35,22,OFAT,2.078,2.7166803320987984
fivepos,OFAT,,Ridge,46,LOCO,OFAT,Thickness_5pos,,,,36,36,23,OFAT,3.6160000000000005,4.717822885572076
fivepos,OFAT,,Ridge,46,LOCO,OFAT,Thickness_5pos,,,,37,37,20,OFAT,12.488,6.414924368990057
fivepos,OFAT,,Ridge,46,LOCO,OFAT,Thickness_5pos,,,,38,38,19,OFAT,15.386000000000001,12.756386822351944
fivepos,OFAT,,Ridge,46,LOCO,OFAT,Thickness_5pos,,,,39,39,18,OFAT,19.972,18.882230231761884
fivepos,OFAT,,Ridge,46,LOCO,OFAT,Thickness_5pos,,,,40,40,19,OFAT,17.589999999999996,12.756386822351944
fivepos,OFAT,,Ridge,46,LOCO,OFAT,Thickness_5pos,,,,41,41,19,OFAT,9.268,12.756386822351944
fivepos,OFAT,,Ridge,47,LOCO,OFAT,Thickness_5pos,,,,0,0,0,OFAT,29.372000000000003,15.33714498674168
fivepos,OFAT,,Ridge,47,LOCO,OFAT,Thickness_5pos,,,,1,1,1,OFAT,19.088,21.782064553640645
fivepos,OFAT,,Ridge,47,LOCO,OFAT,Thickness_5pos,,,,2,2,2,OFAT,24.044,18.288983028659565
fivepos,OFAT,,Ridge,47,LOCO,OFAT,Thickness_5pos,,,,3,3,3,OFAT,20.038,17.45324325504864
fivepos,OFAT,,Ridge,47,LOCO,OFAT,Thickness_5pos,,,,4,4,4,OFAT,15.540000000000001,18.25049435458525
fivepos,OFAT,,Ridge,47,LOCO,OFAT,Thickness_5pos,,,,5,5,5,OFAT,14.366,18.345894180733325
fivepos,OFAT,,Ridge,47,LOCO,OFAT,Thickness_5pos,,,,6,6,6,OFAT,12.963999999999999,23.127296577236
fivepos,OFAT,,Ridge,47,LOCO,OFAT,Thickness_5pos,,,,7,7,7,OFAT,13.280000000000001,17.51308741936678
fivepos,OFAT,,Ridge,47,LOCO,OFAT,Thickness_5pos,,,,8,8,8,OFAT,15.191999999999998,17.464766727352853
fivepos,OFAT,,Ridge,47,LOCO,OFAT,Thickness_5pos,,,,9,9,9,OFAT,7.712000000000001,10.667867038424177
fivepos,OFAT,,Ridge,47,LOCO,OFAT,Thickness_5pos,,,,10,10,10,OFAT,2.3760000000000003,10.7683385394036
fivepos,OFAT,,Ridge,47,LOCO,OFAT,Thickness_5pos,,,,11,11,11,OFAT,7.786,18.08601595739736
fivepos,OFAT,,Ridge,47,LOCO,OFAT,Thickness_5pos,,,,12,12,11,OFAT,9.190000000000001,18.08601595739736
fivepos,OFAT,,Ridge,47,LOCO,OFAT,Thickness_5pos,,,,13,13,12,OFAT,7.714,11.639579111052683
fivepos,OFAT,,Ridge,47,LOCO,OFAT,Thickness_5pos,,,,14,14,10,OFAT,6.81,10.7683385394036
fivepos,OFAT,,Ridge,47,LOCO,OFAT,Thickness_5pos,,,,15,15,10,OFAT,16.612000000000002,10.7683385394036
fivepos,OFAT,,Ridge,47,LOCO,OFAT,Thickness_5pos,,,,16,16,13,OFAT,14.952000000000002,12.12358681302477
fivepos,OFAT,,Ridge,47,LOCO,OFAT,Thickness_5pos,,,,17,17,10,OFAT,10.623999999999999,10.7683385394036
fivepos,OFAT,,Ridge,47,LOCO,OFAT,Thickness_5pos,,,,18,18,14,OFAT,24.566000000000003,21.889063490584448
fivepos,OFAT,,Ridge,47,LOCO,OFAT,Thickness_5pos,,,,19,19,14,OFAT,28.262,21.889063490584448
fivepos,OFAT,,Ridge,47,LOCO,OFAT,Thickness_5pos,,,,20,20,15,OFAT,7.484,7.758487124747466
fivepos,OFAT,,Ridge,47,LOCO,OFAT,Thickness_5pos,,,,21,21,16,OFAT,15.064000000000002,11.774192413405002
fivepos,OFAT,,Ridge,47,LOCO,OFAT,Thickness_5pos,,,,22,22,14,OFAT,33.33,21.889063490584448
fivepos,OFAT,,Ridge,47,LOCO,OFAT,Thickness_5pos,,,,23,23,14,OFAT,23.546,21.889063490584448
fivepos,OFAT,,Ridge,47,LOCO,OFAT,Thickness_5pos,,,,24,24,14,OFAT,25.130000000000003,21.889063490584448
fivepos,OFAT,,Ridge,47,LOCO,OFAT,Thickness_5pos,,,,25,25,14,OFAT,22.818,21.889063490584448
fivepos,OFAT,,Ridge,47,LOCO,OFAT,Thickness_5pos,,,,26,26,17,OFAT,18.386000000000003,20.305952569049772
fivepos,OFAT,,Ridge,47,LOCO,OFAT,Thickness_5pos,,,,27,27,17,OFAT,18.174,20.305952569049772
fivepos,OFAT,,Ridge,47,LOCO,OFAT,Thickness_5pos,,,,28,28,17,OFAT,24.241999999999997,20.305952569049772
fivepos,OFAT,,Ridge,47,LOCO,OFAT,Thickness_5pos,,,,29,29,17,OFAT,18.942,20.305952569049772
fivepos,OFAT,,Ridge,47,LOCO,OFAT,Thickness_5pos,,,,30,30,17,OFAT,18.624,20.305952569049772
fivepos,OFAT,,Ridge,47,LOCO,OFAT,Thickness_5pos,,,,31,31,18,OFAT,15.928,18.12332741273187
fivepos,OFAT,,Ridge,47,LOCO,OFAT,Thickness_5pos,,,,32,32,19,OFAT,10.406,12.756386822351944
fivepos,OFAT,,Ridge,47,LOCO,OFAT,Thickness_5pos,,,,33,33,20,OFAT,5.188000000000001,7.729773987521766
fivepos,OFAT,,Ridge,47,LOCO,OFAT,Thickness_5pos,,,,34,34,21,OFAT,1.198,3.7544014055664405
fivepos,OFAT,,Ridge,47,LOCO,OFAT,Thickness_5pos,,,,35,35,22,OFAT,2.078,4.590007611010762
fivepos,OFAT,,Ridge,47,LOCO,OFAT,Thickness_5pos,,,,36,36,23,OFAT,3.6160000000000005,6.267847911342582
fivepos,OFAT,,Ridge,47,LOCO,OFAT,Thickness_5pos,,,,37,37,20,OFAT,12.488,7.729773987521766
fivepos,OFAT,,Ridge,47,LOCO,OFAT,Thickness_5pos,,,,38,38,19,OFAT,15.386000000000001,12.756386822351944
fivepos,OFAT,,Ridge,47,LOCO,OFAT,Thickness_5pos,,,,39,39,18,OFAT,19.972,18.12332741273187
fivepos,OFAT,,Ridge,47,LOCO,OFAT,Thickness_5pos,,,,40,40,19,OFAT,17.589999999999996,12.756386822351944
fivepos,OFAT,,Ridge,47,LOCO,OFAT,Thickness_5pos,,,,41,41,19,OFAT,9.268,12.756386822351944
fivepos,OFAT,,Ridge,48,LOCO,OFAT,Thickness_5pos,,,,0,0,0,OFAT,29.372000000000003,15.565999194572289
fivepos,OFAT,,Ridge,48,LOCO,OFAT,Thickness_5pos,,,,1,1,1,OFAT,19.088,20.90646606016584
fivepos,OFAT,,Ridge,48,LOCO,OFAT,Thickness_5pos,,,,2,2,2,OFAT,24.044,18.087351029483116
fivepos,OFAT,,Ridge,48,LOCO,OFAT,Thickness_5pos,,,,3,3,3,OFAT,20.038,17.719272928482454
fivepos,OFAT,,Ridge,48,LOCO,OFAT,Thickness_5pos,,,,4,4,4,OFAT,15.540000000000001,18.590267165906997
fivepos,OFAT,,Ridge,48,LOCO,OFAT,Thickness_5pos,,,,5,5,5,OFAT,14.366,18.75723790310391
fivepos,OFAT,,Ridge,48,LOCO,OFAT,Thickness_5pos,,,,6,6,6,OFAT,12.963999999999999,25.0308965821122
fivepos,OFAT,,Ridge,48,LOCO,OFAT,Thickness_5pos,,,,7,7,7,OFAT,13.280000000000001,15.657453874449942
fivepos,OFAT,,Ridge,48,LOCO,OFAT,Thickness_5pos,,,,8,8,8,OFAT,15.191999999999998,15.815055704404255
fivepos,OFAT,,Ridge,48,LOCO,OFAT,Thickness_5pos,,,,9,9,9,OFAT,7.712000000000001,7.032799892996877
fivepos,OFAT,,Ridge,48,LOCO,OFAT,Thickness_5pos,,,,10,10,10,OFAT,2.3760000000000003,10.493941023852031
fivepos,OFAT,,Ridge,48,LOCO,OFAT,Thickness_5pos,,,,11,11,11,OFAT,7.786,17.50743471842482
fivepos,OFAT,,Ridge,48,LOCO,OFAT,Thickness_5pos,,,,12,12,11,OFAT,9.190000000000001,17.50743471842482
fivepos,OFAT,,Ridge,48,LOCO,OFAT,Thickness_5pos,,,,13,13,12,OFAT,7.714,11.208422588474722
fivepos,OFAT,,Ridge,48,LOCO,OFAT,Thickness_5pos,,,,14,14,10,OFAT,6.81,10.493941023852031
fivepos,OFAT,,Ridge,48,LOCO,OFAT,Thickness_5pos,,,,15,15,10,OFAT,16.612000000000002,10.493941023852031
fivepos,OFAT,,Ridge,48,LOCO,OFAT,Thickness_5pos,,,,16,16,13,OFAT,14.952000000000002,11.513836291748547
fivepos,OFAT,,Ridge,48,LOCO,OFAT,Thickness_5pos,,,,17,17,10,OFAT,10.623999999999999,10.493941023852031
fivepos,OFAT,,Ridge,48,LOCO,OFAT,Thickness_5pos,,,,18,18,14,OFAT,24.566000000000003,22.847186306445465
fivepos,OFAT,,Ridge,48,LOCO,OFAT,Thickness_5pos,,,,19,19,14,OFAT,28.262,22.847186306445465
fivepos,OFAT,,Ridge,48,LOCO,OFAT,Thickness_5pos,,,,20,20,15,OFAT,7.484,5.841742809353317
fivepos,OFAT,,Ridge,48,LOCO,OFAT,Thickness_5pos,,,,21,21,16,OFAT,15.064000000000002,11.066028146550838
fivepos,OFAT,,Ridge,48,LOCO,OFAT,Thickness_5pos,,,,22,22,14,OFAT,33.33,22.847186306445465
fivepos,OFAT,,Ridge,48,LOCO,OFAT,Thickness_5pos,,,,23,23,14,OFAT,23.546,22.847186306445465
fivepos,OFAT,,Ridge,48,LOCO,OFAT,Thickness_5pos,,,,24,24,14,OFAT,25.130000000000003,22.847186306445465
fivepos,OFAT,,Ridge,48,LOCO,OFAT,Thickness_5pos,,,,25,25,14,OFAT,22.818,22.847186306445465
fivepos,OFAT,,Ridge,48,LOCO,OFAT,Thickness_5pos,,,,26,26,17,OFAT,18.386000000000003,21.040479599917276
fivepos,OFAT,,Ridge,48,LOCO,OFAT,Thickness_5pos,,,,27,27,17,OFAT,18.174,21.040479599917276
fivepos,OFAT,,Ridge,48,LOCO,OFAT,Thickness_5pos,,,,28,28,17,OFAT,24.241999999999997,21.040479599917276
fivepos,OFAT,,Ridge,48,LOCO,OFAT,Thickness_5pos,,,,29,29,17,OFAT,18.942,21.040479599917276
fivepos,OFAT,,Ridge,48,LOCO,OFAT,Thickness_5pos,,,,30,30,17,OFAT,18.624,21.040479599917276
fivepos,OFAT,,Ridge,48,LOCO,OFAT,Thickness_5pos,,,,31,31,18,OFAT,15.928,19.330745047749218
fivepos,OFAT,,Ridge,48,LOCO,OFAT,Thickness_5pos,,,,32,32,19,OFAT,10.406,12.652313009130879
fivepos,OFAT,,Ridge,48,LOCO,OFAT,Thickness_5pos,,,,33,33,20,OFAT,5.188000000000001,5.712802719029341
fivepos,OFAT,,Ridge,48,LOCO,OFAT,Thickness_5pos,,,,34,34,21,OFAT,1.198,0.5282300903761232
fivepos,OFAT,,Ridge,48,LOCO,OFAT,Thickness_5pos,,,,35,35,22,OFAT,2.078,1.6256639472565109
fivepos,OFAT,,Ridge,48,LOCO,OFAT,Thickness_5pos,,,,36,36,23,OFAT,3.6160000000000005,3.7993969655660393
fivepos,OFAT,,Ridge,48,LOCO,OFAT,Thickness_5pos,,,,37,37,20,OFAT,12.488,5.712802719029341
fivepos,OFAT,,Ridge,48,LOCO,OFAT,Thickness_5pos,,,,38,38,19,OFAT,15.386000000000001,12.652313009130879
fivepos,OFAT,,Ridge,48,LOCO,OFAT,Thickness_5pos,,,,39,39,18,OFAT,19.972,19.330745047749218
fivepos,OFAT,,Ridge,48,LOCO,OFAT,Thickness_5pos,,,,40,40,19,OFAT,17.589999999999996,12.652313009130879
fivepos,OFAT,,Ridge,48,LOCO,OFAT,Thickness_5pos,,,,41,41,19,OFAT,9.268,12.652313009130879
fivepos,OFAT,,Ridge,49,LOCO,OFAT,Thickness_5pos,,,,0,0,0,OFAT,29.372000000000003,15.866381809984457
fivepos,OFAT,,Ridge,49,LOCO,OFAT,Thickness_5pos,,,,1,1,1,OFAT,19.088,20.90646606016584
fivepos,OFAT,,Ridge,49,LOCO,OFAT,Thickness_5pos,,,,2,2,2,OFAT,24.044,18.087351029483116
fivepos,OFAT,,Ridge,49,LOCO,OFAT,Thickness_5pos,,,,3,3,3,OFAT,20.038,17.719272928482454
fivepos,OFAT,,Ridge,49,LOCO,OFAT,Thickness_5pos,,,,4,4,4,OFAT,15.540000000000001,18.590267165906997
fivepos,OFAT,,Ridge,49,LOCO,OFAT,Thickness_5pos,,,,5,5,5,OFAT,14.366,18.75723790310391
fivepos,OFAT,,Ridge,49,LOCO,OFAT,Thickness_5pos,,,,6,6,6,OFAT,12.963999999999999,25.0308965821122
fivepos,OFAT,,Ridge,49,LOCO,OFAT,Thickness_5pos,,,,7,7,7,OFAT,13.280000000000001,16.575935296046506
fivepos,OFAT,,Ridge,49,LOCO,OFAT,Thickness_5pos,,,,8,8,8,OFAT,15.191999999999998,16.64723649478396
fivepos,OFAT,,Ridge,49,LOCO,OFAT,Thickness_5pos,,,,9,9,9,OFAT,7.712000000000001,8.5101823499515
fivepos,OFAT,,Ridge,49,LOCO,OFAT,Thickness_5pos,,,,10,10,10,OFAT,2.3760000000000003,10.7683385394036
fivepos,OFAT,,Ridge,49,LOCO,OFAT,Thickness_5pos,,,,11,11,11,OFAT,7.786,16.597770569945276
fivepos,OFAT,,Ridge,49,LOCO,OFAT,Thickness_5pos,,,,12,12,11,OFAT,9.190000000000001,16.597770569945276
fivepos,OFAT,,Ridge,49,LOCO,OFAT,Thickness_5pos,,,,13,13,12,OFAT,7.714,11.29975578782414
fivepos,OFAT,,Ridge,49,LOCO,OFAT,Thickness_5pos,,,,14,14,10,OFAT,6.81,10.7683385394036
fivepos,OFAT,,Ridge,49,LOCO,OFAT,Thickness_5pos,,,,15,15,10,OFAT,16.612000000000002,10.7683385394036
fivepos,OFAT,,Ridge,49,LOCO,OFAT,Thickness_5pos,,,,16,16,13,OFAT,14.952000000000002,11.7144830525604
fivepos,OFAT,,Ridge,49,LOCO,OFAT,Thickness_5pos,,,,17,17,10,OFAT,10.623999999999999,10.7683385394036
fivepos,OFAT,,Ridge,49,LOCO,OFAT,Thickness_5pos,,,,18,18,14,OFAT,24.566000000000003,23.379422978879955
fivepos,OFAT,,Ridge,49,LOCO,OFAT,Thickness_5pos,,,,19,19,14,OFAT,28.262,23.379422978879955
fivepos,OFAT,,Ridge,49,LOCO,OFAT,Thickness_5pos,,,,20,20,15,OFAT,7.484,6.506169189818456
fivepos,OFAT,,Ridge,49,LOCO,OFAT,Thickness_5pos,,,,21,21,16,OFAT,15.064000000000002,11.301583515717482
fivepos,OFAT,,Ridge,49,LOCO,OFAT,Thickness_5pos,,,,22,22,14,OFAT,33.33,23.379422978879955
fivepos,OFAT,,Ridge,49,LOCO,OFAT,Thickness_5pos,,,,23,23,14,OFAT,23.546,23.379422978879955
fivepos,OFAT,,Ridge,49,LOCO,OFAT,Thickness_5pos,,,,24,24,14,OFAT,25.130000000000003,23.379422978879955
fivepos,OFAT,,Ridge,49,LOCO,OFAT,Thickness_5pos,,,,25,25,14,OFAT,22.818,23.379422978879955
fivepos,OFAT,,Ridge,49,LOCO,OFAT,Thickness_5pos,,,,26,26,17,OFAT,18.386000000000003,21.040479599917276
fivepos,OFAT,,Ridge,49,LOCO,OFAT,Thickness_5pos,,,,27,27,17,OFAT,18.174,21.040479599917276
fivepos,OFAT,,Ridge,49,LOCO,OFAT,Thickness_5pos,,,,28,28,17,OFAT,24.241999999999997,21.040479599917276
fivepos,OFAT,,Ridge,49,LOCO,OFAT,Thickness_5pos,,,,29,29,17,OFAT,18.942,21.040479599917276
fivepos,OFAT,,Ridge,49,LOCO,OFAT,Thickness_5pos,,,,30,30,17,OFAT,18.624,21.040479599917276
fivepos,OFAT,,Ridge,49,LOCO,OFAT,Thickness_5pos,,,,31,31,18,OFAT,15.928,18.882230231761884
fivepos,OFAT,,Ridge,49,LOCO,OFAT,Thickness_5pos,,,,32,32,19,OFAT,10.406,12.756386822351944
fivepos,OFAT,,Ridge,49,LOCO,OFAT,Thickness_5pos,,,,33,33,20,OFAT,5.188000000000001,6.414924368990057
fivepos,OFAT,,Ridge,49,LOCO,OFAT,Thickness_5pos,,,,34,34,21,OFAT,1.198,1.717784284194309
fivepos,OFAT,,Ridge,49,LOCO,OFAT,Thickness_5pos,,,,35,35,22,OFAT,2.078,2.7166803320987984
fivepos,OFAT,,Ridge,49,LOCO,OFAT,Thickness_5pos,,,,36,36,23,OFAT,3.6160000000000005,4.717822885572076
fivepos,OFAT,,Ridge,49,LOCO,OFAT,Thickness_5pos,,,,37,37,20,OFAT,12.488,6.414924368990057
fivepos,OFAT,,Ridge,49,LOCO,OFAT,Thickness_5pos,,,,38,38,19,OFAT,15.386000000000001,12.756386822351944
fivepos,OFAT,,Ridge,49,LOCO,OFAT,Thickness_5pos,,,,39,39,18,OFAT,19.972,18.882230231761884
fivepos,OFAT,,Ridge,49,LOCO,OFAT,Thickness_5pos,,,,40,40,19,OFAT,17.589999999999996,12.756386822351944
fivepos,OFAT,,Ridge,49,LOCO,OFAT,Thickness_5pos,,,,41,41,19,OFAT,9.268,12.756386822351944
fivepos,OFAT,,Ridge,50,LOCO,OFAT,Thickness_5pos,,,,0,0,0,OFAT,29.372000000000003,15.33714498674168
fivepos,OFAT,,Ridge,50,LOCO,OFAT,Thickness_5pos,,,,1,1,1,OFAT,19.088,20.90646606016584
fivepos,OFAT,,Ridge,50,LOCO,OFAT,Thickness_5pos,,,,2,2,2,OFAT,24.044,18.087351029483116
fivepos,OFAT,,Ridge,50,LOCO,OFAT,Thickness_5pos,,,,3,3,3,OFAT,20.038,18.030610936911568
fivepos,OFAT,,Ridge,50,LOCO,OFAT,Thickness_5pos,,,,4,4,4,OFAT,15.540000000000001,18.590267165906997
fivepos,OFAT,,Ridge,50,LOCO,OFAT,Thickness_5pos,,,,5,5,5,OFAT,14.366,18.75723790310391
fivepos,OFAT,,Ridge,50,LOCO,OFAT,Thickness_5pos,,,,6,6,6,OFAT,12.963999999999999,23.127296577236
fivepos,OFAT,,Ridge,50,LOCO,OFAT,Thickness_5pos,,,,7,7,7,OFAT,13.280000000000001,16.575935296046506
fivepos,OFAT,,Ridge,50,LOCO,OFAT,Thickness_5pos,,,,8,8,8,OFAT,15.191999999999998,16.64723649478396
fivepos,OFAT,,Ridge,50,LOCO,OFAT,Thickness_5pos,,,,9,9,9,OFAT,7.712000000000001,8.5101823499515
fivepos,OFAT,,Ridge,50,LOCO,OFAT,Thickness_5pos,,,,10,10,10,OFAT,2.3760000000000003,10.7683385394036
fivepos,OFAT,,Ridge,50,LOCO,OFAT,Thickness_5pos,,,,11,11,11,OFAT,7.786,16.597770569945276
fivepos,OFAT,,Ridge,50,LOCO,OFAT,Thickness_5pos,,,,12,12,11,OFAT,9.190000000000001,16.597770569945276
fivepos,OFAT,,Ridge,50,LOCO,OFAT,Thickness_5pos,,,,13,13,12,OFAT,7.714,11.29975578782414
fivepos,OFAT,,Ridge,50,LOCO,OFAT,Thickness_5pos,,,,14,14,10,OFAT,6.81,10.7683385394036
fivepos,OFAT,,Ridge,50,LOCO,OFAT,Thickness_5pos,,,,15,15,10,OFAT,16.612000000000002,10.7683385394036
fivepos,OFAT,,Ridge,50,LOCO,OFAT,Thickness_5pos,,,,16,16,13,OFAT,14.952000000000002,11.7144830525604
fivepos,OFAT,,Ridge,50,LOCO,OFAT,Thickness_5pos,,,,17,17,10,OFAT,10.623999999999999,10.7683385394036
fivepos,OFAT,,Ridge,50,LOCO,OFAT,Thickness_5pos,,,,18,18,14,OFAT,24.566000000000003,21.889063490584448
fivepos,OFAT,,Ridge,50,LOCO,OFAT,Thickness_5pos,,,,19,19,14,OFAT,28.262,21.889063490584448
fivepos,OFAT,,Ridge,50,LOCO,OFAT,Thickness_5pos,,,,20,20,15,OFAT,7.484,6.506169189818456
fivepos,OFAT,,Ridge,50,LOCO,OFAT,Thickness_5pos,,,,21,21,16,OFAT,15.064000000000002,11.301583515717482
fivepos,OFAT,,Ridge,50,LOCO,OFAT,Thickness_5pos,,,,22,22,14,OFAT,33.33,21.889063490584448
fivepos,OFAT,,Ridge,50,LOCO,OFAT,Thickness_5pos,,,,23,23,14,OFAT,23.546,21.889063490584448
fivepos,OFAT,,Ridge,50,LOCO,OFAT,Thickness_5pos,,,,24,24,14,OFAT,25.130000000000003,21.889063490584448
fivepos,OFAT,,Ridge,50,LOCO,OFAT,Thickness_5pos,,,,25,25,14,OFAT,22.818,21.889063490584448
fivepos,OFAT,,Ridge,50,LOCO,OFAT,Thickness_5pos,,,,26,26,17,OFAT,18.386000000000003,20.305952569049772
fivepos,OFAT,,Ridge,50,LOCO,OFAT,Thickness_5pos,,,,27,27,17,OFAT,18.174,20.305952569049772
fivepos,OFAT,,Ridge,50,LOCO,OFAT,Thickness_5pos,,,,28,28,17,OFAT,24.241999999999997,20.305952569049772
fivepos,OFAT,,Ridge,50,LOCO,OFAT,Thickness_5pos,,,,29,29,17,OFAT,18.942,20.305952569049772
fivepos,OFAT,,Ridge,50,LOCO,OFAT,Thickness_5pos,,,,30,30,17,OFAT,18.624,20.305952569049772
fivepos,OFAT,,Ridge,50,LOCO,OFAT,Thickness_5pos,,,,31,31,18,OFAT,15.928,18.882230231761884
fivepos,OFAT,,Ridge,50,LOCO,OFAT,Thickness_5pos,,,,32,32,19,OFAT,10.406,12.756386822351944
fivepos,OFAT,,Ridge,50,LOCO,OFAT,Thickness_5pos,,,,33,33,20,OFAT,5.188000000000001,6.414924368990057
fivepos,OFAT,,Ridge,50,LOCO,OFAT,Thickness_5pos,,,,34,34,21,OFAT,1.198,1.717784284194309
fivepos,OFAT,,Ridge,50,LOCO,OFAT,Thickness_5pos,,,,35,35,22,OFAT,2.078,2.7166803320987984
fivepos,OFAT,,Ridge,50,LOCO,OFAT,Thickness_5pos,,,,36,36,23,OFAT,3.6160000000000005,4.717822885572076
fivepos,OFAT,,Ridge,50,LOCO,OFAT,Thickness_5pos,,,,37,37,20,OFAT,12.488,6.414924368990057
fivepos,OFAT,,Ridge,50,LOCO,OFAT,Thickness_5pos,,,,38,38,19,OFAT,15.386000000000001,12.756386822351944
fivepos,OFAT,,Ridge,50,LOCO,OFAT,Thickness_5pos,,,,39,39,18,OFAT,19.972,18.882230231761884
fivepos,OFAT,,Ridge,50,LOCO,OFAT,Thickness_5pos,,,,40,40,19,OFAT,17.589999999999996,12.756386822351944
fivepos,OFAT,,Ridge,50,LOCO,OFAT,Thickness_5pos,,,,41,41,19,OFAT,9.268,12.756386822351944
fivepos,OFAT,,Ridge,51,LOCO,OFAT,Thickness_5pos,,,,0,0,0,OFAT,29.372000000000003,15.33714498674168
fivepos,OFAT,,Ridge,51,LOCO,OFAT,Thickness_5pos,,,,1,1,1,OFAT,19.088,20.90646606016584
fivepos,OFAT,,Ridge,51,LOCO,OFAT,Thickness_5pos,,,,2,2,2,OFAT,24.044,18.087351029483116
fivepos,OFAT,,Ridge,51,LOCO,OFAT,Thickness_5pos,,,,3,3,3,OFAT,20.038,17.719272928482454
fivepos,OFAT,,Ridge,51,LOCO,OFAT,Thickness_5pos,,,,4,4,4,OFAT,15.540000000000001,18.590267165906997
fivepos,OFAT,,Ridge,51,LOCO,OFAT,Thickness_5pos,,,,5,5,5,OFAT,14.366,18.75723790310391
fivepos,OFAT,,Ridge,51,LOCO,OFAT,Thickness_5pos,,,,6,6,6,OFAT,12.963999999999999,26.709200218279385
fivepos,OFAT,,Ridge,51,LOCO,OFAT,Thickness_5pos,,,,7,7,7,OFAT,13.280000000000001,16.575935296046506
fivepos,OFAT,,Ridge,51,LOCO,OFAT,Thickness_5pos,,,,8,8,8,OFAT,15.191999999999998,16.64723649478396
fivepos,OFAT,,Ridge,51,LOCO,OFAT,Thickness_5pos,,,,9,9,9,OFAT,7.712000000000001,8.5101823499515
fivepos,OFAT,,Ridge,51,LOCO,OFAT,Thickness_5pos,,,,10,10,10,OFAT,2.3760000000000003,10.402494144941024
fivepos,OFAT,,Ridge,51,LOCO,OFAT,Thickness_5pos,,,,11,11,11,OFAT,7.786,17.50743471842482
fivepos,OFAT,,Ridge,51,LOCO,OFAT,Thickness_5pos,,,,12,12,11,OFAT,9.190000000000001,17.50743471842482
fivepos,OFAT,,Ridge,51,LOCO,OFAT,Thickness_5pos,,,,13,13,12,OFAT,7.714,11.208422588474722
fivepos,OFAT,,Ridge,51,LOCO,OFAT,Thickness_5pos,,,,14,14,10,OFAT,6.81,10.402494144941024
fivepos,OFAT,,Ridge,51,LOCO,OFAT,Thickness_5pos,,,,15,15,10,OFAT,16.612000000000002,10.402494144941024
fivepos,OFAT,,Ridge,51,LOCO,OFAT,Thickness_5pos,,,,16,16,13,OFAT,14.952000000000002,11.562972183439022
fivepos,OFAT,,Ridge,51,LOCO,OFAT,Thickness_5pos,,,,17,17,10,OFAT,10.623999999999999,10.402494144941024
fivepos,OFAT,,Ridge,51,LOCO,OFAT,Thickness_5pos,,,,18,18,14,OFAT,24.566000000000003,21.889063490584448
fivepos,OFAT,,Ridge,51,LOCO,OFAT,Thickness_5pos,,,,19,19,14,OFAT,28.262,21.889063490584448
fivepos,OFAT,,Ridge,51,LOCO,OFAT,Thickness_5pos,,,,20,20,15,OFAT,7.484,6.010200384813103
fivepos,OFAT,,Ridge,51,LOCO,OFAT,Thickness_5pos,,,,21,21,16,OFAT,15.064000000000002,11.124147628896855
fivepos,OFAT,,Ridge,51,LOCO,OFAT,Thickness_5pos,,,,22,22,14,OFAT,33.33,21.889063490584448
fivepos,OFAT,,Ridge,51,LOCO,OFAT,Thickness_5pos,,,,23,23,14,OFAT,23.546,21.889063490584448
fivepos,OFAT,,Ridge,51,LOCO,OFAT,Thickness_5pos,,,,24,24,14,OFAT,25.130000000000003,21.889063490584448
fivepos,OFAT,,Ridge,51,LOCO,OFAT,Thickness_5pos,,,,25,25,14,OFAT,22.818,21.889063490584448
fivepos,OFAT,,Ridge,51,LOCO,OFAT,Thickness_5pos,,,,26,26,17,OFAT,18.386000000000003,20.84509822320038
fivepos,OFAT,,Ridge,51,LOCO,OFAT,Thickness_5pos,,,,27,27,17,OFAT,18.174,20.84509822320038
fivepos,OFAT,,Ridge,51,LOCO,OFAT,Thickness_5pos,,,,28,28,17,OFAT,24.241999999999997,20.84509822320038
fivepos,OFAT,,Ridge,51,LOCO,OFAT,Thickness_5pos,,,,29,29,17,OFAT,18.942,20.84509822320038
fivepos,OFAT,,Ridge,51,LOCO,OFAT,Thickness_5pos,,,,30,30,17,OFAT,18.624,20.84509822320038
fivepos,OFAT,,Ridge,51,LOCO,OFAT,Thickness_5pos,,,,31,31,18,OFAT,15.928,18.882230231761884
fivepos,OFAT,,Ridge,51,LOCO,OFAT,Thickness_5pos,,,,32,32,19,OFAT,10.406,12.652313009130879
fivepos,OFAT,,Ridge,51,LOCO,OFAT,Thickness_5pos,,,,33,33,20,OFAT,5.188000000000001,6.414924368990057
fivepos,OFAT,,Ridge,51,LOCO,OFAT,Thickness_5pos,,,,34,34,21,OFAT,1.198,0.8994392022063469
fivepos,OFAT,,Ridge,51,LOCO,OFAT,Thickness_5pos,,,,35,35,22,OFAT,2.078,1.9657721338267855
fivepos,OFAT,,Ridge,51,LOCO,OFAT,Thickness_5pos,,,,36,36,23,OFAT,3.6160000000000005,4.099943283301267
fivepos,OFAT,,Ridge,51,LOCO,OFAT,Thickness_5pos,,,,37,37,20,OFAT,12.488,6.414924368990057
fivepos,OFAT,,Ridge,51,LOCO,OFAT,Thickness_5pos,,,,38,38,19,OFAT,15.386000000000001,12.652313009130879
fivepos,OFAT,,Ridge,51,LOCO,OFAT,Thickness_5pos,,,,39,39,18,OFAT,19.972,18.882230231761884
fivepos,OFAT,,Ridge,51,LOCO,OFAT,Thickness_5pos,,,,40,40,19,OFAT,17.589999999999996,12.652313009130879
fivepos,OFAT,,Ridge,51,LOCO,OFAT,Thickness_5pos,,,,41,41,19,OFAT,9.268,12.652313009130879
fivepos,OFAT,,Random Forest,42,LOCO,OFAT,Thickness_5pos,,,,0,0,0,OFAT,29.372000000000003,18.360266902696978
fivepos,OFAT,,Random Forest,42,LOCO,OFAT,Thickness_5pos,,,,1,1,1,OFAT,19.088,22.273008857501978
fivepos,OFAT,,Random Forest,42,LOCO,OFAT,Thickness_5pos,,,,2,2,2,OFAT,24.044,20.821216786989154
fivepos,OFAT,,Random Forest,42,LOCO,OFAT,Thickness_5pos,,,,3,3,3,OFAT,20.038,17.594735767260605
fivepos,OFAT,,Random Forest,42,LOCO,OFAT,Thickness_5pos,,,,4,4,4,OFAT,15.540000000000001,17.94974822715303
fivepos,OFAT,,Random Forest,42,LOCO,OFAT,Thickness_5pos,,,,5,5,5,OFAT,14.366,18.16573377689936
fivepos,OFAT,,Random Forest,42,LOCO,OFAT,Thickness_5pos,,,,6,6,6,OFAT,12.963999999999999,18.069578305758103
fivepos,OFAT,,Random Forest,42,LOCO,OFAT,Thickness_5pos,,,,7,7,7,OFAT,13.280000000000001,17.621725253533487
fivepos,OFAT,,Random Forest,42,LOCO,OFAT,Thickness_5pos,,,,8,8,8,OFAT,15.191999999999998,18.584059719292103
fivepos,OFAT,,Random Forest,42,LOCO,OFAT,Thickness_5pos,,,,9,9,9,OFAT,7.712000000000001,8.419168299422802
fivepos,OFAT,,Random Forest,42,LOCO,OFAT,Thickness_5pos,,,,10,10,10,OFAT,2.3760000000000003,8.84115266666667
fivepos,OFAT,,Random Forest,42,LOCO,OFAT,Thickness_5pos,,,,11,11,11,OFAT,7.786,8.552176976190477
fivepos,OFAT,,Random Forest,42,LOCO,OFAT,Thickness_5pos,,,,12,12,11,OFAT,9.190000000000001,8.552176976190477
fivepos,OFAT,,Random Forest,42,LOCO,OFAT,Thickness_5pos,,,,13,13,12,OFAT,7.714,8.543547034632034
fivepos,OFAT,,Random Forest,42,LOCO,OFAT,Thickness_5pos,,,,14,14,10,OFAT,6.81,8.84115266666667
fivepos,OFAT,,Random Forest,42,LOCO,OFAT,Thickness_5pos,,,,15,15,10,OFAT,16.612000000000002,8.84115266666667
fivepos,OFAT,,Random Forest,42,LOCO,OFAT,Thickness_5pos,,,,16,16,13,OFAT,14.952000000000002,13.72812774098124
fivepos,OFAT,,Random Forest,42,LOCO,OFAT,Thickness_5pos,,,,17,17,10,OFAT,10.623999999999999,8.84115266666667
fivepos,OFAT,,Random Forest,42,LOCO,OFAT,Thickness_5pos,,,,18,18,14,OFAT,24.566000000000003,19.50521277056277
fivepos,OFAT,,Random Forest,42,LOCO,OFAT,Thickness_5pos,,,,19,19,14,OFAT,28.262,19.50521277056277
fivepos,OFAT,,Random Forest,42,LOCO,OFAT,Thickness_5pos,,,,20,20,15,OFAT,7.484,7.3669908095238075
fivepos,OFAT,,Random Forest,42,LOCO,OFAT,Thickness_5pos,,,,21,21,16,OFAT,15.064000000000002,11.70948338672439
fivepos,OFAT,,Random Forest,42,LOCO,OFAT,Thickness_5pos,,,,22,22,14,OFAT,33.33,19.50521277056277
fivepos,OFAT,,Random Forest,42,LOCO,OFAT,Thickness_5pos,,,,23,23,14,OFAT,23.546,19.50521277056277
fivepos,OFAT,,Random Forest,42,LOCO,OFAT,Thickness_5pos,,,,24,24,14,OFAT,25.130000000000003,19.50521277056277
fivepos,OFAT,,Random Forest,42,LOCO,OFAT,Thickness_5pos,,,,25,25,14,OFAT,22.818,19.50521277056277
fivepos,OFAT,,Random Forest,42,LOCO,OFAT,Thickness_5pos,,,,26,26,17,OFAT,18.386000000000003,16.28754737019666
fivepos,OFAT,,Random Forest,42,LOCO,OFAT,Thickness_5pos,,,,27,27,17,OFAT,18.174,16.28754737019666
fivepos,OFAT,,Random Forest,42,LOCO,OFAT,Thickness_5pos,,,,28,28,17,OFAT,24.241999999999997,16.28754737019666
fivepos,OFAT,,Random Forest,42,LOCO,OFAT,Thickness_5pos,,,,29,29,17,OFAT,18.942,16.28754737019666
fivepos,OFAT,,Random Forest,42,LOCO,OFAT,Thickness_5pos,,,,30,30,17,OFAT,18.624,16.28754737019666
fivepos,OFAT,,Random Forest,42,LOCO,OFAT,Thickness_5pos,,,,31,31,18,OFAT,15.928,17.579419839532182
fivepos,OFAT,,Random Forest,42,LOCO,OFAT,Thickness_5pos,,,,32,32,19,OFAT,10.406,14.338524507936508
fivepos,OFAT,,Random Forest,42,LOCO,OFAT,Thickness_5pos,,,,33,33,20,OFAT,5.188000000000001,6.163246153846155
fivepos,OFAT,,Random Forest,42,LOCO,OFAT,Thickness_5pos,,,,34,34,21,OFAT,1.198,4.759865333333334
fivepos,OFAT,,Random Forest,42,LOCO,OFAT,Thickness_5pos,,,,35,35,22,OFAT,2.078,4.4556103333333335
fivepos,OFAT,,Random Forest,42,LOCO,OFAT,Thickness_5pos,,,,36,36,23,OFAT,3.6160000000000005,3.925128499999999
fivepos,OFAT,,Random Forest,42,LOCO,OFAT,Thickness_5pos,,,,37,37,20,OFAT,12.488,6.163246153846155
fivepos,OFAT,,Random Forest,42,LOCO,OFAT,Thickness_5pos,,,,38,38,19,OFAT,15.386000000000001,14.338524507936508
fivepos,OFAT,,Random Forest,42,LOCO,OFAT,Thickness_5pos,,,,39,39,18,OFAT,19.972,17.579419839532182
fivepos,OFAT,,Random Forest,42,LOCO,OFAT,Thickness_5pos,,,,40,40,19,OFAT,17.589999999999996,14.338524507936508
fivepos,OFAT,,Random Forest,42,LOCO,OFAT,Thickness_5pos,,,,41,41,19,OFAT,9.268,14.338524507936508
fivepos,OFAT,,Random Forest,43,LOCO,OFAT,Thickness_5pos,,,,0,0,0,OFAT,29.372000000000003,18.795520380952382
fivepos,OFAT,,Random Forest,43,LOCO,OFAT,Thickness_5pos,,,,1,1,1,OFAT,19.088,24.693471666666678
fivepos,OFAT,,Random Forest,43,LOCO,OFAT,Thickness_5pos,,,,2,2,2,OFAT,24.044,22.645841234890554
fivepos,OFAT,,Random Forest,43,LOCO,OFAT,Thickness_5pos,,,,3,3,3,OFAT,20.038,15.39683999999999
fivepos,OFAT,,Random Forest,43,LOCO,OFAT,Thickness_5pos,,,,4,4,4,OFAT,15.540000000000001,15.54541999999999
fivepos,OFAT,,Random Forest,43,LOCO,OFAT,Thickness_5pos,,,,5,5,5,OFAT,14.366,17.426144315170124
fivepos,OFAT,,Random Forest,43,LOCO,OFAT,Thickness_5pos,,,,6,6,6,OFAT,12.963999999999999,15.003990238095225
fivepos,OFAT,,Random Forest,43,LOCO,OFAT,Thickness_5pos,,,,7,7,7,OFAT,13.280000000000001,15.248385999999988
fivepos,OFAT,,Random Forest,43,LOCO,OFAT,Thickness_5pos,,,,8,8,8,OFAT,15.191999999999998,18.34596183585231
fivepos,OFAT,,Random Forest,43,LOCO,OFAT,Thickness_5pos,,,,9,9,9,OFAT,7.712000000000001,8.471768428571432
fivepos,OFAT,,Random Forest,43,LOCO,OFAT,Thickness_5pos,,,,10,10,10,OFAT,2.3760000000000003,8.19979666666667
fivepos,OFAT,,Random Forest,43,LOCO,OFAT,Thickness_5pos,,,,11,11,11,OFAT,7.786,8.188211119047617
fivepos,OFAT,,Random Forest,43,LOCO,OFAT,Thickness_5pos,,,,12,12,11,OFAT,9.190000000000001,8.188211119047617
fivepos,OFAT,,Random Forest,43,LOCO,OFAT,Thickness_5pos,,,,13,13,12,OFAT,7.714,9.320869896825396
fivepos,OFAT,,Random Forest,43,LOCO,OFAT,Thickness_5pos,,,,14,14,10,OFAT,6.81,8.19979666666667
fivepos,OFAT,,Random Forest,43,LOCO,OFAT,Thickness_5pos,,,,15,15,10,OFAT,16.612000000000002,8.19979666666667
fivepos,OFAT,,Random Forest,43,LOCO,OFAT,Thickness_5pos,,,,16,16,13,OFAT,14.952000000000002,14.157699928952036
fivepos,OFAT,,Random Forest,43,LOCO,OFAT,Thickness_5pos,,,,17,17,10,OFAT,10.623999999999999,8.19979666666667
fivepos,OFAT,,Random Forest,43,LOCO,OFAT,Thickness_5pos,,,,18,18,14,OFAT,24.566000000000003,19.33229982828283
fivepos,OFAT,,Random Forest,43,LOCO,OFAT,Thickness_5pos,,,,19,19,14,OFAT,28.262,19.33229982828283
fivepos,OFAT,,Random Forest,43,LOCO,OFAT,Thickness_5pos,,,,20,20,15,OFAT,7.484,8.018300685370184
fivepos,OFAT,,Random Forest,43,LOCO,OFAT,Thickness_5pos,,,,21,21,16,OFAT,15.064000000000002,13.316507961815962
fivepos,OFAT,,Random Forest,43,LOCO,OFAT,Thickness_5pos,,,,22,22,14,OFAT,33.33,19.33229982828283
fivepos,OFAT,,Random Forest,43,LOCO,OFAT,Thickness_5pos,,,,23,23,14,OFAT,23.546,19.33229982828283
fivepos,OFAT,,Random Forest,43,LOCO,OFAT,Thickness_5pos,,,,24,24,14,OFAT,25.130000000000003,19.33229982828283
fivepos,OFAT,,Random Forest,43,LOCO,OFAT,Thickness_5pos,,,,25,25,14,OFAT,22.818,19.33229982828283
fivepos,OFAT,,Random Forest,43,LOCO,OFAT,Thickness_5pos,,,,26,26,17,OFAT,18.386000000000003,16.458302886002876
fivepos,OFAT,,Random Forest,43,LOCO,OFAT,Thickness_5pos,,,,27,27,17,OFAT,18.174,16.458302886002876
fivepos,OFAT,,Random Forest,43,LOCO,OFAT,Thickness_5pos,,,,28,28,17,OFAT,24.241999999999997,16.458302886002876
fivepos,OFAT,,Random Forest,43,LOCO,OFAT,Thickness_5pos,,,,29,29,17,OFAT,18.942,16.458302886002876
fivepos,OFAT,,Random Forest,43,LOCO,OFAT,Thickness_5pos,,,,30,30,17,OFAT,18.624,16.458302886002876
fivepos,OFAT,,Random Forest,43,LOCO,OFAT,Thickness_5pos,,,,31,31,18,OFAT,15.928,19.379399083694082
fivepos,OFAT,,Random Forest,43,LOCO,OFAT,Thickness_5pos,,,,32,32,19,OFAT,10.406,14.65475266666667
fivepos,OFAT,,Random Forest,43,LOCO,OFAT,Thickness_5pos,,,,33,33,20,OFAT,5.188000000000001,6.698912
fivepos,OFAT,,Random Forest,43,LOCO,OFAT,Thickness_5pos,,,,34,34,21,OFAT,1.198,3.039133333333335
fivepos,OFAT,,Random Forest,43,LOCO,OFAT,Thickness_5pos,,,,35,35,22,OFAT,2.078,2.4583333333333357
fivepos,OFAT,,Random Forest,43,LOCO,OFAT,Thickness_5pos,,,,36,36,23,OFAT,3.6160000000000005,4.031169999999996
fivepos,OFAT,,Random Forest,43,LOCO,OFAT,Thickness_5pos,,,,37,37,20,OFAT,12.488,6.698912
fivepos,OFAT,,Random Forest,43,LOCO,OFAT,Thickness_5pos,,,,38,38,19,OFAT,15.386000000000001,14.65475266666667
fivepos,OFAT,,Random Forest,43,LOCO,OFAT,Thickness_5pos,,,,39,39,18,OFAT,19.972,19.379399083694082
fivepos,OFAT,,Random Forest,43,LOCO,OFAT,Thickness_5pos,,,,40,40,19,OFAT,17.589999999999996,14.65475266666667
fivepos,OFAT,,Random Forest,43,LOCO,OFAT,Thickness_5pos,,,,41,41,19,OFAT,9.268,14.65475266666667
fivepos,OFAT,,Random Forest,44,LOCO,OFAT,Thickness_5pos,,,,0,0,0,OFAT,29.372000000000003,18.718044000000003
fivepos,OFAT,,Random Forest,44,LOCO,OFAT,Thickness_5pos,,,,1,1,1,OFAT,19.088,21.94796290476191
fivepos,OFAT,,Random Forest,44,LOCO,OFAT,Thickness_5pos,,,,2,2,2,OFAT,24.044,20.385523238095235
fivepos,OFAT,,Random Forest,44,LOCO,OFAT,Thickness_5pos,,,,3,3,3,OFAT,20.038,15.943502809523805
fivepos,OFAT,,Random Forest,44,LOCO,OFAT,Thickness_5pos,,,,4,4,4,OFAT,15.540000000000001,15.916006190476189
fivepos,OFAT,,Random Forest,44,LOCO,OFAT,Thickness_5pos,,,,5,5,5,OFAT,14.366,16.942482476190474
fivepos,OFAT,,Random Forest,44,LOCO,OFAT,Thickness_5pos,,,,6,6,6,OFAT,12.963999999999999,15.375021309523804
fivepos,OFAT,,Random Forest,44,LOCO,OFAT,Thickness_5pos,,,,7,7,7,OFAT,13.280000000000001,16.034338567765566
fivepos,OFAT,,Random Forest,44,LOCO,OFAT,Thickness_5pos,,,,8,8,8,OFAT,15.191999999999998,18.75593459157509
fivepos,OFAT,,Random Forest,44,LOCO,OFAT,Thickness_5pos,,,,9,9,9,OFAT,7.712000000000001,8.495921
fivepos,OFAT,,Random Forest,44,LOCO,OFAT,Thickness_5pos,,,,10,10,10,OFAT,2.3760000000000003,8.720621000000003
fivepos,OFAT,,Random Forest,44,LOCO,OFAT,Thickness_5pos,,,,11,11,11,OFAT,7.786,8.635340904761915
fivepos,OFAT,,Random Forest,44,LOCO,OFAT,Thickness_5pos,,,,12,12,11,OFAT,9.190000000000001,8.635340904761915
fivepos,OFAT,,Random Forest,44,LOCO,OFAT,Thickness_5pos,,,,13,13,12,OFAT,7.714,9.019428761904766
fivepos,OFAT,,Random Forest,44,LOCO,OFAT,Thickness_5pos,,,,14,14,10,OFAT,6.81,8.720621000000003
fivepos,OFAT,,Random Forest,44,LOCO,OFAT,Thickness_5pos,,,,15,15,10,OFAT,16.612000000000002,8.720621000000003
fivepos,OFAT,,Random Forest,44,LOCO,OFAT,Thickness_5pos,,,,16,16,13,OFAT,14.952000000000002,13.510334896825395
fivepos,OFAT,,Random Forest,44,LOCO,OFAT,Thickness_5pos,,,,17,17,10,OFAT,10.623999999999999,8.720621000000003
fivepos,OFAT,,Random Forest,44,LOCO,OFAT,Thickness_5pos,,,,18,18,14,OFAT,24.566000000000003,19.801060925685423
fivepos,OFAT,,Random Forest,44,LOCO,OFAT,Thickness_5pos,,,,19,19,14,OFAT,28.262,19.801060925685423
fivepos,OFAT,,Random Forest,44,LOCO,OFAT,Thickness_5pos,,,,20,20,15,OFAT,7.484,7.102113246031745
fivepos,OFAT,,Random Forest,44,LOCO,OFAT,Thickness_5pos,,,,21,21,16,OFAT,15.064000000000002,12.074290968253964
fivepos,OFAT,,Random Forest,44,LOCO,OFAT,Thickness_5pos,,,,22,22,14,OFAT,33.33,19.801060925685423
fivepos,OFAT,,Random Forest,44,LOCO,OFAT,Thickness_5pos,,,,23,23,14,OFAT,23.546,19.801060925685423
fivepos,OFAT,,Random Forest,44,LOCO,OFAT,Thickness_5pos,,,,24,24,14,OFAT,25.130000000000003,19.801060925685423
fivepos,OFAT,,Random Forest,44,LOCO,OFAT,Thickness_5pos,,,,25,25,14,OFAT,22.818,19.801060925685423
fivepos,OFAT,,Random Forest,44,LOCO,OFAT,Thickness_5pos,,,,26,26,17,OFAT,18.386000000000003,17.114706975927415
fivepos,OFAT,,Random Forest,44,LOCO,OFAT,Thickness_5pos,,,,27,27,17,OFAT,18.174,17.114706975927415
fivepos,OFAT,,Random Forest,44,LOCO,OFAT,Thickness_5pos,,,,28,28,17,OFAT,24.241999999999997,17.114706975927415
fivepos,OFAT,,Random Forest,44,LOCO,OFAT,Thickness_5pos,,,,29,29,17,OFAT,18.942,17.114706975927415
fivepos,OFAT,,Random Forest,44,LOCO,OFAT,Thickness_5pos,,,,30,30,17,OFAT,18.624,17.114706975927415
fivepos,OFAT,,Random Forest,44,LOCO,OFAT,Thickness_5pos,,,,31,31,18,OFAT,15.928,17.643737467612194
fivepos,OFAT,,Random Forest,44,LOCO,OFAT,Thickness_5pos,,,,32,32,19,OFAT,10.406,13.948825999999999
fivepos,OFAT,,Random Forest,44,LOCO,OFAT,Thickness_5pos,,,,33,33,20,OFAT,5.188000000000001,7.02895900865801
fivepos,OFAT,,Random Forest,44,LOCO,OFAT,Thickness_5pos,,,,34,34,21,OFAT,1.198,2.9071400000000005
fivepos,OFAT,,Random Forest,44,LOCO,OFAT,Thickness_5pos,,,,35,35,22,OFAT,2.078,4.511905987012988
fivepos,OFAT,,Random Forest,44,LOCO,OFAT,Thickness_5pos,,,,36,36,23,OFAT,3.6160000000000005,4.1563990476190416
fivepos,OFAT,,Random Forest,44,LOCO,OFAT,Thickness_5pos,,,,37,37,20,OFAT,12.488,7.02895900865801
fivepos,OFAT,,Random Forest,44,LOCO,OFAT,Thickness_5pos,,,,38,38,19,OFAT,15.386000000000001,13.948825999999999
fivepos,OFAT,,Random Forest,44,LOCO,OFAT,Thickness_5pos,,,,39,39,18,OFAT,19.972,17.643737467612194
fivepos,OFAT,,Random Forest,44,LOCO,OFAT,Thickness_5pos,,,,40,40,19,OFAT,17.589999999999996,13.948825999999999
fivepos,OFAT,,Random Forest,44,LOCO,OFAT,Thickness_5pos,,,,41,41,19,OFAT,9.268,13.948825999999999
fivepos,OFAT,,Random Forest,45,LOCO,OFAT,Thickness_5pos,,,,0,0,0,OFAT,29.372000000000003,18.99202338095238
fivepos,OFAT,,Random Forest,45,LOCO,OFAT,Thickness_5pos,,,,1,1,1,OFAT,19.088,24.872638830960337
fivepos,OFAT,,Random Forest,45,LOCO,OFAT,Thickness_5pos,,,,2,2,2,OFAT,24.044,21.34557569047619
fivepos,OFAT,,Random Forest,45,LOCO,OFAT,Thickness_5pos,,,,3,3,3,OFAT,20.038,16.117593404761898
fivepos,OFAT,,Random Forest,45,LOCO,OFAT,Thickness_5pos,,,,4,4,4,OFAT,15.540000000000001,15.643256764069262
fivepos,OFAT,,Random Forest,45,LOCO,OFAT,Thickness_5pos,,,,5,5,5,OFAT,14.366,16.522997619047615
fivepos,OFAT,,Random Forest,45,LOCO,OFAT,Thickness_5pos,,,,6,6,6,OFAT,12.963999999999999,16.178042663780662
fivepos,OFAT,,Random Forest,45,LOCO,OFAT,Thickness_5pos,,,,7,7,7,OFAT,13.280000000000001,17.759486551276723
fivepos,OFAT,,Random Forest,45,LOCO,OFAT,Thickness_5pos,,,,8,8,8,OFAT,15.191999999999998,18.23570628282828
fivepos,OFAT,,Random Forest,45,LOCO,OFAT,Thickness_5pos,,,,9,9,9,OFAT,7.712000000000001,8.33465305772006
fivepos,OFAT,,Random Forest,45,LOCO,OFAT,Thickness_5pos,,,,10,10,10,OFAT,2.3760000000000003,8.321348253968253
fivepos,OFAT,,Random Forest,45,LOCO,OFAT,Thickness_5pos,,,,11,11,11,OFAT,7.786,8.497845117033641
fivepos,OFAT,,Random Forest,45,LOCO,OFAT,Thickness_5pos,,,,12,12,11,OFAT,9.190000000000001,8.497845117033641
fivepos,OFAT,,Random Forest,45,LOCO,OFAT,Thickness_5pos,,,,13,13,12,OFAT,7.714,9.026746610389612
fivepos,OFAT,,Random Forest,45,LOCO,OFAT,Thickness_5pos,,,,14,14,10,OFAT,6.81,8.321348253968253
fivepos,OFAT,,Random Forest,45,LOCO,OFAT,Thickness_5pos,,,,15,15,10,OFAT,16.612000000000002,8.321348253968253
fivepos,OFAT,,Random Forest,45,LOCO,OFAT,Thickness_5pos,,,,16,16,13,OFAT,14.952000000000002,13.600545277777783
fivepos,OFAT,,Random Forest,45,LOCO,OFAT,Thickness_5pos,,,,17,17,10,OFAT,10.623999999999999,8.321348253968253
fivepos,OFAT,,Random Forest,45,LOCO,OFAT,Thickness_5pos,,,,18,18,14,OFAT,24.566000000000003,19.14806704621849
fivepos,OFAT,,Random Forest,45,LOCO,OFAT,Thickness_5pos,,,,19,19,14,OFAT,28.262,19.14806704621849
fivepos,OFAT,,Random Forest,45,LOCO,OFAT,Thickness_5pos,,,,20,20,15,OFAT,7.484,7.069096841269843
fivepos,OFAT,,Random Forest,45,LOCO,OFAT,Thickness_5pos,,,,21,21,16,OFAT,15.064000000000002,12.333401620768127
fivepos,OFAT,,Random Forest,45,LOCO,OFAT,Thickness_5pos,,,,22,22,14,OFAT,33.33,19.14806704621849
fivepos,OFAT,,Random Forest,45,LOCO,OFAT,Thickness_5pos,,,,23,23,14,OFAT,23.546,19.14806704621849
fivepos,OFAT,,Random Forest,45,LOCO,OFAT,Thickness_5pos,,,,24,24,14,OFAT,25.130000000000003,19.14806704621849
fivepos,OFAT,,Random Forest,45,LOCO,OFAT,Thickness_5pos,,,,25,25,14,OFAT,22.818,19.14806704621849
fivepos,OFAT,,Random Forest,45,LOCO,OFAT,Thickness_5pos,,,,26,26,17,OFAT,18.386000000000003,16.38170563985851
fivepos,OFAT,,Random Forest,45,LOCO,OFAT,Thickness_5pos,,,,27,27,17,OFAT,18.174,16.38170563985851
fivepos,OFAT,,Random Forest,45,LOCO,OFAT,Thickness_5pos,,,,28,28,17,OFAT,24.241999999999997,16.38170563985851
fivepos,OFAT,,Random Forest,45,LOCO,OFAT,Thickness_5pos,,,,29,29,17,OFAT,18.942,16.38170563985851
fivepos,OFAT,,Random Forest,45,LOCO,OFAT,Thickness_5pos,,,,30,30,17,OFAT,18.624,16.38170563985851
fivepos,OFAT,,Random Forest,45,LOCO,OFAT,Thickness_5pos,,,,31,31,18,OFAT,15.928,17.717772203910812
fivepos,OFAT,,Random Forest,45,LOCO,OFAT,Thickness_5pos,,,,32,32,19,OFAT,10.406,15.96679994676256
fivepos,OFAT,,Random Forest,45,LOCO,OFAT,Thickness_5pos,,,,33,33,20,OFAT,5.188000000000001,6.312135936507936
fivepos,OFAT,,Random Forest,45,LOCO,OFAT,Thickness_5pos,,,,34,34,21,OFAT,1.198,3.631166944444443
fivepos,OFAT,,Random Forest,45,LOCO,OFAT,Thickness_5pos,,,,35,35,22,OFAT,2.078,3.1723886111111113
fivepos,OFAT,,Random Forest,45,LOCO,OFAT,Thickness_5pos,,,,36,36,23,OFAT,3.6160000000000005,3.7959768427128413
fivepos,OFAT,,Random Forest,45,LOCO,OFAT,Thickness_5pos,,,,37,37,20,OFAT,12.488,6.312135936507936
fivepos,OFAT,,Random Forest,45,LOCO,OFAT,Thickness_5pos,,,,38,38,19,OFAT,15.386000000000001,15.96679994676256
fivepos,OFAT,,Random Forest,45,LOCO,OFAT,Thickness_5pos,,,,39,39,18,OFAT,19.972,17.717772203910812
fivepos,OFAT,,Random Forest,45,LOCO,OFAT,Thickness_5pos,,,,40,40,19,OFAT,17.589999999999996,15.96679994676256
fivepos,OFAT,,Random Forest,45,LOCO,OFAT,Thickness_5pos,,,,41,41,19,OFAT,9.268,15.96679994676256
fivepos,OFAT,,Random Forest,46,LOCO,OFAT,Thickness_5pos,,,,0,0,0,OFAT,29.372000000000003,19.172831428571428
fivepos,OFAT,,Random Forest,46,LOCO,OFAT,Thickness_5pos,,,,1,1,1,OFAT,19.088,23.950400000000013
fivepos,OFAT,,Random Forest,46,LOCO,OFAT,Thickness_5pos,,,,2,2,2,OFAT,24.044,20.88019999999999
fivepos,OFAT,,Random Forest,46,LOCO,OFAT,Thickness_5pos,,,,3,3,3,OFAT,20.038,15.85799142857142
fivepos,OFAT,,Random Forest,46,LOCO,OFAT,Thickness_5pos,,,,4,4,4,OFAT,15.540000000000001,15.980769523809514
fivepos,OFAT,,Random Forest,46,LOCO,OFAT,Thickness_5pos,,,,5,5,5,OFAT,14.366,16.190018690476176
fivepos,OFAT,,Random Forest,46,LOCO,OFAT,Thickness_5pos,,,,6,6,6,OFAT,12.963999999999999,15.33614749999999
fivepos,OFAT,,Random Forest,46,LOCO,OFAT,Thickness_5pos,,,,7,7,7,OFAT,13.280000000000001,15.56915251587301
fivepos,OFAT,,Random Forest,46,LOCO,OFAT,Thickness_5pos,,,,8,8,8,OFAT,15.191999999999998,18.815103555555556
fivepos,OFAT,,Random Forest,46,LOCO,OFAT,Thickness_5pos,,,,9,9,9,OFAT,7.712000000000001,8.34293961904762
fivepos,OFAT,,Random Forest,46,LOCO,OFAT,Thickness_5pos,,,,10,10,10,OFAT,2.3760000000000003,8.85876528571429
fivepos,OFAT,,Random Forest,46,LOCO,OFAT,Thickness_5pos,,,,11,11,11,OFAT,7.786,8.256074500000004
fivepos,OFAT,,Random Forest,46,LOCO,OFAT,Thickness_5pos,,,,12,12,11,OFAT,9.190000000000001,8.256074500000004
fivepos,OFAT,,Random Forest,46,LOCO,OFAT,Thickness_5pos,,,,13,13,12,OFAT,7.714,9.236041465367968
fivepos,OFAT,,Random Forest,46,LOCO,OFAT,Thickness_5pos,,,,14,14,10,OFAT,6.81,8.85876528571429
fivepos,OFAT,,Random Forest,46,LOCO,OFAT,Thickness_5pos,,,,15,15,10,OFAT,16.612000000000002,8.85876528571429
fivepos,OFAT,,Random Forest,46,LOCO,OFAT,Thickness_5pos,,,,16,16,13,OFAT,14.952000000000002,14.487394876678879
fivepos,OFAT,,Random Forest,46,LOCO,OFAT,Thickness_5pos,,,,17,17,10,OFAT,10.623999999999999,8.85876528571429
fivepos,OFAT,,Random Forest,46,LOCO,OFAT,Thickness_5pos,,,,18,18,14,OFAT,24.566000000000003,19.437178680375176
fivepos,OFAT,,Random Forest,46,LOCO,OFAT,Thickness_5pos,,,,19,19,14,OFAT,28.262,19.437178680375176
fivepos,OFAT,,Random Forest,46,LOCO,OFAT,Thickness_5pos,,,,20,20,15,OFAT,7.484,7.605649999999998
fivepos,OFAT,,Random Forest,46,LOCO,OFAT,Thickness_5pos,,,,21,21,16,OFAT,15.064000000000002,12.56601035714286
fivepos,OFAT,,Random Forest,46,LOCO,OFAT,Thickness_5pos,,,,22,22,14,OFAT,33.33,19.437178680375176
fivepos,OFAT,,Random Forest,46,LOCO,OFAT,Thickness_5pos,,,,23,23,14,OFAT,23.546,19.437178680375176
fivepos,OFAT,,Random Forest,46,LOCO,OFAT,Thickness_5pos,,,,24,24,14,OFAT,25.130000000000003,19.437178680375176
fivepos,OFAT,,Random Forest,46,LOCO,OFAT,Thickness_5pos,,,,25,25,14,OFAT,22.818,19.437178680375176
fivepos,OFAT,,Random Forest,46,LOCO,OFAT,Thickness_5pos,,,,26,26,17,OFAT,18.386000000000003,16.833819141192656
fivepos,OFAT,,Random Forest,46,LOCO,OFAT,Thickness_5pos,,,,27,27,17,OFAT,18.174,16.833819141192656
fivepos,OFAT,,Random Forest,46,LOCO,OFAT,Thickness_5pos,,,,28,28,17,OFAT,24.241999999999997,16.833819141192656
fivepos,OFAT,,Random Forest,46,LOCO,OFAT,Thickness_5pos,,,,29,29,17,OFAT,18.942,16.833819141192656
fivepos,OFAT,,Random Forest,46,LOCO,OFAT,Thickness_5pos,,,,30,30,17,OFAT,18.624,16.833819141192656
fivepos,OFAT,,Random Forest,46,LOCO,OFAT,Thickness_5pos,,,,31,31,18,OFAT,15.928,17.916679378803654
fivepos,OFAT,,Random Forest,46,LOCO,OFAT,Thickness_5pos,,,,32,32,19,OFAT,10.406,15.171103031746041
fivepos,OFAT,,Random Forest,46,LOCO,OFAT,Thickness_5pos,,,,33,33,20,OFAT,5.188000000000001,6.999809666666667
fivepos,OFAT,,Random Forest,46,LOCO,OFAT,Thickness_5pos,,,,34,34,21,OFAT,1.198,3.1778799999999983
fivepos,OFAT,,Random Forest,46,LOCO,OFAT,Thickness_5pos,,,,35,35,22,OFAT,2.078,2.5618800000000026
fivepos,OFAT,,Random Forest,46,LOCO,OFAT,Thickness_5pos,,,,36,36,23,OFAT,3.6160000000000005,4.554986666666658
fivepos,OFAT,,Random Forest,46,LOCO,OFAT,Thickness_5pos,,,,37,37,20,OFAT,12.488,6.999809666666667
fivepos,OFAT,,Random Forest,46,LOCO,OFAT,Thickness_5pos,,,,38,38,19,OFAT,15.386000000000001,15.171103031746041
fivepos,OFAT,,Random Forest,46,LOCO,OFAT,Thickness_5pos,,,,39,39,18,OFAT,19.972,17.916679378803654
fivepos,OFAT,,Random Forest,46,LOCO,OFAT,Thickness_5pos,,,,40,40,19,OFAT,17.589999999999996,15.171103031746041
fivepos,OFAT,,Random Forest,46,LOCO,OFAT,Thickness_5pos,,,,41,41,19,OFAT,9.268,15.171103031746041
fivepos,OFAT,,Random Forest,47,LOCO,OFAT,Thickness_5pos,,,,0,0,0,OFAT,29.372000000000003,19.27249266666666
fivepos,OFAT,,Random Forest,47,LOCO,OFAT,Thickness_5pos,,,,1,1,1,OFAT,19.088,24.472341666666676
fivepos,OFAT,,Random Forest,47,LOCO,OFAT,Thickness_5pos,,,,2,2,2,OFAT,24.044,21.168187142857153
fivepos,OFAT,,Random Forest,47,LOCO,OFAT,Thickness_5pos,,,,3,3,3,OFAT,20.038,16.174897868131872
fivepos,OFAT,,Random Forest,47,LOCO,OFAT,Thickness_5pos,,,,4,4,4,OFAT,15.540000000000001,17.74549611280163
fivepos,OFAT,,Random Forest,47,LOCO,OFAT,Thickness_5pos,,,,5,5,5,OFAT,14.366,17.987642815516868
fivepos,OFAT,,Random Forest,47,LOCO,OFAT,Thickness_5pos,,,,6,6,6,OFAT,12.963999999999999,17.85038107408398
fivepos,OFAT,,Random Forest,47,LOCO,OFAT,Thickness_5pos,,,,7,7,7,OFAT,13.280000000000001,17.61128696878767
fivepos,OFAT,,Random Forest,47,LOCO,OFAT,Thickness_5pos,,,,8,8,8,OFAT,15.191999999999998,18.954447318118415
fivepos,OFAT,,Random Forest,47,LOCO,OFAT,Thickness_5pos,,,,9,9,9,OFAT,7.712000000000001,8.52676028571429
fivepos,OFAT,,Random Forest,47,LOCO,OFAT,Thickness_5pos,,,,10,10,10,OFAT,2.3760000000000003,8.761718333333338
fivepos,OFAT,,Random Forest,47,LOCO,OFAT,Thickness_5pos,,,,11,11,11,OFAT,7.786,8.578309690476193
fivepos,OFAT,,Random Forest,47,LOCO,OFAT,Thickness_5pos,,,,12,12,11,OFAT,9.190000000000001,8.578309690476193
fivepos,OFAT,,Random Forest,47,LOCO,OFAT,Thickness_5pos,,,,13,13,12,OFAT,7.714,8.911753936507937
fivepos,OFAT,,Random Forest,47,LOCO,OFAT,Thickness_5pos,,,,14,14,10,OFAT,6.81,8.761718333333338
fivepos,OFAT,,Random Forest,47,LOCO,OFAT,Thickness_5pos,,,,15,15,10,OFAT,16.612000000000002,8.761718333333338
fivepos,OFAT,,Random Forest,47,LOCO,OFAT,Thickness_5pos,,,,16,16,13,OFAT,14.952000000000002,14.341646190476201
fivepos,OFAT,,Random Forest,47,LOCO,OFAT,Thickness_5pos,,,,17,17,10,OFAT,10.623999999999999,8.761718333333338
fivepos,OFAT,,Random Forest,47,LOCO,OFAT,Thickness_5pos,,,,18,18,14,OFAT,24.566000000000003,19.5809719047619
fivepos,OFAT,,Random Forest,47,LOCO,OFAT,Thickness_5pos,,,,19,19,14,OFAT,28.262,19.5809719047619
fivepos,OFAT,,Random Forest,47,LOCO,OFAT,Thickness_5pos,,,,20,20,15,OFAT,7.484,6.992164261904763
fivepos,OFAT,,Random Forest,47,LOCO,OFAT,Thickness_5pos,,,,21,21,16,OFAT,15.064000000000002,11.735408819624825
fivepos,OFAT,,Random Forest,47,LOCO,OFAT,Thickness_5pos,,,,22,22,14,OFAT,33.33,19.5809719047619
fivepos,OFAT,,Random Forest,47,LOCO,OFAT,Thickness_5pos,,,,23,23,14,OFAT,23.546,19.5809719047619
fivepos,OFAT,,Random Forest,47,LOCO,OFAT,Thickness_5pos,,,,24,24,14,OFAT,25.130000000000003,19.5809719047619
fivepos,OFAT,,Random Forest,47,LOCO,OFAT,Thickness_5pos,,,,25,25,14,OFAT,22.818,19.5809719047619
fivepos,OFAT,,Random Forest,47,LOCO,OFAT,Thickness_5pos,,,,26,26,17,OFAT,18.386000000000003,16.418401594528106
fivepos,OFAT,,Random Forest,47,LOCO,OFAT,Thickness_5pos,,,,27,27,17,OFAT,18.174,16.418401594528106
fivepos,OFAT,,Random Forest,47,LOCO,OFAT,Thickness_5pos,,,,28,28,17,OFAT,24.241999999999997,16.418401594528106
fivepos,OFAT,,Random Forest,47,LOCO,OFAT,Thickness_5pos,,,,29,29,17,OFAT,18.942,16.418401594528106
fivepos,OFAT,,Random Forest,47,LOCO,OFAT,Thickness_5pos,,,,30,30,17,OFAT,18.624,16.418401594528106
fivepos,OFAT,,Random Forest,47,LOCO,OFAT,Thickness_5pos,,,,31,31,18,OFAT,15.928,19.797607865079364
fivepos,OFAT,,Random Forest,47,LOCO,OFAT,Thickness_5pos,,,,32,32,19,OFAT,10.406,16.191076918554266
fivepos,OFAT,,Random Forest,47,LOCO,OFAT,Thickness_5pos,,,,33,33,20,OFAT,5.188000000000001,6.681489166666666
fivepos,OFAT,,Random Forest,47,LOCO,OFAT,Thickness_5pos,,,,34,34,21,OFAT,1.198,3.3410399999999982
fivepos,OFAT,,Random Forest,47,LOCO,OFAT,Thickness_5pos,,,,35,35,22,OFAT,2.078,2.8130400000000026
fivepos,OFAT,,Random Forest,47,LOCO,OFAT,Thickness_5pos,,,,36,36,23,OFAT,3.6160000000000005,4.154133333333327
fivepos,OFAT,,Random Forest,47,LOCO,OFAT,Thickness_5pos,,,,37,37,20,OFAT,12.488,6.681489166666666
fivepos,OFAT,,Random Forest,47,LOCO,OFAT,Thickness_5pos,,,,38,38,19,OFAT,15.386000000000001,16.191076918554266
fivepos,OFAT,,Random Forest,47,LOCO,OFAT,Thickness_5pos,,,,39,39,18,OFAT,19.972,19.797607865079364
fivepos,OFAT,,Random Forest,47,LOCO,OFAT,Thickness_5pos,,,,40,40,19,OFAT,17.589999999999996,16.191076918554266
fivepos,OFAT,,Random Forest,47,LOCO,OFAT,Thickness_5pos,,,,41,41,19,OFAT,9.268,16.191076918554266
fivepos,OFAT,,Random Forest,48,LOCO,OFAT,Thickness_5pos,,,,0,0,0,OFAT,29.372000000000003,18.95211010894661
fivepos,OFAT,,Random Forest,48,LOCO,OFAT,Thickness_5pos,,,,1,1,1,OFAT,19.088,24.58395562545789
fivepos,OFAT,,Random Forest,48,LOCO,OFAT,Thickness_5pos,,,,2,2,2,OFAT,24.044,20.708583023809528
fivepos,OFAT,,Random Forest,48,LOCO,OFAT,Thickness_5pos,,,,3,3,3,OFAT,20.038,16.30406133333333
fivepos,OFAT,,Random Forest,48,LOCO,OFAT,Thickness_5pos,,,,4,4,4,OFAT,15.540000000000001,15.91077647619048
fivepos,OFAT,,Random Forest,48,LOCO,OFAT,Thickness_5pos,,,,5,5,5,OFAT,14.366,17.791258695503597
fivepos,OFAT,,Random Forest,48,LOCO,OFAT,Thickness_5pos,,,,6,6,6,OFAT,12.963999999999999,17.69967038837361
fivepos,OFAT,,Random Forest,48,LOCO,OFAT,Thickness_5pos,,,,7,7,7,OFAT,13.280000000000001,17.733812943888644
fivepos,OFAT,,Random Forest,48,LOCO,OFAT,Thickness_5pos,,,,8,8,8,OFAT,15.191999999999998,18.56923742857142
fivepos,OFAT,,Random Forest,48,LOCO,OFAT,Thickness_5pos,,,,9,9,9,OFAT,7.712000000000001,8.376980095238101
fivepos,OFAT,,Random Forest,48,LOCO,OFAT,Thickness_5pos,,,,10,10,10,OFAT,2.3760000000000003,9.174821047619055
fivepos,OFAT,,Random Forest,48,LOCO,OFAT,Thickness_5pos,,,,11,11,11,OFAT,7.786,8.530512412698418
fivepos,OFAT,,Random Forest,48,LOCO,OFAT,Thickness_5pos,,,,12,12,11,OFAT,9.190000000000001,8.530512412698418
fivepos,OFAT,,Random Forest,48,LOCO,OFAT,Thickness_5pos,,,,13,13,12,OFAT,7.714,9.014387452380952
fivepos,OFAT,,Random Forest,48,LOCO,OFAT,Thickness_5pos,,,,14,14,10,OFAT,6.81,9.174821047619055
fivepos,OFAT,,Random Forest,48,LOCO,OFAT,Thickness_5pos,,,,15,15,10,OFAT,16.612000000000002,9.174821047619055
fivepos,OFAT,,Random Forest,48,LOCO,OFAT,Thickness_5pos,,,,16,16,13,OFAT,14.952000000000002,13.854512486291478
fivepos,OFAT,,Random Forest,48,LOCO,OFAT,Thickness_5pos,,,,17,17,10,OFAT,10.623999999999999,9.174821047619055
fivepos,OFAT,,Random Forest,48,LOCO,OFAT,Thickness_5pos,,,,18,18,14,OFAT,24.566000000000003,19.61708896681097
fivepos,OFAT,,Random Forest,48,LOCO,OFAT,Thickness_5pos,,,,19,19,14,OFAT,28.262,19.61708896681097
fivepos,OFAT,,Random Forest,48,LOCO,OFAT,Thickness_5pos,,,,20,20,15,OFAT,7.484,8.181512380952377
fivepos,OFAT,,Random Forest,48,LOCO,OFAT,Thickness_5pos,,,,21,21,16,OFAT,15.064000000000002,12.829072519480519
fivepos,OFAT,,Random Forest,48,LOCO,OFAT,Thickness_5pos,,,,22,22,14,OFAT,33.33,19.61708896681097
fivepos,OFAT,,Random Forest,48,LOCO,OFAT,Thickness_5pos,,,,23,23,14,OFAT,23.546,19.61708896681097
fivepos,OFAT,,Random Forest,48,LOCO,OFAT,Thickness_5pos,,,,24,24,14,OFAT,25.130000000000003,19.61708896681097
fivepos,OFAT,,Random Forest,48,LOCO,OFAT,Thickness_5pos,,,,25,25,14,OFAT,22.818,19.61708896681097
fivepos,OFAT,,Random Forest,48,LOCO,OFAT,Thickness_5pos,,,,26,26,17,OFAT,18.386000000000003,16.377651111370653
fivepos,OFAT,,Random Forest,48,LOCO,OFAT,Thickness_5pos,,,,27,27,17,OFAT,18.174,16.377651111370653
fivepos,OFAT,,Random Forest,48,LOCO,OFAT,Thickness_5pos,,,,28,28,17,OFAT,24.241999999999997,16.377651111370653
fivepos,OFAT,,Random Forest,48,LOCO,OFAT,Thickness_5pos,,,,29,29,17,OFAT,18.942,16.377651111370653
fivepos,OFAT,,Random Forest,48,LOCO,OFAT,Thickness_5pos,,,,30,30,17,OFAT,18.624,16.377651111370653
fivepos,OFAT,,Random Forest,48,LOCO,OFAT,Thickness_5pos,,,,31,31,18,OFAT,15.928,19.374930342324333
fivepos,OFAT,,Random Forest,48,LOCO,OFAT,Thickness_5pos,,,,32,32,19,OFAT,10.406,14.903443769119777
fivepos,OFAT,,Random Forest,48,LOCO,OFAT,Thickness_5pos,,,,33,33,20,OFAT,5.188000000000001,7.069269545787546
fivepos,OFAT,,Random Forest,48,LOCO,OFAT,Thickness_5pos,,,,34,34,21,OFAT,1.198,4.420327523809524
fivepos,OFAT,,Random Forest,48,LOCO,OFAT,Thickness_5pos,,,,35,35,22,OFAT,2.078,4.0864996666666675
fivepos,OFAT,,Random Forest,48,LOCO,OFAT,Thickness_5pos,,,,36,36,23,OFAT,3.6160000000000005,3.6454781666666674
fivepos,OFAT,,Random Forest,48,LOCO,OFAT,Thickness_5pos,,,,37,37,20,OFAT,12.488,7.069269545787546
fivepos,OFAT,,Random Forest,48,LOCO,OFAT,Thickness_5pos,,,,38,38,19,OFAT,15.386000000000001,14.903443769119777
fivepos,OFAT,,Random Forest,48,LOCO,OFAT,Thickness_5pos,,,,39,39,18,OFAT,19.972,19.374930342324333
fivepos,OFAT,,Random Forest,48,LOCO,OFAT,Thickness_5pos,,,,40,40,19,OFAT,17.589999999999996,14.903443769119777
fivepos,OFAT,,Random Forest,48,LOCO,OFAT,Thickness_5pos,,,,41,41,19,OFAT,9.268,14.903443769119777
fivepos,OFAT,,Random Forest,49,LOCO,OFAT,Thickness_5pos,,,,0,0,0,OFAT,29.372000000000003,18.92925354761905
fivepos,OFAT,,Random Forest,49,LOCO,OFAT,Thickness_5pos,,,,1,1,1,OFAT,19.088,24.80525028860029
fivepos,OFAT,,Random Forest,49,LOCO,OFAT,Thickness_5pos,,,,2,2,2,OFAT,24.044,21.08156863492064
fivepos,OFAT,,Random Forest,49,LOCO,OFAT,Thickness_5pos,,,,3,3,3,OFAT,20.038,15.121446380952369
fivepos,OFAT,,Random Forest,49,LOCO,OFAT,Thickness_5pos,,,,4,4,4,OFAT,15.540000000000001,17.496589523581317
fivepos,OFAT,,Random Forest,49,LOCO,OFAT,Thickness_5pos,,,,5,5,5,OFAT,14.366,17.72210324429347
fivepos,OFAT,,Random Forest,49,LOCO,OFAT,Thickness_5pos,,,,6,6,6,OFAT,12.963999999999999,18.087350191251296
fivepos,OFAT,,Random Forest,49,LOCO,OFAT,Thickness_5pos,,,,7,7,7,OFAT,13.280000000000001,17.61197263531643
fivepos,OFAT,,Random Forest,49,LOCO,OFAT,Thickness_5pos,,,,8,8,8,OFAT,15.191999999999998,18.56940871777377
fivepos,OFAT,,Random Forest,49,LOCO,OFAT,Thickness_5pos,,,,9,9,9,OFAT,7.712000000000001,8.675999674838236
fivepos,OFAT,,Random Forest,49,LOCO,OFAT,Thickness_5pos,,,,10,10,10,OFAT,2.3760000000000003,8.275601452380956
fivepos,OFAT,,Random Forest,49,LOCO,OFAT,Thickness_5pos,,,,11,11,11,OFAT,7.786,8.156173031746032
fivepos,OFAT,,Random Forest,49,LOCO,OFAT,Thickness_5pos,,,,12,12,11,OFAT,9.190000000000001,8.156173031746032
fivepos,OFAT,,Random Forest,49,LOCO,OFAT,Thickness_5pos,,,,13,13,12,OFAT,7.714,9.311396603174607
fivepos,OFAT,,Random Forest,49,LOCO,OFAT,Thickness_5pos,,,,14,14,10,OFAT,6.81,8.275601452380956
fivepos,OFAT,,Random Forest,49,LOCO,OFAT,Thickness_5pos,,,,15,15,10,OFAT,16.612000000000002,8.275601452380956
fivepos,OFAT,,Random Forest,49,LOCO,OFAT,Thickness_5pos,,,,16,16,13,OFAT,14.952000000000002,13.641900003663002
fivepos,OFAT,,Random Forest,49,LOCO,OFAT,Thickness_5pos,,,,17,17,10,OFAT,10.623999999999999,8.275601452380956
fivepos,OFAT,,Random Forest,49,LOCO,OFAT,Thickness_5pos,,,,18,18,14,OFAT,24.566000000000003,19.647574739538232
fivepos,OFAT,,Random Forest,49,LOCO,OFAT,Thickness_5pos,,,,19,19,14,OFAT,28.262,19.647574739538232
fivepos,OFAT,,Random Forest,49,LOCO,OFAT,Thickness_5pos,,,,20,20,15,OFAT,7.484,7.199895206349205
fivepos,OFAT,,Random Forest,49,LOCO,OFAT,Thickness_5pos,,,,21,21,16,OFAT,15.064000000000002,12.268400015873022
fivepos,OFAT,,Random Forest,49,LOCO,OFAT,Thickness_5pos,,,,22,22,14,OFAT,33.33,19.647574739538232
fivepos,OFAT,,Random Forest,49,LOCO,OFAT,Thickness_5pos,,,,23,23,14,OFAT,23.546,19.647574739538232
fivepos,OFAT,,Random Forest,49,LOCO,OFAT,Thickness_5pos,,,,24,24,14,OFAT,25.130000000000003,19.647574739538232
fivepos,OFAT,,Random Forest,49,LOCO,OFAT,Thickness_5pos,,,,25,25,14,OFAT,22.818,19.647574739538232
fivepos,OFAT,,Random Forest,49,LOCO,OFAT,Thickness_5pos,,,,26,26,17,OFAT,18.386000000000003,17.03108328873714
fivepos,OFAT,,Random Forest,49,LOCO,OFAT,Thickness_5pos,,,,27,27,17,OFAT,18.174,17.03108328873714
fivepos,OFAT,,Random Forest,49,LOCO,OFAT,Thickness_5pos,,,,28,28,17,OFAT,24.241999999999997,17.03108328873714
fivepos,OFAT,,Random Forest,49,LOCO,OFAT,Thickness_5pos,,,,29,29,17,OFAT,18.942,17.03108328873714
fivepos,OFAT,,Random Forest,49,LOCO,OFAT,Thickness_5pos,,,,30,30,17,OFAT,18.624,17.03108328873714
fivepos,OFAT,,Random Forest,49,LOCO,OFAT,Thickness_5pos,,,,31,31,18,OFAT,15.928,19.61582388095238
fivepos,OFAT,,Random Forest,49,LOCO,OFAT,Thickness_5pos,,,,32,32,19,OFAT,10.406,14.253308666666667
fivepos,OFAT,,Random Forest,49,LOCO,OFAT,Thickness_5pos,,,,33,33,20,OFAT,5.188000000000001,6.345124111111111
fivepos,OFAT,,Random Forest,49,LOCO,OFAT,Thickness_5pos,,,,34,34,21,OFAT,1.198,4.795211095238093
fivepos,OFAT,,Random Forest,49,LOCO,OFAT,Thickness_5pos,,,,35,35,22,OFAT,2.078,4.504293476190479
fivepos,OFAT,,Random Forest,49,LOCO,OFAT,Thickness_5pos,,,,36,36,23,OFAT,3.6160000000000005,3.9916410000000013
fivepos,OFAT,,Random Forest,49,LOCO,OFAT,Thickness_5pos,,,,37,37,20,OFAT,12.488,6.345124111111111
fivepos,OFAT,,Random Forest,49,LOCO,OFAT,Thickness_5pos,,,,38,38,19,OFAT,15.386000000000001,14.253308666666667
fivepos,OFAT,,Random Forest,49,LOCO,OFAT,Thickness_5pos,,,,39,39,18,OFAT,19.972,19.61582388095238
fivepos,OFAT,,Random Forest,49,LOCO,OFAT,Thickness_5pos,,,,40,40,19,OFAT,17.589999999999996,14.253308666666667
fivepos,OFAT,,Random Forest,49,LOCO,OFAT,Thickness_5pos,,,,41,41,19,OFAT,9.268,14.253308666666667
fivepos,OFAT,,Random Forest,50,LOCO,OFAT,Thickness_5pos,,,,0,0,0,OFAT,29.372000000000003,16.072288571428558
fivepos,OFAT,,Random Forest,50,LOCO,OFAT,Thickness_5pos,,,,1,1,1,OFAT,19.088,24.16391000000001
fivepos,OFAT,,Random Forest,50,LOCO,OFAT,Thickness_5pos,,,,2,2,2,OFAT,24.044,19.67790799999999
fivepos,OFAT,,Random Forest,50,LOCO,OFAT,Thickness_5pos,,,,3,3,3,OFAT,20.038,15.457393999999992
fivepos,OFAT,,Random Forest,50,LOCO,OFAT,Thickness_5pos,,,,4,4,4,OFAT,15.540000000000001,15.67052942063491
fivepos,OFAT,,Random Forest,50,LOCO,OFAT,Thickness_5pos,,,,5,5,5,OFAT,14.366,16.046154420634902
fivepos,OFAT,,Random Forest,50,LOCO,OFAT,Thickness_5pos,,,,6,6,6,OFAT,12.963999999999999,15.411533087301578
fivepos,OFAT,,Random Forest,50,LOCO,OFAT,Thickness_5pos,,,,7,7,7,OFAT,13.280000000000001,15.557627611111092
fivepos,OFAT,,Random Forest,50,LOCO,OFAT,Thickness_5pos,,,,8,8,8,OFAT,15.191999999999998,19.07047485714285
fivepos,OFAT,,Random Forest,50,LOCO,OFAT,Thickness_5pos,,,,9,9,9,OFAT,7.712000000000001,8.52887300000001
fivepos,OFAT,,Random Forest,50,LOCO,OFAT,Thickness_5pos,,,,10,10,10,OFAT,2.3760000000000003,8.483374128049732
fivepos,OFAT,,Random Forest,50,LOCO,OFAT,Thickness_5pos,,,,11,11,11,OFAT,7.786,9.13058727861028
fivepos,OFAT,,Random Forest,50,LOCO,OFAT,Thickness_5pos,,,,12,12,11,OFAT,9.190000000000001,9.13058727861028
fivepos,OFAT,,Random Forest,50,LOCO,OFAT,Thickness_5pos,,,,13,13,12,OFAT,7.714,9.062309515873013
fivepos,OFAT,,Random Forest,50,LOCO,OFAT,Thickness_5pos,,,,14,14,10,OFAT,6.81,8.483374128049732
fivepos,OFAT,,Random Forest,50,LOCO,OFAT,Thickness_5pos,,,,15,15,10,OFAT,16.612000000000002,8.483374128049732
fivepos,OFAT,,Random Forest,50,LOCO,OFAT,Thickness_5pos,,,,16,16,13,OFAT,14.952000000000002,14.184879422224403
fivepos,OFAT,,Random Forest,50,LOCO,OFAT,Thickness_5pos,,,,17,17,10,OFAT,10.623999999999999,8.483374128049732
fivepos,OFAT,,Random Forest,50,LOCO,OFAT,Thickness_5pos,,,,18,18,14,OFAT,24.566000000000003,18.336727437382873
fivepos,OFAT,,Random Forest,50,LOCO,OFAT,Thickness_5pos,,,,19,19,14,OFAT,28.262,18.336727437382873
fivepos,OFAT,,Random Forest,50,LOCO,OFAT,Thickness_5pos,,,,20,20,15,OFAT,7.484,8.123835838383837
fivepos,OFAT,,Random Forest,50,LOCO,OFAT,Thickness_5pos,,,,21,21,16,OFAT,15.064000000000002,12.091085584038767
fivepos,OFAT,,Random Forest,50,LOCO,OFAT,Thickness_5pos,,,,22,22,14,OFAT,33.33,18.336727437382873
fivepos,OFAT,,Random Forest,50,LOCO,OFAT,Thickness_5pos,,,,23,23,14,OFAT,23.546,18.336727437382873
fivepos,OFAT,,Random Forest,50,LOCO,OFAT,Thickness_5pos,,,,24,24,14,OFAT,25.130000000000003,18.336727437382873
fivepos,OFAT,,Random Forest,50,LOCO,OFAT,Thickness_5pos,,,,25,25,14,OFAT,22.818,18.336727437382873
fivepos,OFAT,,Random Forest,50,LOCO,OFAT,Thickness_5pos,,,,26,26,17,OFAT,18.386000000000003,16.306823005701958
fivepos,OFAT,,Random Forest,50,LOCO,OFAT,Thickness_5pos,,,,27,27,17,OFAT,18.174,16.306823005701958
fivepos,OFAT,,Random Forest,50,LOCO,OFAT,Thickness_5pos,,,,28,28,17,OFAT,24.241999999999997,16.306823005701958
fivepos,OFAT,,Random Forest,50,LOCO,OFAT,Thickness_5pos,,,,29,29,17,OFAT,18.942,16.306823005701958
fivepos,OFAT,,Random Forest,50,LOCO,OFAT,Thickness_5pos,,,,30,30,17,OFAT,18.624,16.306823005701958
fivepos,OFAT,,Random Forest,50,LOCO,OFAT,Thickness_5pos,,,,31,31,18,OFAT,15.928,19.606113778388277
fivepos,OFAT,,Random Forest,50,LOCO,OFAT,Thickness_5pos,,,,32,32,19,OFAT,10.406,15.318508445165952
fivepos,OFAT,,Random Forest,50,LOCO,OFAT,Thickness_5pos,,,,33,33,20,OFAT,5.188000000000001,7.0586332142857175
fivepos,OFAT,,Random Forest,50,LOCO,OFAT,Thickness_5pos,,,,34,34,21,OFAT,1.198,5.134960444444444
fivepos,OFAT,,Random Forest,50,LOCO,OFAT,Thickness_5pos,,,,35,35,22,OFAT,2.078,4.82579384920635
fivepos,OFAT,,Random Forest,50,LOCO,OFAT,Thickness_5pos,,,,36,36,23,OFAT,3.6160000000000005,4.655445973914968
fivepos,OFAT,,Random Forest,50,LOCO,OFAT,Thickness_5pos,,,,37,37,20,OFAT,12.488,7.0586332142857175
fivepos,OFAT,,Random Forest,50,LOCO,OFAT,Thickness_5pos,,,,38,38,19,OFAT,15.386000000000001,15.318508445165952
fivepos,OFAT,,Random Forest,50,LOCO,OFAT,Thickness_5pos,,,,39,39,18,OFAT,19.972,19.606113778388277
fivepos,OFAT,,Random Forest,50,LOCO,OFAT,Thickness_5pos,,,,40,40,19,OFAT,17.589999999999996,15.318508445165952
fivepos,OFAT,,Random Forest,50,LOCO,OFAT,Thickness_5pos,,,,41,41,19,OFAT,9.268,15.318508445165952
fivepos,OFAT,,Random Forest,51,LOCO,OFAT,Thickness_5pos,,,,0,0,0,OFAT,29.372000000000003,18.86500528354978
fivepos,OFAT,,Random Forest,51,LOCO,OFAT,Thickness_5pos,,,,1,1,1,OFAT,19.088,23.64919460126253
fivepos,OFAT,,Random Forest,51,LOCO,OFAT,Thickness_5pos,,,,2,2,2,OFAT,24.044,21.2236385358606
fivepos,OFAT,,Random Forest,51,LOCO,OFAT,Thickness_5pos,,,,3,3,3,OFAT,20.038,15.446570380952373
fivepos,OFAT,,Random Forest,51,LOCO,OFAT,Thickness_5pos,,,,4,4,4,OFAT,15.540000000000001,15.75923552380952
fivepos,OFAT,,Random Forest,51,LOCO,OFAT,Thickness_5pos,,,,5,5,5,OFAT,14.366,16.28908125230325
fivepos,OFAT,,Random Forest,51,LOCO,OFAT,Thickness_5pos,,,,6,6,6,OFAT,12.963999999999999,15.929379690032187
fivepos,OFAT,,Random Forest,51,LOCO,OFAT,Thickness_5pos,,,,7,7,7,OFAT,13.280000000000001,15.986407132034614
fivepos,OFAT,,Random Forest,51,LOCO,OFAT,Thickness_5pos,,,,8,8,8,OFAT,15.191999999999998,17.793461499999992
fivepos,OFAT,,Random Forest,51,LOCO,OFAT,Thickness_5pos,,,,9,9,9,OFAT,7.712000000000001,8.416405999999998
fivepos,OFAT,,Random Forest,51,LOCO,OFAT,Thickness_5pos,,,,10,10,10,OFAT,2.3760000000000003,9.216433666666669
fivepos,OFAT,,Random Forest,51,LOCO,OFAT,Thickness_5pos,,,,11,11,11,OFAT,7.786,7.940161309523813
fivepos,OFAT,,Random Forest,51,LOCO,OFAT,Thickness_5pos,,,,12,12,11,OFAT,9.190000000000001,7.940161309523813
fivepos,OFAT,,Random Forest,51,LOCO,OFAT,Thickness_5pos,,,,13,13,12,OFAT,7.714,9.484671984126987
fivepos,OFAT,,Random Forest,51,LOCO,OFAT,Thickness_5pos,,,,14,14,10,OFAT,6.81,9.216433666666669
fivepos,OFAT,,Random Forest,51,LOCO,OFAT,Thickness_5pos,,,,15,15,10,OFAT,16.612000000000002,9.216433666666669
fivepos,OFAT,,Random Forest,51,LOCO,OFAT,Thickness_5pos,,,,16,16,13,OFAT,14.952000000000002,13.648079317460315
fivepos,OFAT,,Random Forest,51,LOCO,OFAT,Thickness_5pos,,,,17,17,10,OFAT,10.623999999999999,9.216433666666669
fivepos,OFAT,,Random Forest,51,LOCO,OFAT,Thickness_5pos,,,,18,18,14,OFAT,24.566000000000003,18.22878131515217
fivepos,OFAT,,Random Forest,51,LOCO,OFAT,Thickness_5pos,,,,19,19,14,OFAT,28.262,18.22878131515217
fivepos,OFAT,,Random Forest,51,LOCO,OFAT,Thickness_5pos,,,,20,20,15,OFAT,7.484,7.786821452380952
fivepos,OFAT,,Random Forest,51,LOCO,OFAT,Thickness_5pos,,,,21,21,16,OFAT,15.064000000000002,11.882273531746032
fivepos,OFAT,,Random Forest,51,LOCO,OFAT,Thickness_5pos,,,,22,22,14,OFAT,33.33,18.22878131515217
fivepos,OFAT,,Random Forest,51,LOCO,OFAT,Thickness_5pos,,,,23,23,14,OFAT,23.546,18.22878131515217
fivepos,OFAT,,Random Forest,51,LOCO,OFAT,Thickness_5pos,,,,24,24,14,OFAT,25.130000000000003,18.22878131515217
fivepos,OFAT,,Random Forest,51,LOCO,OFAT,Thickness_5pos,,,,25,25,14,OFAT,22.818,18.22878131515217
fivepos,OFAT,,Random Forest,51,LOCO,OFAT,Thickness_5pos,,,,26,26,17,OFAT,18.386000000000003,16.60601086783016
fivepos,OFAT,,Random Forest,51,LOCO,OFAT,Thickness_5pos,,,,27,27,17,OFAT,18.174,16.60601086783016
fivepos,OFAT,,Random Forest,51,LOCO,OFAT,Thickness_5pos,,,,28,28,17,OFAT,24.241999999999997,16.60601086783016
fivepos,OFAT,,Random Forest,51,LOCO,OFAT,Thickness_5pos,,,,29,29,17,OFAT,18.942,16.60601086783016
fivepos,OFAT,,Random Forest,51,LOCO,OFAT,Thickness_5pos,,,,30,30,17,OFAT,18.624,16.60601086783016
fivepos,OFAT,,Random Forest,51,LOCO,OFAT,Thickness_5pos,,,,31,31,18,OFAT,15.928,19.688288591630585
fivepos,OFAT,,Random Forest,51,LOCO,OFAT,Thickness_5pos,,,,32,32,19,OFAT,10.406,15.819440797819482
fivepos,OFAT,,Random Forest,51,LOCO,OFAT,Thickness_5pos,,,,33,33,20,OFAT,5.188000000000001,6.537045833333334
fivepos,OFAT,,Random Forest,51,LOCO,OFAT,Thickness_5pos,,,,34,34,21,OFAT,1.198,3.2616766666666637
fivepos,OFAT,,Random Forest,51,LOCO,OFAT,Thickness_5pos,,,,35,35,22,OFAT,2.078,2.6720766666666687
fivepos,OFAT,,Random Forest,51,LOCO,OFAT,Thickness_5pos,,,,36,36,23,OFAT,3.6160000000000005,4.241389999999992
fivepos,OFAT,,Random Forest,51,LOCO,OFAT,Thickness_5pos,,,,37,37,20,OFAT,12.488,6.537045833333334
fivepos,OFAT,,Random Forest,51,LOCO,OFAT,Thickness_5pos,,,,38,38,19,OFAT,15.386000000000001,15.819440797819482
fivepos,OFAT,,Random Forest,51,LOCO,OFAT,Thickness_5pos,,,,39,39,18,OFAT,19.972,19.688288591630585
fivepos,OFAT,,Random Forest,51,LOCO,OFAT,Thickness_5pos,,,,40,40,19,OFAT,17.589999999999996,15.819440797819482
fivepos,OFAT,,Random Forest,51,LOCO,OFAT,Thickness_5pos,,,,41,41,19,OFAT,9.268,15.819440797819482
fivepos,OFAT,,XGBoost,42,LOCO,OFAT,Thickness_5pos,,,,0,0,0,OFAT,29.372000000000003,15.899842262268066
fivepos,OFAT,,XGBoost,42,LOCO,OFAT,Thickness_5pos,,,,1,1,1,OFAT,19.088,25.346261978149414
fivepos,OFAT,,XGBoost,42,LOCO,OFAT,Thickness_5pos,,,,2,2,2,OFAT,24.044,21.658035278320312
fivepos,OFAT,,XGBoost,42,LOCO,OFAT,Thickness_5pos,,,,3,3,3,OFAT,20.038,18.00797462463379
fivepos,OFAT,,XGBoost,42,LOCO,OFAT,Thickness_5pos,,,,4,4,4,OFAT,15.540000000000001,14.567780494689941
fivepos,OFAT,,XGBoost,42,LOCO,OFAT,Thickness_5pos,,,,5,5,5,OFAT,14.366,14.872489929199219
fivepos,OFAT,,XGBoost,42,LOCO,OFAT,Thickness_5pos,,,,6,6,6,OFAT,12.963999999999999,17.506832122802734
fivepos,OFAT,,XGBoost,42,LOCO,OFAT,Thickness_5pos,,,,7,7,7,OFAT,13.280000000000001,16.296733856201172
fivepos,OFAT,,XGBoost,42,LOCO,OFAT,Thickness_5pos,,,,8,8,8,OFAT,15.191999999999998,17.578365325927734
fivepos,OFAT,,XGBoost,42,LOCO,OFAT,Thickness_5pos,,,,9,9,9,OFAT,7.712000000000001,9.15129280090332
fivepos,OFAT,,XGBoost,42,LOCO,OFAT,Thickness_5pos,,,,10,10,10,OFAT,2.3760000000000003,11.032044410705566
fivepos,OFAT,,XGBoost,42,LOCO,OFAT,Thickness_5pos,,,,11,11,11,OFAT,7.786,11.269702911376953
fivepos,OFAT,,XGBoost,42,LOCO,OFAT,Thickness_5pos,,,,12,12,11,OFAT,9.190000000000001,11.269702911376953
fivepos,OFAT,,XGBoost,42,LOCO,OFAT,Thickness_5pos,,,,13,13,12,OFAT,7.714,9.046915054321289
fivepos,OFAT,,XGBoost,42,LOCO,OFAT,Thickness_5pos,,,,14,14,10,OFAT,6.81,11.032044410705566
fivepos,OFAT,,XGBoost,42,LOCO,OFAT,Thickness_5pos,,,,15,15,10,OFAT,16.612000000000002,11.032044410705566
fivepos,OFAT,,XGBoost,42,LOCO,OFAT,Thickness_5pos,,,,16,16,13,OFAT,14.952000000000002,13.924445152282715
fivepos,OFAT,,XGBoost,42,LOCO,OFAT,Thickness_5pos,,,,17,17,10,OFAT,10.623999999999999,11.032044410705566
fivepos,OFAT,,XGBoost,42,LOCO,OFAT,Thickness_5pos,,,,18,18,14,OFAT,24.566000000000003,18.186542510986328
fivepos,OFAT,,XGBoost,42,LOCO,OFAT,Thickness_5pos,,,,19,19,14,OFAT,28.262,18.186542510986328
fivepos,OFAT,,XGBoost,42,LOCO,OFAT,Thickness_5pos,,,,20,20,15,OFAT,7.484,5.159901142120361
fivepos,OFAT,,XGBoost,42,LOCO,OFAT,Thickness_5pos,,,,21,21,16,OFAT,15.064000000000002,8.677862167358398
fivepos,OFAT,,XGBoost,42,LOCO,OFAT,Thickness_5pos,,,,22,22,14,OFAT,33.33,18.186542510986328
fivepos,OFAT,,XGBoost,42,LOCO,OFAT,Thickness_5pos,,,,23,23,14,OFAT,23.546,18.186542510986328
fivepos,OFAT,,XGBoost,42,LOCO,OFAT,Thickness_5pos,,,,24,24,14,OFAT,25.130000000000003,18.186542510986328
fivepos,OFAT,,XGBoost,42,LOCO,OFAT,Thickness_5pos,,,,25,25,14,OFAT,22.818,18.186542510986328
fivepos,OFAT,,XGBoost,42,LOCO,OFAT,Thickness_5pos,,,,26,26,17,OFAT,18.386000000000003,17.665050506591797
fivepos,OFAT,,XGBoost,42,LOCO,OFAT,Thickness_5pos,,,,27,27,17,OFAT,18.174,17.665050506591797
fivepos,OFAT,,XGBoost,42,LOCO,OFAT,Thickness_5pos,,,,28,28,17,OFAT,24.241999999999997,17.665050506591797
fivepos,OFAT,,XGBoost,42,LOCO,OFAT,Thickness_5pos,,,,29,29,17,OFAT,18.942,17.665050506591797
fivepos,OFAT,,XGBoost,42,LOCO,OFAT,Thickness_5pos,,,,30,30,17,OFAT,18.624,17.665050506591797
fivepos,OFAT,,XGBoost,42,LOCO,OFAT,Thickness_5pos,,,,31,31,18,OFAT,15.928,13.236221313476562
fivepos,OFAT,,XGBoost,42,LOCO,OFAT,Thickness_5pos,,,,32,32,19,OFAT,10.406,15.215258598327637
fivepos,OFAT,,XGBoost,42,LOCO,OFAT,Thickness_5pos,,,,33,33,20,OFAT,5.188000000000001,7.088827133178711
fivepos,OFAT,,XGBoost,42,LOCO,OFAT,Thickness_5pos,,,,34,34,21,OFAT,1.198,6.113100528717041
fivepos,OFAT,,XGBoost,42,LOCO,OFAT,Thickness_5pos,,,,35,35,22,OFAT,2.078,6.126575469970703
fivepos,OFAT,,XGBoost,42,LOCO,OFAT,Thickness_5pos,,,,36,36,23,OFAT,3.6160000000000005,5.72629451751709
fivepos,OFAT,,XGBoost,42,LOCO,OFAT,Thickness_5pos,,,,37,37,20,OFAT,12.488,7.088827133178711
fivepos,OFAT,,XGBoost,42,LOCO,OFAT,Thickness_5pos,,,,38,38,19,OFAT,15.386000000000001,15.215258598327637
fivepos,OFAT,,XGBoost,42,LOCO,OFAT,Thickness_5pos,,,,39,39,18,OFAT,19.972,13.236221313476562
fivepos,OFAT,,XGBoost,42,LOCO,OFAT,Thickness_5pos,,,,40,40,19,OFAT,17.589999999999996,15.215258598327637
fivepos,OFAT,,XGBoost,42,LOCO,OFAT,Thickness_5pos,,,,41,41,19,OFAT,9.268,15.215258598327637
fivepos,OFAT,,XGBoost,43,LOCO,OFAT,Thickness_5pos,,,,0,0,0,OFAT,29.372000000000003,18.6249942779541
fivepos,OFAT,,XGBoost,43,LOCO,OFAT,Thickness_5pos,,,,1,1,1,OFAT,19.088,25.634462356567383
fivepos,OFAT,,XGBoost,43,LOCO,OFAT,Thickness_5pos,,,,2,2,2,OFAT,24.044,22.33818817138672
fivepos,OFAT,,XGBoost,43,LOCO,OFAT,Thickness_5pos,,,,3,3,3,OFAT,20.038,16.155763626098633
fivepos,OFAT,,XGBoost,43,LOCO,OFAT,Thickness_5pos,,,,4,4,4,OFAT,15.540000000000001,14.55361557006836
fivepos,OFAT,,XGBoost,43,LOCO,OFAT,Thickness_5pos,,,,5,5,5,OFAT,14.366,14.972405433654785
fivepos,OFAT,,XGBoost,43,LOCO,OFAT,Thickness_5pos,,,,6,6,6,OFAT,12.963999999999999,16.551454544067383
fivepos,OFAT,,XGBoost,43,LOCO,OFAT,Thickness_5pos,,,,7,7,7,OFAT,13.280000000000001,14.542193412780762
fivepos,OFAT,,XGBoost,43,LOCO,OFAT,Thickness_5pos,,,,8,8,8,OFAT,15.191999999999998,21.633468627929688
fivepos,OFAT,,XGBoost,43,LOCO,OFAT,Thickness_5pos,,,,9,9,9,OFAT,7.712000000000001,9.144878387451172
fivepos,OFAT,,XGBoost,43,LOCO,OFAT,Thickness_5pos,,,,10,10,10,OFAT,2.3760000000000003,8.99264907836914
fivepos,OFAT,,XGBoost,43,LOCO,OFAT,Thickness_5pos,,,,11,11,11,OFAT,7.786,8.925087928771973
fivepos,OFAT,,XGBoost,43,LOCO,OFAT,Thickness_5pos,,,,12,12,11,OFAT,9.190000000000001,8.925087928771973
fivepos,OFAT,,XGBoost,43,LOCO,OFAT,Thickness_5pos,,,,13,13,12,OFAT,7.714,7.846996784210205
fivepos,OFAT,,XGBoost,43,LOCO,OFAT,Thickness_5pos,,,,14,14,10,OFAT,6.81,8.99264907836914
fivepos,OFAT,,XGBoost,43,LOCO,OFAT,Thickness_5pos,,,,15,15,10,OFAT,16.612000000000002,8.99264907836914
fivepos,OFAT,,XGBoost,43,LOCO,OFAT,Thickness_5pos,,,,16,16,13,OFAT,14.952000000000002,15.11143684387207
fivepos,OFAT,,XGBoost,43,LOCO,OFAT,Thickness_5pos,,,,17,17,10,OFAT,10.623999999999999,8.99264907836914
fivepos,OFAT,,XGBoost,43,LOCO,OFAT,Thickness_5pos,,,,18,18,14,OFAT,24.566000000000003,18.014328002929688
fivepos,OFAT,,XGBoost,43,LOCO,OFAT,Thickness_5pos,,,,19,19,14,OFAT,28.262,18.014328002929688
fivepos,OFAT,,XGBoost,43,LOCO,OFAT,Thickness_5pos,,,,20,20,15,OFAT,7.484,3.8256869316101074
fivepos,OFAT,,XGBoost,43,LOCO,OFAT,Thickness_5pos,,,,21,21,16,OFAT,15.064000000000002,9.152551651000977
fivepos,OFAT,,XGBoost,43,LOCO,OFAT,Thickness_5pos,,,,22,22,14,OFAT,33.33,18.014328002929688
fivepos,OFAT,,XGBoost,43,LOCO,OFAT,Thickness_5pos,,,,23,23,14,OFAT,23.546,18.014328002929688
fivepos,OFAT,,XGBoost,43,LOCO,OFAT,Thickness_5pos,,,,24,24,14,OFAT,25.130000000000003,18.014328002929688
fivepos,OFAT,,XGBoost,43,LOCO,OFAT,Thickness_5pos,,,,25,25,14,OFAT,22.818,18.014328002929688
fivepos,OFAT,,XGBoost,43,LOCO,OFAT,Thickness_5pos,,,,26,26,17,OFAT,18.386000000000003,15.311624526977539
fivepos,OFAT,,XGBoost,43,LOCO,OFAT,Thickness_5pos,,,,27,27,17,OFAT,18.174,15.311624526977539
fivepos,OFAT,,XGBoost,43,LOCO,OFAT,Thickness_5pos,,,,28,28,17,OFAT,24.241999999999997,15.311624526977539
fivepos,OFAT,,XGBoost,43,LOCO,OFAT,Thickness_5pos,,,,29,29,17,OFAT,18.942,15.311624526977539
fivepos,OFAT,,XGBoost,43,LOCO,OFAT,Thickness_5pos,,,,30,30,17,OFAT,18.624,15.311624526977539
fivepos,OFAT,,XGBoost,43,LOCO,OFAT,Thickness_5pos,,,,31,31,18,OFAT,15.928,13.20647144317627
fivepos,OFAT,,XGBoost,43,LOCO,OFAT,Thickness_5pos,,,,32,32,19,OFAT,10.406,15.694971084594727
fivepos,OFAT,,XGBoost,43,LOCO,OFAT,Thickness_5pos,,,,33,33,20,OFAT,5.188000000000001,7.569467544555664
fivepos,OFAT,,XGBoost,43,LOCO,OFAT,Thickness_5pos,,,,34,34,21,OFAT,1.198,4.744187355041504
fivepos,OFAT,,XGBoost,43,LOCO,OFAT,Thickness_5pos,,,,35,35,22,OFAT,2.078,4.329366683959961
fivepos,OFAT,,XGBoost,43,LOCO,OFAT,Thickness_5pos,,,,36,36,23,OFAT,3.6160000000000005,3.6263577938079834
fivepos,OFAT,,XGBoost,43,LOCO,OFAT,Thickness_5pos,,,,37,37,20,OFAT,12.488,7.569467544555664
fivepos,OFAT,,XGBoost,43,LOCO,OFAT,Thickness_5pos,,,,38,38,19,OFAT,15.386000000000001,15.694971084594727
fivepos,OFAT,,XGBoost,43,LOCO,OFAT,Thickness_5pos,,,,39,39,18,OFAT,19.972,13.20647144317627
fivepos,OFAT,,XGBoost,43,LOCO,OFAT,Thickness_5pos,,,,40,40,19,OFAT,17.589999999999996,15.694971084594727
fivepos,OFAT,,XGBoost,43,LOCO,OFAT,Thickness_5pos,,,,41,41,19,OFAT,9.268,15.694971084594727
fivepos,OFAT,,XGBoost,44,LOCO,OFAT,Thickness_5pos,,,,0,0,0,OFAT,29.372000000000003,15.999435424804688
fivepos,OFAT,,XGBoost,44,LOCO,OFAT,Thickness_5pos,,,,1,1,1,OFAT,19.088,23.75638198852539
fivepos,OFAT,,XGBoost,44,LOCO,OFAT,Thickness_5pos,,,,2,2,2,OFAT,24.044,21.441164016723633
fivepos,OFAT,,XGBoost,44,LOCO,OFAT,Thickness_5pos,,,,3,3,3,OFAT,20.038,18.112258911132812
fivepos,OFAT,,XGBoost,44,LOCO,OFAT,Thickness_5pos,,,,4,4,4,OFAT,15.540000000000001,15.136584281921387
fivepos,OFAT,,XGBoost,44,LOCO,OFAT,Thickness_5pos,,,,5,5,5,OFAT,14.366,15.706757545471191
fivepos,OFAT,,XGBoost,44,LOCO,OFAT,Thickness_5pos,,,,6,6,6,OFAT,12.963999999999999,18.229829788208008
fivepos,OFAT,,XGBoost,44,LOCO,OFAT,Thickness_5pos,,,,7,7,7,OFAT,13.280000000000001,15.961987495422363
fivepos,OFAT,,XGBoost,44,LOCO,OFAT,Thickness_5pos,,,,8,8,8,OFAT,15.191999999999998,17.178890228271484
fivepos,OFAT,,XGBoost,44,LOCO,OFAT,Thickness_5pos,,,,9,9,9,OFAT,7.712000000000001,9.10008716583252
fivepos,OFAT,,XGBoost,44,LOCO,OFAT,Thickness_5pos,,,,10,10,10,OFAT,2.3760000000000003,9.273651123046875
fivepos,OFAT,,XGBoost,44,LOCO,OFAT,Thickness_5pos,,,,11,11,11,OFAT,7.786,9.496248245239258
fivepos,OFAT,,XGBoost,44,LOCO,OFAT,Thickness_5pos,,,,12,12,11,OFAT,9.190000000000001,9.496248245239258
fivepos,OFAT,,XGBoost,44,LOCO,OFAT,Thickness_5pos,,,,13,13,12,OFAT,7.714,9.425914764404297
fivepos,OFAT,,XGBoost,44,LOCO,OFAT,Thickness_5pos,,,,14,14,10,OFAT,6.81,9.273651123046875
fivepos,OFAT,,XGBoost,44,LOCO,OFAT,Thickness_5pos,,,,15,15,10,OFAT,16.612000000000002,9.273651123046875
fivepos,OFAT,,XGBoost,44,LOCO,OFAT,Thickness_5pos,,,,16,16,13,OFAT,14.952000000000002,13.879748344421387
fivepos,OFAT,,XGBoost,44,LOCO,OFAT,Thickness_5pos,,,,17,17,10,OFAT,10.623999999999999,9.273651123046875
fivepos,OFAT,,XGBoost,44,LOCO,OFAT,Thickness_5pos,,,,18,18,14,OFAT,24.566000000000003,19.617740631103516
fivepos,OFAT,,XGBoost,44,LOCO,OFAT,Thickness_5pos,,,,19,19,14,OFAT,28.262,19.617740631103516
fivepos,OFAT,,XGBoost,44,LOCO,OFAT,Thickness_5pos,,,,20,20,15,OFAT,7.484,5.167980670928955
fivepos,OFAT,,XGBoost,44,LOCO,OFAT,Thickness_5pos,,,,21,21,16,OFAT,15.064000000000002,8.71038818359375
fivepos,OFAT,,XGBoost,44,LOCO,OFAT,Thickness_5pos,,,,22,22,14,OFAT,33.33,19.617740631103516
fivepos,OFAT,,XGBoost,44,LOCO,OFAT,Thickness_5pos,,,,23,23,14,OFAT,23.546,19.617740631103516
fivepos,OFAT,,XGBoost,44,LOCO,OFAT,Thickness_5pos,,,,24,24,14,OFAT,25.130000000000003,19.617740631103516
fivepos,OFAT,,XGBoost,44,LOCO,OFAT,Thickness_5pos,,,,25,25,14,OFAT,22.818,19.617740631103516
fivepos,OFAT,,XGBoost,44,LOCO,OFAT,Thickness_5pos,,,,26,26,17,OFAT,18.386000000000003,15.930277824401855
fivepos,OFAT,,XGBoost,44,LOCO,OFAT,Thickness_5pos,,,,27,27,17,OFAT,18.174,15.930277824401855
fivepos,OFAT,,XGBoost,44,LOCO,OFAT,Thickness_5pos,,,,28,28,17,OFAT,24.241999999999997,15.930277824401855
fivepos,OFAT,,XGBoost,44,LOCO,OFAT,Thickness_5pos,,,,29,29,17,OFAT,18.942,15.930277824401855
fivepos,OFAT,,XGBoost,44,LOCO,OFAT,Thickness_5pos,,,,30,30,17,OFAT,18.624,15.930277824401855
fivepos,OFAT,,XGBoost,44,LOCO,OFAT,Thickness_5pos,,,,31,31,18,OFAT,15.928,13.432291030883789
fivepos,OFAT,,XGBoost,44,LOCO,OFAT,Thickness_5pos,,,,32,32,19,OFAT,10.406,15.187782287597656
fivepos,OFAT,,XGBoost,44,LOCO,OFAT,Thickness_5pos,,,,33,33,20,OFAT,5.188000000000001,7.322906494140625
fivepos,OFAT,,XGBoost,44,LOCO,OFAT,Thickness_5pos,,,,34,34,21,OFAT,1.198,6.126240253448486
fivepos,OFAT,,XGBoost,44,LOCO,OFAT,Thickness_5pos,,,,35,35,22,OFAT,2.078,5.8785247802734375
fivepos,OFAT,,XGBoost,44,LOCO,OFAT,Thickness_5pos,,,,36,36,23,OFAT,3.6160000000000005,5.795738220214844
fivepos,OFAT,,XGBoost,44,LOCO,OFAT,Thickness_5pos,,,,37,37,20,OFAT,12.488,7.322906494140625
fivepos,OFAT,,XGBoost,44,LOCO,OFAT,Thickness_5pos,,,,38,38,19,OFAT,15.386000000000001,15.187782287597656
fivepos,OFAT,,XGBoost,44,LOCO,OFAT,Thickness_5pos,,,,39,39,18,OFAT,19.972,13.432291030883789
fivepos,OFAT,,XGBoost,44,LOCO,OFAT,Thickness_5pos,,,,40,40,19,OFAT,17.589999999999996,15.187782287597656
fivepos,OFAT,,XGBoost,44,LOCO,OFAT,Thickness_5pos,,,,41,41,19,OFAT,9.268,15.187782287597656
fivepos,OFAT,,XGBoost,45,LOCO,OFAT,Thickness_5pos,,,,0,0,0,OFAT,29.372000000000003,16.2557430267334
fivepos,OFAT,,XGBoost,45,LOCO,OFAT,Thickness_5pos,,,,1,1,1,OFAT,19.088,25.04288673400879
fivepos,OFAT,,XGBoost,45,LOCO,OFAT,Thickness_5pos,,,,2,2,2,OFAT,24.044,20.740934371948242
fivepos,OFAT,,XGBoost,45,LOCO,OFAT,Thickness_5pos,,,,3,3,3,OFAT,20.038,15.984464645385742
fivepos,OFAT,,XGBoost,45,LOCO,OFAT,Thickness_5pos,,,,4,4,4,OFAT,15.540000000000001,15.342735290527344
fivepos,OFAT,,XGBoost,45,LOCO,OFAT,Thickness_5pos,,,,5,5,5,OFAT,14.366,15.950606346130371
fivepos,OFAT,,XGBoost,45,LOCO,OFAT,Thickness_5pos,,,,6,6,6,OFAT,12.963999999999999,18.47690773010254
fivepos,OFAT,,XGBoost,45,LOCO,OFAT,Thickness_5pos,,,,7,7,7,OFAT,13.280000000000001,17.62694549560547
fivepos,OFAT,,XGBoost,45,LOCO,OFAT,Thickness_5pos,,,,8,8,8,OFAT,15.191999999999998,19.727489471435547
fivepos,OFAT,,XGBoost,45,LOCO,OFAT,Thickness_5pos,,,,9,9,9,OFAT,7.712000000000001,10.129185676574707
fivepos,OFAT,,XGBoost,45,LOCO,OFAT,Thickness_5pos,,,,10,10,10,OFAT,2.3760000000000003,7.577864646911621
fivepos,OFAT,,XGBoost,45,LOCO,OFAT,Thickness_5pos,,,,11,11,11,OFAT,7.786,10.916582107543945
fivepos,OFAT,,XGBoost,45,LOCO,OFAT,Thickness_5pos,,,,12,12,11,OFAT,9.190000000000001,10.916582107543945
fivepos,OFAT,,XGBoost,45,LOCO,OFAT,Thickness_5pos,,,,13,13,12,OFAT,7.714,8.977782249450684
fivepos,OFAT,,XGBoost,45,LOCO,OFAT,Thickness_5pos,,,,14,14,10,OFAT,6.81,7.577864646911621
fivepos,OFAT,,XGBoost,45,LOCO,OFAT,Thickness_5pos,,,,15,15,10,OFAT,16.612000000000002,7.577864646911621
fivepos,OFAT,,XGBoost,45,LOCO,OFAT,Thickness_5pos,,,,16,16,13,OFAT,14.952000000000002,13.605957984924316
fivepos,OFAT,,XGBoost,45,LOCO,OFAT,Thickness_5pos,,,,17,17,10,OFAT,10.623999999999999,7.577864646911621
fivepos,OFAT,,XGBoost,45,LOCO,OFAT,Thickness_5pos,,,,18,18,14,OFAT,24.566000000000003,18.75105094909668
fivepos,OFAT,,XGBoost,45,LOCO,OFAT,Thickness_5pos,,,,19,19,14,OFAT,28.262,18.75105094909668
fivepos,OFAT,,XGBoost,45,LOCO,OFAT,Thickness_5pos,,,,20,20,15,OFAT,7.484,4.408425807952881
fivepos,OFAT,,XGBoost,45,LOCO,OFAT,Thickness_5pos,,,,21,21,16,OFAT,15.064000000000002,9.343430519104004
fivepos,OFAT,,XGBoost,45,LOCO,OFAT,Thickness_5pos,,,,22,22,14,OFAT,33.33,18.75105094909668
fivepos,OFAT,,XGBoost,45,LOCO,OFAT,Thickness_5pos,,,,23,23,14,OFAT,23.546,18.75105094909668
fivepos,OFAT,,XGBoost,45,LOCO,OFAT,Thickness_5pos,,,,24,24,14,OFAT,25.130000000000003,18.75105094909668
fivepos,OFAT,,XGBoost,45,LOCO,OFAT,Thickness_5pos,,,,25,25,14,OFAT,22.818,18.75105094909668
fivepos,OFAT,,XGBoost,45,LOCO,OFAT,Thickness_5pos,,,,26,26,17,OFAT,18.386000000000003,17.015987396240234
fivepos,OFAT,,XGBoost,45,LOCO,OFAT,Thickness_5pos,,,,27,27,17,OFAT,18.174,17.015987396240234
fivepos,OFAT,,XGBoost,45,LOCO,OFAT,Thickness_5pos,,,,28,28,17,OFAT,24.241999999999997,17.015987396240234
fivepos,OFAT,,XGBoost,45,LOCO,OFAT,Thickness_5pos,,,,29,29,17,OFAT,18.942,17.015987396240234
fivepos,OFAT,,XGBoost,45,LOCO,OFAT,Thickness_5pos,,,,30,30,17,OFAT,18.624,17.015987396240234
fivepos,OFAT,,XGBoost,45,LOCO,OFAT,Thickness_5pos,,,,31,31,18,OFAT,15.928,13.483535766601562
fivepos,OFAT,,XGBoost,45,LOCO,OFAT,Thickness_5pos,,,,32,32,19,OFAT,10.406,15.407537460327148
fivepos,OFAT,,XGBoost,45,LOCO,OFAT,Thickness_5pos,,,,33,33,20,OFAT,5.188000000000001,7.817395210266113
fivepos,OFAT,,XGBoost,45,LOCO,OFAT,Thickness_5pos,,,,34,34,21,OFAT,1.198,4.913122653961182
fivepos,OFAT,,XGBoost,45,LOCO,OFAT,Thickness_5pos,,,,35,35,22,OFAT,2.078,4.569797515869141
fivepos,OFAT,,XGBoost,45,LOCO,OFAT,Thickness_5pos,,,,36,36,23,OFAT,3.6160000000000005,3.8529365062713623
fivepos,OFAT,,XGBoost,45,LOCO,OFAT,Thickness_5pos,,,,37,37,20,OFAT,12.488,7.817395210266113
fivepos,OFAT,,XGBoost,45,LOCO,OFAT,Thickness_5pos,,,,38,38,19,OFAT,15.386000000000001,15.407537460327148
fivepos,OFAT,,XGBoost,45,LOCO,OFAT,Thickness_5pos,,,,39,39,18,OFAT,19.972,13.483535766601562
fivepos,OFAT,,XGBoost,45,LOCO,OFAT,Thickness_5pos,,,,40,40,19,OFAT,17.589999999999996,15.407537460327148
fivepos,OFAT,,XGBoost,45,LOCO,OFAT,Thickness_5pos,,,,41,41,19,OFAT,9.268,15.407537460327148
fivepos,OFAT,,XGBoost,46,LOCO,OFAT,Thickness_5pos,,,,0,0,0,OFAT,29.372000000000003,16.82486343383789
fivepos,OFAT,,XGBoost,46,LOCO,OFAT,Thickness_5pos,,,,1,1,1,OFAT,19.088,26.01554298400879
fivepos,OFAT,,XGBoost,46,LOCO,OFAT,Thickness_5pos,,,,2,2,2,OFAT,24.044,21.86664390563965
fivepos,OFAT,,XGBoost,46,LOCO,OFAT,Thickness_5pos,,,,3,3,3,OFAT,20.038,16.566631317138672
fivepos,OFAT,,XGBoost,46,LOCO,OFAT,Thickness_5pos,,,,4,4,4,OFAT,15.540000000000001,14.358640670776367
fivepos,OFAT,,XGBoost,46,LOCO,OFAT,Thickness_5pos,,,,5,5,5,OFAT,14.366,15.345131874084473
fivepos,OFAT,,XGBoost,46,LOCO,OFAT,Thickness_5pos,,,,6,6,6,OFAT,12.963999999999999,17.646759033203125
fivepos,OFAT,,XGBoost,46,LOCO,OFAT,Thickness_5pos,,,,7,7,7,OFAT,13.280000000000001,15.867515563964844
fivepos,OFAT,,XGBoost,46,LOCO,OFAT,Thickness_5pos,,,,8,8,8,OFAT,15.191999999999998,18.894136428833008
fivepos,OFAT,,XGBoost,46,LOCO,OFAT,Thickness_5pos,,,,9,9,9,OFAT,7.712000000000001,9.04081916809082
fivepos,OFAT,,XGBoost,46,LOCO,OFAT,Thickness_5pos,,,,10,10,10,OFAT,2.3760000000000003,9.101285934448242
fivepos,OFAT,,XGBoost,46,LOCO,OFAT,Thickness_5pos,,,,11,11,11,OFAT,7.786,8.499043464660645
fivepos,OFAT,,XGBoost,46,LOCO,OFAT,Thickness_5pos,,,,12,12,11,OFAT,9.190000000000001,8.499043464660645
fivepos,OFAT,,XGBoost,46,LOCO,OFAT,Thickness_5pos,,,,13,13,12,OFAT,7.714,9.194552421569824
fivepos,OFAT,,XGBoost,46,LOCO,OFAT,Thickness_5pos,,,,14,14,10,OFAT,6.81,9.101285934448242
fivepos,OFAT,,XGBoost,46,LOCO,OFAT,Thickness_5pos,,,,15,15,10,OFAT,16.612000000000002,9.101285934448242
fivepos,OFAT,,XGBoost,46,LOCO,OFAT,Thickness_5pos,,,,16,16,13,OFAT,14.952000000000002,14.242548942565918
fivepos,OFAT,,XGBoost,46,LOCO,OFAT,Thickness_5pos,,,,17,17,10,OFAT,10.623999999999999,9.101285934448242
fivepos,OFAT,,XGBoost,46,LOCO,OFAT,Thickness_5pos,,,,18,18,14,OFAT,24.566000000000003,19.77879524230957
fivepos,OFAT,,XGBoost,46,LOCO,OFAT,Thickness_5pos,,,,19,19,14,OFAT,28.262,19.77879524230957
fivepos,OFAT,,XGBoost,46,LOCO,OFAT,Thickness_5pos,,,,20,20,15,OFAT,7.484,5.085947513580322
fivepos,OFAT,,XGBoost,46,LOCO,OFAT,Thickness_5pos,,,,21,21,16,OFAT,15.064000000000002,8.840572357177734
fivepos,OFAT,,XGBoost,46,LOCO,OFAT,Thickness_5pos,,,,22,22,14,OFAT,33.33,19.77879524230957
fivepos,OFAT,,XGBoost,46,LOCO,OFAT,Thickness_5pos,,,,23,23,14,OFAT,23.546,19.77879524230957
fivepos,OFAT,,XGBoost,46,LOCO,OFAT,Thickness_5pos,,,,24,24,14,OFAT,25.130000000000003,19.77879524230957
fivepos,OFAT,,XGBoost,46,LOCO,OFAT,Thickness_5pos,,,,25,25,14,OFAT,22.818,19.77879524230957
fivepos,OFAT,,XGBoost,46,LOCO,OFAT,Thickness_5pos,,,,26,26,17,OFAT,18.386000000000003,15.645831108093262
fivepos,OFAT,,XGBoost,46,LOCO,OFAT,Thickness_5pos,,,,27,27,17,OFAT,18.174,15.645831108093262
fivepos,OFAT,,XGBoost,46,LOCO,OFAT,Thickness_5pos,,,,28,28,17,OFAT,24.241999999999997,15.645831108093262
fivepos,OFAT,,XGBoost,46,LOCO,OFAT,Thickness_5pos,,,,29,29,17,OFAT,18.942,15.645831108093262
fivepos,OFAT,,XGBoost,46,LOCO,OFAT,Thickness_5pos,,,,30,30,17,OFAT,18.624,15.645831108093262
fivepos,OFAT,,XGBoost,46,LOCO,OFAT,Thickness_5pos,,,,31,31,18,OFAT,15.928,13.55600357055664
fivepos,OFAT,,XGBoost,46,LOCO,OFAT,Thickness_5pos,,,,32,32,19,OFAT,10.406,15.325922012329102
fivepos,OFAT,,XGBoost,46,LOCO,OFAT,Thickness_5pos,,,,33,33,20,OFAT,5.188000000000001,7.5496745109558105
fivepos,OFAT,,XGBoost,46,LOCO,OFAT,Thickness_5pos,,,,34,34,21,OFAT,1.198,6.236874103546143
fivepos,OFAT,,XGBoost,46,LOCO,OFAT,Thickness_5pos,,,,35,35,22,OFAT,2.078,5.981960296630859
fivepos,OFAT,,XGBoost,46,LOCO,OFAT,Thickness_5pos,,,,36,36,23,OFAT,3.6160000000000005,2.564267635345459
fivepos,OFAT,,XGBoost,46,LOCO,OFAT,Thickness_5pos,,,,37,37,20,OFAT,12.488,7.5496745109558105
fivepos,OFAT,,XGBoost,46,LOCO,OFAT,Thickness_5pos,,,,38,38,19,OFAT,15.386000000000001,15.325922012329102
fivepos,OFAT,,XGBoost,46,LOCO,OFAT,Thickness_5pos,,,,39,39,18,OFAT,19.972,13.55600357055664
fivepos,OFAT,,XGBoost,46,LOCO,OFAT,Thickness_5pos,,,,40,40,19,OFAT,17.589999999999996,15.325922012329102
fivepos,OFAT,,XGBoost,46,LOCO,OFAT,Thickness_5pos,,,,41,41,19,OFAT,9.268,15.325922012329102
fivepos,OFAT,,XGBoost,47,LOCO,OFAT,Thickness_5pos,,,,0,0,0,OFAT,29.372000000000003,16.86245346069336
fivepos,OFAT,,XGBoost,47,LOCO,OFAT,Thickness_5pos,,,,1,1,1,OFAT,19.088,25.437278747558594
fivepos,OFAT,,XGBoost,47,LOCO,OFAT,Thickness_5pos,,,,2,2,2,OFAT,24.044,21.08502769470215
fivepos,OFAT,,XGBoost,47,LOCO,OFAT,Thickness_5pos,,,,3,3,3,OFAT,20.038,17.135623931884766
fivepos,OFAT,,XGBoost,47,LOCO,OFAT,Thickness_5pos,,,,4,4,4,OFAT,15.540000000000001,14.557929039001465
fivepos,OFAT,,XGBoost,47,LOCO,OFAT,Thickness_5pos,,,,5,5,5,OFAT,14.366,14.819561004638672
fivepos,OFAT,,XGBoost,47,LOCO,OFAT,Thickness_5pos,,,,6,6,6,OFAT,12.963999999999999,17.67442512512207
fivepos,OFAT,,XGBoost,47,LOCO,OFAT,Thickness_5pos,,,,7,7,7,OFAT,13.280000000000001,17.68331527709961
fivepos,OFAT,,XGBoost,47,LOCO,OFAT,Thickness_5pos,,,,8,8,8,OFAT,15.191999999999998,17.73537826538086
fivepos,OFAT,,XGBoost,47,LOCO,OFAT,Thickness_5pos,,,,9,9,9,OFAT,7.712000000000001,9.574517250061035
fivepos,OFAT,,XGBoost,47,LOCO,OFAT,Thickness_5pos,,,,10,10,10,OFAT,2.3760000000000003,9.596881866455078
fivepos,OFAT,,XGBoost,47,LOCO,OFAT,Thickness_5pos,,,,11,11,11,OFAT,7.786,9.059802055358887
fivepos,OFAT,,XGBoost,47,LOCO,OFAT,Thickness_5pos,,,,12,12,11,OFAT,9.190000000000001,9.059802055358887
fivepos,OFAT,,XGBoost,47,LOCO,OFAT,Thickness_5pos,,,,13,13,12,OFAT,7.714,9.330175399780273
fivepos,OFAT,,XGBoost,47,LOCO,OFAT,Thickness_5pos,,,,14,14,10,OFAT,6.81,9.596881866455078
fivepos,OFAT,,XGBoost,47,LOCO,OFAT,Thickness_5pos,,,,15,15,10,OFAT,16.612000000000002,9.596881866455078
fivepos,OFAT,,XGBoost,47,LOCO,OFAT,Thickness_5pos,,,,16,16,13,OFAT,14.952000000000002,15.099907875061035
fivepos,OFAT,,XGBoost,47,LOCO,OFAT,Thickness_5pos,,,,17,17,10,OFAT,10.623999999999999,9.596881866455078
fivepos,OFAT,,XGBoost,47,LOCO,OFAT,Thickness_5pos,,,,18,18,14,OFAT,24.566000000000003,19.15043830871582
fivepos,OFAT,,XGBoost,47,LOCO,OFAT,Thickness_5pos,,,,19,19,14,OFAT,28.262,19.15043830871582
fivepos,OFAT,,XGBoost,47,LOCO,OFAT,Thickness_5pos,,,,20,20,15,OFAT,7.484,3.6129534244537354
fivepos,OFAT,,XGBoost,47,LOCO,OFAT,Thickness_5pos,,,,21,21,16,OFAT,15.064000000000002,9.13088607788086
fivepos,OFAT,,XGBoost,47,LOCO,OFAT,Thickness_5pos,,,,22,22,14,OFAT,33.33,19.15043830871582
fivepos,OFAT,,XGBoost,47,LOCO,OFAT,Thickness_5pos,,,,23,23,14,OFAT,23.546,19.15043830871582
fivepos,OFAT,,XGBoost,47,LOCO,OFAT,Thickness_5pos,,,,24,24,14,OFAT,25.130000000000003,19.15043830871582
fivepos,OFAT,,XGBoost,47,LOCO,OFAT,Thickness_5pos,,,,25,25,14,OFAT,22.818,19.15043830871582
fivepos,OFAT,,XGBoost,47,LOCO,OFAT,Thickness_5pos,,,,26,26,17,OFAT,18.386000000000003,14.873796463012695
fivepos,OFAT,,XGBoost,47,LOCO,OFAT,Thickness_5pos,,,,27,27,17,OFAT,18.174,14.873796463012695
fivepos,OFAT,,XGBoost,47,LOCO,OFAT,Thickness_5pos,,,,28,28,17,OFAT,24.241999999999997,14.873796463012695
fivepos,OFAT,,XGBoost,47,LOCO,OFAT,Thickness_5pos,,,,29,29,17,OFAT,18.942,14.873796463012695
fivepos,OFAT,,XGBoost,47,LOCO,OFAT,Thickness_5pos,,,,30,30,17,OFAT,18.624,14.873796463012695
fivepos,OFAT,,XGBoost,47,LOCO,OFAT,Thickness_5pos,,,,31,31,18,OFAT,15.928,13.3933744430542
fivepos,OFAT,,XGBoost,47,LOCO,OFAT,Thickness_5pos,,,,32,32,19,OFAT,10.406,15.263150215148926
fivepos,OFAT,,XGBoost,47,LOCO,OFAT,Thickness_5pos,,,,33,33,20,OFAT,5.188000000000001,7.228330135345459
fivepos,OFAT,,XGBoost,47,LOCO,OFAT,Thickness_5pos,,,,34,34,21,OFAT,1.198,3.0398380756378174
fivepos,OFAT,,XGBoost,47,LOCO,OFAT,Thickness_5pos,,,,35,35,22,OFAT,2.078,2.6020092964172363
fivepos,OFAT,,XGBoost,47,LOCO,OFAT,Thickness_5pos,,,,36,36,23,OFAT,3.6160000000000005,1.8248729705810547
fivepos,OFAT,,XGBoost,47,LOCO,OFAT,Thickness_5pos,,,,37,37,20,OFAT,12.488,7.228330135345459
fivepos,OFAT,,XGBoost,47,LOCO,OFAT,Thickness_5pos,,,,38,38,19,OFAT,15.386000000000001,15.263150215148926
fivepos,OFAT,,XGBoost,47,LOCO,OFAT,Thickness_5pos,,,,39,39,18,OFAT,19.972,13.3933744430542
fivepos,OFAT,,XGBoost,47,LOCO,OFAT,Thickness_5pos,,,,40,40,19,OFAT,17.589999999999996,15.263150215148926
fivepos,OFAT,,XGBoost,47,LOCO,OFAT,Thickness_5pos,,,,41,41,19,OFAT,9.268,15.263150215148926
fivepos,OFAT,,XGBoost,48,LOCO,OFAT,Thickness_5pos,,,,0,0,0,OFAT,29.372000000000003,17.885778427124023
fivepos,OFAT,,XGBoost,48,LOCO,OFAT,Thickness_5pos,,,,1,1,1,OFAT,19.088,25.59461784362793
fivepos,OFAT,,XGBoost,48,LOCO,OFAT,Thickness_5pos,,,,2,2,2,OFAT,24.044,21.813753128051758
fivepos,OFAT,,XGBoost,48,LOCO,OFAT,Thickness_5pos,,,,3,3,3,OFAT,20.038,16.564897537231445
fivepos,OFAT,,XGBoost,48,LOCO,OFAT,Thickness_5pos,,,,4,4,4,OFAT,15.540000000000001,14.708091735839844
fivepos,OFAT,,XGBoost,48,LOCO,OFAT,Thickness_5pos,,,,5,5,5,OFAT,14.366,16.56304931640625
fivepos,OFAT,,XGBoost,48,LOCO,OFAT,Thickness_5pos,,,,6,6,6,OFAT,12.963999999999999,18.261301040649414
fivepos,OFAT,,XGBoost,48,LOCO,OFAT,Thickness_5pos,,,,7,7,7,OFAT,13.280000000000001,16.655794143676758
fivepos,OFAT,,XGBoost,48,LOCO,OFAT,Thickness_5pos,,,,8,8,8,OFAT,15.191999999999998,19.383472442626953
fivepos,OFAT,,XGBoost,48,LOCO,OFAT,Thickness_5pos,,,,9,9,9,OFAT,7.712000000000001,10.027402877807617
fivepos,OFAT,,XGBoost,48,LOCO,OFAT,Thickness_5pos,,,,10,10,10,OFAT,2.3760000000000003,9.393972396850586
fivepos,OFAT,,XGBoost,48,LOCO,OFAT,Thickness_5pos,,,,11,11,11,OFAT,7.786,8.594228744506836
fivepos,OFAT,,XGBoost,48,LOCO,OFAT,Thickness_5pos,,,,12,12,11,OFAT,9.190000000000001,8.594228744506836
fivepos,OFAT,,XGBoost,48,LOCO,OFAT,Thickness_5pos,,,,13,13,12,OFAT,7.714,8.672225952148438
fivepos,OFAT,,XGBoost,48,LOCO,OFAT,Thickness_5pos,,,,14,14,10,OFAT,6.81,9.393972396850586
fivepos,OFAT,,XGBoost,48,LOCO,OFAT,Thickness_5pos,,,,15,15,10,OFAT,16.612000000000002,9.393972396850586
fivepos,OFAT,,XGBoost,48,LOCO,OFAT,Thickness_5pos,,,,16,16,13,OFAT,14.952000000000002,14.907726287841797
fivepos,OFAT,,XGBoost,48,LOCO,OFAT,Thickness_5pos,,,,17,17,10,OFAT,10.623999999999999,9.393972396850586
fivepos,OFAT,,XGBoost,48,LOCO,OFAT,Thickness_5pos,,,,18,18,14,OFAT,24.566000000000003,18.81660270690918
fivepos,OFAT,,XGBoost,48,LOCO,OFAT,Thickness_5pos,,,,19,19,14,OFAT,28.262,18.81660270690918
fivepos,OFAT,,XGBoost,48,LOCO,OFAT,Thickness_5pos,,,,20,20,15,OFAT,7.484,3.468581438064575
fivepos,OFAT,,XGBoost,48,LOCO,OFAT,Thickness_5pos,,,,21,21,16,OFAT,15.064000000000002,9.027297973632812
fivepos,OFAT,,XGBoost,48,LOCO,OFAT,Thickness_5pos,,,,22,22,14,OFAT,33.33,18.81660270690918
fivepos,OFAT,,XGBoost,48,LOCO,OFAT,Thickness_5pos,,,,23,23,14,OFAT,23.546,18.81660270690918
fivepos,OFAT,,XGBoost,48,LOCO,OFAT,Thickness_5pos,,,,24,24,14,OFAT,25.130000000000003,18.81660270690918
fivepos,OFAT,,XGBoost,48,LOCO,OFAT,Thickness_5pos,,,,25,25,14,OFAT,22.818,18.81660270690918
fivepos,OFAT,,XGBoost,48,LOCO,OFAT,Thickness_5pos,,,,26,26,17,OFAT,18.386000000000003,16.432716369628906
fivepos,OFAT,,XGBoost,48,LOCO,OFAT,Thickness_5pos,,,,27,27,17,OFAT,18.174,16.432716369628906
fivepos,OFAT,,XGBoost,48,LOCO,OFAT,Thickness_5pos,,,,28,28,17,OFAT,24.241999999999997,16.432716369628906
fivepos,OFAT,,XGBoost,48,LOCO,OFAT,Thickness_5pos,,,,29,29,17,OFAT,18.942,16.432716369628906
fivepos,OFAT,,XGBoost,48,LOCO,OFAT,Thickness_5pos,,,,30,30,17,OFAT,18.624,16.432716369628906
fivepos,OFAT,,XGBoost,48,LOCO,OFAT,Thickness_5pos,,,,31,31,18,OFAT,15.928,13.08630084991455
fivepos,OFAT,,XGBoost,48,LOCO,OFAT,Thickness_5pos,,,,32,32,19,OFAT,10.406,15.051615715026855
fivepos,OFAT,,XGBoost,48,LOCO,OFAT,Thickness_5pos,,,,33,33,20,OFAT,5.188000000000001,7.465555667877197
fivepos,OFAT,,XGBoost,48,LOCO,OFAT,Thickness_5pos,,,,34,34,21,OFAT,1.198,6.150859832763672
fivepos,OFAT,,XGBoost,48,LOCO,OFAT,Thickness_5pos,,,,35,35,22,OFAT,2.078,4.238234043121338
fivepos,OFAT,,XGBoost,48,LOCO,OFAT,Thickness_5pos,,,,36,36,23,OFAT,3.6160000000000005,5.577962398529053
fivepos,OFAT,,XGBoost,48,LOCO,OFAT,Thickness_5pos,,,,37,37,20,OFAT,12.488,7.465555667877197
fivepos,OFAT,,XGBoost,48,LOCO,OFAT,Thickness_5pos,,,,38,38,19,OFAT,15.386000000000001,15.051615715026855
fivepos,OFAT,,XGBoost,48,LOCO,OFAT,Thickness_5pos,,,,39,39,18,OFAT,19.972,13.08630084991455
fivepos,OFAT,,XGBoost,48,LOCO,OFAT,Thickness_5pos,,,,40,40,19,OFAT,17.589999999999996,15.051615715026855
fivepos,OFAT,,XGBoost,48,LOCO,OFAT,Thickness_5pos,,,,41,41,19,OFAT,9.268,15.051615715026855
fivepos,OFAT,,XGBoost,49,LOCO,OFAT,Thickness_5pos,,,,0,0,0,OFAT,29.372000000000003,17.38383674621582
fivepos,OFAT,,XGBoost,49,LOCO,OFAT,Thickness_5pos,,,,1,1,1,OFAT,19.088,25.724973678588867
fivepos,OFAT,,XGBoost,49,LOCO,OFAT,Thickness_5pos,,,,2,2,2,OFAT,24.044,22.486236572265625
fivepos,OFAT,,XGBoost,49,LOCO,OFAT,Thickness_5pos,,,,3,3,3,OFAT,20.038,16.53091049194336
fivepos,OFAT,,XGBoost,49,LOCO,OFAT,Thickness_5pos,,,,4,4,4,OFAT,15.540000000000001,14.74179458618164
fivepos,OFAT,,XGBoost,49,LOCO,OFAT,Thickness_5pos,,,,5,5,5,OFAT,14.366,15.063417434692383
fivepos,OFAT,,XGBoost,49,LOCO,OFAT,Thickness_5pos,,,,6,6,6,OFAT,12.963999999999999,18.432796478271484
fivepos,OFAT,,XGBoost,49,LOCO,OFAT,Thickness_5pos,,,,7,7,7,OFAT,13.280000000000001,15.514800071716309
fivepos,OFAT,,XGBoost,49,LOCO,OFAT,Thickness_5pos,,,,8,8,8,OFAT,15.191999999999998,18.46792984008789
fivepos,OFAT,,XGBoost,49,LOCO,OFAT,Thickness_5pos,,,,9,9,9,OFAT,7.712000000000001,10.451459884643555
fivepos,OFAT,,XGBoost,49,LOCO,OFAT,Thickness_5pos,,,,10,10,10,OFAT,2.3760000000000003,8.53250503540039
fivepos,OFAT,,XGBoost,49,LOCO,OFAT,Thickness_5pos,,,,11,11,11,OFAT,7.786,9.223005294799805
fivepos,OFAT,,XGBoost,49,LOCO,OFAT,Thickness_5pos,,,,12,12,11,OFAT,9.190000000000001,9.223005294799805
fivepos,OFAT,,XGBoost,49,LOCO,OFAT,Thickness_5pos,,,,13,13,12,OFAT,7.714,8.175559043884277
fivepos,OFAT,,XGBoost,49,LOCO,OFAT,Thickness_5pos,,,,14,14,10,OFAT,6.81,8.53250503540039
fivepos,OFAT,,XGBoost,49,LOCO,OFAT,Thickness_5pos,,,,15,15,10,OFAT,16.612000000000002,8.53250503540039
fivepos,OFAT,,XGBoost,49,LOCO,OFAT,Thickness_5pos,,,,16,16,13,OFAT,14.952000000000002,13.648696899414062
fivepos,OFAT,,XGBoost,49,LOCO,OFAT,Thickness_5pos,,,,17,17,10,OFAT,10.623999999999999,8.53250503540039
fivepos,OFAT,,XGBoost,49,LOCO,OFAT,Thickness_5pos,,,,18,18,14,OFAT,24.566000000000003,19.538393020629883
fivepos,OFAT,,XGBoost,49,LOCO,OFAT,Thickness_5pos,,,,19,19,14,OFAT,28.262,19.538393020629883
fivepos,OFAT,,XGBoost,49,LOCO,OFAT,Thickness_5pos,,,,20,20,15,OFAT,7.484,5.141784191131592
fivepos,OFAT,,XGBoost,49,LOCO,OFAT,Thickness_5pos,,,,21,21,16,OFAT,15.064000000000002,8.776335716247559
fivepos,OFAT,,XGBoost,49,LOCO,OFAT,Thickness_5pos,,,,22,22,14,OFAT,33.33,19.538393020629883
fivepos,OFAT,,XGBoost,49,LOCO,OFAT,Thickness_5pos,,,,23,23,14,OFAT,23.546,19.538393020629883
fivepos,OFAT,,XGBoost,49,LOCO,OFAT,Thickness_5pos,,,,24,24,14,OFAT,25.130000000000003,19.538393020629883
fivepos,OFAT,,XGBoost,49,LOCO,OFAT,Thickness_5pos,,,,25,25,14,OFAT,22.818,19.538393020629883
fivepos,OFAT,,XGBoost,49,LOCO,OFAT,Thickness_5pos,,,,26,26,17,OFAT,18.386000000000003,15.154228210449219
fivepos,OFAT,,XGBoost,49,LOCO,OFAT,Thickness_5pos,,,,27,27,17,OFAT,18.174,15.154228210449219
fivepos,OFAT,,XGBoost,49,LOCO,OFAT,Thickness_5pos,,,,28,28,17,OFAT,24.241999999999997,15.154228210449219
fivepos,OFAT,,XGBoost,49,LOCO,OFAT,Thickness_5pos,,,,29,29,17,OFAT,18.942,15.154228210449219
fivepos,OFAT,,XGBoost,49,LOCO,OFAT,Thickness_5pos,,,,30,30,17,OFAT,18.624,15.154228210449219
fivepos,OFAT,,XGBoost,49,LOCO,OFAT,Thickness_5pos,,,,31,31,18,OFAT,15.928,13.738873481750488
fivepos,OFAT,,XGBoost,49,LOCO,OFAT,Thickness_5pos,,,,32,32,19,OFAT,10.406,15.291804313659668
fivepos,OFAT,,XGBoost,49,LOCO,OFAT,Thickness_5pos,,,,33,33,20,OFAT,5.188000000000001,7.20119047164917
fivepos,OFAT,,XGBoost,49,LOCO,OFAT,Thickness_5pos,,,,34,34,21,OFAT,1.198,6.615888595581055
fivepos,OFAT,,XGBoost,49,LOCO,OFAT,Thickness_5pos,,,,35,35,22,OFAT,2.078,6.3759846687316895
fivepos,OFAT,,XGBoost,49,LOCO,OFAT,Thickness_5pos,,,,36,36,23,OFAT,3.6160000000000005,5.618958950042725
fivepos,OFAT,,XGBoost,49,LOCO,OFAT,Thickness_5pos,,,,37,37,20,OFAT,12.488,7.20119047164917
fivepos,OFAT,,XGBoost,49,LOCO,OFAT,Thickness_5pos,,,,38,38,19,OFAT,15.386000000000001,15.291804313659668
fivepos,OFAT,,XGBoost,49,LOCO,OFAT,Thickness_5pos,,,,39,39,18,OFAT,19.972,13.738873481750488
fivepos,OFAT,,XGBoost,49,LOCO,OFAT,Thickness_5pos,,,,40,40,19,OFAT,17.589999999999996,15.291804313659668
fivepos,OFAT,,XGBoost,49,LOCO,OFAT,Thickness_5pos,,,,41,41,19,OFAT,9.268,15.291804313659668
fivepos,OFAT,,XGBoost,50,LOCO,OFAT,Thickness_5pos,,,,0,0,0,OFAT,29.372000000000003,17.45216178894043
fivepos,OFAT,,XGBoost,50,LOCO,OFAT,Thickness_5pos,,,,1,1,1,OFAT,19.088,25.530109405517578
fivepos,OFAT,,XGBoost,50,LOCO,OFAT,Thickness_5pos,,,,2,2,2,OFAT,24.044,22.073585510253906
fivepos,OFAT,,XGBoost,50,LOCO,OFAT,Thickness_5pos,,,,3,3,3,OFAT,20.038,17.282629013061523
fivepos,OFAT,,XGBoost,50,LOCO,OFAT,Thickness_5pos,,,,4,4,4,OFAT,15.540000000000001,14.747852325439453
fivepos,OFAT,,XGBoost,50,LOCO,OFAT,Thickness_5pos,,,,5,5,5,OFAT,14.366,15.129301071166992
fivepos,OFAT,,XGBoost,50,LOCO,OFAT,Thickness_5pos,,,,6,6,6,OFAT,12.963999999999999,16.91510581970215
fivepos,OFAT,,XGBoost,50,LOCO,OFAT,Thickness_5pos,,,,7,7,7,OFAT,13.280000000000001,15.39082145690918
fivepos,OFAT,,XGBoost,50,LOCO,OFAT,Thickness_5pos,,,,8,8,8,OFAT,15.191999999999998,19.049089431762695
fivepos,OFAT,,XGBoost,50,LOCO,OFAT,Thickness_5pos,,,,9,9,9,OFAT,7.712000000000001,9.358084678649902
fivepos,OFAT,,XGBoost,50,LOCO,OFAT,Thickness_5pos,,,,10,10,10,OFAT,2.3760000000000003,8.794103622436523
fivepos,OFAT,,XGBoost,50,LOCO,OFAT,Thickness_5pos,,,,11,11,11,OFAT,7.786,10.71429443359375
fivepos,OFAT,,XGBoost,50,LOCO,OFAT,Thickness_5pos,,,,12,12,11,OFAT,9.190000000000001,10.71429443359375
fivepos,OFAT,,XGBoost,50,LOCO,OFAT,Thickness_5pos,,,,13,13,12,OFAT,7.714,9.044696807861328
fivepos,OFAT,,XGBoost,50,LOCO,OFAT,Thickness_5pos,,,,14,14,10,OFAT,6.81,8.794103622436523
fivepos,OFAT,,XGBoost,50,LOCO,OFAT,Thickness_5pos,,,,15,15,10,OFAT,16.612000000000002,8.794103622436523
fivepos,OFAT,,XGBoost,50,LOCO,OFAT,Thickness_5pos,,,,16,16,13,OFAT,14.952000000000002,14.214570999145508
fivepos,OFAT,,XGBoost,50,LOCO,OFAT,Thickness_5pos,,,,17,17,10,OFAT,10.623999999999999,8.794103622436523
fivepos,OFAT,,XGBoost,50,LOCO,OFAT,Thickness_5pos,,,,18,18,14,OFAT,24.566000000000003,18.21147918701172
fivepos,OFAT,,XGBoost,50,LOCO,OFAT,Thickness_5pos,,,,19,19,14,OFAT,28.262,18.21147918701172
fivepos,OFAT,,XGBoost,50,LOCO,OFAT,Thickness_5pos,,,,20,20,15,OFAT,7.484,3.4817426204681396
fivepos,OFAT,,XGBoost,50,LOCO,OFAT,Thickness_5pos,,,,21,21,16,OFAT,15.064000000000002,8.71884536743164
fivepos,OFAT,,XGBoost,50,LOCO,OFAT,Thickness_5pos,,,,22,22,14,OFAT,33.33,18.21147918701172
fivepos,OFAT,,XGBoost,50,LOCO,OFAT,Thickness_5pos,,,,23,23,14,OFAT,23.546,18.21147918701172
fivepos,OFAT,,XGBoost,50,LOCO,OFAT,Thickness_5pos,,,,24,24,14,OFAT,25.130000000000003,18.21147918701172
fivepos,OFAT,,XGBoost,50,LOCO,OFAT,Thickness_5pos,,,,25,25,14,OFAT,22.818,18.21147918701172
fivepos,OFAT,,XGBoost,50,LOCO,OFAT,Thickness_5pos,,,,26,26,17,OFAT,18.386000000000003,15.41111946105957
fivepos,OFAT,,XGBoost,50,LOCO,OFAT,Thickness_5pos,,,,27,27,17,OFAT,18.174,15.41111946105957
fivepos,OFAT,,XGBoost,50,LOCO,OFAT,Thickness_5pos,,,,28,28,17,OFAT,24.241999999999997,15.41111946105957
fivepos,OFAT,,XGBoost,50,LOCO,OFAT,Thickness_5pos,,,,29,29,17,OFAT,18.942,15.41111946105957
fivepos,OFAT,,XGBoost,50,LOCO,OFAT,Thickness_5pos,,,,30,30,17,OFAT,18.624,15.41111946105957
fivepos,OFAT,,XGBoost,50,LOCO,OFAT,Thickness_5pos,,,,31,31,18,OFAT,15.928,13.365986824035645
fivepos,OFAT,,XGBoost,50,LOCO,OFAT,Thickness_5pos,,,,32,32,19,OFAT,10.406,15.23123550415039
fivepos,OFAT,,XGBoost,50,LOCO,OFAT,Thickness_5pos,,,,33,33,20,OFAT,5.188000000000001,7.6754021644592285
fivepos,OFAT,,XGBoost,50,LOCO,OFAT,Thickness_5pos,,,,34,34,21,OFAT,1.198,6.0450897216796875
fivepos,OFAT,,XGBoost,50,LOCO,OFAT,Thickness_5pos,,,,35,35,22,OFAT,2.078,5.749305725097656
fivepos,OFAT,,XGBoost,50,LOCO,OFAT,Thickness_5pos,,,,36,36,23,OFAT,3.6160000000000005,5.359985828399658
fivepos,OFAT,,XGBoost,50,LOCO,OFAT,Thickness_5pos,,,,37,37,20,OFAT,12.488,7.6754021644592285
fivepos,OFAT,,XGBoost,50,LOCO,OFAT,Thickness_5pos,,,,38,38,19,OFAT,15.386000000000001,15.23123550415039
fivepos,OFAT,,XGBoost,50,LOCO,OFAT,Thickness_5pos,,,,39,39,18,OFAT,19.972,13.365986824035645
fivepos,OFAT,,XGBoost,50,LOCO,OFAT,Thickness_5pos,,,,40,40,19,OFAT,17.589999999999996,15.23123550415039
fivepos,OFAT,,XGBoost,50,LOCO,OFAT,Thickness_5pos,,,,41,41,19,OFAT,9.268,15.23123550415039
fivepos,OFAT,,XGBoost,51,LOCO,OFAT,Thickness_5pos,,,,0,0,0,OFAT,29.372000000000003,17.709802627563477
fivepos,OFAT,,XGBoost,51,LOCO,OFAT,Thickness_5pos,,,,1,1,1,OFAT,19.088,25.756441116333008
fivepos,OFAT,,XGBoost,51,LOCO,OFAT,Thickness_5pos,,,,2,2,2,OFAT,24.044,21.265342712402344
fivepos,OFAT,,XGBoost,51,LOCO,OFAT,Thickness_5pos,,,,3,3,3,OFAT,20.038,18.5418758392334
fivepos,OFAT,,XGBoost,51,LOCO,OFAT,Thickness_5pos,,,,4,4,4,OFAT,15.540000000000001,14.70026969909668
fivepos,OFAT,,XGBoost,51,LOCO,OFAT,Thickness_5pos,,,,5,5,5,OFAT,14.366,15.168673515319824
fivepos,OFAT,,XGBoost,51,LOCO,OFAT,Thickness_5pos,,,,6,6,6,OFAT,12.963999999999999,17.214054107666016
fivepos,OFAT,,XGBoost,51,LOCO,OFAT,Thickness_5pos,,,,7,7,7,OFAT,13.280000000000001,15.946057319641113
fivepos,OFAT,,XGBoost,51,LOCO,OFAT,Thickness_5pos,,,,8,8,8,OFAT,15.191999999999998,19.259841918945312
fivepos,OFAT,,XGBoost,51,LOCO,OFAT,Thickness_5pos,,,,9,9,9,OFAT,7.712000000000001,9.748942375183105
fivepos,OFAT,,XGBoost,51,LOCO,OFAT,Thickness_5pos,,,,10,10,10,OFAT,2.3760000000000003,9.59550952911377
fivepos,OFAT,,XGBoost,51,LOCO,OFAT,Thickness_5pos,,,,11,11,11,OFAT,7.786,9.312288284301758
fivepos,OFAT,,XGBoost,51,LOCO,OFAT,Thickness_5pos,,,,12,12,11,OFAT,9.190000000000001,9.312288284301758
fivepos,OFAT,,XGBoost,51,LOCO,OFAT,Thickness_5pos,,,,13,13,12,OFAT,7.714,8.891361236572266
fivepos,OFAT,,XGBoost,51,LOCO,OFAT,Thickness_5pos,,,,14,14,10,OFAT,6.81,9.59550952911377
fivepos,OFAT,,XGBoost,51,LOCO,OFAT,Thickness_5pos,,,,15,15,10,OFAT,16.612000000000002,9.59550952911377
fivepos,OFAT,,XGBoost,51,LOCO,OFAT,Thickness_5pos,,,,16,16,13,OFAT,14.952000000000002,14.32139778137207
fivepos,OFAT,,XGBoost,51,LOCO,OFAT,Thickness_5pos,,,,17,17,10,OFAT,10.623999999999999,9.59550952911377
fivepos,OFAT,,XGBoost,51,LOCO,OFAT,Thickness_5pos,,,,18,18,14,OFAT,24.566000000000003,18.57539176940918
fivepos,OFAT,,XGBoost,51,LOCO,OFAT,Thickness_5pos,,,,19,19,14,OFAT,28.262,18.57539176940918
fivepos,OFAT,,XGBoost,51,LOCO,OFAT,Thickness_5pos,,,,20,20,15,OFAT,7.484,4.010340690612793
fivepos,OFAT,,XGBoost,51,LOCO,OFAT,Thickness_5pos,,,,21,21,16,OFAT,15.064000000000002,9.040727615356445
fivepos,OFAT,,XGBoost,51,LOCO,OFAT,Thickness_5pos,,,,22,22,14,OFAT,33.33,18.57539176940918
fivepos,OFAT,,XGBoost,51,LOCO,OFAT,Thickness_5pos,,,,23,23,14,OFAT,23.546,18.57539176940918
fivepos,OFAT,,XGBoost,51,LOCO,OFAT,Thickness_5pos,,,,24,24,14,OFAT,25.130000000000003,18.57539176940918
fivepos,OFAT,,XGBoost,51,LOCO,OFAT,Thickness_5pos,,,,25,25,14,OFAT,22.818,18.57539176940918
fivepos,OFAT,,XGBoost,51,LOCO,OFAT,Thickness_5pos,,,,26,26,17,OFAT,18.386000000000003,15.629060745239258
fivepos,OFAT,,XGBoost,51,LOCO,OFAT,Thickness_5pos,,,,27,27,17,OFAT,18.174,15.629060745239258
fivepos,OFAT,,XGBoost,51,LOCO,OFAT,Thickness_5pos,,,,28,28,17,OFAT,24.241999999999997,15.629060745239258
fivepos,OFAT,,XGBoost,51,LOCO,OFAT,Thickness_5pos,,,,29,29,17,OFAT,18.942,15.629060745239258
fivepos,OFAT,,XGBoost,51,LOCO,OFAT,Thickness_5pos,,,,30,30,17,OFAT,18.624,15.629060745239258
fivepos,OFAT,,XGBoost,51,LOCO,OFAT,Thickness_5pos,,,,31,31,18,OFAT,15.928,13.514129638671875
fivepos,OFAT,,XGBoost,51,LOCO,OFAT,Thickness_5pos,,,,32,32,19,OFAT,10.406,15.604609489440918
fivepos,OFAT,,XGBoost,51,LOCO,OFAT,Thickness_5pos,,,,33,33,20,OFAT,5.188000000000001,7.242618560791016
fivepos,OFAT,,XGBoost,51,LOCO,OFAT,Thickness_5pos,,,,34,34,21,OFAT,1.198,4.1695451736450195
fivepos,OFAT,,XGBoost,51,LOCO,OFAT,Thickness_5pos,,,,35,35,22,OFAT,2.078,3.8253796100616455
fivepos,OFAT,,XGBoost,51,LOCO,OFAT,Thickness_5pos,,,,36,36,23,OFAT,3.6160000000000005,3.6497480869293213
fivepos,OFAT,,XGBoost,51,LOCO,OFAT,Thickness_5pos,,,,37,37,20,OFAT,12.488,7.242618560791016
fivepos,OFAT,,XGBoost,51,LOCO,OFAT,Thickness_5pos,,,,38,38,19,OFAT,15.386000000000001,15.604609489440918
fivepos,OFAT,,XGBoost,51,LOCO,OFAT,Thickness_5pos,,,,39,39,18,OFAT,19.972,13.514129638671875
fivepos,OFAT,,XGBoost,51,LOCO,OFAT,Thickness_5pos,,,,40,40,19,OFAT,17.589999999999996,15.604609489440918
fivepos,OFAT,,XGBoost,51,LOCO,OFAT,Thickness_5pos,,,,41,41,19,OFAT,9.268,15.604609489440918
fivepos,OFAT,,GPR,42,LOCO,OFAT,Thickness_5pos,,,,0,0,0,OFAT,29.372000000000003,16.910051915103267
fivepos,OFAT,,GPR,42,LOCO,OFAT,Thickness_5pos,,,,1,1,1,OFAT,19.088,25.85859286837492
fivepos,OFAT,,GPR,42,LOCO,OFAT,Thickness_5pos,,,,2,2,2,OFAT,24.044,21.94936973069669
fivepos,OFAT,,GPR,42,LOCO,OFAT,Thickness_5pos,,,,3,3,3,OFAT,20.038,16.72720063921841
fivepos,OFAT,,GPR,42,LOCO,OFAT,Thickness_5pos,,,,4,4,4,OFAT,15.540000000000001,16.048447176039183
fivepos,OFAT,,GPR,42,LOCO,OFAT,Thickness_5pos,,,,5,5,5,OFAT,14.366,15.434458291501866
fivepos,OFAT,,GPR,42,LOCO,OFAT,Thickness_5pos,,,,6,6,6,OFAT,12.963999999999999,25.106664531240064
fivepos,OFAT,,GPR,42,LOCO,OFAT,Thickness_5pos,,,,7,7,7,OFAT,13.280000000000001,20.779994941491605
fivepos,OFAT,,GPR,42,LOCO,OFAT,Thickness_5pos,,,,8,8,8,OFAT,15.191999999999998,17.675168752482165
fivepos,OFAT,,GPR,42,LOCO,OFAT,Thickness_5pos,,,,9,9,9,OFAT,7.712000000000001,22.587768764121645
fivepos,OFAT,,GPR,42,LOCO,OFAT,Thickness_5pos,,,,10,10,10,OFAT,2.3760000000000003,11.912131187697703
fivepos,OFAT,,GPR,42,LOCO,OFAT,Thickness_5pos,,,,11,11,11,OFAT,7.786,14.965876169972098
fivepos,OFAT,,GPR,42,LOCO,OFAT,Thickness_5pos,,,,12,12,11,OFAT,9.190000000000001,14.965876169972098
fivepos,OFAT,,GPR,42,LOCO,OFAT,Thickness_5pos,,,,13,13,12,OFAT,7.714,9.944831609672622
fivepos,OFAT,,GPR,42,LOCO,OFAT,Thickness_5pos,,,,14,14,10,OFAT,6.81,11.912131187697703
fivepos,OFAT,,GPR,42,LOCO,OFAT,Thickness_5pos,,,,15,15,10,OFAT,16.612000000000002,11.912131187697703
fivepos,OFAT,,GPR,42,LOCO,OFAT,Thickness_5pos,,,,16,16,13,OFAT,14.952000000000002,11.263494576013995
fivepos,OFAT,,GPR,42,LOCO,OFAT,Thickness_5pos,,,,17,17,10,OFAT,10.623999999999999,11.912131187697703
fivepos,OFAT,,GPR,42,LOCO,OFAT,Thickness_5pos,,,,18,18,14,OFAT,24.566000000000003,20.012216820386012
fivepos,OFAT,,GPR,42,LOCO,OFAT,Thickness_5pos,,,,19,19,14,OFAT,28.262,20.012216820386012
fivepos,OFAT,,GPR,42,LOCO,OFAT,Thickness_5pos,,,,20,20,15,OFAT,7.484,6.287159568416232
fivepos,OFAT,,GPR,42,LOCO,OFAT,Thickness_5pos,,,,21,21,16,OFAT,15.064000000000002,10.813492101124247
fivepos,OFAT,,GPR,42,LOCO,OFAT,Thickness_5pos,,,,22,22,14,OFAT,33.33,20.012216820386012
fivepos,OFAT,,GPR,42,LOCO,OFAT,Thickness_5pos,,,,23,23,14,OFAT,23.546,20.012216820386012
fivepos,OFAT,,GPR,42,LOCO,OFAT,Thickness_5pos,,,,24,24,14,OFAT,25.130000000000003,20.012216820386016
fivepos,OFAT,,GPR,42,LOCO,OFAT,Thickness_5pos,,,,25,25,14,OFAT,22.818,20.012216820386016
fivepos,OFAT,,GPR,42,LOCO,OFAT,Thickness_5pos,,,,26,26,17,OFAT,18.386000000000003,21.612172809424674
fivepos,OFAT,,GPR,42,LOCO,OFAT,Thickness_5pos,,,,27,27,17,OFAT,18.174,21.612172809424674
fivepos,OFAT,,GPR,42,LOCO,OFAT,Thickness_5pos,,,,28,28,17,OFAT,24.241999999999997,21.612172809424674
fivepos,OFAT,,GPR,42,LOCO,OFAT,Thickness_5pos,,,,29,29,17,OFAT,18.942,21.612172809424674
fivepos,OFAT,,GPR,42,LOCO,OFAT,Thickness_5pos,,,,30,30,17,OFAT,18.624,21.61217280942466
fivepos,OFAT,,GPR,42,LOCO,OFAT,Thickness_5pos,,,,31,31,18,OFAT,15.928,19.643671984145126
fivepos,OFAT,,GPR,42,LOCO,OFAT,Thickness_5pos,,,,32,32,19,OFAT,10.406,12.332788749544328
fivepos,OFAT,,GPR,42,LOCO,OFAT,Thickness_5pos,,,,33,33,20,OFAT,5.188000000000001,6.104486263530305
fivepos,OFAT,,GPR,42,LOCO,OFAT,Thickness_5pos,,,,34,34,21,OFAT,1.198,3.8330791823486248
fivepos,OFAT,,GPR,42,LOCO,OFAT,Thickness_5pos,,,,35,35,22,OFAT,2.078,3.9741931915060817
fivepos,OFAT,,GPR,42,LOCO,OFAT,Thickness_5pos,,,,36,36,23,OFAT,3.6160000000000005,5.02655138502076
fivepos,OFAT,,GPR,42,LOCO,OFAT,Thickness_5pos,,,,37,37,20,OFAT,12.488,6.104486263530305
fivepos,OFAT,,GPR,42,LOCO,OFAT,Thickness_5pos,,,,38,38,19,OFAT,15.386000000000001,12.332788749544328
fivepos,OFAT,,GPR,42,LOCO,OFAT,Thickness_5pos,,,,39,39,18,OFAT,19.972,19.643671984145126
fivepos,OFAT,,GPR,42,LOCO,OFAT,Thickness_5pos,,,,40,40,19,OFAT,17.589999999999996,12.332788749544328
fivepos,OFAT,,GPR,42,LOCO,OFAT,Thickness_5pos,,,,41,41,19,OFAT,9.268,12.332788749544328
fivepos,OFAT,,GPR,43,LOCO,OFAT,Thickness_5pos,,,,0,0,0,OFAT,29.372000000000003,16.910042646678868
fivepos,OFAT,,GPR,43,LOCO,OFAT,Thickness_5pos,,,,1,1,1,OFAT,19.088,25.858544670963376
fivepos,OFAT,,GPR,43,LOCO,OFAT,Thickness_5pos,,,,2,2,2,OFAT,24.044,21.94939470009836
fivepos,OFAT,,GPR,43,LOCO,OFAT,Thickness_5pos,,,,3,3,3,OFAT,20.038,16.72720646847053
fivepos,OFAT,,GPR,43,LOCO,OFAT,Thickness_5pos,,,,4,4,4,OFAT,15.540000000000001,16.048434416282237
fivepos,OFAT,,GPR,43,LOCO,OFAT,Thickness_5pos,,,,5,5,5,OFAT,14.366,15.434413800509702
fivepos,OFAT,,GPR,43,LOCO,OFAT,Thickness_5pos,,,,6,6,6,OFAT,12.963999999999999,25.10662978049494
fivepos,OFAT,,GPR,43,LOCO,OFAT,Thickness_5pos,,,,7,7,7,OFAT,13.280000000000001,20.77999527885764
fivepos,OFAT,,GPR,43,LOCO,OFAT,Thickness_5pos,,,,8,8,8,OFAT,15.191999999999998,17.675179219537288
fivepos,OFAT,,GPR,43,LOCO,OFAT,Thickness_5pos,,,,9,9,9,OFAT,7.712000000000001,22.587766577439634
fivepos,OFAT,,GPR,43,LOCO,OFAT,Thickness_5pos,,,,10,10,10,OFAT,2.3760000000000003,11.912118744397885
fivepos,OFAT,,GPR,43,LOCO,OFAT,Thickness_5pos,,,,11,11,11,OFAT,7.786,14.965836692011026
fivepos,OFAT,,GPR,43,LOCO,OFAT,Thickness_5pos,,,,12,12,11,OFAT,9.190000000000001,14.965836692011026
fivepos,OFAT,,GPR,43,LOCO,OFAT,Thickness_5pos,,,,13,13,12,OFAT,7.714,9.94483518632184
fivepos,OFAT,,GPR,43,LOCO,OFAT,Thickness_5pos,,,,14,14,10,OFAT,6.81,11.912118744397885
fivepos,OFAT,,GPR,43,LOCO,OFAT,Thickness_5pos,,,,15,15,10,OFAT,16.612000000000002,11.912118744397885
fivepos,OFAT,,GPR,43,LOCO,OFAT,Thickness_5pos,,,,16,16,13,OFAT,14.952000000000002,11.263497814053267
fivepos,OFAT,,GPR,43,LOCO,OFAT,Thickness_5pos,,,,17,17,10,OFAT,10.623999999999999,11.912118744397885
fivepos,OFAT,,GPR,43,LOCO,OFAT,Thickness_5pos,,,,18,18,14,OFAT,24.566000000000003,20.01221304785241
fivepos,OFAT,,GPR,43,LOCO,OFAT,Thickness_5pos,,,,19,19,14,OFAT,28.262,20.01221304785241
fivepos,OFAT,,GPR,43,LOCO,OFAT,Thickness_5pos,,,,20,20,15,OFAT,7.484,6.287159419199661
fivepos,OFAT,,GPR,43,LOCO,OFAT,Thickness_5pos,,,,21,21,16,OFAT,15.064000000000002,10.813499001337568
fivepos,OFAT,,GPR,43,LOCO,OFAT,Thickness_5pos,,,,22,22,14,OFAT,33.33,20.01221304785241
fivepos,OFAT,,GPR,43,LOCO,OFAT,Thickness_5pos,,,,23,23,14,OFAT,23.546,20.01221304785241
fivepos,OFAT,,GPR,43,LOCO,OFAT,Thickness_5pos,,,,24,24,14,OFAT,25.130000000000003,20.012213047852413
fivepos,OFAT,,GPR,43,LOCO,OFAT,Thickness_5pos,,,,25,25,14,OFAT,22.818,20.012213047852413
fivepos,OFAT,,GPR,43,LOCO,OFAT,Thickness_5pos,,,,26,26,17,OFAT,18.386000000000003,21.61217522214295
fivepos,OFAT,,GPR,43,LOCO,OFAT,Thickness_5pos,,,,27,27,17,OFAT,18.174,21.61217522214295
fivepos,OFAT,,GPR,43,LOCO,OFAT,Thickness_5pos,,,,28,28,17,OFAT,24.241999999999997,21.61217522214295
fivepos,OFAT,,GPR,43,LOCO,OFAT,Thickness_5pos,,,,29,29,17,OFAT,18.942,21.61217522214295
fivepos,OFAT,,GPR,43,LOCO,OFAT,Thickness_5pos,,,,30,30,17,OFAT,18.624,21.61217522214295
fivepos,OFAT,,GPR,43,LOCO,OFAT,Thickness_5pos,,,,31,31,18,OFAT,15.928,19.643669406647852
fivepos,OFAT,,GPR,43,LOCO,OFAT,Thickness_5pos,,,,32,32,19,OFAT,10.406,12.332833340588156
fivepos,OFAT,,GPR,43,LOCO,OFAT,Thickness_5pos,,,,33,33,20,OFAT,5.188000000000001,6.104483707602144
fivepos,OFAT,,GPR,43,LOCO,OFAT,Thickness_5pos,,,,34,34,21,OFAT,1.198,3.8330855781719553
fivepos,OFAT,,GPR,43,LOCO,OFAT,Thickness_5pos,,,,35,35,22,OFAT,2.078,3.9741889228615204
fivepos,OFAT,,GPR,43,LOCO,OFAT,Thickness_5pos,,,,36,36,23,OFAT,3.6160000000000005,5.026548338062142
fivepos,OFAT,,GPR,43,LOCO,OFAT,Thickness_5pos,,,,37,37,20,OFAT,12.488,6.104483707602144
fivepos,OFAT,,GPR,43,LOCO,OFAT,Thickness_5pos,,,,38,38,19,OFAT,15.386000000000001,12.332833340588156
fivepos,OFAT,,GPR,43,LOCO,OFAT,Thickness_5pos,,,,39,39,18,OFAT,19.972,19.643669406647852
fivepos,OFAT,,GPR,43,LOCO,OFAT,Thickness_5pos,,,,40,40,19,OFAT,17.589999999999996,12.332833340588156
fivepos,OFAT,,GPR,43,LOCO,OFAT,Thickness_5pos,,,,41,41,19,OFAT,9.268,12.332833340588156
fivepos,OFAT,,GPR,44,LOCO,OFAT,Thickness_5pos,,,,0,0,0,OFAT,29.372000000000003,16.910046048303293
fivepos,OFAT,,GPR,44,LOCO,OFAT,Thickness_5pos,,,,1,1,1,OFAT,19.088,25.85857882922622
fivepos,OFAT,,GPR,44,LOCO,OFAT,Thickness_5pos,,,,2,2,2,OFAT,24.044,21.949374792551595
fivepos,OFAT,,GPR,44,LOCO,OFAT,Thickness_5pos,,,,3,3,3,OFAT,20.038,16.727205094096604
fivepos,OFAT,,GPR,44,LOCO,OFAT,Thickness_5pos,,,,4,4,4,OFAT,15.540000000000001,16.04842993194213
fivepos,OFAT,,GPR,44,LOCO,OFAT,Thickness_5pos,,,,5,5,5,OFAT,14.366,15.434444371042966
fivepos,OFAT,,GPR,44,LOCO,OFAT,Thickness_5pos,,,,6,6,6,OFAT,12.963999999999999,22.72697711167394
fivepos,OFAT,,GPR,44,LOCO,OFAT,Thickness_5pos,,,,7,7,7,OFAT,13.280000000000001,20.77997220481517
fivepos,OFAT,,GPR,44,LOCO,OFAT,Thickness_5pos,,,,8,8,8,OFAT,15.191999999999998,17.675170619817276
fivepos,OFAT,,GPR,44,LOCO,OFAT,Thickness_5pos,,,,9,9,9,OFAT,7.712000000000001,22.58776914724016
fivepos,OFAT,,GPR,44,LOCO,OFAT,Thickness_5pos,,,,10,10,10,OFAT,2.3760000000000003,11.912118126652373
fivepos,OFAT,,GPR,44,LOCO,OFAT,Thickness_5pos,,,,11,11,11,OFAT,7.786,14.965875569099266
fivepos,OFAT,,GPR,44,LOCO,OFAT,Thickness_5pos,,,,12,12,11,OFAT,9.190000000000001,14.965875569099266
fivepos,OFAT,,GPR,44,LOCO,OFAT,Thickness_5pos,,,,13,13,12,OFAT,7.714,9.944835086940714
fivepos,OFAT,,GPR,44,LOCO,OFAT,Thickness_5pos,,,,14,14,10,OFAT,6.81,11.912118126652373
fivepos,OFAT,,GPR,44,LOCO,OFAT,Thickness_5pos,,,,15,15,10,OFAT,16.612000000000002,11.912118126652373
fivepos,OFAT,,GPR,44,LOCO,OFAT,Thickness_5pos,,,,16,16,13,OFAT,14.952000000000002,11.263495171233991
fivepos,OFAT,,GPR,44,LOCO,OFAT,Thickness_5pos,,,,17,17,10,OFAT,10.623999999999999,11.912118126652373
fivepos,OFAT,,GPR,44,LOCO,OFAT,Thickness_5pos,,,,18,18,14,OFAT,24.566000000000003,20.01221304785241
fivepos,OFAT,,GPR,44,LOCO,OFAT,Thickness_5pos,,,,19,19,14,OFAT,28.262,20.01221304785241
fivepos,OFAT,,GPR,44,LOCO,OFAT,Thickness_5pos,,,,20,20,15,OFAT,7.484,6.287160184408485
fivepos,OFAT,,GPR,44,LOCO,OFAT,Thickness_5pos,,,,21,21,16,OFAT,15.064000000000002,10.813498975675623
fivepos,OFAT,,GPR,44,LOCO,OFAT,Thickness_5pos,,,,22,22,14,OFAT,33.33,20.01221304785241
fivepos,OFAT,,GPR,44,LOCO,OFAT,Thickness_5pos,,,,23,23,14,OFAT,23.546,20.01221304785241
fivepos,OFAT,,GPR,44,LOCO,OFAT,Thickness_5pos,,,,24,24,14,OFAT,25.130000000000003,20.012213047852413
fivepos,OFAT,,GPR,44,LOCO,OFAT,Thickness_5pos,,,,25,25,14,OFAT,22.818,20.012213047852413
fivepos,OFAT,,GPR,44,LOCO,OFAT,Thickness_5pos,,,,26,26,17,OFAT,18.386000000000003,21.612190278598288
fivepos,OFAT,,GPR,44,LOCO,OFAT,Thickness_5pos,,,,27,27,17,OFAT,18.174,21.612190278598288
fivepos,OFAT,,GPR,44,LOCO,OFAT,Thickness_5pos,,,,28,28,17,OFAT,24.241999999999997,21.612190278598288
fivepos,OFAT,,GPR,44,LOCO,OFAT,Thickness_5pos,,,,29,29,17,OFAT,18.942,21.612190278598288
fivepos,OFAT,,GPR,44,LOCO,OFAT,Thickness_5pos,,,,30,30,17,OFAT,18.624,21.61219027859825
fivepos,OFAT,,GPR,44,LOCO,OFAT,Thickness_5pos,,,,31,31,18,OFAT,15.928,19.643672996254832
fivepos,OFAT,,GPR,44,LOCO,OFAT,Thickness_5pos,,,,32,32,19,OFAT,10.406,12.332783711479134
fivepos,OFAT,,GPR,44,LOCO,OFAT,Thickness_5pos,,,,33,33,20,OFAT,5.188000000000001,6.104487071291572
fivepos,OFAT,,GPR,44,LOCO,OFAT,Thickness_5pos,,,,34,34,21,OFAT,1.198,3.833079882639895
fivepos,OFAT,,GPR,44,LOCO,OFAT,Thickness_5pos,,,,35,35,22,OFAT,2.078,3.9741987442283957
fivepos,OFAT,,GPR,44,LOCO,OFAT,Thickness_5pos,,,,36,36,23,OFAT,3.6160000000000005,5.026551267848671
fivepos,OFAT,,GPR,44,LOCO,OFAT,Thickness_5pos,,,,37,37,20,OFAT,12.488,6.104487071291572
fivepos,OFAT,,GPR,44,LOCO,OFAT,Thickness_5pos,,,,38,38,19,OFAT,15.386000000000001,12.332783711479134
fivepos,OFAT,,GPR,44,LOCO,OFAT,Thickness_5pos,,,,39,39,18,OFAT,19.972,19.643672996254832
fivepos,OFAT,,GPR,44,LOCO,OFAT,Thickness_5pos,,,,40,40,19,OFAT,17.589999999999996,12.332783711479134
fivepos,OFAT,,GPR,44,LOCO,OFAT,Thickness_5pos,,,,41,41,19,OFAT,9.268,12.332783711479134
fivepos,OFAT,,GPR,45,LOCO,OFAT,Thickness_5pos,,,,0,0,0,OFAT,29.372000000000003,16.91007857087182
fivepos,OFAT,,GPR,45,LOCO,OFAT,Thickness_5pos,,,,1,1,1,OFAT,19.088,25.858545223436373
fivepos,OFAT,,GPR,45,LOCO,OFAT,Thickness_5pos,,,,2,2,2,OFAT,24.044,21.949371823146866
fivepos,OFAT,,GPR,45,LOCO,OFAT,Thickness_5pos,,,,3,3,3,OFAT,20.038,16.727205051902573
fivepos,OFAT,,GPR,45,LOCO,OFAT,Thickness_5pos,,,,4,4,4,OFAT,15.540000000000001,16.0484564632732
fivepos,OFAT,,GPR,45,LOCO,OFAT,Thickness_5pos,,,,5,5,5,OFAT,14.366,15.434435451996258
fivepos,OFAT,,GPR,45,LOCO,OFAT,Thickness_5pos,,,,6,6,6,OFAT,12.963999999999999,22.72696272673939
fivepos,OFAT,,GPR,45,LOCO,OFAT,Thickness_5pos,,,,7,7,7,OFAT,13.280000000000001,20.779987462911603
fivepos,OFAT,,GPR,45,LOCO,OFAT,Thickness_5pos,,,,8,8,8,OFAT,15.191999999999998,17.67515903622661
fivepos,OFAT,,GPR,45,LOCO,OFAT,Thickness_5pos,,,,9,9,9,OFAT,7.712000000000001,22.587772215694915
fivepos,OFAT,,GPR,45,LOCO,OFAT,Thickness_5pos,,,,10,10,10,OFAT,2.3760000000000003,11.912124125509221
fivepos,OFAT,,GPR,45,LOCO,OFAT,Thickness_5pos,,,,11,11,11,OFAT,7.786,14.965882482101817
fivepos,OFAT,,GPR,45,LOCO,OFAT,Thickness_5pos,,,,12,12,11,OFAT,9.190000000000001,14.965882482101817
fivepos,OFAT,,GPR,45,LOCO,OFAT,Thickness_5pos,,,,13,13,12,OFAT,7.714,10.058885172178979
fivepos,OFAT,,GPR,45,LOCO,OFAT,Thickness_5pos,,,,14,14,10,OFAT,6.81,11.912124125509221
fivepos,OFAT,,GPR,45,LOCO,OFAT,Thickness_5pos,,,,15,15,10,OFAT,16.612000000000002,11.912124125509221
fivepos,OFAT,,GPR,45,LOCO,OFAT,Thickness_5pos,,,,16,16,13,OFAT,14.952000000000002,11.263496575484332
fivepos,OFAT,,GPR,45,LOCO,OFAT,Thickness_5pos,,,,17,17,10,OFAT,10.623999999999999,11.912124125509221
fivepos,OFAT,,GPR,45,LOCO,OFAT,Thickness_5pos,,,,18,18,14,OFAT,24.566000000000003,20.01221571033487
fivepos,OFAT,,GPR,45,LOCO,OFAT,Thickness_5pos,,,,19,19,14,OFAT,28.262,20.01221571033487
fivepos,OFAT,,GPR,45,LOCO,OFAT,Thickness_5pos,,,,20,20,15,OFAT,7.484,6.287159409957816
fivepos,OFAT,,GPR,45,LOCO,OFAT,Thickness_5pos,,,,21,21,16,OFAT,15.064000000000002,10.813503794143665
fivepos,OFAT,,GPR,45,LOCO,OFAT,Thickness_5pos,,,,22,22,14,OFAT,33.33,20.01221571033487
fivepos,OFAT,,GPR,45,LOCO,OFAT,Thickness_5pos,,,,23,23,14,OFAT,23.546,20.01221571033487
fivepos,OFAT,,GPR,45,LOCO,OFAT,Thickness_5pos,,,,24,24,14,OFAT,25.130000000000003,20.012215710334875
fivepos,OFAT,,GPR,45,LOCO,OFAT,Thickness_5pos,,,,25,25,14,OFAT,22.818,20.012215710334875
fivepos,OFAT,,GPR,45,LOCO,OFAT,Thickness_5pos,,,,26,26,17,OFAT,18.386000000000003,21.612184366012883
fivepos,OFAT,,GPR,45,LOCO,OFAT,Thickness_5pos,,,,27,27,17,OFAT,18.174,21.612184366012883
fivepos,OFAT,,GPR,45,LOCO,OFAT,Thickness_5pos,,,,28,28,17,OFAT,24.241999999999997,21.612184366012883
fivepos,OFAT,,GPR,45,LOCO,OFAT,Thickness_5pos,,,,29,29,17,OFAT,18.942,21.612184366012883
fivepos,OFAT,,GPR,45,LOCO,OFAT,Thickness_5pos,,,,30,30,17,OFAT,18.624,21.61218436601291
fivepos,OFAT,,GPR,45,LOCO,OFAT,Thickness_5pos,,,,31,31,18,OFAT,15.928,19.643671652887626
fivepos,OFAT,,GPR,45,LOCO,OFAT,Thickness_5pos,,,,32,32,19,OFAT,10.406,12.33279110315973
fivepos,OFAT,,GPR,45,LOCO,OFAT,Thickness_5pos,,,,33,33,20,OFAT,5.188000000000001,6.104486133753442
fivepos,OFAT,,GPR,45,LOCO,OFAT,Thickness_5pos,,,,34,34,21,OFAT,1.198,3.8330899290658884
fivepos,OFAT,,GPR,45,LOCO,OFAT,Thickness_5pos,,,,35,35,22,OFAT,2.078,3.9741949568288906
fivepos,OFAT,,GPR,45,LOCO,OFAT,Thickness_5pos,,,,36,36,23,OFAT,3.6160000000000005,5.0265514770648
fivepos,OFAT,,GPR,45,LOCO,OFAT,Thickness_5pos,,,,37,37,20,OFAT,12.488,6.104486133753442
fivepos,OFAT,,GPR,45,LOCO,OFAT,Thickness_5pos,,,,38,38,19,OFAT,15.386000000000001,12.33279110315973
fivepos,OFAT,,GPR,45,LOCO,OFAT,Thickness_5pos,,,,39,39,18,OFAT,19.972,19.643671652887626
fivepos,OFAT,,GPR,45,LOCO,OFAT,Thickness_5pos,,,,40,40,19,OFAT,17.589999999999996,12.33279110315973
fivepos,OFAT,,GPR,45,LOCO,OFAT,Thickness_5pos,,,,41,41,19,OFAT,9.268,12.33279110315973
fivepos,OFAT,,GPR,46,LOCO,OFAT,Thickness_5pos,,,,0,0,0,OFAT,29.372000000000003,16.91004006224017
fivepos,OFAT,,GPR,46,LOCO,OFAT,Thickness_5pos,,,,1,1,1,OFAT,19.088,25.858593839384262
fivepos,OFAT,,GPR,46,LOCO,OFAT,Thickness_5pos,,,,2,2,2,OFAT,24.044,23.09707614757493
fivepos,OFAT,,GPR,46,LOCO,OFAT,Thickness_5pos,,,,3,3,3,OFAT,20.038,16.727223024810723
fivepos,OFAT,,GPR,46,LOCO,OFAT,Thickness_5pos,,,,4,4,4,OFAT,15.540000000000001,16.048463788274812
fivepos,OFAT,,GPR,46,LOCO,OFAT,Thickness_5pos,,,,5,5,5,OFAT,14.366,15.434451564902004
fivepos,OFAT,,GPR,46,LOCO,OFAT,Thickness_5pos,,,,6,6,6,OFAT,12.963999999999999,25.106668461280293
fivepos,OFAT,,GPR,46,LOCO,OFAT,Thickness_5pos,,,,7,7,7,OFAT,13.280000000000001,20.77999314611315
fivepos,OFAT,,GPR,46,LOCO,OFAT,Thickness_5pos,,,,8,8,8,OFAT,15.191999999999998,17.67516933583789
fivepos,OFAT,,GPR,46,LOCO,OFAT,Thickness_5pos,,,,9,9,9,OFAT,7.712000000000001,22.587773514130845
fivepos,OFAT,,GPR,46,LOCO,OFAT,Thickness_5pos,,,,10,10,10,OFAT,2.3760000000000003,11.912117828952075
fivepos,OFAT,,GPR,46,LOCO,OFAT,Thickness_5pos,,,,11,11,11,OFAT,7.786,14.965908959814591
fivepos,OFAT,,GPR,46,LOCO,OFAT,Thickness_5pos,,,,12,12,11,OFAT,9.190000000000001,14.965908959814591
fivepos,OFAT,,GPR,46,LOCO,OFAT,Thickness_5pos,,,,13,13,12,OFAT,7.714,10.058914166863692
fivepos,OFAT,,GPR,46,LOCO,OFAT,Thickness_5pos,,,,14,14,10,OFAT,6.81,11.912117828952075
fivepos,OFAT,,GPR,46,LOCO,OFAT,Thickness_5pos,,,,15,15,10,OFAT,16.612000000000002,11.912117828952075
fivepos,OFAT,,GPR,46,LOCO,OFAT,Thickness_5pos,,,,16,16,13,OFAT,14.952000000000002,11.26349394505405
fivepos,OFAT,,GPR,46,LOCO,OFAT,Thickness_5pos,,,,17,17,10,OFAT,10.623999999999999,11.912117828952075
fivepos,OFAT,,GPR,46,LOCO,OFAT,Thickness_5pos,,,,18,18,14,OFAT,24.566000000000003,20.0122102533445
fivepos,OFAT,,GPR,46,LOCO,OFAT,Thickness_5pos,,,,19,19,14,OFAT,28.262,20.0122102533445
fivepos,OFAT,,GPR,46,LOCO,OFAT,Thickness_5pos,,,,20,20,15,OFAT,7.484,6.2871596144813715
fivepos,OFAT,,GPR,46,LOCO,OFAT,Thickness_5pos,,,,21,21,16,OFAT,15.064000000000002,10.813493270212643
fivepos,OFAT,,GPR,46,LOCO,OFAT,Thickness_5pos,,,,22,22,14,OFAT,33.33,20.0122102533445
fivepos,OFAT,,GPR,46,LOCO,OFAT,Thickness_5pos,,,,23,23,14,OFAT,23.546,20.0122102533445
fivepos,OFAT,,GPR,46,LOCO,OFAT,Thickness_5pos,,,,24,24,14,OFAT,25.130000000000003,20.012210253344502
fivepos,OFAT,,GPR,46,LOCO,OFAT,Thickness_5pos,,,,25,25,14,OFAT,22.818,20.012210253344502
fivepos,OFAT,,GPR,46,LOCO,OFAT,Thickness_5pos,,,,26,26,17,OFAT,18.386000000000003,21.612172310881164
fivepos,OFAT,,GPR,46,LOCO,OFAT,Thickness_5pos,,,,27,27,17,OFAT,18.174,21.612172310881164
fivepos,OFAT,,GPR,46,LOCO,OFAT,Thickness_5pos,,,,28,28,17,OFAT,24.241999999999997,21.612172310881164
fivepos,OFAT,,GPR,46,LOCO,OFAT,Thickness_5pos,,,,29,29,17,OFAT,18.942,21.612172310881164
fivepos,OFAT,,GPR,46,LOCO,OFAT,Thickness_5pos,,,,30,30,17,OFAT,18.624,21.612172310881178
fivepos,OFAT,,GPR,46,LOCO,OFAT,Thickness_5pos,,,,31,31,18,OFAT,15.928,19.64366916952371
fivepos,OFAT,,GPR,46,LOCO,OFAT,Thickness_5pos,,,,32,32,19,OFAT,10.406,12.332785442733547
fivepos,OFAT,,GPR,46,LOCO,OFAT,Thickness_5pos,,,,33,33,20,OFAT,5.188000000000001,6.104473995331093
fivepos,OFAT,,GPR,46,LOCO,OFAT,Thickness_5pos,,,,34,34,21,OFAT,1.198,3.8330626776718653
fivepos,OFAT,,GPR,46,LOCO,OFAT,Thickness_5pos,,,,35,35,22,OFAT,2.078,3.9741892378267156
fivepos,OFAT,,GPR,46,LOCO,OFAT,Thickness_5pos,,,,36,36,23,OFAT,3.6160000000000005,5.026548595535447
fivepos,OFAT,,GPR,46,LOCO,OFAT,Thickness_5pos,,,,37,37,20,OFAT,12.488,6.104473995331093
fivepos,OFAT,,GPR,46,LOCO,OFAT,Thickness_5pos,,,,38,38,19,OFAT,15.386000000000001,12.332785442733547
fivepos,OFAT,,GPR,46,LOCO,OFAT,Thickness_5pos,,,,39,39,18,OFAT,19.972,19.64366916952371
fivepos,OFAT,,GPR,46,LOCO,OFAT,Thickness_5pos,,,,40,40,19,OFAT,17.589999999999996,12.332785442733547
fivepos,OFAT,,GPR,46,LOCO,OFAT,Thickness_5pos,,,,41,41,19,OFAT,9.268,12.332785442733547
fivepos,OFAT,,GPR,47,LOCO,OFAT,Thickness_5pos,,,,0,0,0,OFAT,29.372000000000003,16.910082087387924
fivepos,OFAT,,GPR,47,LOCO,OFAT,Thickness_5pos,,,,1,1,1,OFAT,19.088,25.85859613739532
fivepos,OFAT,,GPR,47,LOCO,OFAT,Thickness_5pos,,,,2,2,2,OFAT,24.044,21.949370471442805
fivepos,OFAT,,GPR,47,LOCO,OFAT,Thickness_5pos,,,,3,3,3,OFAT,20.038,16.72720694757617
fivepos,OFAT,,GPR,47,LOCO,OFAT,Thickness_5pos,,,,4,4,4,OFAT,15.540000000000001,16.048447444943815
fivepos,OFAT,,GPR,47,LOCO,OFAT,Thickness_5pos,,,,5,5,5,OFAT,14.366,15.43443996655799
fivepos,OFAT,,GPR,47,LOCO,OFAT,Thickness_5pos,,,,6,6,6,OFAT,12.963999999999999,25.106682654139682
fivepos,OFAT,,GPR,47,LOCO,OFAT,Thickness_5pos,,,,7,7,7,OFAT,13.280000000000001,20.779993485630158
fivepos,OFAT,,GPR,47,LOCO,OFAT,Thickness_5pos,,,,8,8,8,OFAT,15.191999999999998,17.675166725065083
fivepos,OFAT,,GPR,47,LOCO,OFAT,Thickness_5pos,,,,9,9,9,OFAT,7.712000000000001,22.587766874748773
fivepos,OFAT,,GPR,47,LOCO,OFAT,Thickness_5pos,,,,10,10,10,OFAT,2.3760000000000003,11.912121616988486
fivepos,OFAT,,GPR,47,LOCO,OFAT,Thickness_5pos,,,,11,11,11,OFAT,7.786,14.965901187035586
fivepos,OFAT,,GPR,47,LOCO,OFAT,Thickness_5pos,,,,12,12,11,OFAT,9.190000000000001,14.965901187035586
fivepos,OFAT,,GPR,47,LOCO,OFAT,Thickness_5pos,,,,13,13,12,OFAT,7.714,9.944834719014494
fivepos,OFAT,,GPR,47,LOCO,OFAT,Thickness_5pos,,,,14,14,10,OFAT,6.81,11.912121616988486
fivepos,OFAT,,GPR,47,LOCO,OFAT,Thickness_5pos,,,,15,15,10,OFAT,16.612000000000002,11.912121616988486
fivepos,OFAT,,GPR,47,LOCO,OFAT,Thickness_5pos,,,,16,16,13,OFAT,14.952000000000002,11.263495292539092
fivepos,OFAT,,GPR,47,LOCO,OFAT,Thickness_5pos,,,,17,17,10,OFAT,10.623999999999999,11.912121616988486
fivepos,OFAT,,GPR,47,LOCO,OFAT,Thickness_5pos,,,,18,18,14,OFAT,24.566000000000003,20.01221304785241
fivepos,OFAT,,GPR,47,LOCO,OFAT,Thickness_5pos,,,,19,19,14,OFAT,28.262,20.01221304785241
fivepos,OFAT,,GPR,47,LOCO,OFAT,Thickness_5pos,,,,20,20,15,OFAT,7.484,6.28716090219325
fivepos,OFAT,,GPR,47,LOCO,OFAT,Thickness_5pos,,,,21,21,16,OFAT,15.064000000000002,10.813499004025786
fivepos,OFAT,,GPR,47,LOCO,OFAT,Thickness_5pos,,,,22,22,14,OFAT,33.33,20.01221304785241
fivepos,OFAT,,GPR,47,LOCO,OFAT,Thickness_5pos,,,,23,23,14,OFAT,23.546,20.01221304785241
fivepos,OFAT,,GPR,47,LOCO,OFAT,Thickness_5pos,,,,24,24,14,OFAT,25.130000000000003,20.012213047852413
fivepos,OFAT,,GPR,47,LOCO,OFAT,Thickness_5pos,,,,25,25,14,OFAT,22.818,20.012213047852413
fivepos,OFAT,,GPR,47,LOCO,OFAT,Thickness_5pos,,,,26,26,17,OFAT,18.386000000000003,21.612175673985764
fivepos,OFAT,,GPR,47,LOCO,OFAT,Thickness_5pos,,,,27,27,17,OFAT,18.174,21.612175673985764
fivepos,OFAT,,GPR,47,LOCO,OFAT,Thickness_5pos,,,,28,28,17,OFAT,24.241999999999997,21.612175673985764
fivepos,OFAT,,GPR,47,LOCO,OFAT,Thickness_5pos,,,,29,29,17,OFAT,18.942,21.612175673985764
fivepos,OFAT,,GPR,47,LOCO,OFAT,Thickness_5pos,,,,30,30,17,OFAT,18.624,21.61217567398575
fivepos,OFAT,,GPR,47,LOCO,OFAT,Thickness_5pos,,,,31,31,18,OFAT,15.928,19.64367348862165
fivepos,OFAT,,GPR,47,LOCO,OFAT,Thickness_5pos,,,,32,32,19,OFAT,10.406,12.332790858756882
fivepos,OFAT,,GPR,47,LOCO,OFAT,Thickness_5pos,,,,33,33,20,OFAT,5.188000000000001,6.10447976387197
fivepos,OFAT,,GPR,47,LOCO,OFAT,Thickness_5pos,,,,34,34,21,OFAT,1.198,3.833085962381764
fivepos,OFAT,,GPR,47,LOCO,OFAT,Thickness_5pos,,,,35,35,22,OFAT,2.078,3.9741908919198767
fivepos,OFAT,,GPR,47,LOCO,OFAT,Thickness_5pos,,,,36,36,23,OFAT,3.6160000000000005,5.026549438345306
fivepos,OFAT,,GPR,47,LOCO,OFAT,Thickness_5pos,,,,37,37,20,OFAT,12.488,6.10447976387197
fivepos,OFAT,,GPR,47,LOCO,OFAT,Thickness_5pos,,,,38,38,19,OFAT,15.386000000000001,12.332790858756882
fivepos,OFAT,,GPR,47,LOCO,OFAT,Thickness_5pos,,,,39,39,18,OFAT,19.972,19.64367348862165
fivepos,OFAT,,GPR,47,LOCO,OFAT,Thickness_5pos,,,,40,40,19,OFAT,17.589999999999996,12.332790858756882
fivepos,OFAT,,GPR,47,LOCO,OFAT,Thickness_5pos,,,,41,41,19,OFAT,9.268,12.332790858756882
fivepos,OFAT,,GPR,48,LOCO,OFAT,Thickness_5pos,,,,0,0,0,OFAT,29.372000000000003,16.9101078112006
fivepos,OFAT,,GPR,48,LOCO,OFAT,Thickness_5pos,,,,1,1,1,OFAT,19.088,25.858590464890156
fivepos,OFAT,,GPR,48,LOCO,OFAT,Thickness_5pos,,,,2,2,2,OFAT,24.044,21.949409049563894
fivepos,OFAT,,GPR,48,LOCO,OFAT,Thickness_5pos,,,,3,3,3,OFAT,20.038,17.230230619977736
fivepos,OFAT,,GPR,48,LOCO,OFAT,Thickness_5pos,,,,4,4,4,OFAT,15.540000000000001,16.483360935909946
fivepos,OFAT,,GPR,48,LOCO,OFAT,Thickness_5pos,,,,5,5,5,OFAT,14.366,15.823046508045387
fivepos,OFAT,,GPR,48,LOCO,OFAT,Thickness_5pos,,,,6,6,6,OFAT,12.963999999999999,25.106814179826955
fivepos,OFAT,,GPR,48,LOCO,OFAT,Thickness_5pos,,,,7,7,7,OFAT,13.280000000000001,20.779991357935643
fivepos,OFAT,,GPR,48,LOCO,OFAT,Thickness_5pos,,,,8,8,8,OFAT,15.191999999999998,17.675211212257274
fivepos,OFAT,,GPR,48,LOCO,OFAT,Thickness_5pos,,,,9,9,9,OFAT,7.712000000000001,22.587769370626074
fivepos,OFAT,,GPR,48,LOCO,OFAT,Thickness_5pos,,,,10,10,10,OFAT,2.3760000000000003,10.500537840968175
fivepos,OFAT,,GPR,48,LOCO,OFAT,Thickness_5pos,,,,11,11,11,OFAT,7.786,14.965844364695924
fivepos,OFAT,,GPR,48,LOCO,OFAT,Thickness_5pos,,,,12,12,11,OFAT,9.190000000000001,14.965844364695924
fivepos,OFAT,,GPR,48,LOCO,OFAT,Thickness_5pos,,,,13,13,12,OFAT,7.714,9.94483439002013
fivepos,OFAT,,GPR,48,LOCO,OFAT,Thickness_5pos,,,,14,14,10,OFAT,6.81,10.500537840968175
fivepos,OFAT,,GPR,48,LOCO,OFAT,Thickness_5pos,,,,15,15,10,OFAT,16.612000000000002,10.500537840968175
fivepos,OFAT,,GPR,48,LOCO,OFAT,Thickness_5pos,,,,16,16,13,OFAT,14.952000000000002,11.468167119999976
fivepos,OFAT,,GPR,48,LOCO,OFAT,Thickness_5pos,,,,17,17,10,OFAT,10.623999999999999,10.500537840968175
fivepos,OFAT,,GPR,48,LOCO,OFAT,Thickness_5pos,,,,18,18,14,OFAT,24.566000000000003,20.01221304785241
fivepos,OFAT,,GPR,48,LOCO,OFAT,Thickness_5pos,,,,19,19,14,OFAT,28.262,20.01221304785241
fivepos,OFAT,,GPR,48,LOCO,OFAT,Thickness_5pos,,,,20,20,15,OFAT,7.484,6.547210630766784
fivepos,OFAT,,GPR,48,LOCO,OFAT,Thickness_5pos,,,,21,21,16,OFAT,15.064000000000002,10.8134920849809
fivepos,OFAT,,GPR,48,LOCO,OFAT,Thickness_5pos,,,,22,22,14,OFAT,33.33,20.01221304785241
fivepos,OFAT,,GPR,48,LOCO,OFAT,Thickness_5pos,,,,23,23,14,OFAT,23.546,20.01221304785241
fivepos,OFAT,,GPR,48,LOCO,OFAT,Thickness_5pos,,,,24,24,14,OFAT,25.130000000000003,20.012213047852413
fivepos,OFAT,,GPR,48,LOCO,OFAT,Thickness_5pos,,,,25,25,14,OFAT,22.818,20.012213047852413
fivepos,OFAT,,GPR,48,LOCO,OFAT,Thickness_5pos,,,,26,26,17,OFAT,18.386000000000003,21.612176692223724
fivepos,OFAT,,GPR,48,LOCO,OFAT,Thickness_5pos,,,,27,27,17,OFAT,18.174,21.612176692223724
fivepos,OFAT,,GPR,48,LOCO,OFAT,Thickness_5pos,,,,28,28,17,OFAT,24.241999999999997,21.612176692223724
fivepos,OFAT,,GPR,48,LOCO,OFAT,Thickness_5pos,,,,29,29,17,OFAT,18.942,21.612176692223724
fivepos,OFAT,,GPR,48,LOCO,OFAT,Thickness_5pos,,,,30,30,17,OFAT,18.624,21.61217669222371
fivepos,OFAT,,GPR,48,LOCO,OFAT,Thickness_5pos,,,,31,31,18,OFAT,15.928,19.643672042744356
fivepos,OFAT,,GPR,48,LOCO,OFAT,Thickness_5pos,,,,32,32,19,OFAT,10.406,12.579250761116853
fivepos,OFAT,,GPR,48,LOCO,OFAT,Thickness_5pos,,,,33,33,20,OFAT,5.188000000000001,6.104485629118589
fivepos,OFAT,,GPR,48,LOCO,OFAT,Thickness_5pos,,,,34,34,21,OFAT,1.198,3.8329018677974993
fivepos,OFAT,,GPR,48,LOCO,OFAT,Thickness_5pos,,,,35,35,22,OFAT,2.078,3.974197489909283
fivepos,OFAT,,GPR,48,LOCO,OFAT,Thickness_5pos,,,,36,36,23,OFAT,3.6160000000000005,5.320986102815141
fivepos,OFAT,,GPR,48,LOCO,OFAT,Thickness_5pos,,,,37,37,20,OFAT,12.488,6.104485629118589
fivepos,OFAT,,GPR,48,LOCO,OFAT,Thickness_5pos,,,,38,38,19,OFAT,15.386000000000001,12.579250761116853
fivepos,OFAT,,GPR,48,LOCO,OFAT,Thickness_5pos,,,,39,39,18,OFAT,19.972,19.643672042744356
fivepos,OFAT,,GPR,48,LOCO,OFAT,Thickness_5pos,,,,40,40,19,OFAT,17.589999999999996,12.579250761116853
fivepos,OFAT,,GPR,48,LOCO,OFAT,Thickness_5pos,,,,41,41,19,OFAT,9.268,12.579250761116853
fivepos,OFAT,,GPR,49,LOCO,OFAT,Thickness_5pos,,,,0,0,0,OFAT,29.372000000000003,16.91004515398179
fivepos,OFAT,,GPR,49,LOCO,OFAT,Thickness_5pos,,,,1,1,1,OFAT,19.088,25.8585945532233
fivepos,OFAT,,GPR,49,LOCO,OFAT,Thickness_5pos,,,,2,2,2,OFAT,24.044,21.94936256416037
fivepos,OFAT,,GPR,49,LOCO,OFAT,Thickness_5pos,,,,3,3,3,OFAT,20.038,16.72721055648926
fivepos,OFAT,,GPR,49,LOCO,OFAT,Thickness_5pos,,,,4,4,4,OFAT,15.540000000000001,16.04844299114802
fivepos,OFAT,,GPR,49,LOCO,OFAT,Thickness_5pos,,,,5,5,5,OFAT,14.366,15.434443911401356
fivepos,OFAT,,GPR,49,LOCO,OFAT,Thickness_5pos,,,,6,6,6,OFAT,12.963999999999999,22.727110297581387
fivepos,OFAT,,GPR,49,LOCO,OFAT,Thickness_5pos,,,,7,7,7,OFAT,13.280000000000001,20.77999596888407
fivepos,OFAT,,GPR,49,LOCO,OFAT,Thickness_5pos,,,,8,8,8,OFAT,15.191999999999998,17.67516631506383
fivepos,OFAT,,GPR,49,LOCO,OFAT,Thickness_5pos,,,,9,9,9,OFAT,7.712000000000001,22.587768655142206
fivepos,OFAT,,GPR,49,LOCO,OFAT,Thickness_5pos,,,,10,10,10,OFAT,2.3760000000000003,11.91211158996522
fivepos,OFAT,,GPR,49,LOCO,OFAT,Thickness_5pos,,,,11,11,11,OFAT,7.786,14.965883508584174
fivepos,OFAT,,GPR,49,LOCO,OFAT,Thickness_5pos,,,,12,12,11,OFAT,9.190000000000001,14.965883508584174
fivepos,OFAT,,GPR,49,LOCO,OFAT,Thickness_5pos,,,,13,13,12,OFAT,7.714,9.944833421412898
fivepos,OFAT,,GPR,49,LOCO,OFAT,Thickness_5pos,,,,14,14,10,OFAT,6.81,11.91211158996522
fivepos,OFAT,,GPR,49,LOCO,OFAT,Thickness_5pos,,,,15,15,10,OFAT,16.612000000000002,11.91211158996522
fivepos,OFAT,,GPR,49,LOCO,OFAT,Thickness_5pos,,,,16,16,13,OFAT,14.952000000000002,11.26349562615183
fivepos,OFAT,,GPR,49,LOCO,OFAT,Thickness_5pos,,,,17,17,10,OFAT,10.623999999999999,11.91211158996522
fivepos,OFAT,,GPR,49,LOCO,OFAT,Thickness_5pos,,,,18,18,14,OFAT,24.566000000000003,20.01221304785241
fivepos,OFAT,,GPR,49,LOCO,OFAT,Thickness_5pos,,,,19,19,14,OFAT,28.262,20.01221304785241
fivepos,OFAT,,GPR,49,LOCO,OFAT,Thickness_5pos,,,,20,20,15,OFAT,7.484,6.287166518688821
fivepos,OFAT,,GPR,49,LOCO,OFAT,Thickness_5pos,,,,21,21,16,OFAT,15.064000000000002,10.813497460438775
fivepos,OFAT,,GPR,49,LOCO,OFAT,Thickness_5pos,,,,22,22,14,OFAT,33.33,20.01221304785241
fivepos,OFAT,,GPR,49,LOCO,OFAT,Thickness_5pos,,,,23,23,14,OFAT,23.546,20.01221304785241
fivepos,OFAT,,GPR,49,LOCO,OFAT,Thickness_5pos,,,,24,24,14,OFAT,25.130000000000003,20.012213047852413
fivepos,OFAT,,GPR,49,LOCO,OFAT,Thickness_5pos,,,,25,25,14,OFAT,22.818,20.012213047852413
fivepos,OFAT,,GPR,49,LOCO,OFAT,Thickness_5pos,,,,26,26,17,OFAT,18.386000000000003,21.612185056653093
fivepos,OFAT,,GPR,49,LOCO,OFAT,Thickness_5pos,,,,27,27,17,OFAT,18.174,21.612185056653093
fivepos,OFAT,,GPR,49,LOCO,OFAT,Thickness_5pos,,,,28,28,17,OFAT,24.241999999999997,21.612185056653093
fivepos,OFAT,,GPR,49,LOCO,OFAT,Thickness_5pos,,,,29,29,17,OFAT,18.942,21.612185056653093
fivepos,OFAT,,GPR,49,LOCO,OFAT,Thickness_5pos,,,,30,30,17,OFAT,18.624,21.61218505665312
fivepos,OFAT,,GPR,49,LOCO,OFAT,Thickness_5pos,,,,31,31,18,OFAT,15.928,19.643672056381785
fivepos,OFAT,,GPR,49,LOCO,OFAT,Thickness_5pos,,,,32,32,19,OFAT,10.406,12.332781344640516
fivepos,OFAT,,GPR,49,LOCO,OFAT,Thickness_5pos,,,,33,33,20,OFAT,5.188000000000001,6.104486101887282
fivepos,OFAT,,GPR,49,LOCO,OFAT,Thickness_5pos,,,,34,34,21,OFAT,1.198,3.8330837099103583
fivepos,OFAT,,GPR,49,LOCO,OFAT,Thickness_5pos,,,,35,35,22,OFAT,2.078,3.9741897003363498
fivepos,OFAT,,GPR,49,LOCO,OFAT,Thickness_5pos,,,,36,36,23,OFAT,3.6160000000000005,5.026550902234298
fivepos,OFAT,,GPR,49,LOCO,OFAT,Thickness_5pos,,,,37,37,20,OFAT,12.488,6.104486101887282
fivepos,OFAT,,GPR,49,LOCO,OFAT,Thickness_5pos,,,,38,38,19,OFAT,15.386000000000001,12.332781344640516
fivepos,OFAT,,GPR,49,LOCO,OFAT,Thickness_5pos,,,,39,39,18,OFAT,19.972,19.643672056381785
fivepos,OFAT,,GPR,49,LOCO,OFAT,Thickness_5pos,,,,40,40,19,OFAT,17.589999999999996,12.332781344640516
fivepos,OFAT,,GPR,49,LOCO,OFAT,Thickness_5pos,,,,41,41,19,OFAT,9.268,12.332781344640516
fivepos,OFAT,,GPR,50,LOCO,OFAT,Thickness_5pos,,,,0,0,0,OFAT,29.372000000000003,16.91004565464304
fivepos,OFAT,,GPR,50,LOCO,OFAT,Thickness_5pos,,,,1,1,1,OFAT,19.088,25.858593461515373
fivepos,OFAT,,GPR,50,LOCO,OFAT,Thickness_5pos,,,,2,2,2,OFAT,24.044,21.949363616599648
fivepos,OFAT,,GPR,50,LOCO,OFAT,Thickness_5pos,,,,3,3,3,OFAT,20.038,16.727201424153264
fivepos,OFAT,,GPR,50,LOCO,OFAT,Thickness_5pos,,,,4,4,4,OFAT,15.540000000000001,16.048452074511562
fivepos,OFAT,,GPR,50,LOCO,OFAT,Thickness_5pos,,,,5,5,5,OFAT,14.366,15.434443167369414
fivepos,OFAT,,GPR,50,LOCO,OFAT,Thickness_5pos,,,,6,6,6,OFAT,12.963999999999999,25.106665909192504
fivepos,OFAT,,GPR,50,LOCO,OFAT,Thickness_5pos,,,,7,7,7,OFAT,13.280000000000001,20.779996388105463
fivepos,OFAT,,GPR,50,LOCO,OFAT,Thickness_5pos,,,,8,8,8,OFAT,15.191999999999998,17.675169076324323
fivepos,OFAT,,GPR,50,LOCO,OFAT,Thickness_5pos,,,,9,9,9,OFAT,7.712000000000001,22.587773514130845
fivepos,OFAT,,GPR,50,LOCO,OFAT,Thickness_5pos,,,,10,10,10,OFAT,2.3760000000000003,11.912214473817462
fivepos,OFAT,,GPR,50,LOCO,OFAT,Thickness_5pos,,,,11,11,11,OFAT,7.786,14.965884490917514
fivepos,OFAT,,GPR,50,LOCO,OFAT,Thickness_5pos,,,,12,12,11,OFAT,9.190000000000001,14.965884490917514
fivepos,OFAT,,GPR,50,LOCO,OFAT,Thickness_5pos,,,,13,13,12,OFAT,7.714,9.94483309277805
fivepos,OFAT,,GPR,50,LOCO,OFAT,Thickness_5pos,,,,14,14,10,OFAT,6.81,11.912214473817462
fivepos,OFAT,,GPR,50,LOCO,OFAT,Thickness_5pos,,,,15,15,10,OFAT,16.612000000000002,11.912214473817462
fivepos,OFAT,,GPR,50,LOCO,OFAT,Thickness_5pos,,,,16,16,13,OFAT,14.952000000000002,11.263495248781465
fivepos,OFAT,,GPR,50,LOCO,OFAT,Thickness_5pos,,,,17,17,10,OFAT,10.623999999999999,11.912214473817462
fivepos,OFAT,,GPR,50,LOCO,OFAT,Thickness_5pos,,,,18,18,14,OFAT,24.566000000000003,20.012210705762868
fivepos,OFAT,,GPR,50,LOCO,OFAT,Thickness_5pos,,,,19,19,14,OFAT,28.262,20.012210705762868
fivepos,OFAT,,GPR,50,LOCO,OFAT,Thickness_5pos,,,,20,20,15,OFAT,7.484,6.287159672738021
fivepos,OFAT,,GPR,50,LOCO,OFAT,Thickness_5pos,,,,21,21,16,OFAT,15.064000000000002,10.813498872669882
fivepos,OFAT,,GPR,50,LOCO,OFAT,Thickness_5pos,,,,22,22,14,OFAT,33.33,20.012210705762868
fivepos,OFAT,,GPR,50,LOCO,OFAT,Thickness_5pos,,,,23,23,14,OFAT,23.546,20.012210705762868
fivepos,OFAT,,GPR,50,LOCO,OFAT,Thickness_5pos,,,,24,24,14,OFAT,25.130000000000003,20.012210705762868
fivepos,OFAT,,GPR,50,LOCO,OFAT,Thickness_5pos,,,,25,25,14,OFAT,22.818,20.012210705762868
fivepos,OFAT,,GPR,50,LOCO,OFAT,Thickness_5pos,,,,26,26,17,OFAT,18.386000000000003,21.612173738560095
fivepos,OFAT,,GPR,50,LOCO,OFAT,Thickness_5pos,,,,27,27,17,OFAT,18.174,21.612173738560095
fivepos,OFAT,,GPR,50,LOCO,OFAT,Thickness_5pos,,,,28,28,17,OFAT,24.241999999999997,21.612173738560095
fivepos,OFAT,,GPR,50,LOCO,OFAT,Thickness_5pos,,,,29,29,17,OFAT,18.942,21.612173738560095
fivepos,OFAT,,GPR,50,LOCO,OFAT,Thickness_5pos,,,,30,30,17,OFAT,18.624,21.61217373856011
fivepos,OFAT,,GPR,50,LOCO,OFAT,Thickness_5pos,,,,31,31,18,OFAT,15.928,19.64367148874487
fivepos,OFAT,,GPR,50,LOCO,OFAT,Thickness_5pos,,,,32,32,19,OFAT,10.406,12.332787593516112
fivepos,OFAT,,GPR,50,LOCO,OFAT,Thickness_5pos,,,,33,33,20,OFAT,5.188000000000001,6.1044870208241555
fivepos,OFAT,,GPR,50,LOCO,OFAT,Thickness_5pos,,,,34,34,21,OFAT,1.198,3.833103217048711
fivepos,OFAT,,GPR,50,LOCO,OFAT,Thickness_5pos,,,,35,35,22,OFAT,2.078,3.9741900281934335
fivepos,OFAT,,GPR,50,LOCO,OFAT,Thickness_5pos,,,,36,36,23,OFAT,3.6160000000000005,5.026552158210757
fivepos,OFAT,,GPR,50,LOCO,OFAT,Thickness_5pos,,,,37,37,20,OFAT,12.488,6.1044870208241555
fivepos,OFAT,,GPR,50,LOCO,OFAT,Thickness_5pos,,,,38,38,19,OFAT,15.386000000000001,12.332787593516112
fivepos,OFAT,,GPR,50,LOCO,OFAT,Thickness_5pos,,,,39,39,18,OFAT,19.972,19.64367148874487
fivepos,OFAT,,GPR,50,LOCO,OFAT,Thickness_5pos,,,,40,40,19,OFAT,17.589999999999996,12.332787593516112
fivepos,OFAT,,GPR,50,LOCO,OFAT,Thickness_5pos,,,,41,41,19,OFAT,9.268,12.332787593516112
fivepos,OFAT,,GPR,51,LOCO,OFAT,Thickness_5pos,,,,0,0,0,OFAT,29.372000000000003,16.909978161294042
fivepos,OFAT,,GPR,51,LOCO,OFAT,Thickness_5pos,,,,1,1,1,OFAT,19.088,25.85859424920078
fivepos,OFAT,,GPR,51,LOCO,OFAT,Thickness_5pos,,,,2,2,2,OFAT,24.044,21.949372876164837
fivepos,OFAT,,GPR,51,LOCO,OFAT,Thickness_5pos,,,,3,3,3,OFAT,20.038,16.727206420776536
fivepos,OFAT,,GPR,51,LOCO,OFAT,Thickness_5pos,,,,4,4,4,OFAT,15.540000000000001,16.048449467112647
fivepos,OFAT,,GPR,51,LOCO,OFAT,Thickness_5pos,,,,5,5,5,OFAT,14.366,15.434417434900372
fivepos,OFAT,,GPR,51,LOCO,OFAT,Thickness_5pos,,,,6,6,6,OFAT,12.963999999999999,25.10660415649751
fivepos,OFAT,,GPR,51,LOCO,OFAT,Thickness_5pos,,,,7,7,7,OFAT,13.280000000000001,20.779997527011332
fivepos,OFAT,,GPR,51,LOCO,OFAT,Thickness_5pos,,,,8,8,8,OFAT,15.191999999999998,17.675170889831065
fivepos,OFAT,,GPR,51,LOCO,OFAT,Thickness_5pos,,,,9,9,9,OFAT,7.712000000000001,22.587764009548497
fivepos,OFAT,,GPR,51,LOCO,OFAT,Thickness_5pos,,,,10,10,10,OFAT,2.3760000000000003,11.912117653616505
fivepos,OFAT,,GPR,51,LOCO,OFAT,Thickness_5pos,,,,11,11,11,OFAT,7.786,14.965901012949029
fivepos,OFAT,,GPR,51,LOCO,OFAT,Thickness_5pos,,,,12,12,11,OFAT,9.190000000000001,14.965901012949029
fivepos,OFAT,,GPR,51,LOCO,OFAT,Thickness_5pos,,,,13,13,12,OFAT,7.714,9.944826009619682
fivepos,OFAT,,GPR,51,LOCO,OFAT,Thickness_5pos,,,,14,14,10,OFAT,6.81,11.912117653616505
fivepos,OFAT,,GPR,51,LOCO,OFAT,Thickness_5pos,,,,15,15,10,OFAT,16.612000000000002,11.912117653616505
fivepos,OFAT,,GPR,51,LOCO,OFAT,Thickness_5pos,,,,16,16,13,OFAT,14.952000000000002,11.26349492417533
fivepos,OFAT,,GPR,51,LOCO,OFAT,Thickness_5pos,,,,17,17,10,OFAT,10.623999999999999,11.912117653616505
fivepos,OFAT,,GPR,51,LOCO,OFAT,Thickness_5pos,,,,18,18,14,OFAT,24.566000000000003,20.012212508184657
fivepos,OFAT,,GPR,51,LOCO,OFAT,Thickness_5pos,,,,19,19,14,OFAT,28.262,20.012212508184657
fivepos,OFAT,,GPR,51,LOCO,OFAT,Thickness_5pos,,,,20,20,15,OFAT,7.484,6.287161425512613
fivepos,OFAT,,GPR,51,LOCO,OFAT,Thickness_5pos,,,,21,21,16,OFAT,15.064000000000002,10.813499486998918
fivepos,OFAT,,GPR,51,LOCO,OFAT,Thickness_5pos,,,,22,22,14,OFAT,33.33,20.012212508184657
fivepos,OFAT,,GPR,51,LOCO,OFAT,Thickness_5pos,,,,23,23,14,OFAT,23.546,20.012212508184657
fivepos,OFAT,,GPR,51,LOCO,OFAT,Thickness_5pos,,,,24,24,14,OFAT,25.130000000000003,20.012212508184664
fivepos,OFAT,,GPR,51,LOCO,OFAT,Thickness_5pos,,,,25,25,14,OFAT,22.818,20.012212508184664
fivepos,OFAT,,GPR,51,LOCO,OFAT,Thickness_5pos,,,,26,26,17,OFAT,18.386000000000003,21.612174827547314
fivepos,OFAT,,GPR,51,LOCO,OFAT,Thickness_5pos,,,,27,27,17,OFAT,18.174,21.612174827547314
fivepos,OFAT,,GPR,51,LOCO,OFAT,Thickness_5pos,,,,28,28,17,OFAT,24.241999999999997,21.612174827547314
fivepos,OFAT,,GPR,51,LOCO,OFAT,Thickness_5pos,,,,29,29,17,OFAT,18.942,21.612174827547314
fivepos,OFAT,,GPR,51,LOCO,OFAT,Thickness_5pos,,,,30,30,17,OFAT,18.624,21.61217482754737
fivepos,OFAT,,GPR,51,LOCO,OFAT,Thickness_5pos,,,,31,31,18,OFAT,15.928,19.643659460156563
fivepos,OFAT,,GPR,51,LOCO,OFAT,Thickness_5pos,,,,32,32,19,OFAT,10.406,12.332786481761453
fivepos,OFAT,,GPR,51,LOCO,OFAT,Thickness_5pos,,,,33,33,20,OFAT,5.188000000000001,6.10449236802876
fivepos,OFAT,,GPR,51,LOCO,OFAT,Thickness_5pos,,,,34,34,21,OFAT,1.198,3.8330852369364212
fivepos,OFAT,,GPR,51,LOCO,OFAT,Thickness_5pos,,,,35,35,22,OFAT,2.078,3.974181804533602
fivepos,OFAT,,GPR,51,LOCO,OFAT,Thickness_5pos,,,,36,36,23,OFAT,3.6160000000000005,5.026554020200457
fivepos,OFAT,,GPR,51,LOCO,OFAT,Thickness_5pos,,,,37,37,20,OFAT,12.488,6.10449236802876
fivepos,OFAT,,GPR,51,LOCO,OFAT,Thickness_5pos,,,,38,38,19,OFAT,15.386000000000001,12.332786481761453
fivepos,OFAT,,GPR,51,LOCO,OFAT,Thickness_5pos,,,,39,39,18,OFAT,19.972,19.643659460156563
fivepos,OFAT,,GPR,51,LOCO,OFAT,Thickness_5pos,,,,40,40,19,OFAT,17.589999999999996,12.332786481761453
fivepos,OFAT,,GPR,51,LOCO,OFAT,Thickness_5pos,,,,41,41,19,OFAT,9.268,12.332786481761453
fivepos,Augmented,,Ridge,42,LOCO,Augmented,Thickness_5pos,,,,0,0,0,OFAT,29.372000000000003,15.635950795755681
fivepos,Augmented,,Ridge,42,LOCO,Augmented,Thickness_5pos,,,,1,1,1,OFAT,19.088,18.600889910421262
fivepos,Augmented,,Ridge,42,LOCO,Augmented,Thickness_5pos,,,,2,2,2,OFAT,24.044,17.912246210390446
fivepos,Augmented,,Ridge,42,LOCO,Augmented,Thickness_5pos,,,,3,3,3,OFAT,20.038,18.703034999610097
fivepos,Augmented,,Ridge,42,LOCO,Augmented,Thickness_5pos,,,,4,4,4,OFAT,15.540000000000001,19.49102735871911
fivepos,Augmented,,Ridge,42,LOCO,Augmented,Thickness_5pos,,,,5,5,5,OFAT,14.366,19.837154878944492
fivepos,Augmented,,Ridge,42,LOCO,Augmented,Thickness_5pos,,,,6,6,6,OFAT,12.963999999999999,20.367327805813034
fivepos,Augmented,,Ridge,42,LOCO,Augmented,Thickness_5pos,,,,7,7,7,OFAT,13.280000000000001,19.04843845137156
fivepos,Augmented,,Ridge,42,LOCO,Augmented,Thickness_5pos,,,,8,8,8,OFAT,15.191999999999998,18.706997015928252
fivepos,Augmented,,Ridge,42,LOCO,Augmented,Thickness_5pos,,,,9,9,9,OFAT,7.712000000000001,9.64467563632086
fivepos,Augmented,,Ridge,42,LOCO,Augmented,Thickness_5pos,,,,10,10,10,OFAT,2.3760000000000003,10.319657077825205
fivepos,Augmented,,Ridge,42,LOCO,Augmented,Thickness_5pos,,,,11,11,11,OFAT,7.786,10.923358899758119
fivepos,Augmented,,Ridge,42,LOCO,Augmented,Thickness_5pos,,,,12,12,11,OFAT,9.190000000000001,10.923358899758119
fivepos,Augmented,,Ridge,42,LOCO,Augmented,Thickness_5pos,,,,13,13,12,OFAT,7.714,10.306477892876032
fivepos,Augmented,,Ridge,42,LOCO,Augmented,Thickness_5pos,,,,14,14,10,OFAT,6.81,10.319657077825205
fivepos,Augmented,,Ridge,42,LOCO,Augmented,Thickness_5pos,,,,15,15,10,OFAT,16.612000000000002,10.319657077825205
fivepos,Augmented,,Ridge,42,LOCO,Augmented,Thickness_5pos,,,,16,16,13,OFAT,14.952000000000002,11.438297937688187
fivepos,Augmented,,Ridge,42,LOCO,Augmented,Thickness_5pos,,,,17,17,10,OFAT,10.623999999999999,10.319657077825205
fivepos,Augmented,,Ridge,42,LOCO,Augmented,Thickness_5pos,,,,18,18,14,OFAT,24.566000000000003,21.274260365469758
fivepos,Augmented,,Ridge,42,LOCO,Augmented,Thickness_5pos,,,,19,19,14,OFAT,28.262,21.274260365469758
fivepos,Augmented,,Ridge,42,LOCO,Augmented,Thickness_5pos,,,,20,20,15,OFAT,7.484,7.561947493586811
fivepos,Augmented,,Ridge,42,LOCO,Augmented,Thickness_5pos,,,,21,21,16,OFAT,15.064000000000002,11.065512285163123
fivepos,Augmented,,Ridge,42,LOCO,Augmented,Thickness_5pos,,,,22,22,14,OFAT,33.33,21.274260365469758
fivepos,Augmented,,Ridge,42,LOCO,Augmented,Thickness_5pos,,,,23,23,14,OFAT,23.546,21.274260365469758
fivepos,Augmented,,Ridge,42,LOCO,Augmented,Thickness_5pos,,,,24,24,14,OFAT,25.130000000000003,21.274260365469758
fivepos,Augmented,,Ridge,42,LOCO,Augmented,Thickness_5pos,,,,25,25,14,OFAT,22.818,21.274260365469758
fivepos,Augmented,,Ridge,42,LOCO,Augmented,Thickness_5pos,,,,26,26,17,OFAT,18.386000000000003,19.052149470314124
fivepos,Augmented,,Ridge,42,LOCO,Augmented,Thickness_5pos,,,,27,27,17,OFAT,18.174,19.052149470314124
fivepos,Augmented,,Ridge,42,LOCO,Augmented,Thickness_5pos,,,,28,28,17,OFAT,24.241999999999997,19.052149470314124
fivepos,Augmented,,Ridge,42,LOCO,Augmented,Thickness_5pos,,,,29,29,17,OFAT,18.942,19.052149470314124
fivepos,Augmented,,Ridge,42,LOCO,Augmented,Thickness_5pos,,,,30,30,17,OFAT,18.624,19.052149470314124
fivepos,Augmented,,Ridge,42,LOCO,Augmented,Thickness_5pos,,,,31,31,18,OFAT,15.928,17.930774131159243
fivepos,Augmented,,Ridge,42,LOCO,Augmented,Thickness_5pos,,,,32,32,19,OFAT,10.406,12.34221621290893
fivepos,Augmented,,Ridge,42,LOCO,Augmented,Thickness_5pos,,,,33,33,20,OFAT,5.188000000000001,6.740677859493342
fivepos,Augmented,,Ridge,42,LOCO,Augmented,Thickness_5pos,,,,34,34,21,OFAT,1.198,3.7073005274599815
fivepos,Augmented,,Ridge,42,LOCO,Augmented,Thickness_5pos,,,,35,35,22,OFAT,2.078,4.496111456792111
fivepos,Augmented,,Ridge,42,LOCO,Augmented,Thickness_5pos,,,,36,36,23,OFAT,3.6160000000000005,6.084659585289998
fivepos,Augmented,,Ridge,42,LOCO,Augmented,Thickness_5pos,,,,37,37,20,OFAT,12.488,6.740677859493342
fivepos,Augmented,,Ridge,42,LOCO,Augmented,Thickness_5pos,,,,38,38,19,OFAT,15.386000000000001,12.34221621290893
fivepos,Augmented,,Ridge,42,LOCO,Augmented,Thickness_5pos,,,,39,39,18,OFAT,19.972,17.930774131159243
fivepos,Augmented,,Ridge,42,LOCO,Augmented,Thickness_5pos,,,,40,40,19,OFAT,17.589999999999996,12.34221621290893
fivepos,Augmented,,Ridge,42,LOCO,Augmented,Thickness_5pos,,,,41,41,19,OFAT,9.268,12.34221621290893
fivepos,Augmented,,Ridge,42,LOCO,Augmented,Thickness_5pos,,,,42,44,26,DOE,5.29,8.151835502684268
fivepos,Augmented,,Ridge,42,LOCO,Augmented,Thickness_5pos,,,,43,45,27,DOE,30.401999999999997,26.037112600075844
fivepos,Augmented,,Ridge,42,LOCO,Augmented,Thickness_5pos,,,,44,43,25,DOE,1.052,5.001251648312667
fivepos,Augmented,,Ridge,42,LOCO,Augmented,Thickness_5pos,,,,45,46,28,DOE,32.35600000000001,24.22216354882876
fivepos,Augmented,,Ridge,42,LOCO,Augmented,Thickness_5pos,,,,46,42,24,DOE,1.0859999999999999,3.945051527954078
fivepos,Augmented,,Ridge,42,LOCO,Augmented,Thickness_5pos,,,,47,49,31,DOE,25.630000000000003,28.820164580571713
fivepos,Augmented,,Ridge,42,LOCO,Augmented,Thickness_5pos,,,,48,54,36,DOE,4.304,8.064938652788904
fivepos,Augmented,,Ridge,42,LOCO,Augmented,Thickness_5pos,,,,49,52,34,DOE,22.592000000000002,26.674542044962188
fivepos,Augmented,,Ridge,42,LOCO,Augmented,Thickness_5pos,,,,50,47,29,DOE,1.0540000000000003,3.6306711869549524
fivepos,Augmented,,Ridge,42,LOCO,Augmented,Thickness_5pos,,,,51,51,33,DOE,1.0999999999999999,3.508072017736218
fivepos,Augmented,,Ridge,42,LOCO,Augmented,Thickness_5pos,,,,52,53,35,DOE,1.2719999999999998,3.8045405836003177
fivepos,Augmented,,Ridge,42,LOCO,Augmented,Thickness_5pos,,,,53,56,38,DOE,22.052,29.08424892638778
fivepos,Augmented,,Ridge,42,LOCO,Augmented,Thickness_5pos,,,,54,50,32,DOE,25.432,26.778828335602675
fivepos,Augmented,,Ridge,42,LOCO,Augmented,Thickness_5pos,,,,55,48,30,DOE,26.165999999999997,21.87047124157188
fivepos,Augmented,,Ridge,42,LOCO,Augmented,Thickness_5pos,,,,56,55,37,DOE,11.256,15.02584469217901
fivepos,Augmented,,Ridge,43,LOCO,Augmented,Thickness_5pos,,,,0,0,0,OFAT,29.372000000000003,15.572624982342083
fivepos,Augmented,,Ridge,43,LOCO,Augmented,Thickness_5pos,,,,1,1,1,OFAT,19.088,18.600889910421262
fivepos,Augmented,,Ridge,43,LOCO,Augmented,Thickness_5pos,,,,2,2,2,OFAT,24.044,17.912246210390446
fivepos,Augmented,,Ridge,43,LOCO,Augmented,Thickness_5pos,,,,3,3,3,OFAT,20.038,18.703034999610097
fivepos,Augmented,,Ridge,43,LOCO,Augmented,Thickness_5pos,,,,4,4,4,OFAT,15.540000000000001,19.49102735871911
fivepos,Augmented,,Ridge,43,LOCO,Augmented,Thickness_5pos,,,,5,5,5,OFAT,14.366,19.837154878944492
fivepos,Augmented,,Ridge,43,LOCO,Augmented,Thickness_5pos,,,,6,6,6,OFAT,12.963999999999999,20.367327805813034
fivepos,Augmented,,Ridge,43,LOCO,Augmented,Thickness_5pos,,,,7,7,7,OFAT,13.280000000000001,19.04843845137156
fivepos,Augmented,,Ridge,43,LOCO,Augmented,Thickness_5pos,,,,8,8,8,OFAT,15.191999999999998,18.706997015928252
fivepos,Augmented,,Ridge,43,LOCO,Augmented,Thickness_5pos,,,,9,9,9,OFAT,7.712000000000001,9.64467563632086
fivepos,Augmented,,Ridge,43,LOCO,Augmented,Thickness_5pos,,,,10,10,10,OFAT,2.3760000000000003,10.319657077825205
fivepos,Augmented,,Ridge,43,LOCO,Augmented,Thickness_5pos,,,,11,11,11,OFAT,7.786,10.50929740860601
fivepos,Augmented,,Ridge,43,LOCO,Augmented,Thickness_5pos,,,,12,12,11,OFAT,9.190000000000001,10.50929740860601
fivepos,Augmented,,Ridge,43,LOCO,Augmented,Thickness_5pos,,,,13,13,12,OFAT,7.714,10.306477892876032
fivepos,Augmented,,Ridge,43,LOCO,Augmented,Thickness_5pos,,,,14,14,10,OFAT,6.81,10.319657077825205
fivepos,Augmented,,Ridge,43,LOCO,Augmented,Thickness_5pos,,,,15,15,10,OFAT,16.612000000000002,10.319657077825205
fivepos,Augmented,,Ridge,43,LOCO,Augmented,Thickness_5pos,,,,16,16,13,OFAT,14.952000000000002,11.438297937688187
fivepos,Augmented,,Ridge,43,LOCO,Augmented,Thickness_5pos,,,,17,17,10,OFAT,10.623999999999999,10.319657077825205
fivepos,Augmented,,Ridge,43,LOCO,Augmented,Thickness_5pos,,,,18,18,14,OFAT,24.566000000000003,21.274260365469758
fivepos,Augmented,,Ridge,43,LOCO,Augmented,Thickness_5pos,,,,19,19,14,OFAT,28.262,21.274260365469758
fivepos,Augmented,,Ridge,43,LOCO,Augmented,Thickness_5pos,,,,20,20,15,OFAT,7.484,6.719105838590355
fivepos,Augmented,,Ridge,43,LOCO,Augmented,Thickness_5pos,,,,21,21,16,OFAT,15.064000000000002,11.065512285163123
fivepos,Augmented,,Ridge,43,LOCO,Augmented,Thickness_5pos,,,,22,22,14,OFAT,33.33,21.274260365469758
fivepos,Augmented,,Ridge,43,LOCO,Augmented,Thickness_5pos,,,,23,23,14,OFAT,23.546,21.274260365469758
fivepos,Augmented,,Ridge,43,LOCO,Augmented,Thickness_5pos,,,,24,24,14,OFAT,25.130000000000003,21.274260365469758
fivepos,Augmented,,Ridge,43,LOCO,Augmented,Thickness_5pos,,,,25,25,14,OFAT,22.818,21.274260365469758
fivepos,Augmented,,Ridge,43,LOCO,Augmented,Thickness_5pos,,,,26,26,17,OFAT,18.386000000000003,19.29414882345533
fivepos,Augmented,,Ridge,43,LOCO,Augmented,Thickness_5pos,,,,27,27,17,OFAT,18.174,19.29414882345533
fivepos,Augmented,,Ridge,43,LOCO,Augmented,Thickness_5pos,,,,28,28,17,OFAT,24.241999999999997,19.29414882345533
fivepos,Augmented,,Ridge,43,LOCO,Augmented,Thickness_5pos,,,,29,29,17,OFAT,18.942,19.29414882345533
fivepos,Augmented,,Ridge,43,LOCO,Augmented,Thickness_5pos,,,,30,30,17,OFAT,18.624,19.29414882345533
fivepos,Augmented,,Ridge,43,LOCO,Augmented,Thickness_5pos,,,,31,31,18,OFAT,15.928,18.084805302823423
fivepos,Augmented,,Ridge,43,LOCO,Augmented,Thickness_5pos,,,,32,32,19,OFAT,10.406,12.249924614205998
fivepos,Augmented,,Ridge,43,LOCO,Augmented,Thickness_5pos,,,,33,33,20,OFAT,5.188000000000001,6.418183285161181
fivepos,Augmented,,Ridge,43,LOCO,Augmented,Thickness_5pos,,,,34,34,21,OFAT,1.198,2.3820337531099565
fivepos,Augmented,,Ridge,43,LOCO,Augmented,Thickness_5pos,,,,35,35,22,OFAT,2.078,3.2684672872482157
fivepos,Augmented,,Ridge,43,LOCO,Augmented,Thickness_5pos,,,,36,36,23,OFAT,3.6160000000000005,5.052904574556203
fivepos,Augmented,,Ridge,43,LOCO,Augmented,Thickness_5pos,,,,37,37,20,OFAT,12.488,6.418183285161181
fivepos,Augmented,,Ridge,43,LOCO,Augmented,Thickness_5pos,,,,38,38,19,OFAT,15.386000000000001,12.249924614205998
fivepos,Augmented,,Ridge,43,LOCO,Augmented,Thickness_5pos,,,,39,39,18,OFAT,19.972,18.084805302823423
fivepos,Augmented,,Ridge,43,LOCO,Augmented,Thickness_5pos,,,,40,40,19,OFAT,17.589999999999996,12.249924614205998
fivepos,Augmented,,Ridge,43,LOCO,Augmented,Thickness_5pos,,,,41,41,19,OFAT,9.268,12.249924614205998
fivepos,Augmented,,Ridge,43,LOCO,Augmented,Thickness_5pos,,,,42,44,26,DOE,5.29,7.187530550392319
fivepos,Augmented,,Ridge,43,LOCO,Augmented,Thickness_5pos,,,,43,45,27,DOE,30.401999999999997,26.037112600075844
fivepos,Augmented,,Ridge,43,LOCO,Augmented,Thickness_5pos,,,,44,43,25,DOE,1.052,5.001251648312667
fivepos,Augmented,,Ridge,43,LOCO,Augmented,Thickness_5pos,,,,45,46,28,DOE,32.35600000000001,25.01722029952699
fivepos,Augmented,,Ridge,43,LOCO,Augmented,Thickness_5pos,,,,46,42,24,DOE,1.0859999999999999,1.775947371094233
fivepos,Augmented,,Ridge,43,LOCO,Augmented,Thickness_5pos,,,,47,49,31,DOE,25.630000000000003,28.820164580571713
fivepos,Augmented,,Ridge,43,LOCO,Augmented,Thickness_5pos,,,,48,54,36,DOE,4.304,7.503874464721608
fivepos,Augmented,,Ridge,43,LOCO,Augmented,Thickness_5pos,,,,49,52,34,DOE,22.592000000000002,28.638016057935005
fivepos,Augmented,,Ridge,43,LOCO,Augmented,Thickness_5pos,,,,50,47,29,DOE,1.0540000000000003,0.7865102488716786
fivepos,Augmented,,Ridge,43,LOCO,Augmented,Thickness_5pos,,,,51,51,33,DOE,1.0999999999999999,1.2649773241651872
fivepos,Augmented,,Ridge,43,LOCO,Augmented,Thickness_5pos,,,,52,53,35,DOE,1.2719999999999998,1.9915176895834072
fivepos,Augmented,,Ridge,43,LOCO,Augmented,Thickness_5pos,,,,53,56,38,DOE,22.052,30.21174591917498
fivepos,Augmented,,Ridge,43,LOCO,Augmented,Thickness_5pos,,,,54,50,32,DOE,25.432,29.090335693083574
fivepos,Augmented,,Ridge,43,LOCO,Augmented,Thickness_5pos,,,,55,48,30,DOE,26.165999999999997,22.639300785969105
fivepos,Augmented,,Ridge,43,LOCO,Augmented,Thickness_5pos,,,,56,55,37,DOE,11.256,14.704325487798936
fivepos,Augmented,,Ridge,44,LOCO,Augmented,Thickness_5pos,,,,0,0,0,OFAT,29.372000000000003,15.58924194685166
fivepos,Augmented,,Ridge,44,LOCO,Augmented,Thickness_5pos,,,,1,1,1,OFAT,19.088,18.600889910421262
fivepos,Augmented,,Ridge,44,LOCO,Augmented,Thickness_5pos,,,,2,2,2,OFAT,24.044,17.990623682429764
fivepos,Augmented,,Ridge,44,LOCO,Augmented,Thickness_5pos,,,,3,3,3,OFAT,20.038,18.765802097095534
fivepos,Augmented,,Ridge,44,LOCO,Augmented,Thickness_5pos,,,,4,4,4,OFAT,15.540000000000001,19.577401248047355
fivepos,Augmented,,Ridge,44,LOCO,Augmented,Thickness_5pos,,,,5,5,5,OFAT,14.366,19.937686948557406
fivepos,Augmented,,Ridge,44,LOCO,Augmented,Thickness_5pos,,,,6,6,6,OFAT,12.963999999999999,20.603776606816563
fivepos,Augmented,,Ridge,44,LOCO,Augmented,Thickness_5pos,,,,7,7,7,OFAT,13.280000000000001,19.120455493610944
fivepos,Augmented,,Ridge,44,LOCO,Augmented,Thickness_5pos,,,,8,8,8,OFAT,15.191999999999998,18.77514444268899
fivepos,Augmented,,Ridge,44,LOCO,Augmented,Thickness_5pos,,,,9,9,9,OFAT,7.712000000000001,9.215457704873277
fivepos,Augmented,,Ridge,44,LOCO,Augmented,Thickness_5pos,,,,10,10,10,OFAT,2.3760000000000003,10.508332826806537
fivepos,Augmented,,Ridge,44,LOCO,Augmented,Thickness_5pos,,,,11,11,11,OFAT,7.786,10.3685694353977
fivepos,Augmented,,Ridge,44,LOCO,Augmented,Thickness_5pos,,,,12,12,11,OFAT,9.190000000000001,10.3685694353977
fivepos,Augmented,,Ridge,44,LOCO,Augmented,Thickness_5pos,,,,13,13,12,OFAT,7.714,10.152087931660535
fivepos,Augmented,,Ridge,44,LOCO,Augmented,Thickness_5pos,,,,14,14,10,OFAT,6.81,10.508332826806537
fivepos,Augmented,,Ridge,44,LOCO,Augmented,Thickness_5pos,,,,15,15,10,OFAT,16.612000000000002,10.508332826806537
fivepos,Augmented,,Ridge,44,LOCO,Augmented,Thickness_5pos,,,,16,16,13,OFAT,14.952000000000002,11.322036705420718
fivepos,Augmented,,Ridge,44,LOCO,Augmented,Thickness_5pos,,,,17,17,10,OFAT,10.623999999999999,10.508332826806537
fivepos,Augmented,,Ridge,44,LOCO,Augmented,Thickness_5pos,,,,18,18,14,OFAT,24.566000000000003,21.274260365469758
fivepos,Augmented,,Ridge,44,LOCO,Augmented,Thickness_5pos,,,,19,19,14,OFAT,28.262,21.274260365469758
fivepos,Augmented,,Ridge,44,LOCO,Augmented,Thickness_5pos,,,,20,20,15,OFAT,7.484,6.407430518884546
fivepos,Augmented,,Ridge,44,LOCO,Augmented,Thickness_5pos,,,,21,21,16,OFAT,15.064000000000002,10.93446393333954
fivepos,Augmented,,Ridge,44,LOCO,Augmented,Thickness_5pos,,,,22,22,14,OFAT,33.33,21.274260365469758
fivepos,Augmented,,Ridge,44,LOCO,Augmented,Thickness_5pos,,,,23,23,14,OFAT,23.546,21.274260365469758
fivepos,Augmented,,Ridge,44,LOCO,Augmented,Thickness_5pos,,,,24,24,14,OFAT,25.130000000000003,21.274260365469758
fivepos,Augmented,,Ridge,44,LOCO,Augmented,Thickness_5pos,,,,25,25,14,OFAT,22.818,21.274260365469758
fivepos,Augmented,,Ridge,44,LOCO,Augmented,Thickness_5pos,,,,26,26,17,OFAT,18.386000000000003,19.29414882345533
fivepos,Augmented,,Ridge,44,LOCO,Augmented,Thickness_5pos,,,,27,27,17,OFAT,18.174,19.29414882345533
fivepos,Augmented,,Ridge,44,LOCO,Augmented,Thickness_5pos,,,,28,28,17,OFAT,24.241999999999997,19.29414882345533
fivepos,Augmented,,Ridge,44,LOCO,Augmented,Thickness_5pos,,,,29,29,17,OFAT,18.942,19.29414882345533
fivepos,Augmented,,Ridge,44,LOCO,Augmented,Thickness_5pos,,,,30,30,17,OFAT,18.624,19.29414882345533
fivepos,Augmented,,Ridge,44,LOCO,Augmented,Thickness_5pos,,,,31,31,18,OFAT,15.928,17.930774131159243
fivepos,Augmented,,Ridge,44,LOCO,Augmented,Thickness_5pos,,,,32,32,19,OFAT,10.406,12.34221621290893
fivepos,Augmented,,Ridge,44,LOCO,Augmented,Thickness_5pos,,,,33,33,20,OFAT,5.188000000000001,6.418183285161181
fivepos,Augmented,,Ridge,44,LOCO,Augmented,Thickness_5pos,,,,34,34,21,OFAT,1.198,1.727525394801189
fivepos,Augmented,,Ridge,44,LOCO,Augmented,Thickness_5pos,,,,35,35,22,OFAT,2.078,2.6622998446702013
fivepos,Augmented,,Ridge,44,LOCO,Augmented,Thickness_5pos,,,,36,36,23,OFAT,3.6160000000000005,4.543711919859852
fivepos,Augmented,,Ridge,44,LOCO,Augmented,Thickness_5pos,,,,37,37,20,OFAT,12.488,6.418183285161181
fivepos,Augmented,,Ridge,44,LOCO,Augmented,Thickness_5pos,,,,38,38,19,OFAT,15.386000000000001,12.34221621290893
fivepos,Augmented,,Ridge,44,LOCO,Augmented,Thickness_5pos,,,,39,39,18,OFAT,19.972,17.930774131159243
fivepos,Augmented,,Ridge,44,LOCO,Augmented,Thickness_5pos,,,,40,40,19,OFAT,17.589999999999996,12.34221621290893
fivepos,Augmented,,Ridge,44,LOCO,Augmented,Thickness_5pos,,,,41,41,19,OFAT,9.268,12.34221621290893
fivepos,Augmented,,Ridge,44,LOCO,Augmented,Thickness_5pos,,,,42,44,26,DOE,5.29,6.805381351441747
fivepos,Augmented,,Ridge,44,LOCO,Augmented,Thickness_5pos,,,,43,45,27,DOE,30.401999999999997,28.845334980982237
fivepos,Augmented,,Ridge,44,LOCO,Augmented,Thickness_5pos,,,,44,43,25,DOE,1.052,2.971931923938083
fivepos,Augmented,,Ridge,44,LOCO,Augmented,Thickness_5pos,,,,45,46,28,DOE,32.35600000000001,25.01722029952699
fivepos,Augmented,,Ridge,44,LOCO,Augmented,Thickness_5pos,,,,46,42,24,DOE,1.0859999999999999,1.775947371094233
fivepos,Augmented,,Ridge,44,LOCO,Augmented,Thickness_5pos,,,,47,49,31,DOE,25.630000000000003,28.820164580571713
fivepos,Augmented,,Ridge,44,LOCO,Augmented,Thickness_5pos,,,,48,54,36,DOE,4.304,7.503874464721608
fivepos,Augmented,,Ridge,44,LOCO,Augmented,Thickness_5pos,,,,49,52,34,DOE,22.592000000000002,28.101750746473485
fivepos,Augmented,,Ridge,44,LOCO,Augmented,Thickness_5pos,,,,50,47,29,DOE,1.0540000000000003,1.813439488912099
fivepos,Augmented,,Ridge,44,LOCO,Augmented,Thickness_5pos,,,,51,51,33,DOE,1.0999999999999999,2.0652623462863833
fivepos,Augmented,,Ridge,44,LOCO,Augmented,Thickness_5pos,,,,52,53,35,DOE,1.2719999999999998,2.61640461672849
fivepos,Augmented,,Ridge,44,LOCO,Augmented,Thickness_5pos,,,,53,56,38,DOE,22.052,29.08424892638778
fivepos,Augmented,,Ridge,44,LOCO,Augmented,Thickness_5pos,,,,54,50,32,DOE,25.432,28.27050612021909
fivepos,Augmented,,Ridge,44,LOCO,Augmented,Thickness_5pos,,,,55,48,30,DOE,26.165999999999997,22.450736727735993
fivepos,Augmented,,Ridge,44,LOCO,Augmented,Thickness_5pos,,,,56,55,37,DOE,11.256,14.805744856619299
fivepos,Augmented,,Ridge,45,LOCO,Augmented,Thickness_5pos,,,,0,0,0,OFAT,29.372000000000003,15.635950795755681
fivepos,Augmented,,Ridge,45,LOCO,Augmented,Thickness_5pos,,,,1,1,1,OFAT,19.088,18.600889910421262
fivepos,Augmented,,Ridge,45,LOCO,Augmented,Thickness_5pos,,,,2,2,2,OFAT,24.044,17.912246210390446
fivepos,Augmented,,Ridge,45,LOCO,Augmented,Thickness_5pos,,,,3,3,3,OFAT,20.038,18.703034999610097
fivepos,Augmented,,Ridge,45,LOCO,Augmented,Thickness_5pos,,,,4,4,4,OFAT,15.540000000000001,19.49102735871911
fivepos,Augmented,,Ridge,45,LOCO,Augmented,Thickness_5pos,,,,5,5,5,OFAT,14.366,19.837154878944492
fivepos,Augmented,,Ridge,45,LOCO,Augmented,Thickness_5pos,,,,6,6,6,OFAT,12.963999999999999,20.367327805813034
fivepos,Augmented,,Ridge,45,LOCO,Augmented,Thickness_5pos,,,,7,7,7,OFAT,13.280000000000001,19.04843845137156
fivepos,Augmented,,Ridge,45,LOCO,Augmented,Thickness_5pos,,,,8,8,8,OFAT,15.191999999999998,18.706997015928252
fivepos,Augmented,,Ridge,45,LOCO,Augmented,Thickness_5pos,,,,9,9,9,OFAT,7.712000000000001,9.64467563632086
fivepos,Augmented,,Ridge,45,LOCO,Augmented,Thickness_5pos,,,,10,10,10,OFAT,2.3760000000000003,10.508332826806537
fivepos,Augmented,,Ridge,45,LOCO,Augmented,Thickness_5pos,,,,11,11,11,OFAT,7.786,10.50929740860601
fivepos,Augmented,,Ridge,45,LOCO,Augmented,Thickness_5pos,,,,12,12,11,OFAT,9.190000000000001,10.50929740860601
fivepos,Augmented,,Ridge,45,LOCO,Augmented,Thickness_5pos,,,,13,13,12,OFAT,7.714,10.306477892876032
fivepos,Augmented,,Ridge,45,LOCO,Augmented,Thickness_5pos,,,,14,14,10,OFAT,6.81,10.508332826806537
fivepos,Augmented,,Ridge,45,LOCO,Augmented,Thickness_5pos,,,,15,15,10,OFAT,16.612000000000002,10.508332826806537
fivepos,Augmented,,Ridge,45,LOCO,Augmented,Thickness_5pos,,,,16,16,13,OFAT,14.952000000000002,11.438297937688187
fivepos,Augmented,,Ridge,45,LOCO,Augmented,Thickness_5pos,,,,17,17,10,OFAT,10.623999999999999,10.508332826806537
fivepos,Augmented,,Ridge,45,LOCO,Augmented,Thickness_5pos,,,,18,18,14,OFAT,24.566000000000003,21.274260365469758
fivepos,Augmented,,Ridge,45,LOCO,Augmented,Thickness_5pos,,,,19,19,14,OFAT,28.262,21.274260365469758
fivepos,Augmented,,Ridge,45,LOCO,Augmented,Thickness_5pos,,,,20,20,15,OFAT,7.484,6.719105838590355
fivepos,Augmented,,Ridge,45,LOCO,Augmented,Thickness_5pos,,,,21,21,16,OFAT,15.064000000000002,11.065512285163123
fivepos,Augmented,,Ridge,45,LOCO,Augmented,Thickness_5pos,,,,22,22,14,OFAT,33.33,21.274260365469758
fivepos,Augmented,,Ridge,45,LOCO,Augmented,Thickness_5pos,,,,23,23,14,OFAT,23.546,21.274260365469758
fivepos,Augmented,,Ridge,45,LOCO,Augmented,Thickness_5pos,,,,24,24,14,OFAT,25.130000000000003,21.274260365469758
fivepos,Augmented,,Ridge,45,LOCO,Augmented,Thickness_5pos,,,,25,25,14,OFAT,22.818,21.274260365469758
fivepos,Augmented,,Ridge,45,LOCO,Augmented,Thickness_5pos,,,,26,26,17,OFAT,18.386000000000003,19.052149470314124
fivepos,Augmented,,Ridge,45,LOCO,Augmented,Thickness_5pos,,,,27,27,17,OFAT,18.174,19.052149470314124
fivepos,Augmented,,Ridge,45,LOCO,Augmented,Thickness_5pos,,,,28,28,17,OFAT,24.241999999999997,19.052149470314124
fivepos,Augmented,,Ridge,45,LOCO,Augmented,Thickness_5pos,,,,29,29,17,OFAT,18.942,19.052149470314124
fivepos,Augmented,,Ridge,45,LOCO,Augmented,Thickness_5pos,,,,30,30,17,OFAT,18.624,19.052149470314124
fivepos,Augmented,,Ridge,45,LOCO,Augmented,Thickness_5pos,,,,31,31,18,OFAT,15.928,17.930774131159243
fivepos,Augmented,,Ridge,45,LOCO,Augmented,Thickness_5pos,,,,32,32,19,OFAT,10.406,12.34221621290893
fivepos,Augmented,,Ridge,45,LOCO,Augmented,Thickness_5pos,,,,33,33,20,OFAT,5.188000000000001,6.740677859493342
fivepos,Augmented,,Ridge,45,LOCO,Augmented,Thickness_5pos,,,,34,34,21,OFAT,1.198,2.3820337531099565
fivepos,Augmented,,Ridge,45,LOCO,Augmented,Thickness_5pos,,,,35,35,22,OFAT,2.078,3.2684672872482157
fivepos,Augmented,,Ridge,45,LOCO,Augmented,Thickness_5pos,,,,36,36,23,OFAT,3.6160000000000005,5.052904574556203
fivepos,Augmented,,Ridge,45,LOCO,Augmented,Thickness_5pos,,,,37,37,20,OFAT,12.488,6.740677859493342
fivepos,Augmented,,Ridge,45,LOCO,Augmented,Thickness_5pos,,,,38,38,19,OFAT,15.386000000000001,12.34221621290893
fivepos,Augmented,,Ridge,45,LOCO,Augmented,Thickness_5pos,,,,39,39,18,OFAT,19.972,17.930774131159243
fivepos,Augmented,,Ridge,45,LOCO,Augmented,Thickness_5pos,,,,40,40,19,OFAT,17.589999999999996,12.34221621290893
fivepos,Augmented,,Ridge,45,LOCO,Augmented,Thickness_5pos,,,,41,41,19,OFAT,9.268,12.34221621290893
fivepos,Augmented,,Ridge,45,LOCO,Augmented,Thickness_5pos,,,,42,44,26,DOE,5.29,7.187530550392319
fivepos,Augmented,,Ridge,45,LOCO,Augmented,Thickness_5pos,,,,43,45,27,DOE,30.401999999999997,28.031952877472108
fivepos,Augmented,,Ridge,45,LOCO,Augmented,Thickness_5pos,,,,44,43,25,DOE,1.052,3.635961482785074
fivepos,Augmented,,Ridge,45,LOCO,Augmented,Thickness_5pos,,,,45,46,28,DOE,32.35600000000001,25.01722029952699
fivepos,Augmented,,Ridge,45,LOCO,Augmented,Thickness_5pos,,,,46,42,24,DOE,1.0859999999999999,3.945051527954078
fivepos,Augmented,,Ridge,45,LOCO,Augmented,Thickness_5pos,,,,47,49,31,DOE,25.630000000000003,28.820164580571713
fivepos,Augmented,,Ridge,45,LOCO,Augmented,Thickness_5pos,,,,48,54,36,DOE,4.304,7.503874464721608
fivepos,Augmented,,Ridge,45,LOCO,Augmented,Thickness_5pos,,,,49,52,34,DOE,22.592000000000002,28.101750746473485
fivepos,Augmented,,Ridge,45,LOCO,Augmented,Thickness_5pos,,,,50,47,29,DOE,1.0540000000000003,1.813439488912099
fivepos,Augmented,,Ridge,45,LOCO,Augmented,Thickness_5pos,,,,51,51,33,DOE,1.0999999999999999,2.0652623462863833
fivepos,Augmented,,Ridge,45,LOCO,Augmented,Thickness_5pos,,,,52,53,35,DOE,1.2719999999999998,2.61640461672849
fivepos,Augmented,,Ridge,45,LOCO,Augmented,Thickness_5pos,,,,53,56,38,DOE,22.052,29.08424892638778
fivepos,Augmented,,Ridge,45,LOCO,Augmented,Thickness_5pos,,,,54,50,32,DOE,25.432,28.27050612021909
fivepos,Augmented,,Ridge,45,LOCO,Augmented,Thickness_5pos,,,,55,48,30,DOE,26.165999999999997,22.450736727735993
fivepos,Augmented,,Ridge,45,LOCO,Augmented,Thickness_5pos,,,,56,55,37,DOE,11.256,14.805744856619299
fivepos,Augmented,,Ridge,46,LOCO,Augmented,Thickness_5pos,,,,0,0,0,OFAT,29.372000000000003,15.635950795755681
fivepos,Augmented,,Ridge,46,LOCO,Augmented,Thickness_5pos,,,,1,1,1,OFAT,19.088,18.600889910421262
fivepos,Augmented,,Ridge,46,LOCO,Augmented,Thickness_5pos,,,,2,2,2,OFAT,24.044,17.912246210390446
fivepos,Augmented,,Ridge,46,LOCO,Augmented,Thickness_5pos,,,,3,3,3,OFAT,20.038,18.703034999610097
fivepos,Augmented,,Ridge,46,LOCO,Augmented,Thickness_5pos,,,,4,4,4,OFAT,15.540000000000001,19.49102735871911
fivepos,Augmented,,Ridge,46,LOCO,Augmented,Thickness_5pos,,,,5,5,5,OFAT,14.366,19.837154878944492
fivepos,Augmented,,Ridge,46,LOCO,Augmented,Thickness_5pos,,,,6,6,6,OFAT,12.963999999999999,19.78765507403493
fivepos,Augmented,,Ridge,46,LOCO,Augmented,Thickness_5pos,,,,7,7,7,OFAT,13.280000000000001,19.04843845137156
fivepos,Augmented,,Ridge,46,LOCO,Augmented,Thickness_5pos,,,,8,8,8,OFAT,15.191999999999998,18.706997015928252
fivepos,Augmented,,Ridge,46,LOCO,Augmented,Thickness_5pos,,,,9,9,9,OFAT,7.712000000000001,9.64467563632086
fivepos,Augmented,,Ridge,46,LOCO,Augmented,Thickness_5pos,,,,10,10,10,OFAT,2.3760000000000003,10.319657077825205
fivepos,Augmented,,Ridge,46,LOCO,Augmented,Thickness_5pos,,,,11,11,11,OFAT,7.786,10.3685694353977
fivepos,Augmented,,Ridge,46,LOCO,Augmented,Thickness_5pos,,,,12,12,11,OFAT,9.190000000000001,10.3685694353977
fivepos,Augmented,,Ridge,46,LOCO,Augmented,Thickness_5pos,,,,13,13,12,OFAT,7.714,10.306477892876032
fivepos,Augmented,,Ridge,46,LOCO,Augmented,Thickness_5pos,,,,14,14,10,OFAT,6.81,10.319657077825205
fivepos,Augmented,,Ridge,46,LOCO,Augmented,Thickness_5pos,,,,15,15,10,OFAT,16.612000000000002,10.319657077825205
fivepos,Augmented,,Ridge,46,LOCO,Augmented,Thickness_5pos,,,,16,16,13,OFAT,14.952000000000002,11.438297937688187
fivepos,Augmented,,Ridge,46,LOCO,Augmented,Thickness_5pos,,,,17,17,10,OFAT,10.623999999999999,10.319657077825205
fivepos,Augmented,,Ridge,46,LOCO,Augmented,Thickness_5pos,,,,18,18,14,OFAT,24.566000000000003,21.691226199364692
fivepos,Augmented,,Ridge,46,LOCO,Augmented,Thickness_5pos,,,,19,19,14,OFAT,28.262,21.691226199364692
fivepos,Augmented,,Ridge,46,LOCO,Augmented,Thickness_5pos,,,,20,20,15,OFAT,7.484,6.719105838590355
fivepos,Augmented,,Ridge,46,LOCO,Augmented,Thickness_5pos,,,,21,21,16,OFAT,15.064000000000002,11.065512285163123
fivepos,Augmented,,Ridge,46,LOCO,Augmented,Thickness_5pos,,,,22,22,14,OFAT,33.33,21.691226199364692
fivepos,Augmented,,Ridge,46,LOCO,Augmented,Thickness_5pos,,,,23,23,14,OFAT,23.546,21.691226199364692
fivepos,Augmented,,Ridge,46,LOCO,Augmented,Thickness_5pos,,,,24,24,14,OFAT,25.130000000000003,21.691226199364692
fivepos,Augmented,,Ridge,46,LOCO,Augmented,Thickness_5pos,,,,25,25,14,OFAT,22.818,21.691226199364692
fivepos,Augmented,,Ridge,46,LOCO,Augmented,Thickness_5pos,,,,26,26,17,OFAT,18.386000000000003,19.052149470314124
fivepos,Augmented,,Ridge,46,LOCO,Augmented,Thickness_5pos,,,,27,27,17,OFAT,18.174,19.052149470314124
fivepos,Augmented,,Ridge,46,LOCO,Augmented,Thickness_5pos,,,,28,28,17,OFAT,24.241999999999997,19.052149470314124
fivepos,Augmented,,Ridge,46,LOCO,Augmented,Thickness_5pos,,,,29,29,17,OFAT,18.942,19.052149470314124
fivepos,Augmented,,Ridge,46,LOCO,Augmented,Thickness_5pos,,,,30,30,17,OFAT,18.624,19.052149470314124
fivepos,Augmented,,Ridge,46,LOCO,Augmented,Thickness_5pos,,,,31,31,18,OFAT,15.928,18.084805302823423
fivepos,Augmented,,Ridge,46,LOCO,Augmented,Thickness_5pos,,,,32,32,19,OFAT,10.406,12.209171256653642
fivepos,Augmented,,Ridge,46,LOCO,Augmented,Thickness_5pos,,,,33,33,20,OFAT,5.188000000000001,6.418183285161181
fivepos,Augmented,,Ridge,46,LOCO,Augmented,Thickness_5pos,,,,34,34,21,OFAT,1.198,2.3820337531099565
fivepos,Augmented,,Ridge,46,LOCO,Augmented,Thickness_5pos,,,,35,35,22,OFAT,2.078,3.2684672872482157
fivepos,Augmented,,Ridge,46,LOCO,Augmented,Thickness_5pos,,,,36,36,23,OFAT,3.6160000000000005,5.052904574556203
fivepos,Augmented,,Ridge,46,LOCO,Augmented,Thickness_5pos,,,,37,37,20,OFAT,12.488,6.418183285161181
fivepos,Augmented,,Ridge,46,LOCO,Augmented,Thickness_5pos,,,,38,38,19,OFAT,15.386000000000001,12.209171256653642
fivepos,Augmented,,Ridge,46,LOCO,Augmented,Thickness_5pos,,,,39,39,18,OFAT,19.972,18.084805302823423
fivepos,Augmented,,Ridge,46,LOCO,Augmented,Thickness_5pos,,,,40,40,19,OFAT,17.589999999999996,12.209171256653642
fivepos,Augmented,,Ridge,46,LOCO,Augmented,Thickness_5pos,,,,41,41,19,OFAT,9.268,12.209171256653642
fivepos,Augmented,,Ridge,46,LOCO,Augmented,Thickness_5pos,,,,42,44,26,DOE,5.29,7.187530550392319
fivepos,Augmented,,Ridge,46,LOCO,Augmented,Thickness_5pos,,,,43,45,27,DOE,30.401999999999997,28.031952877472108
fivepos,Augmented,,Ridge,46,LOCO,Augmented,Thickness_5pos,,,,44,43,25,DOE,1.052,3.635961482785074
fivepos,Augmented,,Ridge,46,LOCO,Augmented,Thickness_5pos,,,,45,46,28,DOE,32.35600000000001,25.01722029952699
fivepos,Augmented,,Ridge,46,LOCO,Augmented,Thickness_5pos,,,,46,42,24,DOE,1.0859999999999999,1.775947371094233
fivepos,Augmented,,Ridge,46,LOCO,Augmented,Thickness_5pos,,,,47,49,31,DOE,25.630000000000003,29.81662153147956
fivepos,Augmented,,Ridge,46,LOCO,Augmented,Thickness_5pos,,,,48,54,36,DOE,4.304,7.273630014929217
fivepos,Augmented,,Ridge,46,LOCO,Augmented,Thickness_5pos,,,,49,52,34,DOE,22.592000000000002,28.8181621171534
fivepos,Augmented,,Ridge,46,LOCO,Augmented,Thickness_5pos,,,,50,47,29,DOE,1.0540000000000003,0.7865102488716786
fivepos,Augmented,,Ridge,46,LOCO,Augmented,Thickness_5pos,,,,51,51,33,DOE,1.0999999999999999,1.2915960577334467
fivepos,Augmented,,Ridge,46,LOCO,Augmented,Thickness_5pos,,,,52,53,35,DOE,1.2719999999999998,1.9915176895834072
fivepos,Augmented,,Ridge,46,LOCO,Augmented,Thickness_5pos,,,,53,56,38,DOE,22.052,30.21174591917498
fivepos,Augmented,,Ridge,46,LOCO,Augmented,Thickness_5pos,,,,54,50,32,DOE,25.432,29.090335693083574
fivepos,Augmented,,Ridge,46,LOCO,Augmented,Thickness_5pos,,,,55,48,30,DOE,26.165999999999997,22.725511571964418
fivepos,Augmented,,Ridge,46,LOCO,Augmented,Thickness_5pos,,,,56,55,37,DOE,11.256,14.650091452709175
fivepos,Augmented,,Ridge,47,LOCO,Augmented,Thickness_5pos,,,,0,0,0,OFAT,29.372000000000003,15.635950795755681
fivepos,Augmented,,Ridge,47,LOCO,Augmented,Thickness_5pos,,,,1,1,1,OFAT,19.088,18.600889910421262
fivepos,Augmented,,Ridge,47,LOCO,Augmented,Thickness_5pos,,,,2,2,2,OFAT,24.044,17.912246210390446
fivepos,Augmented,,Ridge,47,LOCO,Augmented,Thickness_5pos,,,,3,3,3,OFAT,20.038,18.703034999610097
fivepos,Augmented,,Ridge,47,LOCO,Augmented,Thickness_5pos,,,,4,4,4,OFAT,15.540000000000001,19.577401248047355
fivepos,Augmented,,Ridge,47,LOCO,Augmented,Thickness_5pos,,,,5,5,5,OFAT,14.366,19.937686948557406
fivepos,Augmented,,Ridge,47,LOCO,Augmented,Thickness_5pos,,,,6,6,6,OFAT,12.963999999999999,20.603776606816563
fivepos,Augmented,,Ridge,47,LOCO,Augmented,Thickness_5pos,,,,7,7,7,OFAT,13.280000000000001,19.120455493610944
fivepos,Augmented,,Ridge,47,LOCO,Augmented,Thickness_5pos,,,,8,8,8,OFAT,15.191999999999998,18.77514444268899
fivepos,Augmented,,Ridge,47,LOCO,Augmented,Thickness_5pos,,,,9,9,9,OFAT,7.712000000000001,9.64467563632086
fivepos,Augmented,,Ridge,47,LOCO,Augmented,Thickness_5pos,,,,10,10,10,OFAT,2.3760000000000003,10.508332826806537
fivepos,Augmented,,Ridge,47,LOCO,Augmented,Thickness_5pos,,,,11,11,11,OFAT,7.786,10.50929740860601
fivepos,Augmented,,Ridge,47,LOCO,Augmented,Thickness_5pos,,,,12,12,11,OFAT,9.190000000000001,10.50929740860601
fivepos,Augmented,,Ridge,47,LOCO,Augmented,Thickness_5pos,,,,13,13,12,OFAT,7.714,10.152087931660535
fivepos,Augmented,,Ridge,47,LOCO,Augmented,Thickness_5pos,,,,14,14,10,OFAT,6.81,10.508332826806537
fivepos,Augmented,,Ridge,47,LOCO,Augmented,Thickness_5pos,,,,15,15,10,OFAT,16.612000000000002,10.508332826806537
fivepos,Augmented,,Ridge,47,LOCO,Augmented,Thickness_5pos,,,,16,16,13,OFAT,14.952000000000002,11.322036705420718
fivepos,Augmented,,Ridge,47,LOCO,Augmented,Thickness_5pos,,,,17,17,10,OFAT,10.623999999999999,10.508332826806537
fivepos,Augmented,,Ridge,47,LOCO,Augmented,Thickness_5pos,,,,18,18,14,OFAT,24.566000000000003,21.691226199364692
fivepos,Augmented,,Ridge,47,LOCO,Augmented,Thickness_5pos,,,,19,19,14,OFAT,28.262,21.691226199364692
fivepos,Augmented,,Ridge,47,LOCO,Augmented,Thickness_5pos,,,,20,20,15,OFAT,7.484,6.407430518884546
fivepos,Augmented,,Ridge,47,LOCO,Augmented,Thickness_5pos,,,,21,21,16,OFAT,15.064000000000002,10.93446393333954
fivepos,Augmented,,Ridge,47,LOCO,Augmented,Thickness_5pos,,,,22,22,14,OFAT,33.33,21.691226199364692
fivepos,Augmented,,Ridge,47,LOCO,Augmented,Thickness_5pos,,,,23,23,14,OFAT,23.546,21.691226199364692
fivepos,Augmented,,Ridge,47,LOCO,Augmented,Thickness_5pos,,,,24,24,14,OFAT,25.130000000000003,21.691226199364692
fivepos,Augmented,,Ridge,47,LOCO,Augmented,Thickness_5pos,,,,25,25,14,OFAT,22.818,21.691226199364692
fivepos,Augmented,,Ridge,47,LOCO,Augmented,Thickness_5pos,,,,26,26,17,OFAT,18.386000000000003,19.052149470314124
fivepos,Augmented,,Ridge,47,LOCO,Augmented,Thickness_5pos,,,,27,27,17,OFAT,18.174,19.052149470314124
fivepos,Augmented,,Ridge,47,LOCO,Augmented,Thickness_5pos,,,,28,28,17,OFAT,24.241999999999997,19.052149470314124
fivepos,Augmented,,Ridge,47,LOCO,Augmented,Thickness_5pos,,,,29,29,17,OFAT,18.942,19.052149470314124
fivepos,Augmented,,Ridge,47,LOCO,Augmented,Thickness_5pos,,,,30,30,17,OFAT,18.624,19.052149470314124
fivepos,Augmented,,Ridge,47,LOCO,Augmented,Thickness_5pos,,,,31,31,18,OFAT,15.928,18.084805302823423
fivepos,Augmented,,Ridge,47,LOCO,Augmented,Thickness_5pos,,,,32,32,19,OFAT,10.406,12.34221621290893
fivepos,Augmented,,Ridge,47,LOCO,Augmented,Thickness_5pos,,,,33,33,20,OFAT,5.188000000000001,6.418183285161181
fivepos,Augmented,,Ridge,47,LOCO,Augmented,Thickness_5pos,,,,34,34,21,OFAT,1.198,1.8913308532806123
fivepos,Augmented,,Ridge,47,LOCO,Augmented,Thickness_5pos,,,,35,35,22,OFAT,2.078,2.813999716978673
fivepos,Augmented,,Ridge,47,LOCO,Augmented,Thickness_5pos,,,,36,36,23,OFAT,3.6160000000000005,4.6711291744780326
fivepos,Augmented,,Ridge,47,LOCO,Augmented,Thickness_5pos,,,,37,37,20,OFAT,12.488,6.418183285161181
fivepos,Augmented,,Ridge,47,LOCO,Augmented,Thickness_5pos,,,,38,38,19,OFAT,15.386000000000001,12.34221621290893
fivepos,Augmented,,Ridge,47,LOCO,Augmented,Thickness_5pos,,,,39,39,18,OFAT,19.972,18.084805302823423
fivepos,Augmented,,Ridge,47,LOCO,Augmented,Thickness_5pos,,,,40,40,19,OFAT,17.589999999999996,12.34221621290893
fivepos,Augmented,,Ridge,47,LOCO,Augmented,Thickness_5pos,,,,41,41,19,OFAT,9.268,12.34221621290893
fivepos,Augmented,,Ridge,47,LOCO,Augmented,Thickness_5pos,,,,42,44,26,DOE,5.29,7.187530550392319
fivepos,Augmented,,Ridge,47,LOCO,Augmented,Thickness_5pos,,,,43,45,27,DOE,30.401999999999997,28.031952877472108
fivepos,Augmented,,Ridge,47,LOCO,Augmented,Thickness_5pos,,,,44,43,25,DOE,1.052,3.635961482785074
fivepos,Augmented,,Ridge,47,LOCO,Augmented,Thickness_5pos,,,,45,46,28,DOE,32.35600000000001,25.01722029952699
fivepos,Augmented,,Ridge,47,LOCO,Augmented,Thickness_5pos,,,,46,42,24,DOE,1.0859999999999999,1.775947371094233
fivepos,Augmented,,Ridge,47,LOCO,Augmented,Thickness_5pos,,,,47,49,31,DOE,25.630000000000003,29.936005919796287
fivepos,Augmented,,Ridge,47,LOCO,Augmented,Thickness_5pos,,,,48,54,36,DOE,4.304,7.249036047862378
fivepos,Augmented,,Ridge,47,LOCO,Augmented,Thickness_5pos,,,,49,52,34,DOE,22.592000000000002,28.87627102642345
fivepos,Augmented,,Ridge,47,LOCO,Augmented,Thickness_5pos,,,,50,47,29,DOE,1.0540000000000003,1.1262794743729927
fivepos,Augmented,,Ridge,47,LOCO,Augmented,Thickness_5pos,,,,51,51,33,DOE,1.0999999999999999,1.5287460320245287
fivepos,Augmented,,Ridge,47,LOCO,Augmented,Thickness_5pos,,,,52,53,35,DOE,1.2719999999999998,2.1943530182650797
fivepos,Augmented,,Ridge,47,LOCO,Augmented,Thickness_5pos,,,,53,56,38,DOE,22.052,30.173360878412772
fivepos,Augmented,,Ridge,47,LOCO,Augmented,Thickness_5pos,,,,54,50,32,DOE,25.432,28.82103184380667
fivepos,Augmented,,Ridge,47,LOCO,Augmented,Thickness_5pos,,,,55,48,30,DOE,26.165999999999997,22.450736727735993
fivepos,Augmented,,Ridge,47,LOCO,Augmented,Thickness_5pos,,,,56,55,37,DOE,11.256,14.805744856619299
fivepos,Augmented,,Ridge,48,LOCO,Augmented,Thickness_5pos,,,,0,0,0,OFAT,29.372000000000003,15.635950795755681
fivepos,Augmented,,Ridge,48,LOCO,Augmented,Thickness_5pos,,,,1,1,1,OFAT,19.088,18.735202207997453
fivepos,Augmented,,Ridge,48,LOCO,Augmented,Thickness_5pos,,,,2,2,2,OFAT,24.044,18.017180481174037
fivepos,Augmented,,Ridge,48,LOCO,Augmented,Thickness_5pos,,,,3,3,3,OFAT,20.038,18.7919176999288
fivepos,Augmented,,Ridge,48,LOCO,Augmented,Thickness_5pos,,,,4,4,4,OFAT,15.540000000000001,19.577401248047355
fivepos,Augmented,,Ridge,48,LOCO,Augmented,Thickness_5pos,,,,5,5,5,OFAT,14.366,19.937686948557406
fivepos,Augmented,,Ridge,48,LOCO,Augmented,Thickness_5pos,,,,6,6,6,OFAT,12.963999999999999,20.72575436573247
fivepos,Augmented,,Ridge,48,LOCO,Augmented,Thickness_5pos,,,,7,7,7,OFAT,13.280000000000001,19.15114980457225
fivepos,Augmented,,Ridge,48,LOCO,Augmented,Thickness_5pos,,,,8,8,8,OFAT,15.191999999999998,18.804669313475525
fivepos,Augmented,,Ridge,48,LOCO,Augmented,Thickness_5pos,,,,9,9,9,OFAT,7.712000000000001,9.163537822005928
fivepos,Augmented,,Ridge,48,LOCO,Augmented,Thickness_5pos,,,,10,10,10,OFAT,2.3760000000000003,10.25649714715053
fivepos,Augmented,,Ridge,48,LOCO,Augmented,Thickness_5pos,,,,11,11,11,OFAT,7.786,10.50929740860601
fivepos,Augmented,,Ridge,48,LOCO,Augmented,Thickness_5pos,,,,12,12,11,OFAT,9.190000000000001,10.50929740860601
fivepos,Augmented,,Ridge,48,LOCO,Augmented,Thickness_5pos,,,,13,13,12,OFAT,7.714,10.077350673822746
fivepos,Augmented,,Ridge,48,LOCO,Augmented,Thickness_5pos,,,,14,14,10,OFAT,6.81,10.25649714715053
fivepos,Augmented,,Ridge,48,LOCO,Augmented,Thickness_5pos,,,,15,15,10,OFAT,16.612000000000002,10.25649714715053
fivepos,Augmented,,Ridge,48,LOCO,Augmented,Thickness_5pos,,,,16,16,13,OFAT,14.952000000000002,11.265107044749689
fivepos,Augmented,,Ridge,48,LOCO,Augmented,Thickness_5pos,,,,17,17,10,OFAT,10.623999999999999,10.25649714715053
fivepos,Augmented,,Ridge,48,LOCO,Augmented,Thickness_5pos,,,,18,18,14,OFAT,24.566000000000003,21.898800620371475
fivepos,Augmented,,Ridge,48,LOCO,Augmented,Thickness_5pos,,,,19,19,14,OFAT,28.262,21.898800620371475
fivepos,Augmented,,Ridge,48,LOCO,Augmented,Thickness_5pos,,,,20,20,15,OFAT,7.484,6.255944290970643
fivepos,Augmented,,Ridge,48,LOCO,Augmented,Thickness_5pos,,,,21,21,16,OFAT,15.064000000000002,10.872278345997215
fivepos,Augmented,,Ridge,48,LOCO,Augmented,Thickness_5pos,,,,22,22,14,OFAT,33.33,21.898800620371475
fivepos,Augmented,,Ridge,48,LOCO,Augmented,Thickness_5pos,,,,23,23,14,OFAT,23.546,21.898800620371475
fivepos,Augmented,,Ridge,48,LOCO,Augmented,Thickness_5pos,,,,24,24,14,OFAT,25.130000000000003,21.898800620371475
fivepos,Augmented,,Ridge,48,LOCO,Augmented,Thickness_5pos,,,,25,25,14,OFAT,22.818,21.898800620371475
fivepos,Augmented,,Ridge,48,LOCO,Augmented,Thickness_5pos,,,,26,26,17,OFAT,18.386000000000003,19.29414882345533
fivepos,Augmented,,Ridge,48,LOCO,Augmented,Thickness_5pos,,,,27,27,17,OFAT,18.174,19.29414882345533
fivepos,Augmented,,Ridge,48,LOCO,Augmented,Thickness_5pos,,,,28,28,17,OFAT,24.241999999999997,19.29414882345533
fivepos,Augmented,,Ridge,48,LOCO,Augmented,Thickness_5pos,,,,29,29,17,OFAT,18.942,19.29414882345533
fivepos,Augmented,,Ridge,48,LOCO,Augmented,Thickness_5pos,,,,30,30,17,OFAT,18.624,19.29414882345533
fivepos,Augmented,,Ridge,48,LOCO,Augmented,Thickness_5pos,,,,31,31,18,OFAT,15.928,18.084805302823423
fivepos,Augmented,,Ridge,48,LOCO,Augmented,Thickness_5pos,,,,32,32,19,OFAT,10.406,12.219096345897448
fivepos,Augmented,,Ridge,48,LOCO,Augmented,Thickness_5pos,,,,33,33,20,OFAT,5.188000000000001,6.418183285161181
fivepos,Augmented,,Ridge,48,LOCO,Augmented,Thickness_5pos,,,,34,34,21,OFAT,1.198,1.8913308532806123
fivepos,Augmented,,Ridge,48,LOCO,Augmented,Thickness_5pos,,,,35,35,22,OFAT,2.078,2.813999716978673
fivepos,Augmented,,Ridge,48,LOCO,Augmented,Thickness_5pos,,,,36,36,23,OFAT,3.6160000000000005,4.6711291744780326
fivepos,Augmented,,Ridge,48,LOCO,Augmented,Thickness_5pos,,,,37,37,20,OFAT,12.488,6.418183285161181
fivepos,Augmented,,Ridge,48,LOCO,Augmented,Thickness_5pos,,,,38,38,19,OFAT,15.386000000000001,12.219096345897448
fivepos,Augmented,,Ridge,48,LOCO,Augmented,Thickness_5pos,,,,39,39,18,OFAT,19.972,18.084805302823423
fivepos,Augmented,,Ridge,48,LOCO,Augmented,Thickness_5pos,,,,40,40,19,OFAT,17.589999999999996,12.219096345897448
fivepos,Augmented,,Ridge,48,LOCO,Augmented,Thickness_5pos,,,,41,41,19,OFAT,9.268,12.219096345897448
fivepos,Augmented,,Ridge,48,LOCO,Augmented,Thickness_5pos,,,,42,44,26,DOE,5.29,6.673851779639236
fivepos,Augmented,,Ridge,48,LOCO,Augmented,Thickness_5pos,,,,43,45,27,DOE,30.401999999999997,29.127302209366622
fivepos,Augmented,,Ridge,48,LOCO,Augmented,Thickness_5pos,,,,44,43,25,DOE,1.052,3.1371558391580407
fivepos,Augmented,,Ridge,48,LOCO,Augmented,Thickness_5pos,,,,45,46,28,DOE,32.35600000000001,25.01722029952699
fivepos,Augmented,,Ridge,48,LOCO,Augmented,Thickness_5pos,,,,46,42,24,DOE,1.0859999999999999,1.775947371094233
fivepos,Augmented,,Ridge,48,LOCO,Augmented,Thickness_5pos,,,,47,49,31,DOE,25.630000000000003,29.564177843027274
fivepos,Augmented,,Ridge,48,LOCO,Augmented,Thickness_5pos,,,,48,54,36,DOE,4.304,7.249036047862378
fivepos,Augmented,,Ridge,48,LOCO,Augmented,Thickness_5pos,,,,49,52,34,DOE,22.592000000000002,28.638016057935005
fivepos,Augmented,,Ridge,48,LOCO,Augmented,Thickness_5pos,,,,50,47,29,DOE,1.0540000000000003,1.813439488912099
fivepos,Augmented,,Ridge,48,LOCO,Augmented,Thickness_5pos,,,,51,51,33,DOE,1.0999999999999999,2.0652623462863833
fivepos,Augmented,,Ridge,48,LOCO,Augmented,Thickness_5pos,,,,52,53,35,DOE,1.2719999999999998,2.61640461672849
fivepos,Augmented,,Ridge,48,LOCO,Augmented,Thickness_5pos,,,,53,56,38,DOE,22.052,29.08424892638778
fivepos,Augmented,,Ridge,48,LOCO,Augmented,Thickness_5pos,,,,54,50,32,DOE,25.432,28.82103184380667
fivepos,Augmented,,Ridge,48,LOCO,Augmented,Thickness_5pos,,,,55,48,30,DOE,26.165999999999997,22.639300785969105
fivepos,Augmented,,Ridge,48,LOCO,Augmented,Thickness_5pos,,,,56,55,37,DOE,11.256,14.704325487798936
fivepos,Augmented,,Ridge,49,LOCO,Augmented,Thickness_5pos,,,,0,0,0,OFAT,29.372000000000003,15.58924194685166
fivepos,Augmented,,Ridge,49,LOCO,Augmented,Thickness_5pos,,,,1,1,1,OFAT,19.088,18.735202207997453
fivepos,Augmented,,Ridge,49,LOCO,Augmented,Thickness_5pos,,,,2,2,2,OFAT,24.044,17.990623682429764
fivepos,Augmented,,Ridge,49,LOCO,Augmented,Thickness_5pos,,,,3,3,3,OFAT,20.038,18.703034999610097
fivepos,Augmented,,Ridge,49,LOCO,Augmented,Thickness_5pos,,,,4,4,4,OFAT,15.540000000000001,19.577401248047355
fivepos,Augmented,,Ridge,49,LOCO,Augmented,Thickness_5pos,,,,5,5,5,OFAT,14.366,19.937686948557406
fivepos,Augmented,,Ridge,49,LOCO,Augmented,Thickness_5pos,,,,6,6,6,OFAT,12.963999999999999,20.603776606816563
fivepos,Augmented,,Ridge,49,LOCO,Augmented,Thickness_5pos,,,,7,7,7,OFAT,13.280000000000001,19.04843845137156
fivepos,Augmented,,Ridge,49,LOCO,Augmented,Thickness_5pos,,,,8,8,8,OFAT,15.191999999999998,18.706997015928252
fivepos,Augmented,,Ridge,49,LOCO,Augmented,Thickness_5pos,,,,9,9,9,OFAT,7.712000000000001,9.64467563632086
fivepos,Augmented,,Ridge,49,LOCO,Augmented,Thickness_5pos,,,,10,10,10,OFAT,2.3760000000000003,10.508332826806537
fivepos,Augmented,,Ridge,49,LOCO,Augmented,Thickness_5pos,,,,11,11,11,OFAT,7.786,10.50929740860601
fivepos,Augmented,,Ridge,49,LOCO,Augmented,Thickness_5pos,,,,12,12,11,OFAT,9.190000000000001,10.50929740860601
fivepos,Augmented,,Ridge,49,LOCO,Augmented,Thickness_5pos,,,,13,13,12,OFAT,7.714,10.306477892876032
fivepos,Augmented,,Ridge,49,LOCO,Augmented,Thickness_5pos,,,,14,14,10,OFAT,6.81,10.508332826806537
fivepos,Augmented,,Ridge,49,LOCO,Augmented,Thickness_5pos,,,,15,15,10,OFAT,16.612000000000002,10.508332826806537
fivepos,Augmented,,Ridge,49,LOCO,Augmented,Thickness_5pos,,,,16,16,13,OFAT,14.952000000000002,11.438297937688187
fivepos,Augmented,,Ridge,49,LOCO,Augmented,Thickness_5pos,,,,17,17,10,OFAT,10.623999999999999,10.508332826806537
fivepos,Augmented,,Ridge,49,LOCO,Augmented,Thickness_5pos,,,,18,18,14,OFAT,24.566000000000003,21.691226199364692
fivepos,Augmented,,Ridge,49,LOCO,Augmented,Thickness_5pos,,,,19,19,14,OFAT,28.262,21.691226199364692
fivepos,Augmented,,Ridge,49,LOCO,Augmented,Thickness_5pos,,,,20,20,15,OFAT,7.484,6.719105838590355
fivepos,Augmented,,Ridge,49,LOCO,Augmented,Thickness_5pos,,,,21,21,16,OFAT,15.064000000000002,11.065512285163123
fivepos,Augmented,,Ridge,49,LOCO,Augmented,Thickness_5pos,,,,22,22,14,OFAT,33.33,21.691226199364692
fivepos,Augmented,,Ridge,49,LOCO,Augmented,Thickness_5pos,,,,23,23,14,OFAT,23.546,21.691226199364692
fivepos,Augmented,,Ridge,49,LOCO,Augmented,Thickness_5pos,,,,24,24,14,OFAT,25.130000000000003,21.691226199364692
fivepos,Augmented,,Ridge,49,LOCO,Augmented,Thickness_5pos,,,,25,25,14,OFAT,22.818,21.691226199364692
fivepos,Augmented,,Ridge,49,LOCO,Augmented,Thickness_5pos,,,,26,26,17,OFAT,18.386000000000003,19.052149470314124
fivepos,Augmented,,Ridge,49,LOCO,Augmented,Thickness_5pos,,,,27,27,17,OFAT,18.174,19.052149470314124
fivepos,Augmented,,Ridge,49,LOCO,Augmented,Thickness_5pos,,,,28,28,17,OFAT,24.241999999999997,19.052149470314124
fivepos,Augmented,,Ridge,49,LOCO,Augmented,Thickness_5pos,,,,29,29,17,OFAT,18.942,19.052149470314124
fivepos,Augmented,,Ridge,49,LOCO,Augmented,Thickness_5pos,,,,30,30,17,OFAT,18.624,19.052149470314124
fivepos,Augmented,,Ridge,49,LOCO,Augmented,Thickness_5pos,,,,31,31,18,OFAT,15.928,18.084805302823423
fivepos,Augmented,,Ridge,49,LOCO,Augmented,Thickness_5pos,,,,32,32,19,OFAT,10.406,12.34221621290893
fivepos,Augmented,,Ridge,49,LOCO,Augmented,Thickness_5pos,,,,33,33,20,OFAT,5.188000000000001,6.418183285161181
fivepos,Augmented,,Ridge,49,LOCO,Augmented,Thickness_5pos,,,,34,34,21,OFAT,1.198,2.3820337531099565
fivepos,Augmented,,Ridge,49,LOCO,Augmented,Thickness_5pos,,,,35,35,22,OFAT,2.078,3.2684672872482157
fivepos,Augmented,,Ridge,49,LOCO,Augmented,Thickness_5pos,,,,36,36,23,OFAT,3.6160000000000005,5.052904574556203
fivepos,Augmented,,Ridge,49,LOCO,Augmented,Thickness_5pos,,,,37,37,20,OFAT,12.488,6.418183285161181
fivepos,Augmented,,Ridge,49,LOCO,Augmented,Thickness_5pos,,,,38,38,19,OFAT,15.386000000000001,12.34221621290893
fivepos,Augmented,,Ridge,49,LOCO,Augmented,Thickness_5pos,,,,39,39,18,OFAT,19.972,18.084805302823423
fivepos,Augmented,,Ridge,49,LOCO,Augmented,Thickness_5pos,,,,40,40,19,OFAT,17.589999999999996,12.34221621290893
fivepos,Augmented,,Ridge,49,LOCO,Augmented,Thickness_5pos,,,,41,41,19,OFAT,9.268,12.34221621290893
fivepos,Augmented,,Ridge,49,LOCO,Augmented,Thickness_5pos,,,,42,44,26,DOE,5.29,7.187530550392319
fivepos,Augmented,,Ridge,49,LOCO,Augmented,Thickness_5pos,,,,43,45,27,DOE,30.401999999999997,28.031952877472108
fivepos,Augmented,,Ridge,49,LOCO,Augmented,Thickness_5pos,,,,44,43,25,DOE,1.052,3.1371558391580407
fivepos,Augmented,,Ridge,49,LOCO,Augmented,Thickness_5pos,,,,45,46,28,DOE,32.35600000000001,25.01722029952699
fivepos,Augmented,,Ridge,49,LOCO,Augmented,Thickness_5pos,,,,46,42,24,DOE,1.0859999999999999,1.775947371094233
fivepos,Augmented,,Ridge,49,LOCO,Augmented,Thickness_5pos,,,,47,49,31,DOE,25.630000000000003,29.564177843027274
fivepos,Augmented,,Ridge,49,LOCO,Augmented,Thickness_5pos,,,,48,54,36,DOE,4.304,7.503874464721608
fivepos,Augmented,,Ridge,49,LOCO,Augmented,Thickness_5pos,,,,49,52,34,DOE,22.592000000000002,28.638016057935005
fivepos,Augmented,,Ridge,49,LOCO,Augmented,Thickness_5pos,,,,50,47,29,DOE,1.0540000000000003,1.813439488912099
fivepos,Augmented,,Ridge,49,LOCO,Augmented,Thickness_5pos,,,,51,51,33,DOE,1.0999999999999999,2.0652623462863833
fivepos,Augmented,,Ridge,49,LOCO,Augmented,Thickness_5pos,,,,52,53,35,DOE,1.2719999999999998,2.61640461672849
fivepos,Augmented,,Ridge,49,LOCO,Augmented,Thickness_5pos,,,,53,56,38,DOE,22.052,29.83415974060777
fivepos,Augmented,,Ridge,49,LOCO,Augmented,Thickness_5pos,,,,54,50,32,DOE,25.432,28.27050612021909
fivepos,Augmented,,Ridge,49,LOCO,Augmented,Thickness_5pos,,,,55,48,30,DOE,26.165999999999997,22.450736727735993
fivepos,Augmented,,Ridge,49,LOCO,Augmented,Thickness_5pos,,,,56,55,37,DOE,11.256,14.704325487798936
fivepos,Augmented,,Ridge,50,LOCO,Augmented,Thickness_5pos,,,,0,0,0,OFAT,29.372000000000003,15.564872258872926
fivepos,Augmented,,Ridge,50,LOCO,Augmented,Thickness_5pos,,,,1,1,1,OFAT,19.088,18.600889910421262
fivepos,Augmented,,Ridge,50,LOCO,Augmented,Thickness_5pos,,,,2,2,2,OFAT,24.044,17.912246210390446
fivepos,Augmented,,Ridge,50,LOCO,Augmented,Thickness_5pos,,,,3,3,3,OFAT,20.038,18.765802097095534
fivepos,Augmented,,Ridge,50,LOCO,Augmented,Thickness_5pos,,,,4,4,4,OFAT,15.540000000000001,19.49102735871911
fivepos,Augmented,,Ridge,50,LOCO,Augmented,Thickness_5pos,,,,5,5,5,OFAT,14.366,19.837154878944492
fivepos,Augmented,,Ridge,50,LOCO,Augmented,Thickness_5pos,,,,6,6,6,OFAT,12.963999999999999,20.367327805813034
fivepos,Augmented,,Ridge,50,LOCO,Augmented,Thickness_5pos,,,,7,7,7,OFAT,13.280000000000001,19.04843845137156
fivepos,Augmented,,Ridge,50,LOCO,Augmented,Thickness_5pos,,,,8,8,8,OFAT,15.191999999999998,18.706997015928252
fivepos,Augmented,,Ridge,50,LOCO,Augmented,Thickness_5pos,,,,9,9,9,OFAT,7.712000000000001,9.324876449265584
fivepos,Augmented,,Ridge,50,LOCO,Augmented,Thickness_5pos,,,,10,10,10,OFAT,2.3760000000000003,10.508332826806537
fivepos,Augmented,,Ridge,50,LOCO,Augmented,Thickness_5pos,,,,11,11,11,OFAT,7.786,10.50929740860601
fivepos,Augmented,,Ridge,50,LOCO,Augmented,Thickness_5pos,,,,12,12,11,OFAT,9.190000000000001,10.50929740860601
fivepos,Augmented,,Ridge,50,LOCO,Augmented,Thickness_5pos,,,,13,13,12,OFAT,7.714,10.306477892876032
fivepos,Augmented,,Ridge,50,LOCO,Augmented,Thickness_5pos,,,,14,14,10,OFAT,6.81,10.508332826806537
fivepos,Augmented,,Ridge,50,LOCO,Augmented,Thickness_5pos,,,,15,15,10,OFAT,16.612000000000002,10.508332826806537
fivepos,Augmented,,Ridge,50,LOCO,Augmented,Thickness_5pos,,,,16,16,13,OFAT,14.952000000000002,11.322036705420718
fivepos,Augmented,,Ridge,50,LOCO,Augmented,Thickness_5pos,,,,17,17,10,OFAT,10.623999999999999,10.508332826806537
fivepos,Augmented,,Ridge,50,LOCO,Augmented,Thickness_5pos,,,,18,18,14,OFAT,24.566000000000003,21.274260365469758
fivepos,Augmented,,Ridge,50,LOCO,Augmented,Thickness_5pos,,,,19,19,14,OFAT,28.262,21.274260365469758
fivepos,Augmented,,Ridge,50,LOCO,Augmented,Thickness_5pos,,,,20,20,15,OFAT,7.484,6.407430518884546
fivepos,Augmented,,Ridge,50,LOCO,Augmented,Thickness_5pos,,,,21,21,16,OFAT,15.064000000000002,10.93446393333954
fivepos,Augmented,,Ridge,50,LOCO,Augmented,Thickness_5pos,,,,22,22,14,OFAT,33.33,21.274260365469758
fivepos,Augmented,,Ridge,50,LOCO,Augmented,Thickness_5pos,,,,23,23,14,OFAT,23.546,21.274260365469758
fivepos,Augmented,,Ridge,50,LOCO,Augmented,Thickness_5pos,,,,24,24,14,OFAT,25.130000000000003,21.274260365469758
fivepos,Augmented,,Ridge,50,LOCO,Augmented,Thickness_5pos,,,,25,25,14,OFAT,22.818,21.274260365469758
fivepos,Augmented,,Ridge,50,LOCO,Augmented,Thickness_5pos,,,,26,26,17,OFAT,18.386000000000003,19.052149470314124
fivepos,Augmented,,Ridge,50,LOCO,Augmented,Thickness_5pos,,,,27,27,17,OFAT,18.174,19.052149470314124
fivepos,Augmented,,Ridge,50,LOCO,Augmented,Thickness_5pos,,,,28,28,17,OFAT,24.241999999999997,19.052149470314124
fivepos,Augmented,,Ridge,50,LOCO,Augmented,Thickness_5pos,,,,29,29,17,OFAT,18.942,19.052149470314124
fivepos,Augmented,,Ridge,50,LOCO,Augmented,Thickness_5pos,,,,30,30,17,OFAT,18.624,19.052149470314124
fivepos,Augmented,,Ridge,50,LOCO,Augmented,Thickness_5pos,,,,31,31,18,OFAT,15.928,17.930774131159243
fivepos,Augmented,,Ridge,50,LOCO,Augmented,Thickness_5pos,,,,32,32,19,OFAT,10.406,12.34221621290893
fivepos,Augmented,,Ridge,50,LOCO,Augmented,Thickness_5pos,,,,33,33,20,OFAT,5.188000000000001,6.740677859493342
fivepos,Augmented,,Ridge,50,LOCO,Augmented,Thickness_5pos,,,,34,34,21,OFAT,1.198,2.3820337531099565
fivepos,Augmented,,Ridge,50,LOCO,Augmented,Thickness_5pos,,,,35,35,22,OFAT,2.078,3.2684672872482157
fivepos,Augmented,,Ridge,50,LOCO,Augmented,Thickness_5pos,,,,36,36,23,OFAT,3.6160000000000005,5.052904574556203
fivepos,Augmented,,Ridge,50,LOCO,Augmented,Thickness_5pos,,,,37,37,20,OFAT,12.488,6.740677859493342
fivepos,Augmented,,Ridge,50,LOCO,Augmented,Thickness_5pos,,,,38,38,19,OFAT,15.386000000000001,12.34221621290893
fivepos,Augmented,,Ridge,50,LOCO,Augmented,Thickness_5pos,,,,39,39,18,OFAT,19.972,17.930774131159243
fivepos,Augmented,,Ridge,50,LOCO,Augmented,Thickness_5pos,,,,40,40,19,OFAT,17.589999999999996,12.34221621290893
fivepos,Augmented,,Ridge,50,LOCO,Augmented,Thickness_5pos,,,,41,41,19,OFAT,9.268,12.34221621290893
fivepos,Augmented,,Ridge,50,LOCO,Augmented,Thickness_5pos,,,,42,44,26,DOE,5.29,7.187530550392319
fivepos,Augmented,,Ridge,50,LOCO,Augmented,Thickness_5pos,,,,43,45,27,DOE,30.401999999999997,28.031952877472108
fivepos,Augmented,,Ridge,50,LOCO,Augmented,Thickness_5pos,,,,44,43,25,DOE,1.052,3.635961482785074
fivepos,Augmented,,Ridge,50,LOCO,Augmented,Thickness_5pos,,,,45,46,28,DOE,32.35600000000001,25.26125796996419
fivepos,Augmented,,Ridge,50,LOCO,Augmented,Thickness_5pos,,,,46,42,24,DOE,1.0859999999999999,1.775947371094233
fivepos,Augmented,,Ridge,50,LOCO,Augmented,Thickness_5pos,,,,47,49,31,DOE,25.630000000000003,29.564177843027274
fivepos,Augmented,,Ridge,50,LOCO,Augmented,Thickness_5pos,,,,48,54,36,DOE,4.304,7.503874464721608
fivepos,Augmented,,Ridge,50,LOCO,Augmented,Thickness_5pos,,,,49,52,34,DOE,22.592000000000002,28.101750746473485
fivepos,Augmented,,Ridge,50,LOCO,Augmented,Thickness_5pos,,,,50,47,29,DOE,1.0540000000000003,1.813439488912099
fivepos,Augmented,,Ridge,50,LOCO,Augmented,Thickness_5pos,,,,51,51,33,DOE,1.0999999999999999,2.0652623462863833
fivepos,Augmented,,Ridge,50,LOCO,Augmented,Thickness_5pos,,,,52,53,35,DOE,1.2719999999999998,2.61640461672849
fivepos,Augmented,,Ridge,50,LOCO,Augmented,Thickness_5pos,,,,53,56,38,DOE,22.052,29.83415974060777
fivepos,Augmented,,Ridge,50,LOCO,Augmented,Thickness_5pos,,,,54,50,32,DOE,25.432,28.82103184380667
fivepos,Augmented,,Ridge,50,LOCO,Augmented,Thickness_5pos,,,,55,48,30,DOE,26.165999999999997,22.639300785969105
fivepos,Augmented,,Ridge,50,LOCO,Augmented,Thickness_5pos,,,,56,55,37,DOE,11.256,14.704325487798936
fivepos,Augmented,,Ridge,51,LOCO,Augmented,Thickness_5pos,,,,0,0,0,OFAT,29.372000000000003,15.564641426523623
fivepos,Augmented,,Ridge,51,LOCO,Augmented,Thickness_5pos,,,,1,1,1,OFAT,19.088,18.797671088658785
fivepos,Augmented,,Ridge,51,LOCO,Augmented,Thickness_5pos,,,,2,2,2,OFAT,24.044,18.029749612889262
fivepos,Augmented,,Ridge,51,LOCO,Augmented,Thickness_5pos,,,,3,3,3,OFAT,20.038,18.794787381758383
fivepos,Augmented,,Ridge,51,LOCO,Augmented,Thickness_5pos,,,,4,4,4,OFAT,15.540000000000001,19.617581270384598
fivepos,Augmented,,Ridge,51,LOCO,Augmented,Thickness_5pos,,,,5,5,5,OFAT,14.366,19.98466918367533
fivepos,Augmented,,Ridge,51,LOCO,Augmented,Thickness_5pos,,,,6,6,6,OFAT,12.963999999999999,20.72575436573247
fivepos,Augmented,,Ridge,51,LOCO,Augmented,Thickness_5pos,,,,7,7,7,OFAT,13.280000000000001,19.141683094575445
fivepos,Augmented,,Ridge,51,LOCO,Augmented,Thickness_5pos,,,,8,8,8,OFAT,15.191999999999998,18.795521310125345
fivepos,Augmented,,Ridge,51,LOCO,Augmented,Thickness_5pos,,,,9,9,9,OFAT,7.712000000000001,9.324876449265584
fivepos,Augmented,,Ridge,51,LOCO,Augmented,Thickness_5pos,,,,10,10,10,OFAT,2.3760000000000003,10.508332826806537
fivepos,Augmented,,Ridge,51,LOCO,Augmented,Thickness_5pos,,,,11,11,11,OFAT,7.786,10.50929740860601
fivepos,Augmented,,Ridge,51,LOCO,Augmented,Thickness_5pos,,,,12,12,11,OFAT,9.190000000000001,10.50929740860601
fivepos,Augmented,,Ridge,51,LOCO,Augmented,Thickness_5pos,,,,13,13,12,OFAT,7.714,10.152087931660535
fivepos,Augmented,,Ridge,51,LOCO,Augmented,Thickness_5pos,,,,14,14,10,OFAT,6.81,10.508332826806537
fivepos,Augmented,,Ridge,51,LOCO,Augmented,Thickness_5pos,,,,15,15,10,OFAT,16.612000000000002,10.508332826806537
fivepos,Augmented,,Ridge,51,LOCO,Augmented,Thickness_5pos,,,,16,16,13,OFAT,14.952000000000002,11.322036705420718
fivepos,Augmented,,Ridge,51,LOCO,Augmented,Thickness_5pos,,,,17,17,10,OFAT,10.623999999999999,10.508332826806537
fivepos,Augmented,,Ridge,51,LOCO,Augmented,Thickness_5pos,,,,18,18,14,OFAT,24.566000000000003,21.898800620371475
fivepos,Augmented,,Ridge,51,LOCO,Augmented,Thickness_5pos,,,,19,19,14,OFAT,28.262,21.898800620371475
fivepos,Augmented,,Ridge,51,LOCO,Augmented,Thickness_5pos,,,,20,20,15,OFAT,7.484,6.407430518884546
fivepos,Augmented,,Ridge,51,LOCO,Augmented,Thickness_5pos,,,,21,21,16,OFAT,15.064000000000002,10.93446393333954
fivepos,Augmented,,Ridge,51,LOCO,Augmented,Thickness_5pos,,,,22,22,14,OFAT,33.33,21.898800620371475
fivepos,Augmented,,Ridge,51,LOCO,Augmented,Thickness_5pos,,,,23,23,14,OFAT,23.546,21.898800620371475
fivepos,Augmented,,Ridge,51,LOCO,Augmented,Thickness_5pos,,,,24,24,14,OFAT,25.130000000000003,21.898800620371475
fivepos,Augmented,,Ridge,51,LOCO,Augmented,Thickness_5pos,,,,25,25,14,OFAT,22.818,21.898800620371475
fivepos,Augmented,,Ridge,51,LOCO,Augmented,Thickness_5pos,,,,26,26,17,OFAT,18.386000000000003,19.052149470314124
fivepos,Augmented,,Ridge,51,LOCO,Augmented,Thickness_5pos,,,,27,27,17,OFAT,18.174,19.052149470314124
fivepos,Augmented,,Ridge,51,LOCO,Augmented,Thickness_5pos,,,,28,28,17,OFAT,24.241999999999997,19.052149470314124
fivepos,Augmented,,Ridge,51,LOCO,Augmented,Thickness_5pos,,,,29,29,17,OFAT,18.942,19.052149470314124
fivepos,Augmented,,Ridge,51,LOCO,Augmented,Thickness_5pos,,,,30,30,17,OFAT,18.624,19.052149470314124
fivepos,Augmented,,Ridge,51,LOCO,Augmented,Thickness_5pos,,,,31,31,18,OFAT,15.928,17.930774131159243
fivepos,Augmented,,Ridge,51,LOCO,Augmented,Thickness_5pos,,,,32,32,19,OFAT,10.406,12.34221621290893
fivepos,Augmented,,Ridge,51,LOCO,Augmented,Thickness_5pos,,,,33,33,20,OFAT,5.188000000000001,6.740677859493342
fivepos,Augmented,,Ridge,51,LOCO,Augmented,Thickness_5pos,,,,34,34,21,OFAT,1.198,2.3820337531099565
fivepos,Augmented,,Ridge,51,LOCO,Augmented,Thickness_5pos,,,,35,35,22,OFAT,2.078,3.2684672872482157
fivepos,Augmented,,Ridge,51,LOCO,Augmented,Thickness_5pos,,,,36,36,23,OFAT,3.6160000000000005,5.052904574556203
fivepos,Augmented,,Ridge,51,LOCO,Augmented,Thickness_5pos,,,,37,37,20,OFAT,12.488,6.740677859493342
fivepos,Augmented,,Ridge,51,LOCO,Augmented,Thickness_5pos,,,,38,38,19,OFAT,15.386000000000001,12.34221621290893
fivepos,Augmented,,Ridge,51,LOCO,Augmented,Thickness_5pos,,,,39,39,18,OFAT,19.972,17.930774131159243
fivepos,Augmented,,Ridge,51,LOCO,Augmented,Thickness_5pos,,,,40,40,19,OFAT,17.589999999999996,12.34221621290893
fivepos,Augmented,,Ridge,51,LOCO,Augmented,Thickness_5pos,,,,41,41,19,OFAT,9.268,12.34221621290893
fivepos,Augmented,,Ridge,51,LOCO,Augmented,Thickness_5pos,,,,42,44,26,DOE,5.29,7.187530550392319
fivepos,Augmented,,Ridge,51,LOCO,Augmented,Thickness_5pos,,,,43,45,27,DOE,30.401999999999997,28.031952877472108
fivepos,Augmented,,Ridge,51,LOCO,Augmented,Thickness_5pos,,,,44,43,25,DOE,1.052,3.635961482785074
fivepos,Augmented,,Ridge,51,LOCO,Augmented,Thickness_5pos,,,,45,46,28,DOE,32.35600000000001,25.01722029952699
fivepos,Augmented,,Ridge,51,LOCO,Augmented,Thickness_5pos,,,,46,42,24,DOE,1.0859999999999999,1.775947371094233
fivepos,Augmented,,Ridge,51,LOCO,Augmented,Thickness_5pos,,,,47,49,31,DOE,25.630000000000003,29.564177843027274
fivepos,Augmented,,Ridge,51,LOCO,Augmented,Thickness_5pos,,,,48,54,36,DOE,4.304,7.327784006745322
fivepos,Augmented,,Ridge,51,LOCO,Augmented,Thickness_5pos,,,,49,52,34,DOE,22.592000000000002,28.101750746473485
fivepos,Augmented,,Ridge,51,LOCO,Augmented,Thickness_5pos,,,,50,47,29,DOE,1.0540000000000003,1.813439488912099
fivepos,Augmented,,Ridge,51,LOCO,Augmented,Thickness_5pos,,,,51,51,33,DOE,1.0999999999999999,2.0652623462863833
fivepos,Augmented,,Ridge,51,LOCO,Augmented,Thickness_5pos,,,,52,53,35,DOE,1.2719999999999998,2.61640461672849
fivepos,Augmented,,Ridge,51,LOCO,Augmented,Thickness_5pos,,,,53,56,38,DOE,22.052,29.08424892638778
fivepos,Augmented,,Ridge,51,LOCO,Augmented,Thickness_5pos,,,,54,50,32,DOE,25.432,28.27050612021909
fivepos,Augmented,,Ridge,51,LOCO,Augmented,Thickness_5pos,,,,55,48,30,DOE,26.165999999999997,22.450736727735993
fivepos,Augmented,,Ridge,51,LOCO,Augmented,Thickness_5pos,,,,56,55,37,DOE,11.256,14.805744856619299
fivepos,Augmented,,Random Forest,42,LOCO,Augmented,Thickness_5pos,,,,0,0,0,OFAT,29.372000000000003,19.011739930516857
fivepos,Augmented,,Random Forest,42,LOCO,Augmented,Thickness_5pos,,,,1,1,1,OFAT,19.088,24.845641021062278
fivepos,Augmented,,Random Forest,42,LOCO,Augmented,Thickness_5pos,,,,2,2,2,OFAT,24.044,22.639027277127852
fivepos,Augmented,,Random Forest,42,LOCO,Augmented,Thickness_5pos,,,,3,3,3,OFAT,20.038,17.084248956930697
fivepos,Augmented,,Random Forest,42,LOCO,Augmented,Thickness_5pos,,,,4,4,4,OFAT,15.540000000000001,17.589859488872165
fivepos,Augmented,,Random Forest,42,LOCO,Augmented,Thickness_5pos,,,,5,5,5,OFAT,14.366,17.721227058877563
fivepos,Augmented,,Random Forest,42,LOCO,Augmented,Thickness_5pos,,,,6,6,6,OFAT,12.963999999999999,18.808172932409693
fivepos,Augmented,,Random Forest,42,LOCO,Augmented,Thickness_5pos,,,,7,7,7,OFAT,13.280000000000001,18.54007010637325
fivepos,Augmented,,Random Forest,42,LOCO,Augmented,Thickness_5pos,,,,8,8,8,OFAT,15.191999999999998,19.179735685767966
fivepos,Augmented,,Random Forest,42,LOCO,Augmented,Thickness_5pos,,,,9,9,9,OFAT,7.712000000000001,8.563181223136514
fivepos,Augmented,,Random Forest,42,LOCO,Augmented,Thickness_5pos,,,,10,10,10,OFAT,2.3760000000000003,8.896912476190485
fivepos,Augmented,,Random Forest,42,LOCO,Augmented,Thickness_5pos,,,,11,11,11,OFAT,7.786,8.20784333333334
fivepos,Augmented,,Random Forest,42,LOCO,Augmented,Thickness_5pos,,,,12,12,11,OFAT,9.190000000000001,8.20784333333334
fivepos,Augmented,,Random Forest,42,LOCO,Augmented,Thickness_5pos,,,,13,13,12,OFAT,7.714,8.515117285714286
fivepos,Augmented,,Random Forest,42,LOCO,Augmented,Thickness_5pos,,,,14,14,10,OFAT,6.81,8.896912476190485
fivepos,Augmented,,Random Forest,42,LOCO,Augmented,Thickness_5pos,,,,15,15,10,OFAT,16.612000000000002,8.896912476190485
fivepos,Augmented,,Random Forest,42,LOCO,Augmented,Thickness_5pos,,,,16,16,13,OFAT,14.952000000000002,13.372122666666664
fivepos,Augmented,,Random Forest,42,LOCO,Augmented,Thickness_5pos,,,,17,17,10,OFAT,10.623999999999999,8.896912476190485
fivepos,Augmented,,Random Forest,42,LOCO,Augmented,Thickness_5pos,,,,18,18,14,OFAT,24.566000000000003,19.352525028410444
fivepos,Augmented,,Random Forest,42,LOCO,Augmented,Thickness_5pos,,,,19,19,14,OFAT,28.262,19.352525028410444
fivepos,Augmented,,Random Forest,42,LOCO,Augmented,Thickness_5pos,,,,20,20,15,OFAT,7.484,4.949263839826837
fivepos,Augmented,,Random Forest,42,LOCO,Augmented,Thickness_5pos,,,,21,21,16,OFAT,15.064000000000002,11.575721764790767
fivepos,Augmented,,Random Forest,42,LOCO,Augmented,Thickness_5pos,,,,22,22,14,OFAT,33.33,19.352525028410444
fivepos,Augmented,,Random Forest,42,LOCO,Augmented,Thickness_5pos,,,,23,23,14,OFAT,23.546,19.352525028410444
fivepos,Augmented,,Random Forest,42,LOCO,Augmented,Thickness_5pos,,,,24,24,14,OFAT,25.130000000000003,19.352525028410444
fivepos,Augmented,,Random Forest,42,LOCO,Augmented,Thickness_5pos,,,,25,25,14,OFAT,22.818,19.352525028410444
fivepos,Augmented,,Random Forest,42,LOCO,Augmented,Thickness_5pos,,,,26,26,17,OFAT,18.386000000000003,15.631681567825279
fivepos,Augmented,,Random Forest,42,LOCO,Augmented,Thickness_5pos,,,,27,27,17,OFAT,18.174,15.631681567825279
fivepos,Augmented,,Random Forest,42,LOCO,Augmented,Thickness_5pos,,,,28,28,17,OFAT,24.241999999999997,15.631681567825279
fivepos,Augmented,,Random Forest,42,LOCO,Augmented,Thickness_5pos,,,,29,29,17,OFAT,18.942,15.631681567825279
fivepos,Augmented,,Random Forest,42,LOCO,Augmented,Thickness_5pos,,,,30,30,17,OFAT,18.624,15.631681567825279
fivepos,Augmented,,Random Forest,42,LOCO,Augmented,Thickness_5pos,,,,31,31,18,OFAT,15.928,17.523495751192755
fivepos,Augmented,,Random Forest,42,LOCO,Augmented,Thickness_5pos,,,,32,32,19,OFAT,10.406,13.601343179646783
fivepos,Augmented,,Random Forest,42,LOCO,Augmented,Thickness_5pos,,,,33,33,20,OFAT,5.188000000000001,6.250019166666662
fivepos,Augmented,,Random Forest,42,LOCO,Augmented,Thickness_5pos,,,,34,34,21,OFAT,1.198,1.786175250063662
fivepos,Augmented,,Random Forest,42,LOCO,Augmented,Thickness_5pos,,,,35,35,22,OFAT,2.078,1.6186549881588999
fivepos,Augmented,,Random Forest,42,LOCO,Augmented,Thickness_5pos,,,,36,36,23,OFAT,3.6160000000000005,4.940489599109354
fivepos,Augmented,,Random Forest,42,LOCO,Augmented,Thickness_5pos,,,,37,37,20,OFAT,12.488,6.250019166666662
fivepos,Augmented,,Random Forest,42,LOCO,Augmented,Thickness_5pos,,,,38,38,19,OFAT,15.386000000000001,13.601343179646783
fivepos,Augmented,,Random Forest,42,LOCO,Augmented,Thickness_5pos,,,,39,39,18,OFAT,19.972,17.523495751192755
fivepos,Augmented,,Random Forest,42,LOCO,Augmented,Thickness_5pos,,,,40,40,19,OFAT,17.589999999999996,13.601343179646783
fivepos,Augmented,,Random Forest,42,LOCO,Augmented,Thickness_5pos,,,,41,41,19,OFAT,9.268,13.601343179646783
fivepos,Augmented,,Random Forest,42,LOCO,Augmented,Thickness_5pos,,,,42,44,26,DOE,5.29,5.236090053779548
fivepos,Augmented,,Random Forest,42,LOCO,Augmented,Thickness_5pos,,,,43,45,27,DOE,30.401999999999997,25.0650261464369
fivepos,Augmented,,Random Forest,42,LOCO,Augmented,Thickness_5pos,,,,44,43,25,DOE,1.052,1.4939168311688311
fivepos,Augmented,,Random Forest,42,LOCO,Augmented,Thickness_5pos,,,,45,46,28,DOE,32.35600000000001,24.813207398268396
fivepos,Augmented,,Random Forest,42,LOCO,Augmented,Thickness_5pos,,,,46,42,24,DOE,1.0859999999999999,1.4871870404040402
fivepos,Augmented,,Random Forest,42,LOCO,Augmented,Thickness_5pos,,,,47,49,31,DOE,25.630000000000003,26.03154905316905
fivepos,Augmented,,Random Forest,42,LOCO,Augmented,Thickness_5pos,,,,48,54,36,DOE,4.304,5.808804454689104
fivepos,Augmented,,Random Forest,42,LOCO,Augmented,Thickness_5pos,,,,49,52,34,DOE,22.592000000000002,26.37457879010858
fivepos,Augmented,,Random Forest,42,LOCO,Augmented,Thickness_5pos,,,,50,47,29,DOE,1.0540000000000003,1.3924456038961037
fivepos,Augmented,,Random Forest,42,LOCO,Augmented,Thickness_5pos,,,,51,51,33,DOE,1.0999999999999999,1.4705206096681096
fivepos,Augmented,,Random Forest,42,LOCO,Augmented,Thickness_5pos,,,,52,53,35,DOE,1.2719999999999998,1.662036833333333
fivepos,Augmented,,Random Forest,42,LOCO,Augmented,Thickness_5pos,,,,53,56,38,DOE,22.052,25.861399829107164
fivepos,Augmented,,Random Forest,42,LOCO,Augmented,Thickness_5pos,,,,54,50,32,DOE,25.432,26.098881607994944
fivepos,Augmented,,Random Forest,42,LOCO,Augmented,Thickness_5pos,,,,55,48,30,DOE,26.165999999999997,26.008687484453468
fivepos,Augmented,,Random Forest,42,LOCO,Augmented,Thickness_5pos,,,,56,55,37,DOE,11.256,17.63214757427542
fivepos,Augmented,,Random Forest,43,LOCO,Augmented,Thickness_5pos,,,,0,0,0,OFAT,29.372000000000003,19.149339666666666
fivepos,Augmented,,Random Forest,43,LOCO,Augmented,Thickness_5pos,,,,1,1,1,OFAT,19.088,24.693035666666674
fivepos,Augmented,,Random Forest,43,LOCO,Augmented,Thickness_5pos,,,,2,2,2,OFAT,24.044,22.81600743401043
fivepos,Augmented,,Random Forest,43,LOCO,Augmented,Thickness_5pos,,,,3,3,3,OFAT,20.038,15.125473365079364
fivepos,Augmented,,Random Forest,43,LOCO,Augmented,Thickness_5pos,,,,4,4,4,OFAT,15.540000000000001,15.411747976190473
fivepos,Augmented,,Random Forest,43,LOCO,Augmented,Thickness_5pos,,,,5,5,5,OFAT,14.366,17.380005067249332
fivepos,Augmented,,Random Forest,43,LOCO,Augmented,Thickness_5pos,,,,6,6,6,OFAT,12.963999999999999,15.165421964646464
fivepos,Augmented,,Random Forest,43,LOCO,Augmented,Thickness_5pos,,,,7,7,7,OFAT,13.280000000000001,17.30642305465288
fivepos,Augmented,,Random Forest,43,LOCO,Augmented,Thickness_5pos,,,,8,8,8,OFAT,15.191999999999998,18.000457119047617
fivepos,Augmented,,Random Forest,43,LOCO,Augmented,Thickness_5pos,,,,9,9,9,OFAT,7.712000000000001,8.46011166666667
fivepos,Augmented,,Random Forest,43,LOCO,Augmented,Thickness_5pos,,,,10,10,10,OFAT,2.3760000000000003,8.617147047619051
fivepos,Augmented,,Random Forest,43,LOCO,Augmented,Thickness_5pos,,,,11,11,11,OFAT,7.786,8.354797596681097
fivepos,Augmented,,Random Forest,43,LOCO,Augmented,Thickness_5pos,,,,12,12,11,OFAT,9.190000000000001,8.354797596681097
fivepos,Augmented,,Random Forest,43,LOCO,Augmented,Thickness_5pos,,,,13,13,12,OFAT,7.714,9.12062175036075
fivepos,Augmented,,Random Forest,43,LOCO,Augmented,Thickness_5pos,,,,14,14,10,OFAT,6.81,8.617147047619051
fivepos,Augmented,,Random Forest,43,LOCO,Augmented,Thickness_5pos,,,,15,15,10,OFAT,16.612000000000002,8.617147047619051
fivepos,Augmented,,Random Forest,43,LOCO,Augmented,Thickness_5pos,,,,16,16,13,OFAT,14.952000000000002,14.415698857142864
fivepos,Augmented,,Random Forest,43,LOCO,Augmented,Thickness_5pos,,,,17,17,10,OFAT,10.623999999999999,8.617147047619051
fivepos,Augmented,,Random Forest,43,LOCO,Augmented,Thickness_5pos,,,,18,18,14,OFAT,24.566000000000003,18.7756834778805
fivepos,Augmented,,Random Forest,43,LOCO,Augmented,Thickness_5pos,,,,19,19,14,OFAT,28.262,18.7756834778805
fivepos,Augmented,,Random Forest,43,LOCO,Augmented,Thickness_5pos,,,,20,20,15,OFAT,7.484,5.228762523809519
fivepos,Augmented,,Random Forest,43,LOCO,Augmented,Thickness_5pos,,,,21,21,16,OFAT,15.064000000000002,13.292904150793648
fivepos,Augmented,,Random Forest,43,LOCO,Augmented,Thickness_5pos,,,,22,22,14,OFAT,33.33,18.7756834778805
fivepos,Augmented,,Random Forest,43,LOCO,Augmented,Thickness_5pos,,,,23,23,14,OFAT,23.546,18.7756834778805
fivepos,Augmented,,Random Forest,43,LOCO,Augmented,Thickness_5pos,,,,24,24,14,OFAT,25.130000000000003,18.7756834778805
fivepos,Augmented,,Random Forest,43,LOCO,Augmented,Thickness_5pos,,,,25,25,14,OFAT,22.818,18.7756834778805
fivepos,Augmented,,Random Forest,43,LOCO,Augmented,Thickness_5pos,,,,26,26,17,OFAT,18.386000000000003,16.075973860750356
fivepos,Augmented,,Random Forest,43,LOCO,Augmented,Thickness_5pos,,,,27,27,17,OFAT,18.174,16.075973860750356
fivepos,Augmented,,Random Forest,43,LOCO,Augmented,Thickness_5pos,,,,28,28,17,OFAT,24.241999999999997,16.075973860750356
fivepos,Augmented,,Random Forest,43,LOCO,Augmented,Thickness_5pos,,,,29,29,17,OFAT,18.942,16.075973860750356
fivepos,Augmented,,Random Forest,43,LOCO,Augmented,Thickness_5pos,,,,30,30,17,OFAT,18.624,16.075973860750356
fivepos,Augmented,,Random Forest,43,LOCO,Augmented,Thickness_5pos,,,,31,31,18,OFAT,15.928,19.418516515873012
fivepos,Augmented,,Random Forest,43,LOCO,Augmented,Thickness_5pos,,,,32,32,19,OFAT,10.406,14.89185135175936
fivepos,Augmented,,Random Forest,43,LOCO,Augmented,Thickness_5pos,,,,33,33,20,OFAT,5.188000000000001,6.531450333333332
fivepos,Augmented,,Random Forest,43,LOCO,Augmented,Thickness_5pos,,,,34,34,21,OFAT,1.198,2.161060000000001
fivepos,Augmented,,Random Forest,43,LOCO,Augmented,Thickness_5pos,,,,35,35,22,OFAT,2.078,1.7241999999999995
fivepos,Augmented,,Random Forest,43,LOCO,Augmented,Thickness_5pos,,,,36,36,23,OFAT,3.6160000000000005,5.047419999999993
fivepos,Augmented,,Random Forest,43,LOCO,Augmented,Thickness_5pos,,,,37,37,20,OFAT,12.488,6.531450333333332
fivepos,Augmented,,Random Forest,43,LOCO,Augmented,Thickness_5pos,,,,38,38,19,OFAT,15.386000000000001,14.89185135175936
fivepos,Augmented,,Random Forest,43,LOCO,Augmented,Thickness_5pos,,,,39,39,18,OFAT,19.972,19.418516515873012
fivepos,Augmented,,Random Forest,43,LOCO,Augmented,Thickness_5pos,,,,40,40,19,OFAT,17.589999999999996,14.89185135175936
fivepos,Augmented,,Random Forest,43,LOCO,Augmented,Thickness_5pos,,,,41,41,19,OFAT,9.268,14.89185135175936
fivepos,Augmented,,Random Forest,43,LOCO,Augmented,Thickness_5pos,,,,42,44,26,DOE,5.29,4.905666619047614
fivepos,Augmented,,Random Forest,43,LOCO,Augmented,Thickness_5pos,,,,43,45,27,DOE,30.401999999999997,25.295070674603185
fivepos,Augmented,,Random Forest,43,LOCO,Augmented,Thickness_5pos,,,,44,43,25,DOE,1.052,1.4360416904761906
fivepos,Augmented,,Random Forest,43,LOCO,Augmented,Thickness_5pos,,,,45,46,28,DOE,32.35600000000001,24.96369136507937
fivepos,Augmented,,Random Forest,43,LOCO,Augmented,Thickness_5pos,,,,46,42,24,DOE,1.0859999999999999,1.2532799999999995
fivepos,Augmented,,Random Forest,43,LOCO,Augmented,Thickness_5pos,,,,47,49,31,DOE,25.630000000000003,26.00205322222222
fivepos,Augmented,,Random Forest,43,LOCO,Augmented,Thickness_5pos,,,,48,54,36,DOE,4.304,6.000089166666666
fivepos,Augmented,,Random Forest,43,LOCO,Augmented,Thickness_5pos,,,,49,52,34,DOE,22.592000000000002,25.522282777777786
fivepos,Augmented,,Random Forest,43,LOCO,Augmented,Thickness_5pos,,,,50,47,29,DOE,1.0540000000000003,1.4118283571428578
fivepos,Augmented,,Random Forest,43,LOCO,Augmented,Thickness_5pos,,,,51,51,33,DOE,1.0999999999999999,1.2755127857142854
fivepos,Augmented,,Random Forest,43,LOCO,Augmented,Thickness_5pos,,,,52,53,35,DOE,1.2719999999999998,1.6833744999999987
fivepos,Augmented,,Random Forest,43,LOCO,Augmented,Thickness_5pos,,,,53,56,38,DOE,22.052,26.218141746753243
fivepos,Augmented,,Random Forest,43,LOCO,Augmented,Thickness_5pos,,,,54,50,32,DOE,25.432,26.097699743145757
fivepos,Augmented,,Random Forest,43,LOCO,Augmented,Thickness_5pos,,,,55,48,30,DOE,26.165999999999997,26.197541985569988
fivepos,Augmented,,Random Forest,43,LOCO,Augmented,Thickness_5pos,,,,56,55,37,DOE,11.256,16.19448733333333
fivepos,Augmented,,Random Forest,44,LOCO,Augmented,Thickness_5pos,,,,0,0,0,OFAT,29.372000000000003,18.711048023809532
fivepos,Augmented,,Random Forest,44,LOCO,Augmented,Thickness_5pos,,,,1,1,1,OFAT,19.088,22.18725423809524
fivepos,Augmented,,Random Forest,44,LOCO,Augmented,Thickness_5pos,,,,2,2,2,OFAT,24.044,20.602046714285706
fivepos,Augmented,,Random Forest,44,LOCO,Augmented,Thickness_5pos,,,,3,3,3,OFAT,20.038,16.07009999999999
fivepos,Augmented,,Random Forest,44,LOCO,Augmented,Thickness_5pos,,,,4,4,4,OFAT,15.540000000000001,16.292564444444437
fivepos,Augmented,,Random Forest,44,LOCO,Augmented,Thickness_5pos,,,,5,5,5,OFAT,14.366,16.848665988455995
fivepos,Augmented,,Random Forest,44,LOCO,Augmented,Thickness_5pos,,,,6,6,6,OFAT,12.963999999999999,15.673297039682536
fivepos,Augmented,,Random Forest,44,LOCO,Augmented,Thickness_5pos,,,,7,7,7,OFAT,13.280000000000001,17.5899779628692
fivepos,Augmented,,Random Forest,44,LOCO,Augmented,Thickness_5pos,,,,8,8,8,OFAT,15.191999999999998,18.53312366450216
fivepos,Augmented,,Random Forest,44,LOCO,Augmented,Thickness_5pos,,,,9,9,9,OFAT,7.712000000000001,8.62031033333333
fivepos,Augmented,,Random Forest,44,LOCO,Augmented,Thickness_5pos,,,,10,10,10,OFAT,2.3760000000000003,9.34831852380953
fivepos,Augmented,,Random Forest,44,LOCO,Augmented,Thickness_5pos,,,,11,11,11,OFAT,7.786,9.029488370688135
fivepos,Augmented,,Random Forest,44,LOCO,Augmented,Thickness_5pos,,,,12,12,11,OFAT,9.190000000000001,9.029488370688135
fivepos,Augmented,,Random Forest,44,LOCO,Augmented,Thickness_5pos,,,,13,13,12,OFAT,7.714,8.92249032467533
fivepos,Augmented,,Random Forest,44,LOCO,Augmented,Thickness_5pos,,,,14,14,10,OFAT,6.81,9.34831852380953
fivepos,Augmented,,Random Forest,44,LOCO,Augmented,Thickness_5pos,,,,15,15,10,OFAT,16.612000000000002,9.34831852380953
fivepos,Augmented,,Random Forest,44,LOCO,Augmented,Thickness_5pos,,,,16,16,13,OFAT,14.952000000000002,13.57729306875129
fivepos,Augmented,,Random Forest,44,LOCO,Augmented,Thickness_5pos,,,,17,17,10,OFAT,10.623999999999999,9.34831852380953
fivepos,Augmented,,Random Forest,44,LOCO,Augmented,Thickness_5pos,,,,18,18,14,OFAT,24.566000000000003,19.437226388694157
fivepos,Augmented,,Random Forest,44,LOCO,Augmented,Thickness_5pos,,,,19,19,14,OFAT,28.262,19.437226388694157
fivepos,Augmented,,Random Forest,44,LOCO,Augmented,Thickness_5pos,,,,20,20,15,OFAT,7.484,4.933713706349206
fivepos,Augmented,,Random Forest,44,LOCO,Augmented,Thickness_5pos,,,,21,21,16,OFAT,15.064000000000002,11.966231358814731
fivepos,Augmented,,Random Forest,44,LOCO,Augmented,Thickness_5pos,,,,22,22,14,OFAT,33.33,19.437226388694157
fivepos,Augmented,,Random Forest,44,LOCO,Augmented,Thickness_5pos,,,,23,23,14,OFAT,23.546,19.437226388694157
fivepos,Augmented,,Random Forest,44,LOCO,Augmented,Thickness_5pos,,,,24,24,14,OFAT,25.130000000000003,19.437226388694157
fivepos,Augmented,,Random Forest,44,LOCO,Augmented,Thickness_5pos,,,,25,25,14,OFAT,22.818,19.437226388694157
fivepos,Augmented,,Random Forest,44,LOCO,Augmented,Thickness_5pos,,,,26,26,17,OFAT,18.386000000000003,15.988196300272396
fivepos,Augmented,,Random Forest,44,LOCO,Augmented,Thickness_5pos,,,,27,27,17,OFAT,18.174,15.988196300272396
fivepos,Augmented,,Random Forest,44,LOCO,Augmented,Thickness_5pos,,,,28,28,17,OFAT,24.241999999999997,15.988196300272396
fivepos,Augmented,,Random Forest,44,LOCO,Augmented,Thickness_5pos,,,,29,29,17,OFAT,18.942,15.988196300272396
fivepos,Augmented,,Random Forest,44,LOCO,Augmented,Thickness_5pos,,,,30,30,17,OFAT,18.624,15.988196300272396
fivepos,Augmented,,Random Forest,44,LOCO,Augmented,Thickness_5pos,,,,31,31,18,OFAT,15.928,17.612484141131315
fivepos,Augmented,,Random Forest,44,LOCO,Augmented,Thickness_5pos,,,,32,32,19,OFAT,10.406,14.217843517106711
fivepos,Augmented,,Random Forest,44,LOCO,Augmented,Thickness_5pos,,,,33,33,20,OFAT,5.188000000000001,6.949633561771564
fivepos,Augmented,,Random Forest,44,LOCO,Augmented,Thickness_5pos,,,,34,34,21,OFAT,1.198,1.6025020628815634
fivepos,Augmented,,Random Forest,44,LOCO,Augmented,Thickness_5pos,,,,35,35,22,OFAT,2.078,1.3752295659340654
fivepos,Augmented,,Random Forest,44,LOCO,Augmented,Thickness_5pos,,,,36,36,23,OFAT,3.6160000000000005,4.914717443167945
fivepos,Augmented,,Random Forest,44,LOCO,Augmented,Thickness_5pos,,,,37,37,20,OFAT,12.488,6.949633561771564
fivepos,Augmented,,Random Forest,44,LOCO,Augmented,Thickness_5pos,,,,38,38,19,OFAT,15.386000000000001,14.217843517106711
fivepos,Augmented,,Random Forest,44,LOCO,Augmented,Thickness_5pos,,,,39,39,18,OFAT,19.972,17.612484141131315
fivepos,Augmented,,Random Forest,44,LOCO,Augmented,Thickness_5pos,,,,40,40,19,OFAT,17.589999999999996,14.217843517106711
fivepos,Augmented,,Random Forest,44,LOCO,Augmented,Thickness_5pos,,,,41,41,19,OFAT,9.268,14.217843517106711
fivepos,Augmented,,Random Forest,44,LOCO,Augmented,Thickness_5pos,,,,42,44,26,DOE,5.29,5.360284350815848
fivepos,Augmented,,Random Forest,44,LOCO,Augmented,Thickness_5pos,,,,43,45,27,DOE,30.401999999999997,28.174154000000044
fivepos,Augmented,,Random Forest,44,LOCO,Augmented,Thickness_5pos,,,,44,43,25,DOE,1.052,1.6119990952380954
fivepos,Augmented,,Random Forest,44,LOCO,Augmented,Thickness_5pos,,,,45,46,28,DOE,32.35600000000001,25.39545653629377
fivepos,Augmented,,Random Forest,44,LOCO,Augmented,Thickness_5pos,,,,46,42,24,DOE,1.0859999999999999,1.5771921890331893
fivepos,Augmented,,Random Forest,44,LOCO,Augmented,Thickness_5pos,,,,47,49,31,DOE,25.630000000000003,24.35729600000001
fivepos,Augmented,,Random Forest,44,LOCO,Augmented,Thickness_5pos,,,,48,54,36,DOE,4.304,6.357720627696575
fivepos,Augmented,,Random Forest,44,LOCO,Augmented,Thickness_5pos,,,,49,52,34,DOE,22.592000000000002,26.0434825381563
fivepos,Augmented,,Random Forest,44,LOCO,Augmented,Thickness_5pos,,,,50,47,29,DOE,1.0540000000000003,1.6012616688311687
fivepos,Augmented,,Random Forest,44,LOCO,Augmented,Thickness_5pos,,,,51,51,33,DOE,1.0999999999999999,1.6308044047619041
fivepos,Augmented,,Random Forest,44,LOCO,Augmented,Thickness_5pos,,,,52,53,35,DOE,1.2719999999999998,1.9361421515151518
fivepos,Augmented,,Random Forest,44,LOCO,Augmented,Thickness_5pos,,,,53,56,38,DOE,22.052,26.19289184745811
fivepos,Augmented,,Random Forest,44,LOCO,Augmented,Thickness_5pos,,,,54,50,32,DOE,25.432,25.562494830891332
fivepos,Augmented,,Random Forest,44,LOCO,Augmented,Thickness_5pos,,,,55,48,30,DOE,26.165999999999997,25.94863249164726
fivepos,Augmented,,Random Forest,44,LOCO,Augmented,Thickness_5pos,,,,56,55,37,DOE,11.256,17.244098801782627
fivepos,Augmented,,Random Forest,45,LOCO,Augmented,Thickness_5pos,,,,0,0,0,OFAT,29.372000000000003,18.899540562770568
fivepos,Augmented,,Random Forest,45,LOCO,Augmented,Thickness_5pos,,,,1,1,1,OFAT,19.088,24.601725714285717
fivepos,Augmented,,Random Forest,45,LOCO,Augmented,Thickness_5pos,,,,2,2,2,OFAT,24.044,21.567754238095237
fivepos,Augmented,,Random Forest,45,LOCO,Augmented,Thickness_5pos,,,,3,3,3,OFAT,20.038,14.999932904761899
fivepos,Augmented,,Random Forest,45,LOCO,Augmented,Thickness_5pos,,,,4,4,4,OFAT,15.540000000000001,15.752709999999988
fivepos,Augmented,,Random Forest,45,LOCO,Augmented,Thickness_5pos,,,,5,5,5,OFAT,14.366,16.37610057142856
fivepos,Augmented,,Random Forest,45,LOCO,Augmented,Thickness_5pos,,,,6,6,6,OFAT,12.963999999999999,15.432982873015867
fivepos,Augmented,,Random Forest,45,LOCO,Augmented,Thickness_5pos,,,,7,7,7,OFAT,13.280000000000001,16.277433261904754
fivepos,Augmented,,Random Forest,45,LOCO,Augmented,Thickness_5pos,,,,8,8,8,OFAT,15.191999999999998,18.08707215873015
fivepos,Augmented,,Random Forest,45,LOCO,Augmented,Thickness_5pos,,,,9,9,9,OFAT,7.712000000000001,8.535337222222223
fivepos,Augmented,,Random Forest,45,LOCO,Augmented,Thickness_5pos,,,,10,10,10,OFAT,2.3760000000000003,9.30538800000001
fivepos,Augmented,,Random Forest,45,LOCO,Augmented,Thickness_5pos,,,,11,11,11,OFAT,7.786,7.775812809523819
fivepos,Augmented,,Random Forest,45,LOCO,Augmented,Thickness_5pos,,,,12,12,11,OFAT,9.190000000000001,7.775812809523819
fivepos,Augmented,,Random Forest,45,LOCO,Augmented,Thickness_5pos,,,,13,13,12,OFAT,7.714,8.974331119047621
fivepos,Augmented,,Random Forest,45,LOCO,Augmented,Thickness_5pos,,,,14,14,10,OFAT,6.81,9.30538800000001
fivepos,Augmented,,Random Forest,45,LOCO,Augmented,Thickness_5pos,,,,15,15,10,OFAT,16.612000000000002,9.30538800000001
fivepos,Augmented,,Random Forest,45,LOCO,Augmented,Thickness_5pos,,,,16,16,13,OFAT,14.952000000000002,14.253684277500275
fivepos,Augmented,,Random Forest,45,LOCO,Augmented,Thickness_5pos,,,,17,17,10,OFAT,10.623999999999999,9.30538800000001
fivepos,Augmented,,Random Forest,45,LOCO,Augmented,Thickness_5pos,,,,18,18,14,OFAT,24.566000000000003,19.962007438283937
fivepos,Augmented,,Random Forest,45,LOCO,Augmented,Thickness_5pos,,,,19,19,14,OFAT,28.262,19.962007438283937
fivepos,Augmented,,Random Forest,45,LOCO,Augmented,Thickness_5pos,,,,20,20,15,OFAT,7.484,5.13095833333333
fivepos,Augmented,,Random Forest,45,LOCO,Augmented,Thickness_5pos,,,,21,21,16,OFAT,15.064000000000002,13.092511588300589
fivepos,Augmented,,Random Forest,45,LOCO,Augmented,Thickness_5pos,,,,22,22,14,OFAT,33.33,19.962007438283937
fivepos,Augmented,,Random Forest,45,LOCO,Augmented,Thickness_5pos,,,,23,23,14,OFAT,23.546,19.962007438283937
fivepos,Augmented,,Random Forest,45,LOCO,Augmented,Thickness_5pos,,,,24,24,14,OFAT,25.130000000000003,19.962007438283937
fivepos,Augmented,,Random Forest,45,LOCO,Augmented,Thickness_5pos,,,,25,25,14,OFAT,22.818,19.962007438283937
fivepos,Augmented,,Random Forest,45,LOCO,Augmented,Thickness_5pos,,,,26,26,17,OFAT,18.386000000000003,15.929886407690487
fivepos,Augmented,,Random Forest,45,LOCO,Augmented,Thickness_5pos,,,,27,27,17,OFAT,18.174,15.929886407690487
fivepos,Augmented,,Random Forest,45,LOCO,Augmented,Thickness_5pos,,,,28,28,17,OFAT,24.241999999999997,15.929886407690487
fivepos,Augmented,,Random Forest,45,LOCO,Augmented,Thickness_5pos,,,,29,29,17,OFAT,18.942,15.929886407690487
fivepos,Augmented,,Random Forest,45,LOCO,Augmented,Thickness_5pos,,,,30,30,17,OFAT,18.624,15.929886407690487
fivepos,Augmented,,Random Forest,45,LOCO,Augmented,Thickness_5pos,,,,31,31,18,OFAT,15.928,19.332605725829723
fivepos,Augmented,,Random Forest,45,LOCO,Augmented,Thickness_5pos,,,,32,32,19,OFAT,10.406,13.859998619047628
fivepos,Augmented,,Random Forest,45,LOCO,Augmented,Thickness_5pos,,,,33,33,20,OFAT,5.188000000000001,6.864890349206347
fivepos,Augmented,,Random Forest,45,LOCO,Augmented,Thickness_5pos,,,,34,34,21,OFAT,1.198,2.0922575310245306
fivepos,Augmented,,Random Forest,45,LOCO,Augmented,Thickness_5pos,,,,35,35,22,OFAT,2.078,1.9559085627705637
fivepos,Augmented,,Random Forest,45,LOCO,Augmented,Thickness_5pos,,,,36,36,23,OFAT,3.6160000000000005,4.769428590964591
fivepos,Augmented,,Random Forest,45,LOCO,Augmented,Thickness_5pos,,,,37,37,20,OFAT,12.488,6.864890349206347
fivepos,Augmented,,Random Forest,45,LOCO,Augmented,Thickness_5pos,,,,38,38,19,OFAT,15.386000000000001,13.859998619047628
fivepos,Augmented,,Random Forest,45,LOCO,Augmented,Thickness_5pos,,,,39,39,18,OFAT,19.972,19.332605725829723
fivepos,Augmented,,Random Forest,45,LOCO,Augmented,Thickness_5pos,,,,40,40,19,OFAT,17.589999999999996,13.859998619047628
fivepos,Augmented,,Random Forest,45,LOCO,Augmented,Thickness_5pos,,,,41,41,19,OFAT,9.268,13.859998619047628
fivepos,Augmented,,Random Forest,45,LOCO,Augmented,Thickness_5pos,,,,42,44,26,DOE,5.29,5.267774174603172
fivepos,Augmented,,Random Forest,45,LOCO,Augmented,Thickness_5pos,,,,43,45,27,DOE,30.401999999999997,25.42042948701299
fivepos,Augmented,,Random Forest,45,LOCO,Augmented,Thickness_5pos,,,,44,43,25,DOE,1.052,1.5381476190476189
fivepos,Augmented,,Random Forest,45,LOCO,Augmented,Thickness_5pos,,,,45,46,28,DOE,32.35600000000001,24.976470196969693
fivepos,Augmented,,Random Forest,45,LOCO,Augmented,Thickness_5pos,,,,46,42,24,DOE,1.0859999999999999,1.4896402619047615
fivepos,Augmented,,Random Forest,45,LOCO,Augmented,Thickness_5pos,,,,47,49,31,DOE,25.630000000000003,25.447088222222213
fivepos,Augmented,,Random Forest,45,LOCO,Augmented,Thickness_5pos,,,,48,54,36,DOE,4.304,5.95506811111111
fivepos,Augmented,,Random Forest,45,LOCO,Augmented,Thickness_5pos,,,,49,52,34,DOE,22.592000000000002,26.225022360028856
fivepos,Augmented,,Random Forest,45,LOCO,Augmented,Thickness_5pos,,,,50,47,29,DOE,1.0540000000000003,1.352204507936508
fivepos,Augmented,,Random Forest,45,LOCO,Augmented,Thickness_5pos,,,,51,51,33,DOE,1.0999999999999999,1.4437602857142862
fivepos,Augmented,,Random Forest,45,LOCO,Augmented,Thickness_5pos,,,,52,53,35,DOE,1.2719999999999998,1.8607261904761905
fivepos,Augmented,,Random Forest,45,LOCO,Augmented,Thickness_5pos,,,,53,56,38,DOE,22.052,25.69941902813854
fivepos,Augmented,,Random Forest,45,LOCO,Augmented,Thickness_5pos,,,,54,50,32,DOE,25.432,26.013200053391053
fivepos,Augmented,,Random Forest,45,LOCO,Augmented,Thickness_5pos,,,,55,48,30,DOE,26.165999999999997,26.299360852813848
fivepos,Augmented,,Random Forest,45,LOCO,Augmented,Thickness_5pos,,,,56,55,37,DOE,11.256,16.733096169552674
fivepos,Augmented,,Random Forest,46,LOCO,Augmented,Thickness_5pos,,,,0,0,0,OFAT,29.372000000000003,19.277214333333337
fivepos,Augmented,,Random Forest,46,LOCO,Augmented,Thickness_5pos,,,,1,1,1,OFAT,19.088,23.77839518814521
fivepos,Augmented,,Random Forest,46,LOCO,Augmented,Thickness_5pos,,,,2,2,2,OFAT,24.044,20.953728285714288
fivepos,Augmented,,Random Forest,46,LOCO,Augmented,Thickness_5pos,,,,3,3,3,OFAT,20.038,16.08777026190476
fivepos,Augmented,,Random Forest,46,LOCO,Augmented,Thickness_5pos,,,,4,4,4,OFAT,15.540000000000001,15.619386500000005
fivepos,Augmented,,Random Forest,46,LOCO,Augmented,Thickness_5pos,,,,5,5,5,OFAT,14.366,16.72058686507937
fivepos,Augmented,,Random Forest,46,LOCO,Augmented,Thickness_5pos,,,,6,6,6,OFAT,12.963999999999999,17.86038506216272
fivepos,Augmented,,Random Forest,46,LOCO,Augmented,Thickness_5pos,,,,7,7,7,OFAT,13.280000000000001,16.363124261904762
fivepos,Augmented,,Random Forest,46,LOCO,Augmented,Thickness_5pos,,,,8,8,8,OFAT,15.191999999999998,18.239666134920636
fivepos,Augmented,,Random Forest,46,LOCO,Augmented,Thickness_5pos,,,,9,9,9,OFAT,7.712000000000001,8.611111603174605
fivepos,Augmented,,Random Forest,46,LOCO,Augmented,Thickness_5pos,,,,10,10,10,OFAT,2.3760000000000003,9.241559476190483
fivepos,Augmented,,Random Forest,46,LOCO,Augmented,Thickness_5pos,,,,11,11,11,OFAT,7.786,8.31056920634921
fivepos,Augmented,,Random Forest,46,LOCO,Augmented,Thickness_5pos,,,,12,12,11,OFAT,9.190000000000001,8.31056920634921
fivepos,Augmented,,Random Forest,46,LOCO,Augmented,Thickness_5pos,,,,13,13,12,OFAT,7.714,8.795535041847044
fivepos,Augmented,,Random Forest,46,LOCO,Augmented,Thickness_5pos,,,,14,14,10,OFAT,6.81,9.241559476190483
fivepos,Augmented,,Random Forest,46,LOCO,Augmented,Thickness_5pos,,,,15,15,10,OFAT,16.612000000000002,9.241559476190483
fivepos,Augmented,,Random Forest,46,LOCO,Augmented,Thickness_5pos,,,,16,16,13,OFAT,14.952000000000002,13.45568935642135
fivepos,Augmented,,Random Forest,46,LOCO,Augmented,Thickness_5pos,,,,17,17,10,OFAT,10.623999999999999,9.241559476190483
fivepos,Augmented,,Random Forest,46,LOCO,Augmented,Thickness_5pos,,,,18,18,14,OFAT,24.566000000000003,19.41322791869637
fivepos,Augmented,,Random Forest,46,LOCO,Augmented,Thickness_5pos,,,,19,19,14,OFAT,28.262,19.41322791869637
fivepos,Augmented,,Random Forest,46,LOCO,Augmented,Thickness_5pos,,,,20,20,15,OFAT,7.484,4.854225690476189
fivepos,Augmented,,Random Forest,46,LOCO,Augmented,Thickness_5pos,,,,21,21,16,OFAT,15.064000000000002,11.6018031010101
fivepos,Augmented,,Random Forest,46,LOCO,Augmented,Thickness_5pos,,,,22,22,14,OFAT,33.33,19.41322791869637
fivepos,Augmented,,Random Forest,46,LOCO,Augmented,Thickness_5pos,,,,23,23,14,OFAT,23.546,19.41322791869637
fivepos,Augmented,,Random Forest,46,LOCO,Augmented,Thickness_5pos,,,,24,24,14,OFAT,25.130000000000003,19.41322791869637
fivepos,Augmented,,Random Forest,46,LOCO,Augmented,Thickness_5pos,,,,25,25,14,OFAT,22.818,19.41322791869637
fivepos,Augmented,,Random Forest,46,LOCO,Augmented,Thickness_5pos,,,,26,26,17,OFAT,18.386000000000003,16.671584026217246
fivepos,Augmented,,Random Forest,46,LOCO,Augmented,Thickness_5pos,,,,27,27,17,OFAT,18.174,16.671584026217246
fivepos,Augmented,,Random Forest,46,LOCO,Augmented,Thickness_5pos,,,,28,28,17,OFAT,24.241999999999997,16.671584026217246
fivepos,Augmented,,Random Forest,46,LOCO,Augmented,Thickness_5pos,,,,29,29,17,OFAT,18.942,16.671584026217246
fivepos,Augmented,,Random Forest,46,LOCO,Augmented,Thickness_5pos,,,,30,30,17,OFAT,18.624,16.671584026217246
fivepos,Augmented,,Random Forest,46,LOCO,Augmented,Thickness_5pos,,,,31,31,18,OFAT,15.928,19.454380402319906
fivepos,Augmented,,Random Forest,46,LOCO,Augmented,Thickness_5pos,,,,32,32,19,OFAT,10.406,14.246290785714288
fivepos,Augmented,,Random Forest,46,LOCO,Augmented,Thickness_5pos,,,,33,33,20,OFAT,5.188000000000001,6.853476928571428
fivepos,Augmented,,Random Forest,46,LOCO,Augmented,Thickness_5pos,,,,34,34,21,OFAT,1.198,2.2098685714285717
fivepos,Augmented,,Random Forest,46,LOCO,Augmented,Thickness_5pos,,,,35,35,22,OFAT,2.078,1.9824928095238095
fivepos,Augmented,,Random Forest,46,LOCO,Augmented,Thickness_5pos,,,,36,36,23,OFAT,3.6160000000000005,4.842314761904763
fivepos,Augmented,,Random Forest,46,LOCO,Augmented,Thickness_5pos,,,,37,37,20,OFAT,12.488,6.853476928571428
fivepos,Augmented,,Random Forest,46,LOCO,Augmented,Thickness_5pos,,,,38,38,19,OFAT,15.386000000000001,14.246290785714288
fivepos,Augmented,,Random Forest,46,LOCO,Augmented,Thickness_5pos,,,,39,39,18,OFAT,19.972,19.454380402319906
fivepos,Augmented,,Random Forest,46,LOCO,Augmented,Thickness_5pos,,,,40,40,19,OFAT,17.589999999999996,14.246290785714288
fivepos,Augmented,,Random Forest,46,LOCO,Augmented,Thickness_5pos,,,,41,41,19,OFAT,9.268,14.246290785714288
fivepos,Augmented,,Random Forest,46,LOCO,Augmented,Thickness_5pos,,,,42,44,26,DOE,5.29,5.0596633809523786
fivepos,Augmented,,Random Forest,46,LOCO,Augmented,Thickness_5pos,,,,43,45,27,DOE,30.401999999999997,25.18374233333333
fivepos,Augmented,,Random Forest,46,LOCO,Augmented,Thickness_5pos,,,,44,43,25,DOE,1.052,1.5748324532689537
fivepos,Augmented,,Random Forest,46,LOCO,Augmented,Thickness_5pos,,,,45,46,28,DOE,32.35600000000001,25.167596936507934
fivepos,Augmented,,Random Forest,46,LOCO,Augmented,Thickness_5pos,,,,46,42,24,DOE,1.0859999999999999,1.505313828560328
fivepos,Augmented,,Random Forest,46,LOCO,Augmented,Thickness_5pos,,,,47,49,31,DOE,25.630000000000003,25.729701006715505
fivepos,Augmented,,Random Forest,46,LOCO,Augmented,Thickness_5pos,,,,48,54,36,DOE,4.304,6.499638500194252
fivepos,Augmented,,Random Forest,46,LOCO,Augmented,Thickness_5pos,,,,49,52,34,DOE,22.592000000000002,26.124948578643572
fivepos,Augmented,,Random Forest,46,LOCO,Augmented,Thickness_5pos,,,,50,47,29,DOE,1.0540000000000003,1.2218639761904764
fivepos,Augmented,,Random Forest,46,LOCO,Augmented,Thickness_5pos,,,,51,51,33,DOE,1.0999999999999999,1.330378976190476
fivepos,Augmented,,Random Forest,46,LOCO,Augmented,Thickness_5pos,,,,52,53,35,DOE,1.2719999999999998,1.6851519523809528
fivepos,Augmented,,Random Forest,46,LOCO,Augmented,Thickness_5pos,,,,53,56,38,DOE,22.052,25.71998479170829
fivepos,Augmented,,Random Forest,46,LOCO,Augmented,Thickness_5pos,,,,54,50,32,DOE,25.432,25.536606878066387
fivepos,Augmented,,Random Forest,46,LOCO,Augmented,Thickness_5pos,,,,55,48,30,DOE,26.165999999999997,25.859199609890105
fivepos,Augmented,,Random Forest,46,LOCO,Augmented,Thickness_5pos,,,,56,55,37,DOE,11.256,17.197641698412696
fivepos,Augmented,,Random Forest,47,LOCO,Augmented,Thickness_5pos,,,,0,0,0,OFAT,29.372000000000003,19.150622666666667
fivepos,Augmented,,Random Forest,47,LOCO,Augmented,Thickness_5pos,,,,1,1,1,OFAT,19.088,24.45536000000001
fivepos,Augmented,,Random Forest,47,LOCO,Augmented,Thickness_5pos,,,,2,2,2,OFAT,24.044,21.16042385714285
fivepos,Augmented,,Random Forest,47,LOCO,Augmented,Thickness_5pos,,,,3,3,3,OFAT,20.038,15.375868608225101
fivepos,Augmented,,Random Forest,47,LOCO,Augmented,Thickness_5pos,,,,4,4,4,OFAT,15.540000000000001,15.77048733333333
fivepos,Augmented,,Random Forest,47,LOCO,Augmented,Thickness_5pos,,,,5,5,5,OFAT,14.366,16.651335904761897
fivepos,Augmented,,Random Forest,47,LOCO,Augmented,Thickness_5pos,,,,6,6,6,OFAT,12.963999999999999,15.514445285714283
fivepos,Augmented,,Random Forest,47,LOCO,Augmented,Thickness_5pos,,,,7,7,7,OFAT,13.280000000000001,15.442881452380949
fivepos,Augmented,,Random Forest,47,LOCO,Augmented,Thickness_5pos,,,,8,8,8,OFAT,15.191999999999998,18.708257584415584
fivepos,Augmented,,Random Forest,47,LOCO,Augmented,Thickness_5pos,,,,9,9,9,OFAT,7.712000000000001,8.769673333333337
fivepos,Augmented,,Random Forest,47,LOCO,Augmented,Thickness_5pos,,,,10,10,10,OFAT,2.3760000000000003,9.250578619047626
fivepos,Augmented,,Random Forest,47,LOCO,Augmented,Thickness_5pos,,,,11,11,11,OFAT,7.786,8.073385000000004
fivepos,Augmented,,Random Forest,47,LOCO,Augmented,Thickness_5pos,,,,12,12,11,OFAT,9.190000000000001,8.073385000000004
fivepos,Augmented,,Random Forest,47,LOCO,Augmented,Thickness_5pos,,,,13,13,12,OFAT,7.714,8.78726445238095
fivepos,Augmented,,Random Forest,47,LOCO,Augmented,Thickness_5pos,,,,14,14,10,OFAT,6.81,9.250578619047626
fivepos,Augmented,,Random Forest,47,LOCO,Augmented,Thickness_5pos,,,,15,15,10,OFAT,16.612000000000002,9.250578619047626
fivepos,Augmented,,Random Forest,47,LOCO,Augmented,Thickness_5pos,,,,16,16,13,OFAT,14.952000000000002,13.377035416971916
fivepos,Augmented,,Random Forest,47,LOCO,Augmented,Thickness_5pos,,,,17,17,10,OFAT,10.623999999999999,9.250578619047626
fivepos,Augmented,,Random Forest,47,LOCO,Augmented,Thickness_5pos,,,,18,18,14,OFAT,24.566000000000003,19.064627749525233
fivepos,Augmented,,Random Forest,47,LOCO,Augmented,Thickness_5pos,,,,19,19,14,OFAT,28.262,19.064627749525233
fivepos,Augmented,,Random Forest,47,LOCO,Augmented,Thickness_5pos,,,,20,20,15,OFAT,7.484,5.055501106785373
fivepos,Augmented,,Random Forest,47,LOCO,Augmented,Thickness_5pos,,,,21,21,16,OFAT,15.064000000000002,11.872855685510853
fivepos,Augmented,,Random Forest,47,LOCO,Augmented,Thickness_5pos,,,,22,22,14,OFAT,33.33,19.064627749525233
fivepos,Augmented,,Random Forest,47,LOCO,Augmented,Thickness_5pos,,,,23,23,14,OFAT,23.546,19.064627749525233
fivepos,Augmented,,Random Forest,47,LOCO,Augmented,Thickness_5pos,,,,24,24,14,OFAT,25.130000000000003,19.064627749525233
fivepos,Augmented,,Random Forest,47,LOCO,Augmented,Thickness_5pos,,,,25,25,14,OFAT,22.818,19.064627749525233
fivepos,Augmented,,Random Forest,47,LOCO,Augmented,Thickness_5pos,,,,26,26,17,OFAT,18.386000000000003,15.849367775329899
fivepos,Augmented,,Random Forest,47,LOCO,Augmented,Thickness_5pos,,,,27,27,17,OFAT,18.174,15.849367775329899
fivepos,Augmented,,Random Forest,47,LOCO,Augmented,Thickness_5pos,,,,28,28,17,OFAT,24.241999999999997,15.849367775329899
fivepos,Augmented,,Random Forest,47,LOCO,Augmented,Thickness_5pos,,,,29,29,17,OFAT,18.942,15.849367775329899
fivepos,Augmented,,Random Forest,47,LOCO,Augmented,Thickness_5pos,,,,30,30,17,OFAT,18.624,15.849367775329899
fivepos,Augmented,,Random Forest,47,LOCO,Augmented,Thickness_5pos,,,,31,31,18,OFAT,15.928,18.057955833892233
fivepos,Augmented,,Random Forest,47,LOCO,Augmented,Thickness_5pos,,,,32,32,19,OFAT,10.406,14.60124366666667
fivepos,Augmented,,Random Forest,47,LOCO,Augmented,Thickness_5pos,,,,33,33,20,OFAT,5.188000000000001,6.675838677554472
fivepos,Augmented,,Random Forest,47,LOCO,Augmented,Thickness_5pos,,,,34,34,21,OFAT,1.198,1.96893232972583
fivepos,Augmented,,Random Forest,47,LOCO,Augmented,Thickness_5pos,,,,35,35,22,OFAT,2.078,1.8122104321789325
fivepos,Augmented,,Random Forest,47,LOCO,Augmented,Thickness_5pos,,,,36,36,23,OFAT,3.6160000000000005,4.8568586131923634
fivepos,Augmented,,Random Forest,47,LOCO,Augmented,Thickness_5pos,,,,37,37,20,OFAT,12.488,6.675838677554472
fivepos,Augmented,,Random Forest,47,LOCO,Augmented,Thickness_5pos,,,,38,38,19,OFAT,15.386000000000001,14.60124366666667
fivepos,Augmented,,Random Forest,47,LOCO,Augmented,Thickness_5pos,,,,39,39,18,OFAT,19.972,18.057955833892233
fivepos,Augmented,,Random Forest,47,LOCO,Augmented,Thickness_5pos,,,,40,40,19,OFAT,17.589999999999996,14.60124366666667
fivepos,Augmented,,Random Forest,47,LOCO,Augmented,Thickness_5pos,,,,41,41,19,OFAT,9.268,14.60124366666667
fivepos,Augmented,,Random Forest,47,LOCO,Augmented,Thickness_5pos,,,,42,44,26,DOE,5.29,4.903405201465197
fivepos,Augmented,,Random Forest,47,LOCO,Augmented,Thickness_5pos,,,,43,45,27,DOE,30.401999999999997,26.903304371184404
fivepos,Augmented,,Random Forest,47,LOCO,Augmented,Thickness_5pos,,,,44,43,25,DOE,1.052,1.4818824413364413
fivepos,Augmented,,Random Forest,47,LOCO,Augmented,Thickness_5pos,,,,45,46,28,DOE,32.35600000000001,24.745634699966708
fivepos,Augmented,,Random Forest,47,LOCO,Augmented,Thickness_5pos,,,,46,42,24,DOE,1.0859999999999999,1.5295753253968252
fivepos,Augmented,,Random Forest,47,LOCO,Augmented,Thickness_5pos,,,,47,49,31,DOE,25.630000000000003,26.178138232537993
fivepos,Augmented,,Random Forest,47,LOCO,Augmented,Thickness_5pos,,,,48,54,36,DOE,4.304,6.174014741755664
fivepos,Augmented,,Random Forest,47,LOCO,Augmented,Thickness_5pos,,,,49,52,34,DOE,22.592000000000002,26.120923872786637
fivepos,Augmented,,Random Forest,47,LOCO,Augmented,Thickness_5pos,,,,50,47,29,DOE,1.0540000000000003,1.5387118015873016
fivepos,Augmented,,Random Forest,47,LOCO,Augmented,Thickness_5pos,,,,51,51,33,DOE,1.0999999999999999,1.5186654206349204
fivepos,Augmented,,Random Forest,47,LOCO,Augmented,Thickness_5pos,,,,52,53,35,DOE,1.2719999999999998,1.6418116269841265
fivepos,Augmented,,Random Forest,47,LOCO,Augmented,Thickness_5pos,,,,53,56,38,DOE,22.052,26.161238428233606
fivepos,Augmented,,Random Forest,47,LOCO,Augmented,Thickness_5pos,,,,54,50,32,DOE,25.432,25.901132013426192
fivepos,Augmented,,Random Forest,47,LOCO,Augmented,Thickness_5pos,,,,55,48,30,DOE,26.165999999999997,25.871463951801548
fivepos,Augmented,,Random Forest,47,LOCO,Augmented,Thickness_5pos,,,,56,55,37,DOE,11.256,17.35753592066565
fivepos,Augmented,,Random Forest,48,LOCO,Augmented,Thickness_5pos,,,,0,0,0,OFAT,29.372000000000003,19.672919999999998
fivepos,Augmented,,Random Forest,48,LOCO,Augmented,Thickness_5pos,,,,1,1,1,OFAT,19.088,24.88196
fivepos,Augmented,,Random Forest,48,LOCO,Augmented,Thickness_5pos,,,,2,2,2,OFAT,24.044,21.15893242857143
fivepos,Augmented,,Random Forest,48,LOCO,Augmented,Thickness_5pos,,,,3,3,3,OFAT,20.038,15.41947762842712
fivepos,Augmented,,Random Forest,48,LOCO,Augmented,Thickness_5pos,,,,4,4,4,OFAT,15.540000000000001,16.08885569047619
fivepos,Augmented,,Random Forest,48,LOCO,Augmented,Thickness_5pos,,,,5,5,5,OFAT,14.366,16.84918807142857
fivepos,Augmented,,Random Forest,48,LOCO,Augmented,Thickness_5pos,,,,6,6,6,OFAT,12.963999999999999,15.523960761904746
fivepos,Augmented,,Random Forest,48,LOCO,Augmented,Thickness_5pos,,,,7,7,7,OFAT,13.280000000000001,16.046582071428563
fivepos,Augmented,,Random Forest,48,LOCO,Augmented,Thickness_5pos,,,,8,8,8,OFAT,15.191999999999998,18.656437968253968
fivepos,Augmented,,Random Forest,48,LOCO,Augmented,Thickness_5pos,,,,9,9,9,OFAT,7.712000000000001,8.512216095238097
fivepos,Augmented,,Random Forest,48,LOCO,Augmented,Thickness_5pos,,,,10,10,10,OFAT,2.3760000000000003,8.967637333333343
fivepos,Augmented,,Random Forest,48,LOCO,Augmented,Thickness_5pos,,,,11,11,11,OFAT,7.786,8.197844428571432
fivepos,Augmented,,Random Forest,48,LOCO,Augmented,Thickness_5pos,,,,12,12,11,OFAT,9.190000000000001,8.197844428571432
fivepos,Augmented,,Random Forest,48,LOCO,Augmented,Thickness_5pos,,,,13,13,12,OFAT,7.714,8.85751643650794
fivepos,Augmented,,Random Forest,48,LOCO,Augmented,Thickness_5pos,,,,14,14,10,OFAT,6.81,8.967637333333343
fivepos,Augmented,,Random Forest,48,LOCO,Augmented,Thickness_5pos,,,,15,15,10,OFAT,16.612000000000002,8.967637333333343
fivepos,Augmented,,Random Forest,48,LOCO,Augmented,Thickness_5pos,,,,16,16,13,OFAT,14.952000000000002,14.515432400044403
fivepos,Augmented,,Random Forest,48,LOCO,Augmented,Thickness_5pos,,,,17,17,10,OFAT,10.623999999999999,8.967637333333343
fivepos,Augmented,,Random Forest,48,LOCO,Augmented,Thickness_5pos,,,,18,18,14,OFAT,24.566000000000003,20.500383823953815
fivepos,Augmented,,Random Forest,48,LOCO,Augmented,Thickness_5pos,,,,19,19,14,OFAT,28.262,20.500383823953815
fivepos,Augmented,,Random Forest,48,LOCO,Augmented,Thickness_5pos,,,,20,20,15,OFAT,7.484,4.864293333333329
fivepos,Augmented,,Random Forest,48,LOCO,Augmented,Thickness_5pos,,,,21,21,16,OFAT,15.064000000000002,11.880663117826616
fivepos,Augmented,,Random Forest,48,LOCO,Augmented,Thickness_5pos,,,,22,22,14,OFAT,33.33,20.500383823953815
fivepos,Augmented,,Random Forest,48,LOCO,Augmented,Thickness_5pos,,,,23,23,14,OFAT,23.546,20.500383823953815
fivepos,Augmented,,Random Forest,48,LOCO,Augmented,Thickness_5pos,,,,24,24,14,OFAT,25.130000000000003,20.500383823953815
fivepos,Augmented,,Random Forest,48,LOCO,Augmented,Thickness_5pos,,,,25,25,14,OFAT,22.818,20.500383823953815
fivepos,Augmented,,Random Forest,48,LOCO,Augmented,Thickness_5pos,,,,26,26,17,OFAT,18.386000000000003,16.25854756307772
fivepos,Augmented,,Random Forest,48,LOCO,Augmented,Thickness_5pos,,,,27,27,17,OFAT,18.174,16.25854756307772
fivepos,Augmented,,Random Forest,48,LOCO,Augmented,Thickness_5pos,,,,28,28,17,OFAT,24.241999999999997,16.25854756307772
fivepos,Augmented,,Random Forest,48,LOCO,Augmented,Thickness_5pos,,,,29,29,17,OFAT,18.942,16.25854756307772
fivepos,Augmented,,Random Forest,48,LOCO,Augmented,Thickness_5pos,,,,30,30,17,OFAT,18.624,16.25854756307772
fivepos,Augmented,,Random Forest,48,LOCO,Augmented,Thickness_5pos,,,,31,31,18,OFAT,15.928,19.5864664025974
fivepos,Augmented,,Random Forest,48,LOCO,Augmented,Thickness_5pos,,,,32,32,19,OFAT,10.406,14.057226177655686
fivepos,Augmented,,Random Forest,48,LOCO,Augmented,Thickness_5pos,,,,33,33,20,OFAT,5.188000000000001,6.656399
fivepos,Augmented,,Random Forest,48,LOCO,Augmented,Thickness_5pos,,,,34,34,21,OFAT,1.198,1.9873124285714283
fivepos,Augmented,,Random Forest,48,LOCO,Augmented,Thickness_5pos,,,,35,35,22,OFAT,2.078,1.827074587301587
fivepos,Augmented,,Random Forest,48,LOCO,Augmented,Thickness_5pos,,,,36,36,23,OFAT,3.6160000000000005,4.519958587301588
fivepos,Augmented,,Random Forest,48,LOCO,Augmented,Thickness_5pos,,,,37,37,20,OFAT,12.488,6.656399
fivepos,Augmented,,Random Forest,48,LOCO,Augmented,Thickness_5pos,,,,38,38,19,OFAT,15.386000000000001,14.057226177655686
fivepos,Augmented,,Random Forest,48,LOCO,Augmented,Thickness_5pos,,,,39,39,18,OFAT,19.972,19.5864664025974
fivepos,Augmented,,Random Forest,48,LOCO,Augmented,Thickness_5pos,,,,40,40,19,OFAT,17.589999999999996,14.057226177655686
fivepos,Augmented,,Random Forest,48,LOCO,Augmented,Thickness_5pos,,,,41,41,19,OFAT,9.268,14.057226177655686
fivepos,Augmented,,Random Forest,48,LOCO,Augmented,Thickness_5pos,,,,42,44,26,DOE,5.29,4.896191333333331
fivepos,Augmented,,Random Forest,48,LOCO,Augmented,Thickness_5pos,,,,43,45,27,DOE,30.401999999999997,27.86445900000004
fivepos,Augmented,,Random Forest,48,LOCO,Augmented,Thickness_5pos,,,,44,43,25,DOE,1.052,1.450465333333334
fivepos,Augmented,,Random Forest,48,LOCO,Augmented,Thickness_5pos,,,,45,46,28,DOE,32.35600000000001,24.941422777777774
fivepos,Augmented,,Random Forest,48,LOCO,Augmented,Thickness_5pos,,,,46,42,24,DOE,1.0859999999999999,1.2369850000000002
fivepos,Augmented,,Random Forest,48,LOCO,Augmented,Thickness_5pos,,,,47,49,31,DOE,25.630000000000003,24.28508444028521
fivepos,Augmented,,Random Forest,48,LOCO,Augmented,Thickness_5pos,,,,48,54,36,DOE,4.304,6.081087999999999
fivepos,Augmented,,Random Forest,48,LOCO,Augmented,Thickness_5pos,,,,49,52,34,DOE,22.592000000000002,24.97436225396824
fivepos,Augmented,,Random Forest,48,LOCO,Augmented,Thickness_5pos,,,,50,47,29,DOE,1.0540000000000003,1.2619558571428582
fivepos,Augmented,,Random Forest,48,LOCO,Augmented,Thickness_5pos,,,,51,51,33,DOE,1.0999999999999999,1.2204986666666664
fivepos,Augmented,,Random Forest,48,LOCO,Augmented,Thickness_5pos,,,,52,53,35,DOE,1.2719999999999998,1.4975961666666664
fivepos,Augmented,,Random Forest,48,LOCO,Augmented,Thickness_5pos,,,,53,56,38,DOE,22.052,26.036835293650796
fivepos,Augmented,,Random Forest,48,LOCO,Augmented,Thickness_5pos,,,,54,50,32,DOE,25.432,25.919847574314602
fivepos,Augmented,,Random Forest,48,LOCO,Augmented,Thickness_5pos,,,,55,48,30,DOE,26.165999999999997,25.714098650793677
fivepos,Augmented,,Random Forest,48,LOCO,Augmented,Thickness_5pos,,,,56,55,37,DOE,11.256,15.874884978354988
fivepos,Augmented,,Random Forest,49,LOCO,Augmented,Thickness_5pos,,,,0,0,0,OFAT,29.372000000000003,19.338577487308456
fivepos,Augmented,,Random Forest,49,LOCO,Augmented,Thickness_5pos,,,,1,1,1,OFAT,19.088,24.72013521428573
fivepos,Augmented,,Random Forest,49,LOCO,Augmented,Thickness_5pos,,,,2,2,2,OFAT,24.044,22.250966574865206
fivepos,Augmented,,Random Forest,49,LOCO,Augmented,Thickness_5pos,,,,3,3,3,OFAT,20.038,16.10629401731601
fivepos,Augmented,,Random Forest,49,LOCO,Augmented,Thickness_5pos,,,,4,4,4,OFAT,15.540000000000001,15.482397060606056
fivepos,Augmented,,Random Forest,49,LOCO,Augmented,Thickness_5pos,,,,5,5,5,OFAT,14.366,16.26750145310245
fivepos,Augmented,,Random Forest,49,LOCO,Augmented,Thickness_5pos,,,,6,6,6,OFAT,12.963999999999999,17.991725495065374
fivepos,Augmented,,Random Forest,49,LOCO,Augmented,Thickness_5pos,,,,7,7,7,OFAT,13.280000000000001,17.846038989923446
fivepos,Augmented,,Random Forest,49,LOCO,Augmented,Thickness_5pos,,,,8,8,8,OFAT,15.191999999999998,18.618078095238097
fivepos,Augmented,,Random Forest,49,LOCO,Augmented,Thickness_5pos,,,,9,9,9,OFAT,7.712000000000001,8.506694222222226
fivepos,Augmented,,Random Forest,49,LOCO,Augmented,Thickness_5pos,,,,10,10,10,OFAT,2.3760000000000003,8.470154285714294
fivepos,Augmented,,Random Forest,49,LOCO,Augmented,Thickness_5pos,,,,11,11,11,OFAT,7.786,7.946235063492066
fivepos,Augmented,,Random Forest,49,LOCO,Augmented,Thickness_5pos,,,,12,12,11,OFAT,9.190000000000001,7.946235063492066
fivepos,Augmented,,Random Forest,49,LOCO,Augmented,Thickness_5pos,,,,13,13,12,OFAT,7.714,9.20905530434599
fivepos,Augmented,,Random Forest,49,LOCO,Augmented,Thickness_5pos,,,,14,14,10,OFAT,6.81,8.470154285714294
fivepos,Augmented,,Random Forest,49,LOCO,Augmented,Thickness_5pos,,,,15,15,10,OFAT,16.612000000000002,8.470154285714294
fivepos,Augmented,,Random Forest,49,LOCO,Augmented,Thickness_5pos,,,,16,16,13,OFAT,14.952000000000002,14.547927714285715
fivepos,Augmented,,Random Forest,49,LOCO,Augmented,Thickness_5pos,,,,17,17,10,OFAT,10.623999999999999,8.470154285714294
fivepos,Augmented,,Random Forest,49,LOCO,Augmented,Thickness_5pos,,,,18,18,14,OFAT,24.566000000000003,20.457279634920646
fivepos,Augmented,,Random Forest,49,LOCO,Augmented,Thickness_5pos,,,,19,19,14,OFAT,28.262,20.457279634920646
fivepos,Augmented,,Random Forest,49,LOCO,Augmented,Thickness_5pos,,,,20,20,15,OFAT,7.484,5.176509999999995
fivepos,Augmented,,Random Forest,49,LOCO,Augmented,Thickness_5pos,,,,21,21,16,OFAT,15.064000000000002,12.727991761904761
fivepos,Augmented,,Random Forest,49,LOCO,Augmented,Thickness_5pos,,,,22,22,14,OFAT,33.33,20.457279634920646
fivepos,Augmented,,Random Forest,49,LOCO,Augmented,Thickness_5pos,,,,23,23,14,OFAT,23.546,20.457279634920646
fivepos,Augmented,,Random Forest,49,LOCO,Augmented,Thickness_5pos,,,,24,24,14,OFAT,25.130000000000003,20.457279634920646
fivepos,Augmented,,Random Forest,49,LOCO,Augmented,Thickness_5pos,,,,25,25,14,OFAT,22.818,20.457279634920646
fivepos,Augmented,,Random Forest,49,LOCO,Augmented,Thickness_5pos,,,,26,26,17,OFAT,18.386000000000003,16.295461399051757
fivepos,Augmented,,Random Forest,49,LOCO,Augmented,Thickness_5pos,,,,27,27,17,OFAT,18.174,16.295461399051757
fivepos,Augmented,,Random Forest,49,LOCO,Augmented,Thickness_5pos,,,,28,28,17,OFAT,24.241999999999997,16.295461399051757
fivepos,Augmented,,Random Forest,49,LOCO,Augmented,Thickness_5pos,,,,29,29,17,OFAT,18.942,16.295461399051757
fivepos,Augmented,,Random Forest,49,LOCO,Augmented,Thickness_5pos,,,,30,30,17,OFAT,18.624,16.295461399051757
fivepos,Augmented,,Random Forest,49,LOCO,Augmented,Thickness_5pos,,,,31,31,18,OFAT,15.928,19.655110376623373
fivepos,Augmented,,Random Forest,49,LOCO,Augmented,Thickness_5pos,,,,32,32,19,OFAT,10.406,14.144305111111112
fivepos,Augmented,,Random Forest,49,LOCO,Augmented,Thickness_5pos,,,,33,33,20,OFAT,5.188000000000001,6.312267666666664
fivepos,Augmented,,Random Forest,49,LOCO,Augmented,Thickness_5pos,,,,34,34,21,OFAT,1.198,1.9135200000000006
fivepos,Augmented,,Random Forest,49,LOCO,Augmented,Thickness_5pos,,,,35,35,22,OFAT,2.078,1.4934599999999987
fivepos,Augmented,,Random Forest,49,LOCO,Augmented,Thickness_5pos,,,,36,36,23,OFAT,3.6160000000000005,4.817579999999992
fivepos,Augmented,,Random Forest,49,LOCO,Augmented,Thickness_5pos,,,,37,37,20,OFAT,12.488,6.312267666666664
fivepos,Augmented,,Random Forest,49,LOCO,Augmented,Thickness_5pos,,,,38,38,19,OFAT,15.386000000000001,14.144305111111112
fivepos,Augmented,,Random Forest,49,LOCO,Augmented,Thickness_5pos,,,,39,39,18,OFAT,19.972,19.655110376623373
fivepos,Augmented,,Random Forest,49,LOCO,Augmented,Thickness_5pos,,,,40,40,19,OFAT,17.589999999999996,14.144305111111112
fivepos,Augmented,,Random Forest,49,LOCO,Augmented,Thickness_5pos,,,,41,41,19,OFAT,9.268,14.144305111111112
fivepos,Augmented,,Random Forest,49,LOCO,Augmented,Thickness_5pos,,,,42,44,26,DOE,5.29,5.240279999999991
fivepos,Augmented,,Random Forest,49,LOCO,Augmented,Thickness_5pos,,,,43,45,27,DOE,30.401999999999997,25.30150302741703
fivepos,Augmented,,Random Forest,49,LOCO,Augmented,Thickness_5pos,,,,44,43,25,DOE,1.052,1.4771999999999996
fivepos,Augmented,,Random Forest,49,LOCO,Augmented,Thickness_5pos,,,,45,46,28,DOE,32.35600000000001,25.003038519480512
fivepos,Augmented,,Random Forest,49,LOCO,Augmented,Thickness_5pos,,,,46,42,24,DOE,1.0859999999999999,1.2889000000000002
fivepos,Augmented,,Random Forest,49,LOCO,Augmented,Thickness_5pos,,,,47,49,31,DOE,25.630000000000003,25.870463269841256
fivepos,Augmented,,Random Forest,49,LOCO,Augmented,Thickness_5pos,,,,48,54,36,DOE,4.304,5.984669240981239
fivepos,Augmented,,Random Forest,49,LOCO,Augmented,Thickness_5pos,,,,49,52,34,DOE,22.592000000000002,26.23664297619047
fivepos,Augmented,,Random Forest,49,LOCO,Augmented,Thickness_5pos,,,,50,47,29,DOE,1.0540000000000003,1.187348349206349
fivepos,Augmented,,Random Forest,49,LOCO,Augmented,Thickness_5pos,,,,51,51,33,DOE,1.0999999999999999,1.2392856428571433
fivepos,Augmented,,Random Forest,49,LOCO,Augmented,Thickness_5pos,,,,52,53,35,DOE,1.2719999999999998,1.6146999999999994
fivepos,Augmented,,Random Forest,49,LOCO,Augmented,Thickness_5pos,,,,53,56,38,DOE,22.052,26.184663666389156
fivepos,Augmented,,Random Forest,49,LOCO,Augmented,Thickness_5pos,,,,54,50,32,DOE,25.432,25.936467838827866
fivepos,Augmented,,Random Forest,49,LOCO,Augmented,Thickness_5pos,,,,55,48,30,DOE,26.165999999999997,26.287141904761892
fivepos,Augmented,,Random Forest,49,LOCO,Augmented,Thickness_5pos,,,,56,55,37,DOE,11.256,17.312652913419914
fivepos,Augmented,,Random Forest,50,LOCO,Augmented,Thickness_5pos,,,,0,0,0,OFAT,29.372000000000003,19.421339999999997
fivepos,Augmented,,Random Forest,50,LOCO,Augmented,Thickness_5pos,,,,1,1,1,OFAT,19.088,24.216820000000016
fivepos,Augmented,,Random Forest,50,LOCO,Augmented,Thickness_5pos,,,,2,2,2,OFAT,24.044,20.976795428571428
fivepos,Augmented,,Random Forest,50,LOCO,Augmented,Thickness_5pos,,,,3,3,3,OFAT,20.038,15.894323333333327
fivepos,Augmented,,Random Forest,50,LOCO,Augmented,Thickness_5pos,,,,4,4,4,OFAT,15.540000000000001,15.407832714285714
fivepos,Augmented,,Random Forest,50,LOCO,Augmented,Thickness_5pos,,,,5,5,5,OFAT,14.366,16.235040063492065
fivepos,Augmented,,Random Forest,50,LOCO,Augmented,Thickness_5pos,,,,6,6,6,OFAT,12.963999999999999,16.01005234920635
fivepos,Augmented,,Random Forest,50,LOCO,Augmented,Thickness_5pos,,,,7,7,7,OFAT,13.280000000000001,16.3639263015873
fivepos,Augmented,,Random Forest,50,LOCO,Augmented,Thickness_5pos,,,,8,8,8,OFAT,15.191999999999998,18.1026454047619
fivepos,Augmented,,Random Forest,50,LOCO,Augmented,Thickness_5pos,,,,9,9,9,OFAT,7.712000000000001,8.525548333333342
fivepos,Augmented,,Random Forest,50,LOCO,Augmented,Thickness_5pos,,,,10,10,10,OFAT,2.3760000000000003,8.839166214285715
fivepos,Augmented,,Random Forest,50,LOCO,Augmented,Thickness_5pos,,,,11,11,11,OFAT,7.786,8.824358582251081
fivepos,Augmented,,Random Forest,50,LOCO,Augmented,Thickness_5pos,,,,12,12,11,OFAT,9.190000000000001,8.824358582251081
fivepos,Augmented,,Random Forest,50,LOCO,Augmented,Thickness_5pos,,,,13,13,12,OFAT,7.714,8.934026218614717
fivepos,Augmented,,Random Forest,50,LOCO,Augmented,Thickness_5pos,,,,14,14,10,OFAT,6.81,8.839166214285715
fivepos,Augmented,,Random Forest,50,LOCO,Augmented,Thickness_5pos,,,,15,15,10,OFAT,16.612000000000002,8.839166214285715
fivepos,Augmented,,Random Forest,50,LOCO,Augmented,Thickness_5pos,,,,16,16,13,OFAT,14.952000000000002,14.45975228571429
fivepos,Augmented,,Random Forest,50,LOCO,Augmented,Thickness_5pos,,,,17,17,10,OFAT,10.623999999999999,8.839166214285715
fivepos,Augmented,,Random Forest,50,LOCO,Augmented,Thickness_5pos,,,,18,18,14,OFAT,24.566000000000003,19.18876303695708
fivepos,Augmented,,Random Forest,50,LOCO,Augmented,Thickness_5pos,,,,19,19,14,OFAT,28.262,19.18876303695708
fivepos,Augmented,,Random Forest,50,LOCO,Augmented,Thickness_5pos,,,,20,20,15,OFAT,7.484,4.959976666666665
fivepos,Augmented,,Random Forest,50,LOCO,Augmented,Thickness_5pos,,,,21,21,16,OFAT,15.064000000000002,11.784438908369411
fivepos,Augmented,,Random Forest,50,LOCO,Augmented,Thickness_5pos,,,,22,22,14,OFAT,33.33,19.18876303695708
fivepos,Augmented,,Random Forest,50,LOCO,Augmented,Thickness_5pos,,,,23,23,14,OFAT,23.546,19.18876303695708
fivepos,Augmented,,Random Forest,50,LOCO,Augmented,Thickness_5pos,,,,24,24,14,OFAT,25.130000000000003,19.18876303695708
fivepos,Augmented,,Random Forest,50,LOCO,Augmented,Thickness_5pos,,,,25,25,14,OFAT,22.818,19.18876303695708
fivepos,Augmented,,Random Forest,50,LOCO,Augmented,Thickness_5pos,,,,26,26,17,OFAT,18.386000000000003,16.254721333333336
fivepos,Augmented,,Random Forest,50,LOCO,Augmented,Thickness_5pos,,,,27,27,17,OFAT,18.174,16.254721333333336
fivepos,Augmented,,Random Forest,50,LOCO,Augmented,Thickness_5pos,,,,28,28,17,OFAT,24.241999999999997,16.254721333333336
fivepos,Augmented,,Random Forest,50,LOCO,Augmented,Thickness_5pos,,,,29,29,17,OFAT,18.942,16.254721333333336
fivepos,Augmented,,Random Forest,50,LOCO,Augmented,Thickness_5pos,,,,30,30,17,OFAT,18.624,16.254721333333336
fivepos,Augmented,,Random Forest,50,LOCO,Augmented,Thickness_5pos,,,,31,31,18,OFAT,15.928,19.4965312033522
fivepos,Augmented,,Random Forest,50,LOCO,Augmented,Thickness_5pos,,,,32,32,19,OFAT,10.406,14.122380212121216
fivepos,Augmented,,Random Forest,50,LOCO,Augmented,Thickness_5pos,,,,33,33,20,OFAT,5.188000000000001,6.783481433621933
fivepos,Augmented,,Random Forest,50,LOCO,Augmented,Thickness_5pos,,,,34,34,21,OFAT,1.198,2.047700642857144
fivepos,Augmented,,Random Forest,50,LOCO,Augmented,Thickness_5pos,,,,35,35,22,OFAT,2.078,1.9528526428571433
fivepos,Augmented,,Random Forest,50,LOCO,Augmented,Thickness_5pos,,,,36,36,23,OFAT,3.6160000000000005,4.660648500000004
fivepos,Augmented,,Random Forest,50,LOCO,Augmented,Thickness_5pos,,,,37,37,20,OFAT,12.488,6.783481433621933
fivepos,Augmented,,Random Forest,50,LOCO,Augmented,Thickness_5pos,,,,38,38,19,OFAT,15.386000000000001,14.122380212121216
fivepos,Augmented,,Random Forest,50,LOCO,Augmented,Thickness_5pos,,,,39,39,18,OFAT,19.972,19.4965312033522
fivepos,Augmented,,Random Forest,50,LOCO,Augmented,Thickness_5pos,,,,40,40,19,OFAT,17.589999999999996,14.122380212121216
fivepos,Augmented,,Random Forest,50,LOCO,Augmented,Thickness_5pos,,,,41,41,19,OFAT,9.268,14.122380212121216
fivepos,Augmented,,Random Forest,50,LOCO,Augmented,Thickness_5pos,,,,42,44,26,DOE,5.29,5.555855785714285
fivepos,Augmented,,Random Forest,50,LOCO,Augmented,Thickness_5pos,,,,43,45,27,DOE,30.401999999999997,25.720390683261186
fivepos,Augmented,,Random Forest,50,LOCO,Augmented,Thickness_5pos,,,,44,43,25,DOE,1.052,1.3759178015873017
fivepos,Augmented,,Random Forest,50,LOCO,Augmented,Thickness_5pos,,,,45,46,28,DOE,32.35600000000001,25.318020790043292
fivepos,Augmented,,Random Forest,50,LOCO,Augmented,Thickness_5pos,,,,46,42,24,DOE,1.0859999999999999,1.261409714285714
fivepos,Augmented,,Random Forest,50,LOCO,Augmented,Thickness_5pos,,,,47,49,31,DOE,25.630000000000003,24.664481000000013
fivepos,Augmented,,Random Forest,50,LOCO,Augmented,Thickness_5pos,,,,48,54,36,DOE,4.304,5.977360000000001
fivepos,Augmented,,Random Forest,50,LOCO,Augmented,Thickness_5pos,,,,49,52,34,DOE,22.592000000000002,26.40170992307692
fivepos,Augmented,,Random Forest,50,LOCO,Augmented,Thickness_5pos,,,,50,47,29,DOE,1.0540000000000003,1.2027200000000002
fivepos,Augmented,,Random Forest,50,LOCO,Augmented,Thickness_5pos,,,,51,51,33,DOE,1.0999999999999999,1.2295800000000003
fivepos,Augmented,,Random Forest,50,LOCO,Augmented,Thickness_5pos,,,,52,53,35,DOE,1.2719999999999998,1.5284199999999983
fivepos,Augmented,,Random Forest,50,LOCO,Augmented,Thickness_5pos,,,,53,56,38,DOE,22.052,26.012413764790765
fivepos,Augmented,,Random Forest,50,LOCO,Augmented,Thickness_5pos,,,,54,50,32,DOE,25.432,26.07863319047621
fivepos,Augmented,,Random Forest,50,LOCO,Augmented,Thickness_5pos,,,,55,48,30,DOE,26.165999999999997,26.22780013508712
fivepos,Augmented,,Random Forest,50,LOCO,Augmented,Thickness_5pos,,,,56,55,37,DOE,11.256,16.72518114285715
fivepos,Augmented,,Random Forest,51,LOCO,Augmented,Thickness_5pos,,,,0,0,0,OFAT,29.372000000000003,19.030860378787878
fivepos,Augmented,,Random Forest,51,LOCO,Augmented,Thickness_5pos,,,,1,1,1,OFAT,19.088,22.319543101010105
fivepos,Augmented,,Random Forest,51,LOCO,Augmented,Thickness_5pos,,,,2,2,2,OFAT,24.044,20.4110511962482
fivepos,Augmented,,Random Forest,51,LOCO,Augmented,Thickness_5pos,,,,3,3,3,OFAT,20.038,16.655420362914857
fivepos,Augmented,,Random Forest,51,LOCO,Augmented,Thickness_5pos,,,,4,4,4,OFAT,15.540000000000001,16.474475712121208
fivepos,Augmented,,Random Forest,51,LOCO,Augmented,Thickness_5pos,,,,5,5,5,OFAT,14.366,17.024761513708512
fivepos,Augmented,,Random Forest,51,LOCO,Augmented,Thickness_5pos,,,,6,6,6,OFAT,12.963999999999999,18.15936848774789
fivepos,Augmented,,Random Forest,51,LOCO,Augmented,Thickness_5pos,,,,7,7,7,OFAT,13.280000000000001,16.597278013708504
fivepos,Augmented,,Random Forest,51,LOCO,Augmented,Thickness_5pos,,,,8,8,8,OFAT,15.191999999999998,18.331178331890335
fivepos,Augmented,,Random Forest,51,LOCO,Augmented,Thickness_5pos,,,,9,9,9,OFAT,7.712000000000001,8.592743484848489
fivepos,Augmented,,Random Forest,51,LOCO,Augmented,Thickness_5pos,,,,10,10,10,OFAT,2.3760000000000003,9.473176666666673
fivepos,Augmented,,Random Forest,51,LOCO,Augmented,Thickness_5pos,,,,11,11,11,OFAT,7.786,8.019786031746031
fivepos,Augmented,,Random Forest,51,LOCO,Augmented,Thickness_5pos,,,,12,12,11,OFAT,9.190000000000001,8.019786031746031
fivepos,Augmented,,Random Forest,51,LOCO,Augmented,Thickness_5pos,,,,13,13,12,OFAT,7.714,9.34920408585859
fivepos,Augmented,,Random Forest,51,LOCO,Augmented,Thickness_5pos,,,,14,14,10,OFAT,6.81,9.473176666666673
fivepos,Augmented,,Random Forest,51,LOCO,Augmented,Thickness_5pos,,,,15,15,10,OFAT,16.612000000000002,9.473176666666673
fivepos,Augmented,,Random Forest,51,LOCO,Augmented,Thickness_5pos,,,,16,16,13,OFAT,14.952000000000002,13.322545945165945
fivepos,Augmented,,Random Forest,51,LOCO,Augmented,Thickness_5pos,,,,17,17,10,OFAT,10.623999999999999,9.473176666666673
fivepos,Augmented,,Random Forest,51,LOCO,Augmented,Thickness_5pos,,,,18,18,14,OFAT,24.566000000000003,19.8876025541275
fivepos,Augmented,,Random Forest,51,LOCO,Augmented,Thickness_5pos,,,,19,19,14,OFAT,28.262,19.8876025541275
fivepos,Augmented,,Random Forest,51,LOCO,Augmented,Thickness_5pos,,,,20,20,15,OFAT,7.484,5.09625354761905
fivepos,Augmented,,Random Forest,51,LOCO,Augmented,Thickness_5pos,,,,21,21,16,OFAT,15.064000000000002,11.779386335916717
fivepos,Augmented,,Random Forest,51,LOCO,Augmented,Thickness_5pos,,,,22,22,14,OFAT,33.33,19.8876025541275
fivepos,Augmented,,Random Forest,51,LOCO,Augmented,Thickness_5pos,,,,23,23,14,OFAT,23.546,19.8876025541275
fivepos,Augmented,,Random Forest,51,LOCO,Augmented,Thickness_5pos,,,,24,24,14,OFAT,25.130000000000003,19.8876025541275
fivepos,Augmented,,Random Forest,51,LOCO,Augmented,Thickness_5pos,,,,25,25,14,OFAT,22.818,19.8876025541275
fivepos,Augmented,,Random Forest,51,LOCO,Augmented,Thickness_5pos,,,,26,26,17,OFAT,18.386000000000003,15.5825543978124
fivepos,Augmented,,Random Forest,51,LOCO,Augmented,Thickness_5pos,,,,27,27,17,OFAT,18.174,15.5825543978124
fivepos,Augmented,,Random Forest,51,LOCO,Augmented,Thickness_5pos,,,,28,28,17,OFAT,24.241999999999997,15.5825543978124
fivepos,Augmented,,Random Forest,51,LOCO,Augmented,Thickness_5pos,,,,29,29,17,OFAT,18.942,15.5825543978124
fivepos,Augmented,,Random Forest,51,LOCO,Augmented,Thickness_5pos,,,,30,30,17,OFAT,18.624,15.5825543978124
fivepos,Augmented,,Random Forest,51,LOCO,Augmented,Thickness_5pos,,,,31,31,18,OFAT,15.928,17.547531490246946
fivepos,Augmented,,Random Forest,51,LOCO,Augmented,Thickness_5pos,,,,32,32,19,OFAT,10.406,14.324470714285715
fivepos,Augmented,,Random Forest,51,LOCO,Augmented,Thickness_5pos,,,,33,33,20,OFAT,5.188000000000001,6.304265333333331
fivepos,Augmented,,Random Forest,51,LOCO,Augmented,Thickness_5pos,,,,34,34,21,OFAT,1.198,2.1741339523809526
fivepos,Augmented,,Random Forest,51,LOCO,Augmented,Thickness_5pos,,,,35,35,22,OFAT,2.078,1.95467680952381
fivepos,Augmented,,Random Forest,51,LOCO,Augmented,Thickness_5pos,,,,36,36,23,OFAT,3.6160000000000005,4.976372785714281
fivepos,Augmented,,Random Forest,51,LOCO,Augmented,Thickness_5pos,,,,37,37,20,OFAT,12.488,6.304265333333331
fivepos,Augmented,,Random Forest,51,LOCO,Augmented,Thickness_5pos,,,,38,38,19,OFAT,15.386000000000001,14.324470714285715
fivepos,Augmented,,Random Forest,51,LOCO,Augmented,Thickness_5pos,,,,39,39,18,OFAT,19.972,17.547531490246946
fivepos,Augmented,,Random Forest,51,LOCO,Augmented,Thickness_5pos,,,,40,40,19,OFAT,17.589999999999996,14.324470714285715
fivepos,Augmented,,Random Forest,51,LOCO,Augmented,Thickness_5pos,,,,41,41,19,OFAT,9.268,14.324470714285715
fivepos,Augmented,,Random Forest,51,LOCO,Augmented,Thickness_5pos,,,,42,44,26,DOE,5.29,5.010397857142856
fivepos,Augmented,,Random Forest,51,LOCO,Augmented,Thickness_5pos,,,,43,45,27,DOE,30.401999999999997,25.684917563492068
fivepos,Augmented,,Random Forest,51,LOCO,Augmented,Thickness_5pos,,,,44,43,25,DOE,1.052,1.460852333333332
fivepos,Augmented,,Random Forest,51,LOCO,Augmented,Thickness_5pos,,,,45,46,28,DOE,32.35600000000001,25.026532539682538
fivepos,Augmented,,Random Forest,51,LOCO,Augmented,Thickness_5pos,,,,46,42,24,DOE,1.0859999999999999,1.6015207571872576
fivepos,Augmented,,Random Forest,51,LOCO,Augmented,Thickness_5pos,,,,47,49,31,DOE,25.630000000000003,25.968345585719852
fivepos,Augmented,,Random Forest,51,LOCO,Augmented,Thickness_5pos,,,,48,54,36,DOE,4.304,6.372272743178388
fivepos,Augmented,,Random Forest,51,LOCO,Augmented,Thickness_5pos,,,,49,52,34,DOE,22.592000000000002,26.554412121239874
fivepos,Augmented,,Random Forest,51,LOCO,Augmented,Thickness_5pos,,,,50,47,29,DOE,1.0540000000000003,1.4455783694083693
fivepos,Augmented,,Random Forest,51,LOCO,Augmented,Thickness_5pos,,,,51,51,33,DOE,1.0999999999999999,1.4656572417027414
fivepos,Augmented,,Random Forest,51,LOCO,Augmented,Thickness_5pos,,,,52,53,35,DOE,1.2719999999999998,1.72921753030303
fivepos,Augmented,,Random Forest,51,LOCO,Augmented,Thickness_5pos,,,,53,56,38,DOE,22.052,26.230808043959296
fivepos,Augmented,,Random Forest,51,LOCO,Augmented,Thickness_5pos,,,,54,50,32,DOE,25.432,26.06827646223384
fivepos,Augmented,,Random Forest,51,LOCO,Augmented,Thickness_5pos,,,,55,48,30,DOE,26.165999999999997,25.86494661183261
fivepos,Augmented,,Random Forest,51,LOCO,Augmented,Thickness_5pos,,,,56,55,37,DOE,11.256,16.97975598261048
fivepos,Augmented,,XGBoost,42,LOCO,Augmented,Thickness_5pos,,,,0,0,0,OFAT,29.372000000000003,17.646053314208984
fivepos,Augmented,,XGBoost,42,LOCO,Augmented,Thickness_5pos,,,,1,1,1,OFAT,19.088,23.300918579101562
fivepos,Augmented,,XGBoost,42,LOCO,Augmented,Thickness_5pos,,,,2,2,2,OFAT,24.044,21.404409408569336
fivepos,Augmented,,XGBoost,42,LOCO,Augmented,Thickness_5pos,,,,3,3,3,OFAT,20.038,16.86480712890625
fivepos,Augmented,,XGBoost,42,LOCO,Augmented,Thickness_5pos,,,,4,4,4,OFAT,15.540000000000001,17.19929313659668
fivepos,Augmented,,XGBoost,42,LOCO,Augmented,Thickness_5pos,,,,5,5,5,OFAT,14.366,17.643768310546875
fivepos,Augmented,,XGBoost,42,LOCO,Augmented,Thickness_5pos,,,,6,6,6,OFAT,12.963999999999999,17.630464553833008
fivepos,Augmented,,XGBoost,42,LOCO,Augmented,Thickness_5pos,,,,7,7,7,OFAT,13.280000000000001,17.914278030395508
fivepos,Augmented,,XGBoost,42,LOCO,Augmented,Thickness_5pos,,,,8,8,8,OFAT,15.191999999999998,18.039932250976562
fivepos,Augmented,,XGBoost,42,LOCO,Augmented,Thickness_5pos,,,,9,9,9,OFAT,7.712000000000001,9.767422676086426
fivepos,Augmented,,XGBoost,42,LOCO,Augmented,Thickness_5pos,,,,10,10,10,OFAT,2.3760000000000003,10.80196762084961
fivepos,Augmented,,XGBoost,42,LOCO,Augmented,Thickness_5pos,,,,11,11,11,OFAT,7.786,8.684307098388672
fivepos,Augmented,,XGBoost,42,LOCO,Augmented,Thickness_5pos,,,,12,12,11,OFAT,9.190000000000001,8.684307098388672
fivepos,Augmented,,XGBoost,42,LOCO,Augmented,Thickness_5pos,,,,13,13,12,OFAT,7.714,9.240013122558594
fivepos,Augmented,,XGBoost,42,LOCO,Augmented,Thickness_5pos,,,,14,14,10,OFAT,6.81,10.80196762084961
fivepos,Augmented,,XGBoost,42,LOCO,Augmented,Thickness_5pos,,,,15,15,10,OFAT,16.612000000000002,10.80196762084961
fivepos,Augmented,,XGBoost,42,LOCO,Augmented,Thickness_5pos,,,,16,16,13,OFAT,14.952000000000002,13.622198104858398
fivepos,Augmented,,XGBoost,42,LOCO,Augmented,Thickness_5pos,,,,17,17,10,OFAT,10.623999999999999,10.80196762084961
fivepos,Augmented,,XGBoost,42,LOCO,Augmented,Thickness_5pos,,,,18,18,14,OFAT,24.566000000000003,18.304006576538086
fivepos,Augmented,,XGBoost,42,LOCO,Augmented,Thickness_5pos,,,,19,19,14,OFAT,28.262,18.304006576538086
fivepos,Augmented,,XGBoost,42,LOCO,Augmented,Thickness_5pos,,,,20,20,15,OFAT,7.484,5.239796161651611
fivepos,Augmented,,XGBoost,42,LOCO,Augmented,Thickness_5pos,,,,21,21,16,OFAT,15.064000000000002,8.947650909423828
fivepos,Augmented,,XGBoost,42,LOCO,Augmented,Thickness_5pos,,,,22,22,14,OFAT,33.33,18.304006576538086
fivepos,Augmented,,XGBoost,42,LOCO,Augmented,Thickness_5pos,,,,23,23,14,OFAT,23.546,18.304006576538086
fivepos,Augmented,,XGBoost,42,LOCO,Augmented,Thickness_5pos,,,,24,24,14,OFAT,25.130000000000003,18.304006576538086
fivepos,Augmented,,XGBoost,42,LOCO,Augmented,Thickness_5pos,,,,25,25,14,OFAT,22.818,18.304006576538086
fivepos,Augmented,,XGBoost,42,LOCO,Augmented,Thickness_5pos,,,,26,26,17,OFAT,18.386000000000003,17.29084587097168
fivepos,Augmented,,XGBoost,42,LOCO,Augmented,Thickness_5pos,,,,27,27,17,OFAT,18.174,17.29084587097168
fivepos,Augmented,,XGBoost,42,LOCO,Augmented,Thickness_5pos,,,,28,28,17,OFAT,24.241999999999997,17.29084587097168
fivepos,Augmented,,XGBoost,42,LOCO,Augmented,Thickness_5pos,,,,29,29,17,OFAT,18.942,17.29084587097168
fivepos,Augmented,,XGBoost,42,LOCO,Augmented,Thickness_5pos,,,,30,30,17,OFAT,18.624,17.29084587097168
fivepos,Augmented,,XGBoost,42,LOCO,Augmented,Thickness_5pos,,,,31,31,18,OFAT,15.928,14.268449783325195
fivepos,Augmented,,XGBoost,42,LOCO,Augmented,Thickness_5pos,,,,32,32,19,OFAT,10.406,14.495576858520508
fivepos,Augmented,,XGBoost,42,LOCO,Augmented,Thickness_5pos,,,,33,33,20,OFAT,5.188000000000001,6.966974258422852
fivepos,Augmented,,XGBoost,42,LOCO,Augmented,Thickness_5pos,,,,34,34,21,OFAT,1.198,2.9020135402679443
fivepos,Augmented,,XGBoost,42,LOCO,Augmented,Thickness_5pos,,,,35,35,22,OFAT,2.078,2.7361671924591064
fivepos,Augmented,,XGBoost,42,LOCO,Augmented,Thickness_5pos,,,,36,36,23,OFAT,3.6160000000000005,3.1893177032470703
fivepos,Augmented,,XGBoost,42,LOCO,Augmented,Thickness_5pos,,,,37,37,20,OFAT,12.488,6.966974258422852
fivepos,Augmented,,XGBoost,42,LOCO,Augmented,Thickness_5pos,,,,38,38,19,OFAT,15.386000000000001,14.495576858520508
fivepos,Augmented,,XGBoost,42,LOCO,Augmented,Thickness_5pos,,,,39,39,18,OFAT,19.972,14.268449783325195
fivepos,Augmented,,XGBoost,42,LOCO,Augmented,Thickness_5pos,,,,40,40,19,OFAT,17.589999999999996,14.495576858520508
fivepos,Augmented,,XGBoost,42,LOCO,Augmented,Thickness_5pos,,,,41,41,19,OFAT,9.268,14.495576858520508
fivepos,Augmented,,XGBoost,42,LOCO,Augmented,Thickness_5pos,,,,42,44,26,DOE,5.29,6.098406791687012
fivepos,Augmented,,XGBoost,42,LOCO,Augmented,Thickness_5pos,,,,43,45,27,DOE,30.401999999999997,22.47276496887207
fivepos,Augmented,,XGBoost,42,LOCO,Augmented,Thickness_5pos,,,,44,43,25,DOE,1.052,5.78378438949585
fivepos,Augmented,,XGBoost,42,LOCO,Augmented,Thickness_5pos,,,,45,46,28,DOE,32.35600000000001,22.74281883239746
fivepos,Augmented,,XGBoost,42,LOCO,Augmented,Thickness_5pos,,,,46,42,24,DOE,1.0859999999999999,3.497504234313965
fivepos,Augmented,,XGBoost,42,LOCO,Augmented,Thickness_5pos,,,,47,49,31,DOE,25.630000000000003,25.380157470703125
fivepos,Augmented,,XGBoost,42,LOCO,Augmented,Thickness_5pos,,,,48,54,36,DOE,4.304,3.951032876968384
fivepos,Augmented,,XGBoost,42,LOCO,Augmented,Thickness_5pos,,,,49,52,34,DOE,22.592000000000002,26.29206085205078
fivepos,Augmented,,XGBoost,42,LOCO,Augmented,Thickness_5pos,,,,50,47,29,DOE,1.0540000000000003,6.331462860107422
fivepos,Augmented,,XGBoost,42,LOCO,Augmented,Thickness_5pos,,,,51,51,33,DOE,1.0999999999999999,3.334540605545044
fivepos,Augmented,,XGBoost,42,LOCO,Augmented,Thickness_5pos,,,,52,53,35,DOE,1.2719999999999998,2.2962393760681152
fivepos,Augmented,,XGBoost,42,LOCO,Augmented,Thickness_5pos,,,,53,56,38,DOE,22.052,26.2652530670166
fivepos,Augmented,,XGBoost,42,LOCO,Augmented,Thickness_5pos,,,,54,50,32,DOE,25.432,26.009557723999023
fivepos,Augmented,,XGBoost,42,LOCO,Augmented,Thickness_5pos,,,,55,48,30,DOE,26.165999999999997,23.705812454223633
fivepos,Augmented,,XGBoost,42,LOCO,Augmented,Thickness_5pos,,,,56,55,37,DOE,11.256,12.507972717285156
fivepos,Augmented,,XGBoost,43,LOCO,Augmented,Thickness_5pos,,,,0,0,0,OFAT,29.372000000000003,18.013399124145508
fivepos,Augmented,,XGBoost,43,LOCO,Augmented,Thickness_5pos,,,,1,1,1,OFAT,19.088,26.66913414001465
fivepos,Augmented,,XGBoost,43,LOCO,Augmented,Thickness_5pos,,,,2,2,2,OFAT,24.044,23.410940170288086
fivepos,Augmented,,XGBoost,43,LOCO,Augmented,Thickness_5pos,,,,3,3,3,OFAT,20.038,15.723715782165527
fivepos,Augmented,,XGBoost,43,LOCO,Augmented,Thickness_5pos,,,,4,4,4,OFAT,15.540000000000001,15.937883377075195
fivepos,Augmented,,XGBoost,43,LOCO,Augmented,Thickness_5pos,,,,5,5,5,OFAT,14.366,16.33635902404785
fivepos,Augmented,,XGBoost,43,LOCO,Augmented,Thickness_5pos,,,,6,6,6,OFAT,12.963999999999999,17.917760848999023
fivepos,Augmented,,XGBoost,43,LOCO,Augmented,Thickness_5pos,,,,7,7,7,OFAT,13.280000000000001,15.977877616882324
fivepos,Augmented,,XGBoost,43,LOCO,Augmented,Thickness_5pos,,,,8,8,8,OFAT,15.191999999999998,19.388710021972656
fivepos,Augmented,,XGBoost,43,LOCO,Augmented,Thickness_5pos,,,,9,9,9,OFAT,7.712000000000001,9.458590507507324
fivepos,Augmented,,XGBoost,43,LOCO,Augmented,Thickness_5pos,,,,10,10,10,OFAT,2.3760000000000003,9.687808990478516
fivepos,Augmented,,XGBoost,43,LOCO,Augmented,Thickness_5pos,,,,11,11,11,OFAT,7.786,8.351570129394531
fivepos,Augmented,,XGBoost,43,LOCO,Augmented,Thickness_5pos,,,,12,12,11,OFAT,9.190000000000001,8.351570129394531
fivepos,Augmented,,XGBoost,43,LOCO,Augmented,Thickness_5pos,,,,13,13,12,OFAT,7.714,7.84802770614624
fivepos,Augmented,,XGBoost,43,LOCO,Augmented,Thickness_5pos,,,,14,14,10,OFAT,6.81,9.687808990478516
fivepos,Augmented,,XGBoost,43,LOCO,Augmented,Thickness_5pos,,,,15,15,10,OFAT,16.612000000000002,9.687808990478516
fivepos,Augmented,,XGBoost,43,LOCO,Augmented,Thickness_5pos,,,,16,16,13,OFAT,14.952000000000002,14.94410514831543
fivepos,Augmented,,XGBoost,43,LOCO,Augmented,Thickness_5pos,,,,17,17,10,OFAT,10.623999999999999,9.687808990478516
fivepos,Augmented,,XGBoost,43,LOCO,Augmented,Thickness_5pos,,,,18,18,14,OFAT,24.566000000000003,19.534881591796875
fivepos,Augmented,,XGBoost,43,LOCO,Augmented,Thickness_5pos,,,,19,19,14,OFAT,28.262,19.534881591796875
fivepos,Augmented,,XGBoost,43,LOCO,Augmented,Thickness_5pos,,,,20,20,15,OFAT,7.484,5.310945987701416
fivepos,Augmented,,XGBoost,43,LOCO,Augmented,Thickness_5pos,,,,21,21,16,OFAT,15.064000000000002,9.748163223266602
fivepos,Augmented,,XGBoost,43,LOCO,Augmented,Thickness_5pos,,,,22,22,14,OFAT,33.33,19.534881591796875
fivepos,Augmented,,XGBoost,43,LOCO,Augmented,Thickness_5pos,,,,23,23,14,OFAT,23.546,19.534881591796875
fivepos,Augmented,,XGBoost,43,LOCO,Augmented,Thickness_5pos,,,,24,24,14,OFAT,25.130000000000003,19.534881591796875
fivepos,Augmented,,XGBoost,43,LOCO,Augmented,Thickness_5pos,,,,25,25,14,OFAT,22.818,19.534881591796875
fivepos,Augmented,,XGBoost,43,LOCO,Augmented,Thickness_5pos,,,,26,26,17,OFAT,18.386000000000003,15.25719928741455
fivepos,Augmented,,XGBoost,43,LOCO,Augmented,Thickness_5pos,,,,27,27,17,OFAT,18.174,15.25719928741455
fivepos,Augmented,,XGBoost,43,LOCO,Augmented,Thickness_5pos,,,,28,28,17,OFAT,24.241999999999997,15.25719928741455
fivepos,Augmented,,XGBoost,43,LOCO,Augmented,Thickness_5pos,,,,29,29,17,OFAT,18.942,15.25719928741455
fivepos,Augmented,,XGBoost,43,LOCO,Augmented,Thickness_5pos,,,,30,30,17,OFAT,18.624,15.25719928741455
fivepos,Augmented,,XGBoost,43,LOCO,Augmented,Thickness_5pos,,,,31,31,18,OFAT,15.928,14.151442527770996
fivepos,Augmented,,XGBoost,43,LOCO,Augmented,Thickness_5pos,,,,32,32,19,OFAT,10.406,15.16336727142334
fivepos,Augmented,,XGBoost,43,LOCO,Augmented,Thickness_5pos,,,,33,33,20,OFAT,5.188000000000001,7.636524200439453
fivepos,Augmented,,XGBoost,43,LOCO,Augmented,Thickness_5pos,,,,34,34,21,OFAT,1.198,3.0960092544555664
fivepos,Augmented,,XGBoost,43,LOCO,Augmented,Thickness_5pos,,,,35,35,22,OFAT,2.078,2.601088762283325
fivepos,Augmented,,XGBoost,43,LOCO,Augmented,Thickness_5pos,,,,36,36,23,OFAT,3.6160000000000005,2.6956019401550293
fivepos,Augmented,,XGBoost,43,LOCO,Augmented,Thickness_5pos,,,,37,37,20,OFAT,12.488,7.636524200439453
fivepos,Augmented,,XGBoost,43,LOCO,Augmented,Thickness_5pos,,,,38,38,19,OFAT,15.386000000000001,15.16336727142334
fivepos,Augmented,,XGBoost,43,LOCO,Augmented,Thickness_5pos,,,,39,39,18,OFAT,19.972,14.151442527770996
fivepos,Augmented,,XGBoost,43,LOCO,Augmented,Thickness_5pos,,,,40,40,19,OFAT,17.589999999999996,15.16336727142334
fivepos,Augmented,,XGBoost,43,LOCO,Augmented,Thickness_5pos,,,,41,41,19,OFAT,9.268,15.16336727142334
fivepos,Augmented,,XGBoost,43,LOCO,Augmented,Thickness_5pos,,,,42,44,26,DOE,5.29,5.0293779373168945
fivepos,Augmented,,XGBoost,43,LOCO,Augmented,Thickness_5pos,,,,43,45,27,DOE,30.401999999999997,24.326217651367188
fivepos,Augmented,,XGBoost,43,LOCO,Augmented,Thickness_5pos,,,,44,43,25,DOE,1.052,3.2404747009277344
fivepos,Augmented,,XGBoost,43,LOCO,Augmented,Thickness_5pos,,,,45,46,28,DOE,32.35600000000001,23.829118728637695
fivepos,Augmented,,XGBoost,43,LOCO,Augmented,Thickness_5pos,,,,46,42,24,DOE,1.0859999999999999,0.022540472447872162
fivepos,Augmented,,XGBoost,43,LOCO,Augmented,Thickness_5pos,,,,47,49,31,DOE,25.630000000000003,27.326332092285156
fivepos,Augmented,,XGBoost,43,LOCO,Augmented,Thickness_5pos,,,,48,54,36,DOE,4.304,4.588802337646484
fivepos,Augmented,,XGBoost,43,LOCO,Augmented,Thickness_5pos,,,,49,52,34,DOE,22.592000000000002,27.55695343017578
fivepos,Augmented,,XGBoost,43,LOCO,Augmented,Thickness_5pos,,,,50,47,29,DOE,1.0540000000000003,3.3124570846557617
fivepos,Augmented,,XGBoost,43,LOCO,Augmented,Thickness_5pos,,,,51,51,33,DOE,1.0999999999999999,-0.2139098048210144
fivepos,Augmented,,XGBoost,43,LOCO,Augmented,Thickness_5pos,,,,52,53,35,DOE,1.2719999999999998,1.8564252853393555
fivepos,Augmented,,XGBoost,43,LOCO,Augmented,Thickness_5pos,,,,53,56,38,DOE,22.052,26.635812759399414
fivepos,Augmented,,XGBoost,43,LOCO,Augmented,Thickness_5pos,,,,54,50,32,DOE,25.432,25.56196403503418
fivepos,Augmented,,XGBoost,43,LOCO,Augmented,Thickness_5pos,,,,55,48,30,DOE,26.165999999999997,23.477678298950195
fivepos,Augmented,,XGBoost,43,LOCO,Augmented,Thickness_5pos,,,,56,55,37,DOE,11.256,12.409482955932617
fivepos,Augmented,,XGBoost,44,LOCO,Augmented,Thickness_5pos,,,,0,0,0,OFAT,29.372000000000003,18.332979202270508
fivepos,Augmented,,XGBoost,44,LOCO,Augmented,Thickness_5pos,,,,1,1,1,OFAT,19.088,25.348608016967773
fivepos,Augmented,,XGBoost,44,LOCO,Augmented,Thickness_5pos,,,,2,2,2,OFAT,24.044,21.711029052734375
fivepos,Augmented,,XGBoost,44,LOCO,Augmented,Thickness_5pos,,,,3,3,3,OFAT,20.038,16.664257049560547
fivepos,Augmented,,XGBoost,44,LOCO,Augmented,Thickness_5pos,,,,4,4,4,OFAT,15.540000000000001,15.059467315673828
fivepos,Augmented,,XGBoost,44,LOCO,Augmented,Thickness_5pos,,,,5,5,5,OFAT,14.366,16.674131393432617
fivepos,Augmented,,XGBoost,44,LOCO,Augmented,Thickness_5pos,,,,6,6,6,OFAT,12.963999999999999,17.49249839782715
fivepos,Augmented,,XGBoost,44,LOCO,Augmented,Thickness_5pos,,,,7,7,7,OFAT,13.280000000000001,17.42398452758789
fivepos,Augmented,,XGBoost,44,LOCO,Augmented,Thickness_5pos,,,,8,8,8,OFAT,15.191999999999998,17.606908798217773
fivepos,Augmented,,XGBoost,44,LOCO,Augmented,Thickness_5pos,,,,9,9,9,OFAT,7.712000000000001,10.14926815032959
fivepos,Augmented,,XGBoost,44,LOCO,Augmented,Thickness_5pos,,,,10,10,10,OFAT,2.3760000000000003,9.015161514282227
fivepos,Augmented,,XGBoost,44,LOCO,Augmented,Thickness_5pos,,,,11,11,11,OFAT,7.786,7.93483829498291
fivepos,Augmented,,XGBoost,44,LOCO,Augmented,Thickness_5pos,,,,12,12,11,OFAT,9.190000000000001,7.93483829498291
fivepos,Augmented,,XGBoost,44,LOCO,Augmented,Thickness_5pos,,,,13,13,12,OFAT,7.714,9.207435607910156
fivepos,Augmented,,XGBoost,44,LOCO,Augmented,Thickness_5pos,,,,14,14,10,OFAT,6.81,9.015161514282227
fivepos,Augmented,,XGBoost,44,LOCO,Augmented,Thickness_5pos,,,,15,15,10,OFAT,16.612000000000002,9.015161514282227
fivepos,Augmented,,XGBoost,44,LOCO,Augmented,Thickness_5pos,,,,16,16,13,OFAT,14.952000000000002,13.293412208557129
fivepos,Augmented,,XGBoost,44,LOCO,Augmented,Thickness_5pos,,,,17,17,10,OFAT,10.623999999999999,9.015161514282227
fivepos,Augmented,,XGBoost,44,LOCO,Augmented,Thickness_5pos,,,,18,18,14,OFAT,24.566000000000003,18.566783905029297
fivepos,Augmented,,XGBoost,44,LOCO,Augmented,Thickness_5pos,,,,19,19,14,OFAT,28.262,18.566783905029297
fivepos,Augmented,,XGBoost,44,LOCO,Augmented,Thickness_5pos,,,,20,20,15,OFAT,7.484,5.685001850128174
fivepos,Augmented,,XGBoost,44,LOCO,Augmented,Thickness_5pos,,,,21,21,16,OFAT,15.064000000000002,9.417250633239746
fivepos,Augmented,,XGBoost,44,LOCO,Augmented,Thickness_5pos,,,,22,22,14,OFAT,33.33,18.566783905029297
fivepos,Augmented,,XGBoost,44,LOCO,Augmented,Thickness_5pos,,,,23,23,14,OFAT,23.546,18.566783905029297
fivepos,Augmented,,XGBoost,44,LOCO,Augmented,Thickness_5pos,,,,24,24,14,OFAT,25.130000000000003,18.566783905029297
fivepos,Augmented,,XGBoost,44,LOCO,Augmented,Thickness_5pos,,,,25,25,14,OFAT,22.818,18.566783905029297
fivepos,Augmented,,XGBoost,44,LOCO,Augmented,Thickness_5pos,,,,26,26,17,OFAT,18.386000000000003,17.591617584228516
fivepos,Augmented,,XGBoost,44,LOCO,Augmented,Thickness_5pos,,,,27,27,17,OFAT,18.174,17.591617584228516
fivepos,Augmented,,XGBoost,44,LOCO,Augmented,Thickness_5pos,,,,28,28,17,OFAT,24.241999999999997,17.591617584228516
fivepos,Augmented,,XGBoost,44,LOCO,Augmented,Thickness_5pos,,,,29,29,17,OFAT,18.942,17.591617584228516
fivepos,Augmented,,XGBoost,44,LOCO,Augmented,Thickness_5pos,,,,30,30,17,OFAT,18.624,17.591617584228516
fivepos,Augmented,,XGBoost,44,LOCO,Augmented,Thickness_5pos,,,,31,31,18,OFAT,15.928,14.146624565124512
fivepos,Augmented,,XGBoost,44,LOCO,Augmented,Thickness_5pos,,,,32,32,19,OFAT,10.406,14.524768829345703
fivepos,Augmented,,XGBoost,44,LOCO,Augmented,Thickness_5pos,,,,33,33,20,OFAT,5.188000000000001,7.663980484008789
fivepos,Augmented,,XGBoost,44,LOCO,Augmented,Thickness_5pos,,,,34,34,21,OFAT,1.198,3.1297121047973633
fivepos,Augmented,,XGBoost,44,LOCO,Augmented,Thickness_5pos,,,,35,35,22,OFAT,2.078,2.975306272506714
fivepos,Augmented,,XGBoost,44,LOCO,Augmented,Thickness_5pos,,,,36,36,23,OFAT,3.6160000000000005,3.0412094593048096
fivepos,Augmented,,XGBoost,44,LOCO,Augmented,Thickness_5pos,,,,37,37,20,OFAT,12.488,7.663980484008789
fivepos,Augmented,,XGBoost,44,LOCO,Augmented,Thickness_5pos,,,,38,38,19,OFAT,15.386000000000001,14.524768829345703
fivepos,Augmented,,XGBoost,44,LOCO,Augmented,Thickness_5pos,,,,39,39,18,OFAT,19.972,14.146624565124512
fivepos,Augmented,,XGBoost,44,LOCO,Augmented,Thickness_5pos,,,,40,40,19,OFAT,17.589999999999996,14.524768829345703
fivepos,Augmented,,XGBoost,44,LOCO,Augmented,Thickness_5pos,,,,41,41,19,OFAT,9.268,14.524768829345703
fivepos,Augmented,,XGBoost,44,LOCO,Augmented,Thickness_5pos,,,,42,44,26,DOE,5.29,7.817273139953613
fivepos,Augmented,,XGBoost,44,LOCO,Augmented,Thickness_5pos,,,,43,45,27,DOE,30.401999999999997,22.573654174804688
fivepos,Augmented,,XGBoost,44,LOCO,Augmented,Thickness_5pos,,,,44,43,25,DOE,1.052,4.835371494293213
fivepos,Augmented,,XGBoost,44,LOCO,Augmented,Thickness_5pos,,,,45,46,28,DOE,32.35600000000001,23.373388290405273
fivepos,Augmented,,XGBoost,44,LOCO,Augmented,Thickness_5pos,,,,46,42,24,DOE,1.0859999999999999,4.40504789352417
fivepos,Augmented,,XGBoost,44,LOCO,Augmented,Thickness_5pos,,,,47,49,31,DOE,25.630000000000003,23.96938133239746
fivepos,Augmented,,XGBoost,44,LOCO,Augmented,Thickness_5pos,,,,48,54,36,DOE,4.304,5.026749134063721
fivepos,Augmented,,XGBoost,44,LOCO,Augmented,Thickness_5pos,,,,49,52,34,DOE,22.592000000000002,25.779743194580078
fivepos,Augmented,,XGBoost,44,LOCO,Augmented,Thickness_5pos,,,,50,47,29,DOE,1.0540000000000003,5.44622802734375
fivepos,Augmented,,XGBoost,44,LOCO,Augmented,Thickness_5pos,,,,51,51,33,DOE,1.0999999999999999,1.6084134578704834
fivepos,Augmented,,XGBoost,44,LOCO,Augmented,Thickness_5pos,,,,52,53,35,DOE,1.2719999999999998,1.213423728942871
fivepos,Augmented,,XGBoost,44,LOCO,Augmented,Thickness_5pos,,,,53,56,38,DOE,22.052,27.667499542236328
fivepos,Augmented,,XGBoost,44,LOCO,Augmented,Thickness_5pos,,,,54,50,32,DOE,25.432,26.8419132232666
fivepos,Augmented,,XGBoost,44,LOCO,Augmented,Thickness_5pos,,,,55,48,30,DOE,26.165999999999997,24.466567993164062
fivepos,Augmented,,XGBoost,44,LOCO,Augmented,Thickness_5pos,,,,56,55,37,DOE,11.256,10.49970817565918
fivepos,Augmented,,XGBoost,45,LOCO,Augmented,Thickness_5pos,,,,0,0,0,OFAT,29.372000000000003,17.688108444213867
fivepos,Augmented,,XGBoost,45,LOCO,Augmented,Thickness_5pos,,,,1,1,1,OFAT,19.088,25.94715690612793
fivepos,Augmented,,XGBoost,45,LOCO,Augmented,Thickness_5pos,,,,2,2,2,OFAT,24.044,21.590595245361328
fivepos,Augmented,,XGBoost,45,LOCO,Augmented,Thickness_5pos,,,,3,3,3,OFAT,20.038,15.503992080688477
fivepos,Augmented,,XGBoost,45,LOCO,Augmented,Thickness_5pos,,,,4,4,4,OFAT,15.540000000000001,15.74737548828125
fivepos,Augmented,,XGBoost,45,LOCO,Augmented,Thickness_5pos,,,,5,5,5,OFAT,14.366,16.249399185180664
fivepos,Augmented,,XGBoost,45,LOCO,Augmented,Thickness_5pos,,,,6,6,6,OFAT,12.963999999999999,17.054840087890625
fivepos,Augmented,,XGBoost,45,LOCO,Augmented,Thickness_5pos,,,,7,7,7,OFAT,13.280000000000001,17.020845413208008
fivepos,Augmented,,XGBoost,45,LOCO,Augmented,Thickness_5pos,,,,8,8,8,OFAT,15.191999999999998,17.42671775817871
fivepos,Augmented,,XGBoost,45,LOCO,Augmented,Thickness_5pos,,,,9,9,9,OFAT,7.712000000000001,10.236079216003418
fivepos,Augmented,,XGBoost,45,LOCO,Augmented,Thickness_5pos,,,,10,10,10,OFAT,2.3760000000000003,9.119205474853516
fivepos,Augmented,,XGBoost,45,LOCO,Augmented,Thickness_5pos,,,,11,11,11,OFAT,7.786,8.538756370544434
fivepos,Augmented,,XGBoost,45,LOCO,Augmented,Thickness_5pos,,,,12,12,11,OFAT,9.190000000000001,8.538756370544434
fivepos,Augmented,,XGBoost,45,LOCO,Augmented,Thickness_5pos,,,,13,13,12,OFAT,7.714,9.001235961914062
fivepos,Augmented,,XGBoost,45,LOCO,Augmented,Thickness_5pos,,,,14,14,10,OFAT,6.81,9.119205474853516
fivepos,Augmented,,XGBoost,45,LOCO,Augmented,Thickness_5pos,,,,15,15,10,OFAT,16.612000000000002,9.119205474853516
fivepos,Augmented,,XGBoost,45,LOCO,Augmented,Thickness_5pos,,,,16,16,13,OFAT,14.952000000000002,13.409961700439453
fivepos,Augmented,,XGBoost,45,LOCO,Augmented,Thickness_5pos,,,,17,17,10,OFAT,10.623999999999999,9.119205474853516
fivepos,Augmented,,XGBoost,45,LOCO,Augmented,Thickness_5pos,,,,18,18,14,OFAT,24.566000000000003,18.125179290771484
fivepos,Augmented,,XGBoost,45,LOCO,Augmented,Thickness_5pos,,,,19,19,14,OFAT,28.262,18.125179290771484
fivepos,Augmented,,XGBoost,45,LOCO,Augmented,Thickness_5pos,,,,20,20,15,OFAT,7.484,5.504908561706543
fivepos,Augmented,,XGBoost,45,LOCO,Augmented,Thickness_5pos,,,,21,21,16,OFAT,15.064000000000002,9.307073593139648
fivepos,Augmented,,XGBoost,45,LOCO,Augmented,Thickness_5pos,,,,22,22,14,OFAT,33.33,18.125179290771484
fivepos,Augmented,,XGBoost,45,LOCO,Augmented,Thickness_5pos,,,,23,23,14,OFAT,23.546,18.125179290771484
fivepos,Augmented,,XGBoost,45,LOCO,Augmented,Thickness_5pos,,,,24,24,14,OFAT,25.130000000000003,18.125179290771484
fivepos,Augmented,,XGBoost,45,LOCO,Augmented,Thickness_5pos,,,,25,25,14,OFAT,22.818,18.125179290771484
fivepos,Augmented,,XGBoost,45,LOCO,Augmented,Thickness_5pos,,,,26,26,17,OFAT,18.386000000000003,18.272634506225586
fivepos,Augmented,,XGBoost,45,LOCO,Augmented,Thickness_5pos,,,,27,27,17,OFAT,18.174,18.272634506225586
fivepos,Augmented,,XGBoost,45,LOCO,Augmented,Thickness_5pos,,,,28,28,17,OFAT,24.241999999999997,18.272634506225586
fivepos,Augmented,,XGBoost,45,LOCO,Augmented,Thickness_5pos,,,,29,29,17,OFAT,18.942,18.272634506225586
fivepos,Augmented,,XGBoost,45,LOCO,Augmented,Thickness_5pos,,,,30,30,17,OFAT,18.624,18.272634506225586
fivepos,Augmented,,XGBoost,45,LOCO,Augmented,Thickness_5pos,,,,31,31,18,OFAT,15.928,14.428071022033691
fivepos,Augmented,,XGBoost,45,LOCO,Augmented,Thickness_5pos,,,,32,32,19,OFAT,10.406,14.738680839538574
fivepos,Augmented,,XGBoost,45,LOCO,Augmented,Thickness_5pos,,,,33,33,20,OFAT,5.188000000000001,7.8045501708984375
fivepos,Augmented,,XGBoost,45,LOCO,Augmented,Thickness_5pos,,,,34,34,21,OFAT,1.198,2.736405611038208
fivepos,Augmented,,XGBoost,45,LOCO,Augmented,Thickness_5pos,,,,35,35,22,OFAT,2.078,2.624711036682129
fivepos,Augmented,,XGBoost,45,LOCO,Augmented,Thickness_5pos,,,,36,36,23,OFAT,3.6160000000000005,2.8892366886138916
fivepos,Augmented,,XGBoost,45,LOCO,Augmented,Thickness_5pos,,,,37,37,20,OFAT,12.488,7.8045501708984375
fivepos,Augmented,,XGBoost,45,LOCO,Augmented,Thickness_5pos,,,,38,38,19,OFAT,15.386000000000001,14.738680839538574
fivepos,Augmented,,XGBoost,45,LOCO,Augmented,Thickness_5pos,,,,39,39,18,OFAT,19.972,14.428071022033691
fivepos,Augmented,,XGBoost,45,LOCO,Augmented,Thickness_5pos,,,,40,40,19,OFAT,17.589999999999996,14.738680839538574
fivepos,Augmented,,XGBoost,45,LOCO,Augmented,Thickness_5pos,,,,41,41,19,OFAT,9.268,14.738680839538574
fivepos,Augmented,,XGBoost,45,LOCO,Augmented,Thickness_5pos,,,,42,44,26,DOE,5.29,5.33315372467041
fivepos,Augmented,,XGBoost,45,LOCO,Augmented,Thickness_5pos,,,,43,45,27,DOE,30.401999999999997,24.082237243652344
fivepos,Augmented,,XGBoost,45,LOCO,Augmented,Thickness_5pos,,,,44,43,25,DOE,1.052,4.808835983276367
fivepos,Augmented,,XGBoost,45,LOCO,Augmented,Thickness_5pos,,,,45,46,28,DOE,32.35600000000001,23.86113929748535
fivepos,Augmented,,XGBoost,45,LOCO,Augmented,Thickness_5pos,,,,46,42,24,DOE,1.0859999999999999,1.7157400846481323
fivepos,Augmented,,XGBoost,45,LOCO,Augmented,Thickness_5pos,,,,47,49,31,DOE,25.630000000000003,25.610929489135742
fivepos,Augmented,,XGBoost,45,LOCO,Augmented,Thickness_5pos,,,,48,54,36,DOE,4.304,4.8594970703125
fivepos,Augmented,,XGBoost,45,LOCO,Augmented,Thickness_5pos,,,,49,52,34,DOE,22.592000000000002,26.74149513244629
fivepos,Augmented,,XGBoost,45,LOCO,Augmented,Thickness_5pos,,,,50,47,29,DOE,1.0540000000000003,5.662914276123047
fivepos,Augmented,,XGBoost,45,LOCO,Augmented,Thickness_5pos,,,,51,51,33,DOE,1.0999999999999999,2.0142409801483154
fivepos,Augmented,,XGBoost,45,LOCO,Augmented,Thickness_5pos,,,,52,53,35,DOE,1.2719999999999998,2.0120952129364014
fivepos,Augmented,,XGBoost,45,LOCO,Augmented,Thickness_5pos,,,,53,56,38,DOE,22.052,26.437015533447266
fivepos,Augmented,,XGBoost,45,LOCO,Augmented,Thickness_5pos,,,,54,50,32,DOE,25.432,24.938514709472656
fivepos,Augmented,,XGBoost,45,LOCO,Augmented,Thickness_5pos,,,,55,48,30,DOE,26.165999999999997,23.498056411743164
fivepos,Augmented,,XGBoost,45,LOCO,Augmented,Thickness_5pos,,,,56,55,37,DOE,11.256,12.289711952209473
fivepos,Augmented,,XGBoost,46,LOCO,Augmented,Thickness_5pos,,,,0,0,0,OFAT,29.372000000000003,17.65947914123535
fivepos,Augmented,,XGBoost,46,LOCO,Augmented,Thickness_5pos,,,,1,1,1,OFAT,19.088,26.24700355529785
fivepos,Augmented,,XGBoost,46,LOCO,Augmented,Thickness_5pos,,,,2,2,2,OFAT,24.044,21.624555587768555
fivepos,Augmented,,XGBoost,46,LOCO,Augmented,Thickness_5pos,,,,3,3,3,OFAT,20.038,16.83346176147461
fivepos,Augmented,,XGBoost,46,LOCO,Augmented,Thickness_5pos,,,,4,4,4,OFAT,15.540000000000001,17.181015014648438
fivepos,Augmented,,XGBoost,46,LOCO,Augmented,Thickness_5pos,,,,5,5,5,OFAT,14.366,17.180286407470703
fivepos,Augmented,,XGBoost,46,LOCO,Augmented,Thickness_5pos,,,,6,6,6,OFAT,12.963999999999999,18.298934936523438
fivepos,Augmented,,XGBoost,46,LOCO,Augmented,Thickness_5pos,,,,7,7,7,OFAT,13.280000000000001,17.936595916748047
fivepos,Augmented,,XGBoost,46,LOCO,Augmented,Thickness_5pos,,,,8,8,8,OFAT,15.191999999999998,18.406112670898438
fivepos,Augmented,,XGBoost,46,LOCO,Augmented,Thickness_5pos,,,,9,9,9,OFAT,7.712000000000001,9.834534645080566
fivepos,Augmented,,XGBoost,46,LOCO,Augmented,Thickness_5pos,,,,10,10,10,OFAT,2.3760000000000003,9.938407897949219
fivepos,Augmented,,XGBoost,46,LOCO,Augmented,Thickness_5pos,,,,11,11,11,OFAT,7.786,8.989990234375
fivepos,Augmented,,XGBoost,46,LOCO,Augmented,Thickness_5pos,,,,12,12,11,OFAT,9.190000000000001,8.989990234375
fivepos,Augmented,,XGBoost,46,LOCO,Augmented,Thickness_5pos,,,,13,13,12,OFAT,7.714,9.038823127746582
fivepos,Augmented,,XGBoost,46,LOCO,Augmented,Thickness_5pos,,,,14,14,10,OFAT,6.81,9.938407897949219
fivepos,Augmented,,XGBoost,46,LOCO,Augmented,Thickness_5pos,,,,15,15,10,OFAT,16.612000000000002,9.938407897949219
fivepos,Augmented,,XGBoost,46,LOCO,Augmented,Thickness_5pos,,,,16,16,13,OFAT,14.952000000000002,13.620526313781738
fivepos,Augmented,,XGBoost,46,LOCO,Augmented,Thickness_5pos,,,,17,17,10,OFAT,10.623999999999999,9.938407897949219
fivepos,Augmented,,XGBoost,46,LOCO,Augmented,Thickness_5pos,,,,18,18,14,OFAT,24.566000000000003,18.456422805786133
fivepos,Augmented,,XGBoost,46,LOCO,Augmented,Thickness_5pos,,,,19,19,14,OFAT,28.262,18.456422805786133
fivepos,Augmented,,XGBoost,46,LOCO,Augmented,Thickness_5pos,,,,20,20,15,OFAT,7.484,5.75468635559082
fivepos,Augmented,,XGBoost,46,LOCO,Augmented,Thickness_5pos,,,,21,21,16,OFAT,15.064000000000002,9.126260757446289
fivepos,Augmented,,XGBoost,46,LOCO,Augmented,Thickness_5pos,,,,22,22,14,OFAT,33.33,18.456422805786133
fivepos,Augmented,,XGBoost,46,LOCO,Augmented,Thickness_5pos,,,,23,23,14,OFAT,23.546,18.456422805786133
fivepos,Augmented,,XGBoost,46,LOCO,Augmented,Thickness_5pos,,,,24,24,14,OFAT,25.130000000000003,18.456422805786133
fivepos,Augmented,,XGBoost,46,LOCO,Augmented,Thickness_5pos,,,,25,25,14,OFAT,22.818,18.456422805786133
fivepos,Augmented,,XGBoost,46,LOCO,Augmented,Thickness_5pos,,,,26,26,17,OFAT,18.386000000000003,18.387346267700195
fivepos,Augmented,,XGBoost,46,LOCO,Augmented,Thickness_5pos,,,,27,27,17,OFAT,18.174,18.387346267700195
fivepos,Augmented,,XGBoost,46,LOCO,Augmented,Thickness_5pos,,,,28,28,17,OFAT,24.241999999999997,18.387346267700195
fivepos,Augmented,,XGBoost,46,LOCO,Augmented,Thickness_5pos,,,,29,29,17,OFAT,18.942,18.387346267700195
fivepos,Augmented,,XGBoost,46,LOCO,Augmented,Thickness_5pos,,,,30,30,17,OFAT,18.624,18.387346267700195
fivepos,Augmented,,XGBoost,46,LOCO,Augmented,Thickness_5pos,,,,31,31,18,OFAT,15.928,14.346694946289062
fivepos,Augmented,,XGBoost,46,LOCO,Augmented,Thickness_5pos,,,,32,32,19,OFAT,10.406,14.747882843017578
fivepos,Augmented,,XGBoost,46,LOCO,Augmented,Thickness_5pos,,,,33,33,20,OFAT,5.188000000000001,7.856409549713135
fivepos,Augmented,,XGBoost,46,LOCO,Augmented,Thickness_5pos,,,,34,34,21,OFAT,1.198,3.124889612197876
fivepos,Augmented,,XGBoost,46,LOCO,Augmented,Thickness_5pos,,,,35,35,22,OFAT,2.078,3.06060528755188
fivepos,Augmented,,XGBoost,46,LOCO,Augmented,Thickness_5pos,,,,36,36,23,OFAT,3.6160000000000005,3.0955920219421387
fivepos,Augmented,,XGBoost,46,LOCO,Augmented,Thickness_5pos,,,,37,37,20,OFAT,12.488,7.856409549713135
fivepos,Augmented,,XGBoost,46,LOCO,Augmented,Thickness_5pos,,,,38,38,19,OFAT,15.386000000000001,14.747882843017578
fivepos,Augmented,,XGBoost,46,LOCO,Augmented,Thickness_5pos,,,,39,39,18,OFAT,19.972,14.346694946289062
fivepos,Augmented,,XGBoost,46,LOCO,Augmented,Thickness_5pos,,,,40,40,19,OFAT,17.589999999999996,14.747882843017578
fivepos,Augmented,,XGBoost,46,LOCO,Augmented,Thickness_5pos,,,,41,41,19,OFAT,9.268,14.747882843017578
fivepos,Augmented,,XGBoost,46,LOCO,Augmented,Thickness_5pos,,,,42,44,26,DOE,5.29,5.143519401550293
fivepos,Augmented,,XGBoost,46,LOCO,Augmented,Thickness_5pos,,,,43,45,27,DOE,30.401999999999997,23.25736427307129
fivepos,Augmented,,XGBoost,46,LOCO,Augmented,Thickness_5pos,,,,44,43,25,DOE,1.052,4.615376949310303
fivepos,Augmented,,XGBoost,46,LOCO,Augmented,Thickness_5pos,,,,45,46,28,DOE,32.35600000000001,23.05941390991211
fivepos,Augmented,,XGBoost,46,LOCO,Augmented,Thickness_5pos,,,,46,42,24,DOE,1.0859999999999999,1.6869056224822998
fivepos,Augmented,,XGBoost,46,LOCO,Augmented,Thickness_5pos,,,,47,49,31,DOE,25.630000000000003,25.96357536315918
fivepos,Augmented,,XGBoost,46,LOCO,Augmented,Thickness_5pos,,,,48,54,36,DOE,4.304,4.895883560180664
fivepos,Augmented,,XGBoost,46,LOCO,Augmented,Thickness_5pos,,,,49,52,34,DOE,22.592000000000002,27.291906356811523
fivepos,Augmented,,XGBoost,46,LOCO,Augmented,Thickness_5pos,,,,50,47,29,DOE,1.0540000000000003,5.733273029327393
fivepos,Augmented,,XGBoost,46,LOCO,Augmented,Thickness_5pos,,,,51,51,33,DOE,1.0999999999999999,2.4309370517730713
fivepos,Augmented,,XGBoost,46,LOCO,Augmented,Thickness_5pos,,,,52,53,35,DOE,1.2719999999999998,2.419381856918335
fivepos,Augmented,,XGBoost,46,LOCO,Augmented,Thickness_5pos,,,,53,56,38,DOE,22.052,25.871274948120117
fivepos,Augmented,,XGBoost,46,LOCO,Augmented,Thickness_5pos,,,,54,50,32,DOE,25.432,25.660659790039062
fivepos,Augmented,,XGBoost,46,LOCO,Augmented,Thickness_5pos,,,,55,48,30,DOE,26.165999999999997,24.368406295776367
fivepos,Augmented,,XGBoost,46,LOCO,Augmented,Thickness_5pos,,,,56,55,37,DOE,11.256,11.346370697021484
fivepos,Augmented,,XGBoost,47,LOCO,Augmented,Thickness_5pos,,,,0,0,0,OFAT,29.372000000000003,18.93919563293457
fivepos,Augmented,,XGBoost,47,LOCO,Augmented,Thickness_5pos,,,,1,1,1,OFAT,19.088,25.496337890625
fivepos,Augmented,,XGBoost,47,LOCO,Augmented,Thickness_5pos,,,,2,2,2,OFAT,24.044,21.495983123779297
fivepos,Augmented,,XGBoost,47,LOCO,Augmented,Thickness_5pos,,,,3,3,3,OFAT,20.038,17.386783599853516
fivepos,Augmented,,XGBoost,47,LOCO,Augmented,Thickness_5pos,,,,4,4,4,OFAT,15.540000000000001,17.699352264404297
fivepos,Augmented,,XGBoost,47,LOCO,Augmented,Thickness_5pos,,,,5,5,5,OFAT,14.366,16.367155075073242
fivepos,Augmented,,XGBoost,47,LOCO,Augmented,Thickness_5pos,,,,6,6,6,OFAT,12.963999999999999,17.70748519897461
fivepos,Augmented,,XGBoost,47,LOCO,Augmented,Thickness_5pos,,,,7,7,7,OFAT,13.280000000000001,17.488859176635742
fivepos,Augmented,,XGBoost,47,LOCO,Augmented,Thickness_5pos,,,,8,8,8,OFAT,15.191999999999998,16.58218765258789
fivepos,Augmented,,XGBoost,47,LOCO,Augmented,Thickness_5pos,,,,9,9,9,OFAT,7.712000000000001,10.623491287231445
fivepos,Augmented,,XGBoost,47,LOCO,Augmented,Thickness_5pos,,,,10,10,10,OFAT,2.3760000000000003,8.997321128845215
fivepos,Augmented,,XGBoost,47,LOCO,Augmented,Thickness_5pos,,,,11,11,11,OFAT,7.786,8.384787559509277
fivepos,Augmented,,XGBoost,47,LOCO,Augmented,Thickness_5pos,,,,12,12,11,OFAT,9.190000000000001,8.384787559509277
fivepos,Augmented,,XGBoost,47,LOCO,Augmented,Thickness_5pos,,,,13,13,12,OFAT,7.714,9.675415992736816
fivepos,Augmented,,XGBoost,47,LOCO,Augmented,Thickness_5pos,,,,14,14,10,OFAT,6.81,8.997321128845215
fivepos,Augmented,,XGBoost,47,LOCO,Augmented,Thickness_5pos,,,,15,15,10,OFAT,16.612000000000002,8.997321128845215
fivepos,Augmented,,XGBoost,47,LOCO,Augmented,Thickness_5pos,,,,16,16,13,OFAT,14.952000000000002,13.4550142288208
fivepos,Augmented,,XGBoost,47,LOCO,Augmented,Thickness_5pos,,,,17,17,10,OFAT,10.623999999999999,8.997321128845215
fivepos,Augmented,,XGBoost,47,LOCO,Augmented,Thickness_5pos,,,,18,18,14,OFAT,24.566000000000003,18.800302505493164
fivepos,Augmented,,XGBoost,47,LOCO,Augmented,Thickness_5pos,,,,19,19,14,OFAT,28.262,18.800302505493164
fivepos,Augmented,,XGBoost,47,LOCO,Augmented,Thickness_5pos,,,,20,20,15,OFAT,7.484,5.688537120819092
fivepos,Augmented,,XGBoost,47,LOCO,Augmented,Thickness_5pos,,,,21,21,16,OFAT,15.064000000000002,9.368154525756836
fivepos,Augmented,,XGBoost,47,LOCO,Augmented,Thickness_5pos,,,,22,22,14,OFAT,33.33,18.800302505493164
fivepos,Augmented,,XGBoost,47,LOCO,Augmented,Thickness_5pos,,,,23,23,14,OFAT,23.546,18.800302505493164
fivepos,Augmented,,XGBoost,47,LOCO,Augmented,Thickness_5pos,,,,24,24,14,OFAT,25.130000000000003,18.800302505493164
fivepos,Augmented,,XGBoost,47,LOCO,Augmented,Thickness_5pos,,,,25,25,14,OFAT,22.818,18.800302505493164
fivepos,Augmented,,XGBoost,47,LOCO,Augmented,Thickness_5pos,,,,26,26,17,OFAT,18.386000000000003,16.82867431640625
fivepos,Augmented,,XGBoost,47,LOCO,Augmented,Thickness_5pos,,,,27,27,17,OFAT,18.174,16.82867431640625
fivepos,Augmented,,XGBoost,47,LOCO,Augmented,Thickness_5pos,,,,28,28,17,OFAT,24.241999999999997,16.82867431640625
fivepos,Augmented,,XGBoost,47,LOCO,Augmented,Thickness_5pos,,,,29,29,17,OFAT,18.942,16.82867431640625
fivepos,Augmented,,XGBoost,47,LOCO,Augmented,Thickness_5pos,,,,30,30,17,OFAT,18.624,16.82867431640625
fivepos,Augmented,,XGBoost,47,LOCO,Augmented,Thickness_5pos,,,,31,31,18,OFAT,15.928,14.152146339416504
fivepos,Augmented,,XGBoost,47,LOCO,Augmented,Thickness_5pos,,,,32,32,19,OFAT,10.406,14.497110366821289
fivepos,Augmented,,XGBoost,47,LOCO,Augmented,Thickness_5pos,,,,33,33,20,OFAT,5.188000000000001,6.577359676361084
fivepos,Augmented,,XGBoost,47,LOCO,Augmented,Thickness_5pos,,,,34,34,21,OFAT,1.198,2.9481256008148193
fivepos,Augmented,,XGBoost,47,LOCO,Augmented,Thickness_5pos,,,,35,35,22,OFAT,2.078,2.7637064456939697
fivepos,Augmented,,XGBoost,47,LOCO,Augmented,Thickness_5pos,,,,36,36,23,OFAT,3.6160000000000005,2.9314396381378174
fivepos,Augmented,,XGBoost,47,LOCO,Augmented,Thickness_5pos,,,,37,37,20,OFAT,12.488,6.577359676361084
fivepos,Augmented,,XGBoost,47,LOCO,Augmented,Thickness_5pos,,,,38,38,19,OFAT,15.386000000000001,14.497110366821289
fivepos,Augmented,,XGBoost,47,LOCO,Augmented,Thickness_5pos,,,,39,39,18,OFAT,19.972,14.152146339416504
fivepos,Augmented,,XGBoost,47,LOCO,Augmented,Thickness_5pos,,,,40,40,19,OFAT,17.589999999999996,14.497110366821289
fivepos,Augmented,,XGBoost,47,LOCO,Augmented,Thickness_5pos,,,,41,41,19,OFAT,9.268,14.497110366821289
fivepos,Augmented,,XGBoost,47,LOCO,Augmented,Thickness_5pos,,,,42,44,26,DOE,5.29,5.286391735076904
fivepos,Augmented,,XGBoost,47,LOCO,Augmented,Thickness_5pos,,,,43,45,27,DOE,30.401999999999997,23.632829666137695
fivepos,Augmented,,XGBoost,47,LOCO,Augmented,Thickness_5pos,,,,44,43,25,DOE,1.052,5.371276378631592
fivepos,Augmented,,XGBoost,47,LOCO,Augmented,Thickness_5pos,,,,45,46,28,DOE,32.35600000000001,23.651039123535156
fivepos,Augmented,,XGBoost,47,LOCO,Augmented,Thickness_5pos,,,,46,42,24,DOE,1.0859999999999999,3.5764968395233154
fivepos,Augmented,,XGBoost,47,LOCO,Augmented,Thickness_5pos,,,,47,49,31,DOE,25.630000000000003,25.67716407775879
fivepos,Augmented,,XGBoost,47,LOCO,Augmented,Thickness_5pos,,,,48,54,36,DOE,4.304,4.601479530334473
fivepos,Augmented,,XGBoost,47,LOCO,Augmented,Thickness_5pos,,,,49,52,34,DOE,22.592000000000002,26.973285675048828
fivepos,Augmented,,XGBoost,47,LOCO,Augmented,Thickness_5pos,,,,50,47,29,DOE,1.0540000000000003,5.523089408874512
fivepos,Augmented,,XGBoost,47,LOCO,Augmented,Thickness_5pos,,,,51,51,33,DOE,1.0999999999999999,3.158902645111084
fivepos,Augmented,,XGBoost,47,LOCO,Augmented,Thickness_5pos,,,,52,53,35,DOE,1.2719999999999998,2.3791568279266357
fivepos,Augmented,,XGBoost,47,LOCO,Augmented,Thickness_5pos,,,,53,56,38,DOE,22.052,26.661666870117188
fivepos,Augmented,,XGBoost,47,LOCO,Augmented,Thickness_5pos,,,,54,50,32,DOE,25.432,25.098983764648438
fivepos,Augmented,,XGBoost,47,LOCO,Augmented,Thickness_5pos,,,,55,48,30,DOE,26.165999999999997,22.99429702758789
fivepos,Augmented,,XGBoost,47,LOCO,Augmented,Thickness_5pos,,,,56,55,37,DOE,11.256,12.191556930541992
fivepos,Augmented,,XGBoost,48,LOCO,Augmented,Thickness_5pos,,,,0,0,0,OFAT,29.372000000000003,18.537702560424805
fivepos,Augmented,,XGBoost,48,LOCO,Augmented,Thickness_5pos,,,,1,1,1,OFAT,19.088,26.026376724243164
fivepos,Augmented,,XGBoost,48,LOCO,Augmented,Thickness_5pos,,,,2,2,2,OFAT,24.044,22.227035522460938
fivepos,Augmented,,XGBoost,48,LOCO,Augmented,Thickness_5pos,,,,3,3,3,OFAT,20.038,16.545658111572266
fivepos,Augmented,,XGBoost,48,LOCO,Augmented,Thickness_5pos,,,,4,4,4,OFAT,15.540000000000001,14.518956184387207
fivepos,Augmented,,XGBoost,48,LOCO,Augmented,Thickness_5pos,,,,5,5,5,OFAT,14.366,15.759925842285156
fivepos,Augmented,,XGBoost,48,LOCO,Augmented,Thickness_5pos,,,,6,6,6,OFAT,12.963999999999999,17.389657974243164
fivepos,Augmented,,XGBoost,48,LOCO,Augmented,Thickness_5pos,,,,7,7,7,OFAT,13.280000000000001,16.429189682006836
fivepos,Augmented,,XGBoost,48,LOCO,Augmented,Thickness_5pos,,,,8,8,8,OFAT,15.191999999999998,19.436843872070312
fivepos,Augmented,,XGBoost,48,LOCO,Augmented,Thickness_5pos,,,,9,9,9,OFAT,7.712000000000001,9.887868881225586
fivepos,Augmented,,XGBoost,48,LOCO,Augmented,Thickness_5pos,,,,10,10,10,OFAT,2.3760000000000003,9.06119155883789
fivepos,Augmented,,XGBoost,48,LOCO,Augmented,Thickness_5pos,,,,11,11,11,OFAT,7.786,9.216102600097656
fivepos,Augmented,,XGBoost,48,LOCO,Augmented,Thickness_5pos,,,,12,12,11,OFAT,9.190000000000001,9.216102600097656
fivepos,Augmented,,XGBoost,48,LOCO,Augmented,Thickness_5pos,,,,13,13,12,OFAT,7.714,9.057206153869629
fivepos,Augmented,,XGBoost,48,LOCO,Augmented,Thickness_5pos,,,,14,14,10,OFAT,6.81,9.06119155883789
fivepos,Augmented,,XGBoost,48,LOCO,Augmented,Thickness_5pos,,,,15,15,10,OFAT,16.612000000000002,9.06119155883789
fivepos,Augmented,,XGBoost,48,LOCO,Augmented,Thickness_5pos,,,,16,16,13,OFAT,14.952000000000002,14.871500968933105
fivepos,Augmented,,XGBoost,48,LOCO,Augmented,Thickness_5pos,,,,17,17,10,OFAT,10.623999999999999,9.06119155883789
fivepos,Augmented,,XGBoost,48,LOCO,Augmented,Thickness_5pos,,,,18,18,14,OFAT,24.566000000000003,19.095603942871094
fivepos,Augmented,,XGBoost,48,LOCO,Augmented,Thickness_5pos,,,,19,19,14,OFAT,28.262,19.095603942871094
fivepos,Augmented,,XGBoost,48,LOCO,Augmented,Thickness_5pos,,,,20,20,15,OFAT,7.484,5.027663707733154
fivepos,Augmented,,XGBoost,48,LOCO,Augmented,Thickness_5pos,,,,21,21,16,OFAT,15.064000000000002,9.005003929138184
fivepos,Augmented,,XGBoost,48,LOCO,Augmented,Thickness_5pos,,,,22,22,14,OFAT,33.33,19.095603942871094
fivepos,Augmented,,XGBoost,48,LOCO,Augmented,Thickness_5pos,,,,23,23,14,OFAT,23.546,19.095603942871094
fivepos,Augmented,,XGBoost,48,LOCO,Augmented,Thickness_5pos,,,,24,24,14,OFAT,25.130000000000003,19.095603942871094
fivepos,Augmented,,XGBoost,48,LOCO,Augmented,Thickness_5pos,,,,25,25,14,OFAT,22.818,19.095603942871094
fivepos,Augmented,,XGBoost,48,LOCO,Augmented,Thickness_5pos,,,,26,26,17,OFAT,18.386000000000003,17.600723266601562
fivepos,Augmented,,XGBoost,48,LOCO,Augmented,Thickness_5pos,,,,27,27,17,OFAT,18.174,17.600723266601562
fivepos,Augmented,,XGBoost,48,LOCO,Augmented,Thickness_5pos,,,,28,28,17,OFAT,24.241999999999997,17.600723266601562
fivepos,Augmented,,XGBoost,48,LOCO,Augmented,Thickness_5pos,,,,29,29,17,OFAT,18.942,17.600723266601562
fivepos,Augmented,,XGBoost,48,LOCO,Augmented,Thickness_5pos,,,,30,30,17,OFAT,18.624,17.600723266601562
fivepos,Augmented,,XGBoost,48,LOCO,Augmented,Thickness_5pos,,,,31,31,18,OFAT,15.928,14.411550521850586
fivepos,Augmented,,XGBoost,48,LOCO,Augmented,Thickness_5pos,,,,32,32,19,OFAT,10.406,14.597935676574707
fivepos,Augmented,,XGBoost,48,LOCO,Augmented,Thickness_5pos,,,,33,33,20,OFAT,5.188000000000001,7.597525119781494
fivepos,Augmented,,XGBoost,48,LOCO,Augmented,Thickness_5pos,,,,34,34,21,OFAT,1.198,2.7517642974853516
fivepos,Augmented,,XGBoost,48,LOCO,Augmented,Thickness_5pos,,,,35,35,22,OFAT,2.078,2.5395824909210205
fivepos,Augmented,,XGBoost,48,LOCO,Augmented,Thickness_5pos,,,,36,36,23,OFAT,3.6160000000000005,2.8053231239318848
fivepos,Augmented,,XGBoost,48,LOCO,Augmented,Thickness_5pos,,,,37,37,20,OFAT,12.488,7.597525119781494
fivepos,Augmented,,XGBoost,48,LOCO,Augmented,Thickness_5pos,,,,38,38,19,OFAT,15.386000000000001,14.597935676574707
fivepos,Augmented,,XGBoost,48,LOCO,Augmented,Thickness_5pos,,,,39,39,18,OFAT,19.972,14.411550521850586
fivepos,Augmented,,XGBoost,48,LOCO,Augmented,Thickness_5pos,,,,40,40,19,OFAT,17.589999999999996,14.597935676574707
fivepos,Augmented,,XGBoost,48,LOCO,Augmented,Thickness_5pos,,,,41,41,19,OFAT,9.268,14.597935676574707
fivepos,Augmented,,XGBoost,48,LOCO,Augmented,Thickness_5pos,,,,42,44,26,DOE,5.29,5.593637466430664
fivepos,Augmented,,XGBoost,48,LOCO,Augmented,Thickness_5pos,,,,43,45,27,DOE,30.401999999999997,23.543895721435547
fivepos,Augmented,,XGBoost,48,LOCO,Augmented,Thickness_5pos,,,,44,43,25,DOE,1.052,4.658261299133301
fivepos,Augmented,,XGBoost,48,LOCO,Augmented,Thickness_5pos,,,,45,46,28,DOE,32.35600000000001,23.773752212524414
fivepos,Augmented,,XGBoost,48,LOCO,Augmented,Thickness_5pos,,,,46,42,24,DOE,1.0859999999999999,3.6453027725219727
fivepos,Augmented,,XGBoost,48,LOCO,Augmented,Thickness_5pos,,,,47,49,31,DOE,25.630000000000003,26.637678146362305
fivepos,Augmented,,XGBoost,48,LOCO,Augmented,Thickness_5pos,,,,48,54,36,DOE,4.304,5.282878875732422
fivepos,Augmented,,XGBoost,48,LOCO,Augmented,Thickness_5pos,,,,49,52,34,DOE,22.592000000000002,25.260007858276367
fivepos,Augmented,,XGBoost,48,LOCO,Augmented,Thickness_5pos,,,,50,47,29,DOE,1.0540000000000003,3.887385368347168
fivepos,Augmented,,XGBoost,48,LOCO,Augmented,Thickness_5pos,,,,51,51,33,DOE,1.0999999999999999,-0.27692434191703796
fivepos,Augmented,,XGBoost,48,LOCO,Augmented,Thickness_5pos,,,,52,53,35,DOE,1.2719999999999998,1.6237692832946777
fivepos,Augmented,,XGBoost,48,LOCO,Augmented,Thickness_5pos,,,,53,56,38,DOE,22.052,25.584186553955078
fivepos,Augmented,,XGBoost,48,LOCO,Augmented,Thickness_5pos,,,,54,50,32,DOE,25.432,25.8969783782959
fivepos,Augmented,,XGBoost,48,LOCO,Augmented,Thickness_5pos,,,,55,48,30,DOE,26.165999999999997,23.541040420532227
fivepos,Augmented,,XGBoost,48,LOCO,Augmented,Thickness_5pos,,,,56,55,37,DOE,11.256,11.850221633911133
fivepos,Augmented,,XGBoost,49,LOCO,Augmented,Thickness_5pos,,,,0,0,0,OFAT,29.372000000000003,19.17171287536621
fivepos,Augmented,,XGBoost,49,LOCO,Augmented,Thickness_5pos,,,,1,1,1,OFAT,19.088,25.633609771728516
fivepos,Augmented,,XGBoost,49,LOCO,Augmented,Thickness_5pos,,,,2,2,2,OFAT,24.044,21.269376754760742
fivepos,Augmented,,XGBoost,49,LOCO,Augmented,Thickness_5pos,,,,3,3,3,OFAT,20.038,16.843313217163086
fivepos,Augmented,,XGBoost,49,LOCO,Augmented,Thickness_5pos,,,,4,4,4,OFAT,15.540000000000001,15.68982219696045
fivepos,Augmented,,XGBoost,49,LOCO,Augmented,Thickness_5pos,,,,5,5,5,OFAT,14.366,17.334131240844727
fivepos,Augmented,,XGBoost,49,LOCO,Augmented,Thickness_5pos,,,,6,6,6,OFAT,12.963999999999999,18.19601058959961
fivepos,Augmented,,XGBoost,49,LOCO,Augmented,Thickness_5pos,,,,7,7,7,OFAT,13.280000000000001,17.6761474609375
fivepos,Augmented,,XGBoost,49,LOCO,Augmented,Thickness_5pos,,,,8,8,8,OFAT,15.191999999999998,17.77066993713379
fivepos,Augmented,,XGBoost,49,LOCO,Augmented,Thickness_5pos,,,,9,9,9,OFAT,7.712000000000001,9.422137260437012
fivepos,Augmented,,XGBoost,49,LOCO,Augmented,Thickness_5pos,,,,10,10,10,OFAT,2.3760000000000003,9.114270210266113
fivepos,Augmented,,XGBoost,49,LOCO,Augmented,Thickness_5pos,,,,11,11,11,OFAT,7.786,8.319241523742676
fivepos,Augmented,,XGBoost,49,LOCO,Augmented,Thickness_5pos,,,,12,12,11,OFAT,9.190000000000001,8.319241523742676
fivepos,Augmented,,XGBoost,49,LOCO,Augmented,Thickness_5pos,,,,13,13,12,OFAT,7.714,8.645833015441895
fivepos,Augmented,,XGBoost,49,LOCO,Augmented,Thickness_5pos,,,,14,14,10,OFAT,6.81,9.114270210266113
fivepos,Augmented,,XGBoost,49,LOCO,Augmented,Thickness_5pos,,,,15,15,10,OFAT,16.612000000000002,9.114270210266113
fivepos,Augmented,,XGBoost,49,LOCO,Augmented,Thickness_5pos,,,,16,16,13,OFAT,14.952000000000002,13.535199165344238
fivepos,Augmented,,XGBoost,49,LOCO,Augmented,Thickness_5pos,,,,17,17,10,OFAT,10.623999999999999,9.114270210266113
fivepos,Augmented,,XGBoost,49,LOCO,Augmented,Thickness_5pos,,,,18,18,14,OFAT,24.566000000000003,18.1467342376709
fivepos,Augmented,,XGBoost,49,LOCO,Augmented,Thickness_5pos,,,,19,19,14,OFAT,28.262,18.1467342376709
fivepos,Augmented,,XGBoost,49,LOCO,Augmented,Thickness_5pos,,,,20,20,15,OFAT,7.484,4.765685081481934
fivepos,Augmented,,XGBoost,49,LOCO,Augmented,Thickness_5pos,,,,21,21,16,OFAT,15.064000000000002,9.057004928588867
fivepos,Augmented,,XGBoost,49,LOCO,Augmented,Thickness_5pos,,,,22,22,14,OFAT,33.33,18.1467342376709
fivepos,Augmented,,XGBoost,49,LOCO,Augmented,Thickness_5pos,,,,23,23,14,OFAT,23.546,18.1467342376709
fivepos,Augmented,,XGBoost,49,LOCO,Augmented,Thickness_5pos,,,,24,24,14,OFAT,25.130000000000003,18.1467342376709
fivepos,Augmented,,XGBoost,49,LOCO,Augmented,Thickness_5pos,,,,25,25,14,OFAT,22.818,18.1467342376709
fivepos,Augmented,,XGBoost,49,LOCO,Augmented,Thickness_5pos,,,,26,26,17,OFAT,18.386000000000003,17.630720138549805
fivepos,Augmented,,XGBoost,49,LOCO,Augmented,Thickness_5pos,,,,27,27,17,OFAT,18.174,17.630720138549805
fivepos,Augmented,,XGBoost,49,LOCO,Augmented,Thickness_5pos,,,,28,28,17,OFAT,24.241999999999997,17.630720138549805
fivepos,Augmented,,XGBoost,49,LOCO,Augmented,Thickness_5pos,,,,29,29,17,OFAT,18.942,17.630720138549805
fivepos,Augmented,,XGBoost,49,LOCO,Augmented,Thickness_5pos,,,,30,30,17,OFAT,18.624,17.630720138549805
fivepos,Augmented,,XGBoost,49,LOCO,Augmented,Thickness_5pos,,,,31,31,18,OFAT,15.928,14.360408782958984
fivepos,Augmented,,XGBoost,49,LOCO,Augmented,Thickness_5pos,,,,32,32,19,OFAT,10.406,14.790325164794922
fivepos,Augmented,,XGBoost,49,LOCO,Augmented,Thickness_5pos,,,,33,33,20,OFAT,5.188000000000001,7.546834945678711
fivepos,Augmented,,XGBoost,49,LOCO,Augmented,Thickness_5pos,,,,34,34,21,OFAT,1.198,2.4695420265197754
fivepos,Augmented,,XGBoost,49,LOCO,Augmented,Thickness_5pos,,,,35,35,22,OFAT,2.078,3.1032509803771973
fivepos,Augmented,,XGBoost,49,LOCO,Augmented,Thickness_5pos,,,,36,36,23,OFAT,3.6160000000000005,2.8776164054870605
fivepos,Augmented,,XGBoost,49,LOCO,Augmented,Thickness_5pos,,,,37,37,20,OFAT,12.488,7.546834945678711
fivepos,Augmented,,XGBoost,49,LOCO,Augmented,Thickness_5pos,,,,38,38,19,OFAT,15.386000000000001,14.790325164794922
fivepos,Augmented,,XGBoost,49,LOCO,Augmented,Thickness_5pos,,,,39,39,18,OFAT,19.972,14.360408782958984
fivepos,Augmented,,XGBoost,49,LOCO,Augmented,Thickness_5pos,,,,40,40,19,OFAT,17.589999999999996,14.790325164794922
fivepos,Augmented,,XGBoost,49,LOCO,Augmented,Thickness_5pos,,,,41,41,19,OFAT,9.268,14.790325164794922
fivepos,Augmented,,XGBoost,49,LOCO,Augmented,Thickness_5pos,,,,42,44,26,DOE,5.29,6.175255298614502
fivepos,Augmented,,XGBoost,49,LOCO,Augmented,Thickness_5pos,,,,43,45,27,DOE,30.401999999999997,21.742755889892578
fivepos,Augmented,,XGBoost,49,LOCO,Augmented,Thickness_5pos,,,,44,43,25,DOE,1.052,5.172196865081787
fivepos,Augmented,,XGBoost,49,LOCO,Augmented,Thickness_5pos,,,,45,46,28,DOE,32.35600000000001,23.80495834350586
fivepos,Augmented,,XGBoost,49,LOCO,Augmented,Thickness_5pos,,,,46,42,24,DOE,1.0859999999999999,2.2848899364471436
fivepos,Augmented,,XGBoost,49,LOCO,Augmented,Thickness_5pos,,,,47,49,31,DOE,25.630000000000003,24.869216918945312
fivepos,Augmented,,XGBoost,49,LOCO,Augmented,Thickness_5pos,,,,48,54,36,DOE,4.304,5.3799824714660645
fivepos,Augmented,,XGBoost,49,LOCO,Augmented,Thickness_5pos,,,,49,52,34,DOE,22.592000000000002,27.445106506347656
fivepos,Augmented,,XGBoost,49,LOCO,Augmented,Thickness_5pos,,,,50,47,29,DOE,1.0540000000000003,6.346749305725098
fivepos,Augmented,,XGBoost,49,LOCO,Augmented,Thickness_5pos,,,,51,51,33,DOE,1.0999999999999999,2.6328835487365723
fivepos,Augmented,,XGBoost,49,LOCO,Augmented,Thickness_5pos,,,,52,53,35,DOE,1.2719999999999998,1.9522732496261597
fivepos,Augmented,,XGBoost,49,LOCO,Augmented,Thickness_5pos,,,,53,56,38,DOE,22.052,25.90044593811035
fivepos,Augmented,,XGBoost,49,LOCO,Augmented,Thickness_5pos,,,,54,50,32,DOE,25.432,25.890743255615234
fivepos,Augmented,,XGBoost,49,LOCO,Augmented,Thickness_5pos,,,,55,48,30,DOE,26.165999999999997,23.74905014038086
fivepos,Augmented,,XGBoost,49,LOCO,Augmented,Thickness_5pos,,,,56,55,37,DOE,11.256,12.45341968536377
fivepos,Augmented,,XGBoost,50,LOCO,Augmented,Thickness_5pos,,,,0,0,0,OFAT,29.372000000000003,19.016769409179688
fivepos,Augmented,,XGBoost,50,LOCO,Augmented,Thickness_5pos,,,,1,1,1,OFAT,19.088,25.945581436157227
fivepos,Augmented,,XGBoost,50,LOCO,Augmented,Thickness_5pos,,,,2,2,2,OFAT,24.044,22.79151725769043
fivepos,Augmented,,XGBoost,50,LOCO,Augmented,Thickness_5pos,,,,3,3,3,OFAT,20.038,15.848624229431152
fivepos,Augmented,,XGBoost,50,LOCO,Augmented,Thickness_5pos,,,,4,4,4,OFAT,15.540000000000001,16.178564071655273
fivepos,Augmented,,XGBoost,50,LOCO,Augmented,Thickness_5pos,,,,5,5,5,OFAT,14.366,16.97772789001465
fivepos,Augmented,,XGBoost,50,LOCO,Augmented,Thickness_5pos,,,,6,6,6,OFAT,12.963999999999999,17.702970504760742
fivepos,Augmented,,XGBoost,50,LOCO,Augmented,Thickness_5pos,,,,7,7,7,OFAT,13.280000000000001,16.33972930908203
fivepos,Augmented,,XGBoost,50,LOCO,Augmented,Thickness_5pos,,,,8,8,8,OFAT,15.191999999999998,17.572200775146484
fivepos,Augmented,,XGBoost,50,LOCO,Augmented,Thickness_5pos,,,,9,9,9,OFAT,7.712000000000001,9.424246788024902
fivepos,Augmented,,XGBoost,50,LOCO,Augmented,Thickness_5pos,,,,10,10,10,OFAT,2.3760000000000003,8.82248592376709
fivepos,Augmented,,XGBoost,50,LOCO,Augmented,Thickness_5pos,,,,11,11,11,OFAT,7.786,8.073938369750977
fivepos,Augmented,,XGBoost,50,LOCO,Augmented,Thickness_5pos,,,,12,12,11,OFAT,9.190000000000001,8.073938369750977
fivepos,Augmented,,XGBoost,50,LOCO,Augmented,Thickness_5pos,,,,13,13,12,OFAT,7.714,8.693191528320312
fivepos,Augmented,,XGBoost,50,LOCO,Augmented,Thickness_5pos,,,,14,14,10,OFAT,6.81,8.82248592376709
fivepos,Augmented,,XGBoost,50,LOCO,Augmented,Thickness_5pos,,,,15,15,10,OFAT,16.612000000000002,8.82248592376709
fivepos,Augmented,,XGBoost,50,LOCO,Augmented,Thickness_5pos,,,,16,16,13,OFAT,14.952000000000002,14.947470664978027
fivepos,Augmented,,XGBoost,50,LOCO,Augmented,Thickness_5pos,,,,17,17,10,OFAT,10.623999999999999,8.82248592376709
fivepos,Augmented,,XGBoost,50,LOCO,Augmented,Thickness_5pos,,,,18,18,14,OFAT,24.566000000000003,19.421194076538086
fivepos,Augmented,,XGBoost,50,LOCO,Augmented,Thickness_5pos,,,,19,19,14,OFAT,28.262,19.421194076538086
fivepos,Augmented,,XGBoost,50,LOCO,Augmented,Thickness_5pos,,,,20,20,15,OFAT,7.484,5.478341102600098
fivepos,Augmented,,XGBoost,50,LOCO,Augmented,Thickness_5pos,,,,21,21,16,OFAT,15.064000000000002,9.169897079467773
fivepos,Augmented,,XGBoost,50,LOCO,Augmented,Thickness_5pos,,,,22,22,14,OFAT,33.33,19.421194076538086
fivepos,Augmented,,XGBoost,50,LOCO,Augmented,Thickness_5pos,,,,23,23,14,OFAT,23.546,19.421194076538086
fivepos,Augmented,,XGBoost,50,LOCO,Augmented,Thickness_5pos,,,,24,24,14,OFAT,25.130000000000003,19.421194076538086
fivepos,Augmented,,XGBoost,50,LOCO,Augmented,Thickness_5pos,,,,25,25,14,OFAT,22.818,19.421194076538086
fivepos,Augmented,,XGBoost,50,LOCO,Augmented,Thickness_5pos,,,,26,26,17,OFAT,18.386000000000003,18.202640533447266
fivepos,Augmented,,XGBoost,50,LOCO,Augmented,Thickness_5pos,,,,27,27,17,OFAT,18.174,18.202640533447266
fivepos,Augmented,,XGBoost,50,LOCO,Augmented,Thickness_5pos,,,,28,28,17,OFAT,24.241999999999997,18.202640533447266
fivepos,Augmented,,XGBoost,50,LOCO,Augmented,Thickness_5pos,,,,29,29,17,OFAT,18.942,18.202640533447266
fivepos,Augmented,,XGBoost,50,LOCO,Augmented,Thickness_5pos,,,,30,30,17,OFAT,18.624,18.202640533447266
fivepos,Augmented,,XGBoost,50,LOCO,Augmented,Thickness_5pos,,,,31,31,18,OFAT,15.928,14.771815299987793
fivepos,Augmented,,XGBoost,50,LOCO,Augmented,Thickness_5pos,,,,32,32,19,OFAT,10.406,14.878924369812012
fivepos,Augmented,,XGBoost,50,LOCO,Augmented,Thickness_5pos,,,,33,33,20,OFAT,5.188000000000001,7.432112693786621
fivepos,Augmented,,XGBoost,50,LOCO,Augmented,Thickness_5pos,,,,34,34,21,OFAT,1.198,3.0534520149230957
fivepos,Augmented,,XGBoost,50,LOCO,Augmented,Thickness_5pos,,,,35,35,22,OFAT,2.078,2.7559263706207275
fivepos,Augmented,,XGBoost,50,LOCO,Augmented,Thickness_5pos,,,,36,36,23,OFAT,3.6160000000000005,2.931138753890991
fivepos,Augmented,,XGBoost,50,LOCO,Augmented,Thickness_5pos,,,,37,37,20,OFAT,12.488,7.432112693786621
fivepos,Augmented,,XGBoost,50,LOCO,Augmented,Thickness_5pos,,,,38,38,19,OFAT,15.386000000000001,14.878924369812012
fivepos,Augmented,,XGBoost,50,LOCO,Augmented,Thickness_5pos,,,,39,39,18,OFAT,19.972,14.771815299987793
fivepos,Augmented,,XGBoost,50,LOCO,Augmented,Thickness_5pos,,,,40,40,19,OFAT,17.589999999999996,14.878924369812012
fivepos,Augmented,,XGBoost,50,LOCO,Augmented,Thickness_5pos,,,,41,41,19,OFAT,9.268,14.878924369812012
fivepos,Augmented,,XGBoost,50,LOCO,Augmented,Thickness_5pos,,,,42,44,26,DOE,5.29,5.538280487060547
fivepos,Augmented,,XGBoost,50,LOCO,Augmented,Thickness_5pos,,,,43,45,27,DOE,30.401999999999997,23.277515411376953
fivepos,Augmented,,XGBoost,50,LOCO,Augmented,Thickness_5pos,,,,44,43,25,DOE,1.052,3.945716619491577
fivepos,Augmented,,XGBoost,50,LOCO,Augmented,Thickness_5pos,,,,45,46,28,DOE,32.35600000000001,23.334835052490234
fivepos,Augmented,,XGBoost,50,LOCO,Augmented,Thickness_5pos,,,,46,42,24,DOE,1.0859999999999999,3.3196144104003906
fivepos,Augmented,,XGBoost,50,LOCO,Augmented,Thickness_5pos,,,,47,49,31,DOE,25.630000000000003,26.636363983154297
fivepos,Augmented,,XGBoost,50,LOCO,Augmented,Thickness_5pos,,,,48,54,36,DOE,4.304,4.326714038848877
fivepos,Augmented,,XGBoost,50,LOCO,Augmented,Thickness_5pos,,,,49,52,34,DOE,22.592000000000002,26.163530349731445
fivepos,Augmented,,XGBoost,50,LOCO,Augmented,Thickness_5pos,,,,50,47,29,DOE,1.0540000000000003,3.8281893730163574
fivepos,Augmented,,XGBoost,50,LOCO,Augmented,Thickness_5pos,,,,51,51,33,DOE,1.0999999999999999,3.012507915496826
fivepos,Augmented,,XGBoost,50,LOCO,Augmented,Thickness_5pos,,,,52,53,35,DOE,1.2719999999999998,1.5490721464157104
fivepos,Augmented,,XGBoost,50,LOCO,Augmented,Thickness_5pos,,,,53,56,38,DOE,22.052,25.429763793945312
fivepos,Augmented,,XGBoost,50,LOCO,Augmented,Thickness_5pos,,,,54,50,32,DOE,25.432,25.85276985168457
fivepos,Augmented,,XGBoost,50,LOCO,Augmented,Thickness_5pos,,,,55,48,30,DOE,26.165999999999997,24.9936580657959
fivepos,Augmented,,XGBoost,50,LOCO,Augmented,Thickness_5pos,,,,56,55,37,DOE,11.256,12.735746383666992
fivepos,Augmented,,XGBoost,51,LOCO,Augmented,Thickness_5pos,,,,0,0,0,OFAT,29.372000000000003,18.68360137939453
fivepos,Augmented,,XGBoost,51,LOCO,Augmented,Thickness_5pos,,,,1,1,1,OFAT,19.088,25.871313095092773
fivepos,Augmented,,XGBoost,51,LOCO,Augmented,Thickness_5pos,,,,2,2,2,OFAT,24.044,23.284832000732422
fivepos,Augmented,,XGBoost,51,LOCO,Augmented,Thickness_5pos,,,,3,3,3,OFAT,20.038,17.023595809936523
fivepos,Augmented,,XGBoost,51,LOCO,Augmented,Thickness_5pos,,,,4,4,4,OFAT,15.540000000000001,15.241508483886719
fivepos,Augmented,,XGBoost,51,LOCO,Augmented,Thickness_5pos,,,,5,5,5,OFAT,14.366,16.537353515625
fivepos,Augmented,,XGBoost,51,LOCO,Augmented,Thickness_5pos,,,,6,6,6,OFAT,12.963999999999999,17.241662979125977
fivepos,Augmented,,XGBoost,51,LOCO,Augmented,Thickness_5pos,,,,7,7,7,OFAT,13.280000000000001,13.186666488647461
fivepos,Augmented,,XGBoost,51,LOCO,Augmented,Thickness_5pos,,,,8,8,8,OFAT,15.191999999999998,17.48935317993164
fivepos,Augmented,,XGBoost,51,LOCO,Augmented,Thickness_5pos,,,,9,9,9,OFAT,7.712000000000001,9.64128589630127
fivepos,Augmented,,XGBoost,51,LOCO,Augmented,Thickness_5pos,,,,10,10,10,OFAT,2.3760000000000003,9.889616966247559
fivepos,Augmented,,XGBoost,51,LOCO,Augmented,Thickness_5pos,,,,11,11,11,OFAT,7.786,7.969903945922852
fivepos,Augmented,,XGBoost,51,LOCO,Augmented,Thickness_5pos,,,,12,12,11,OFAT,9.190000000000001,7.969903945922852
fivepos,Augmented,,XGBoost,51,LOCO,Augmented,Thickness_5pos,,,,13,13,12,OFAT,7.714,9.437217712402344
fivepos,Augmented,,XGBoost,51,LOCO,Augmented,Thickness_5pos,,,,14,14,10,OFAT,6.81,9.889616966247559
fivepos,Augmented,,XGBoost,51,LOCO,Augmented,Thickness_5pos,,,,15,15,10,OFAT,16.612000000000002,9.889616966247559
fivepos,Augmented,,XGBoost,51,LOCO,Augmented,Thickness_5pos,,,,16,16,13,OFAT,14.952000000000002,15.168145179748535
fivepos,Augmented,,XGBoost,51,LOCO,Augmented,Thickness_5pos,,,,17,17,10,OFAT,10.623999999999999,9.889616966247559
fivepos,Augmented,,XGBoost,51,LOCO,Augmented,Thickness_5pos,,,,18,18,14,OFAT,24.566000000000003,18.744958877563477
fivepos,Augmented,,XGBoost,51,LOCO,Augmented,Thickness_5pos,,,,19,19,14,OFAT,28.262,18.744958877563477
fivepos,Augmented,,XGBoost,51,LOCO,Augmented,Thickness_5pos,,,,20,20,15,OFAT,7.484,5.298635482788086
fivepos,Augmented,,XGBoost,51,LOCO,Augmented,Thickness_5pos,,,,21,21,16,OFAT,15.064000000000002,9.361696243286133
fivepos,Augmented,,XGBoost,51,LOCO,Augmented,Thickness_5pos,,,,22,22,14,OFAT,33.33,18.744958877563477
fivepos,Augmented,,XGBoost,51,LOCO,Augmented,Thickness_5pos,,,,23,23,14,OFAT,23.546,18.744958877563477
fivepos,Augmented,,XGBoost,51,LOCO,Augmented,Thickness_5pos,,,,24,24,14,OFAT,25.130000000000003,18.744958877563477
fivepos,Augmented,,XGBoost,51,LOCO,Augmented,Thickness_5pos,,,,25,25,14,OFAT,22.818,18.744958877563477
fivepos,Augmented,,XGBoost,51,LOCO,Augmented,Thickness_5pos,,,,26,26,17,OFAT,18.386000000000003,18.32249641418457
fivepos,Augmented,,XGBoost,51,LOCO,Augmented,Thickness_5pos,,,,27,27,17,OFAT,18.174,18.32249641418457
fivepos,Augmented,,XGBoost,51,LOCO,Augmented,Thickness_5pos,,,,28,28,17,OFAT,24.241999999999997,18.32249641418457
fivepos,Augmented,,XGBoost,51,LOCO,Augmented,Thickness_5pos,,,,29,29,17,OFAT,18.942,18.32249641418457
fivepos,Augmented,,XGBoost,51,LOCO,Augmented,Thickness_5pos,,,,30,30,17,OFAT,18.624,18.32249641418457
fivepos,Augmented,,XGBoost,51,LOCO,Augmented,Thickness_5pos,,,,31,31,18,OFAT,15.928,14.218825340270996
fivepos,Augmented,,XGBoost,51,LOCO,Augmented,Thickness_5pos,,,,32,32,19,OFAT,10.406,14.883848190307617
fivepos,Augmented,,XGBoost,51,LOCO,Augmented,Thickness_5pos,,,,33,33,20,OFAT,5.188000000000001,7.288407325744629
fivepos,Augmented,,XGBoost,51,LOCO,Augmented,Thickness_5pos,,,,34,34,21,OFAT,1.198,2.8986661434173584
fivepos,Augmented,,XGBoost,51,LOCO,Augmented,Thickness_5pos,,,,35,35,22,OFAT,2.078,2.5342602729797363
fivepos,Augmented,,XGBoost,51,LOCO,Augmented,Thickness_5pos,,,,36,36,23,OFAT,3.6160000000000005,2.6719207763671875
fivepos,Augmented,,XGBoost,51,LOCO,Augmented,Thickness_5pos,,,,37,37,20,OFAT,12.488,7.288407325744629
fivepos,Augmented,,XGBoost,51,LOCO,Augmented,Thickness_5pos,,,,38,38,19,OFAT,15.386000000000001,14.883848190307617
fivepos,Augmented,,XGBoost,51,LOCO,Augmented,Thickness_5pos,,,,39,39,18,OFAT,19.972,14.218825340270996
fivepos,Augmented,,XGBoost,51,LOCO,Augmented,Thickness_5pos,,,,40,40,19,OFAT,17.589999999999996,14.883848190307617
fivepos,Augmented,,XGBoost,51,LOCO,Augmented,Thickness_5pos,,,,41,41,19,OFAT,9.268,14.883848190307617
fivepos,Augmented,,XGBoost,51,LOCO,Augmented,Thickness_5pos,,,,42,44,26,DOE,5.29,5.417088985443115
fivepos,Augmented,,XGBoost,51,LOCO,Augmented,Thickness_5pos,,,,43,45,27,DOE,30.401999999999997,25.2071533203125
fivepos,Augmented,,XGBoost,51,LOCO,Augmented,Thickness_5pos,,,,44,43,25,DOE,1.052,4.0136847496032715
fivepos,Augmented,,XGBoost,51,LOCO,Augmented,Thickness_5pos,,,,45,46,28,DOE,32.35600000000001,24.356233596801758
fivepos,Augmented,,XGBoost,51,LOCO,Augmented,Thickness_5pos,,,,46,42,24,DOE,1.0859999999999999,2.0231194496154785
fivepos,Augmented,,XGBoost,51,LOCO,Augmented,Thickness_5pos,,,,47,49,31,DOE,25.630000000000003,26.338733673095703
fivepos,Augmented,,XGBoost,51,LOCO,Augmented,Thickness_5pos,,,,48,54,36,DOE,4.304,4.436385631561279
fivepos,Augmented,,XGBoost,51,LOCO,Augmented,Thickness_5pos,,,,49,52,34,DOE,22.592000000000002,26.015907287597656
fivepos,Augmented,,XGBoost,51,LOCO,Augmented,Thickness_5pos,,,,50,47,29,DOE,1.0540000000000003,5.251704216003418
fivepos,Augmented,,XGBoost,51,LOCO,Augmented,Thickness_5pos,,,,51,51,33,DOE,1.0999999999999999,2.1377806663513184
fivepos,Augmented,,XGBoost,51,LOCO,Augmented,Thickness_5pos,,,,52,53,35,DOE,1.2719999999999998,2.706890344619751
fivepos,Augmented,,XGBoost,51,LOCO,Augmented,Thickness_5pos,,,,53,56,38,DOE,22.052,25.88845443725586
fivepos,Augmented,,XGBoost,51,LOCO,Augmented,Thickness_5pos,,,,54,50,32,DOE,25.432,26.068143844604492
fivepos,Augmented,,XGBoost,51,LOCO,Augmented,Thickness_5pos,,,,55,48,30,DOE,26.165999999999997,23.300519943237305
fivepos,Augmented,,XGBoost,51,LOCO,Augmented,Thickness_5pos,,,,56,55,37,DOE,11.256,11.441118240356445
fivepos,Augmented,,GPR,42,LOCO,Augmented,Thickness_5pos,,,,0,0,0,OFAT,29.372000000000003,18.479922523660292
fivepos,Augmented,,GPR,42,LOCO,Augmented,Thickness_5pos,,,,1,1,1,OFAT,19.088,24.049380439872074
fivepos,Augmented,,GPR,42,LOCO,Augmented,Thickness_5pos,,,,2,2,2,OFAT,24.044,19.079069962455296
fivepos,Augmented,,GPR,42,LOCO,Augmented,Thickness_5pos,,,,3,3,3,OFAT,20.038,16.930092178432385
fivepos,Augmented,,GPR,42,LOCO,Augmented,Thickness_5pos,,,,4,4,4,OFAT,15.540000000000001,19.910436658769648
fivepos,Augmented,,GPR,42,LOCO,Augmented,Thickness_5pos,,,,5,5,5,OFAT,14.366,19.972788442402592
fivepos,Augmented,,GPR,42,LOCO,Augmented,Thickness_5pos,,,,6,6,6,OFAT,12.963999999999999,20.019362203297586
fivepos,Augmented,,GPR,42,LOCO,Augmented,Thickness_5pos,,,,7,7,7,OFAT,13.280000000000001,19.99892798369264
fivepos,Augmented,,GPR,42,LOCO,Augmented,Thickness_5pos,,,,8,8,8,OFAT,15.191999999999998,19.91483203000165
fivepos,Augmented,,GPR,42,LOCO,Augmented,Thickness_5pos,,,,9,9,9,OFAT,7.712000000000001,11.376785688644468
fivepos,Augmented,,GPR,42,LOCO,Augmented,Thickness_5pos,,,,10,10,10,OFAT,2.3760000000000003,11.796515092040229
fivepos,Augmented,,GPR,42,LOCO,Augmented,Thickness_5pos,,,,11,11,11,OFAT,7.786,10.095501152411506
fivepos,Augmented,,GPR,42,LOCO,Augmented,Thickness_5pos,,,,12,12,11,OFAT,9.190000000000001,10.095501152411506
fivepos,Augmented,,GPR,42,LOCO,Augmented,Thickness_5pos,,,,13,13,12,OFAT,7.714,10.126821993746843
fivepos,Augmented,,GPR,42,LOCO,Augmented,Thickness_5pos,,,,14,14,10,OFAT,6.81,11.796515092040229
fivepos,Augmented,,GPR,42,LOCO,Augmented,Thickness_5pos,,,,15,15,10,OFAT,16.612000000000002,11.796515092040229
fivepos,Augmented,,GPR,42,LOCO,Augmented,Thickness_5pos,,,,16,16,13,OFAT,14.952000000000002,10.989287167118103
fivepos,Augmented,,GPR,42,LOCO,Augmented,Thickness_5pos,,,,17,17,10,OFAT,10.623999999999999,11.796515092040229
fivepos,Augmented,,GPR,42,LOCO,Augmented,Thickness_5pos,,,,18,18,14,OFAT,24.566000000000003,21.043471064666534
fivepos,Augmented,,GPR,42,LOCO,Augmented,Thickness_5pos,,,,19,19,14,OFAT,28.262,21.043471064666534
fivepos,Augmented,,GPR,42,LOCO,Augmented,Thickness_5pos,,,,20,20,15,OFAT,7.484,5.774699158049451
fivepos,Augmented,,GPR,42,LOCO,Augmented,Thickness_5pos,,,,21,21,16,OFAT,15.064000000000002,10.826564624813564
fivepos,Augmented,,GPR,42,LOCO,Augmented,Thickness_5pos,,,,22,22,14,OFAT,33.33,21.043471064666534
fivepos,Augmented,,GPR,42,LOCO,Augmented,Thickness_5pos,,,,23,23,14,OFAT,23.546,21.043471064666534
fivepos,Augmented,,GPR,42,LOCO,Augmented,Thickness_5pos,,,,24,24,14,OFAT,25.130000000000003,21.043471064666534
fivepos,Augmented,,GPR,42,LOCO,Augmented,Thickness_5pos,,,,25,25,14,OFAT,22.818,21.043471064666534
fivepos,Augmented,,GPR,42,LOCO,Augmented,Thickness_5pos,,,,26,26,17,OFAT,18.386000000000003,21.559612711270503
fivepos,Augmented,,GPR,42,LOCO,Augmented,Thickness_5pos,,,,27,27,17,OFAT,18.174,21.559612711270503
fivepos,Augmented,,GPR,42,LOCO,Augmented,Thickness_5pos,,,,28,28,17,OFAT,24.241999999999997,21.559612711270503
fivepos,Augmented,,GPR,42,LOCO,Augmented,Thickness_5pos,,,,29,29,17,OFAT,18.942,21.559612711270503
fivepos,Augmented,,GPR,42,LOCO,Augmented,Thickness_5pos,,,,30,30,17,OFAT,18.624,21.559612711270514
fivepos,Augmented,,GPR,42,LOCO,Augmented,Thickness_5pos,,,,31,31,18,OFAT,15.928,19.714050484601064
fivepos,Augmented,,GPR,42,LOCO,Augmented,Thickness_5pos,,,,32,32,19,OFAT,10.406,11.880174666618956
fivepos,Augmented,,GPR,42,LOCO,Augmented,Thickness_5pos,,,,33,33,20,OFAT,5.188000000000001,5.975008436906991
fivepos,Augmented,,GPR,42,LOCO,Augmented,Thickness_5pos,,,,34,34,21,OFAT,1.198,3.802091259095068
fivepos,Augmented,,GPR,42,LOCO,Augmented,Thickness_5pos,,,,35,35,22,OFAT,2.078,3.9464891496186336
fivepos,Augmented,,GPR,42,LOCO,Augmented,Thickness_5pos,,,,36,36,23,OFAT,3.6160000000000005,4.9293729499352015
fivepos,Augmented,,GPR,42,LOCO,Augmented,Thickness_5pos,,,,37,37,20,OFAT,12.488,5.975008436906991
fivepos,Augmented,,GPR,42,LOCO,Augmented,Thickness_5pos,,,,38,38,19,OFAT,15.386000000000001,11.880174666618956
fivepos,Augmented,,GPR,42,LOCO,Augmented,Thickness_5pos,,,,39,39,18,OFAT,19.972,19.714050484601064
fivepos,Augmented,,GPR,42,LOCO,Augmented,Thickness_5pos,,,,40,40,19,OFAT,17.589999999999996,11.880174666618956
fivepos,Augmented,,GPR,42,LOCO,Augmented,Thickness_5pos,,,,41,41,19,OFAT,9.268,11.880174666618956
fivepos,Augmented,,GPR,42,LOCO,Augmented,Thickness_5pos,,,,42,44,26,DOE,5.29,5.554565055757781
fivepos,Augmented,,GPR,42,LOCO,Augmented,Thickness_5pos,,,,43,45,27,DOE,30.401999999999997,25.272880557035002
fivepos,Augmented,,GPR,42,LOCO,Augmented,Thickness_5pos,,,,44,43,25,DOE,1.052,1.4503515696173999
fivepos,Augmented,,GPR,42,LOCO,Augmented,Thickness_5pos,,,,45,46,28,DOE,32.35600000000001,22.764469486291887
fivepos,Augmented,,GPR,42,LOCO,Augmented,Thickness_5pos,,,,46,42,24,DOE,1.0859999999999999,-0.2533243790453277
fivepos,Augmented,,GPR,42,LOCO,Augmented,Thickness_5pos,,,,47,49,31,DOE,25.630000000000003,27.86363010189714
fivepos,Augmented,,GPR,42,LOCO,Augmented,Thickness_5pos,,,,48,54,36,DOE,4.304,6.884486202328093
fivepos,Augmented,,GPR,42,LOCO,Augmented,Thickness_5pos,,,,49,52,34,DOE,22.592000000000002,29.82523742051895
fivepos,Augmented,,GPR,42,LOCO,Augmented,Thickness_5pos,,,,50,47,29,DOE,1.0540000000000003,2.615784256534752
fivepos,Augmented,,GPR,42,LOCO,Augmented,Thickness_5pos,,,,51,51,33,DOE,1.0999999999999999,0.165509787868249
fivepos,Augmented,,GPR,42,LOCO,Augmented,Thickness_5pos,,,,52,53,35,DOE,1.2719999999999998,1.3450781098283127
fivepos,Augmented,,GPR,42,LOCO,Augmented,Thickness_5pos,,,,53,56,38,DOE,22.052,28.14942619911679
fivepos,Augmented,,GPR,42,LOCO,Augmented,Thickness_5pos,,,,54,50,32,DOE,25.432,27.988815426142438
fivepos,Augmented,,GPR,42,LOCO,Augmented,Thickness_5pos,,,,55,48,30,DOE,26.165999999999997,23.7214948775853
fivepos,Augmented,,GPR,42,LOCO,Augmented,Thickness_5pos,,,,56,55,37,DOE,11.256,15.52947857450591
fivepos,Augmented,,GPR,43,LOCO,Augmented,Thickness_5pos,,,,0,0,0,OFAT,29.372000000000003,18.47992669609984
fivepos,Augmented,,GPR,43,LOCO,Augmented,Thickness_5pos,,,,1,1,1,OFAT,19.088,24.04938028801545
fivepos,Augmented,,GPR,43,LOCO,Augmented,Thickness_5pos,,,,2,2,2,OFAT,24.044,19.079071204283046
fivepos,Augmented,,GPR,43,LOCO,Augmented,Thickness_5pos,,,,3,3,3,OFAT,20.038,16.930097033100353
fivepos,Augmented,,GPR,43,LOCO,Augmented,Thickness_5pos,,,,4,4,4,OFAT,15.540000000000001,19.91043678544448
fivepos,Augmented,,GPR,43,LOCO,Augmented,Thickness_5pos,,,,5,5,5,OFAT,14.366,19.972787769754994
fivepos,Augmented,,GPR,43,LOCO,Augmented,Thickness_5pos,,,,6,6,6,OFAT,12.963999999999999,20.01936193228546
fivepos,Augmented,,GPR,43,LOCO,Augmented,Thickness_5pos,,,,7,7,7,OFAT,13.280000000000001,19.998927422560566
fivepos,Augmented,,GPR,43,LOCO,Augmented,Thickness_5pos,,,,8,8,8,OFAT,15.191999999999998,19.91482959841124
fivepos,Augmented,,GPR,43,LOCO,Augmented,Thickness_5pos,,,,9,9,9,OFAT,7.712000000000001,11.376779650199008
fivepos,Augmented,,GPR,43,LOCO,Augmented,Thickness_5pos,,,,10,10,10,OFAT,2.3760000000000003,11.79651355297506
fivepos,Augmented,,GPR,43,LOCO,Augmented,Thickness_5pos,,,,11,11,11,OFAT,7.786,10.095503439902293
fivepos,Augmented,,GPR,43,LOCO,Augmented,Thickness_5pos,,,,12,12,11,OFAT,9.190000000000001,10.095503439902293
fivepos,Augmented,,GPR,43,LOCO,Augmented,Thickness_5pos,,,,13,13,12,OFAT,7.714,10.126818480016894
fivepos,Augmented,,GPR,43,LOCO,Augmented,Thickness_5pos,,,,14,14,10,OFAT,6.81,11.79651355297506
fivepos,Augmented,,GPR,43,LOCO,Augmented,Thickness_5pos,,,,15,15,10,OFAT,16.612000000000002,11.79651355297506
fivepos,Augmented,,GPR,43,LOCO,Augmented,Thickness_5pos,,,,16,16,13,OFAT,14.952000000000002,10.989283808062197
fivepos,Augmented,,GPR,43,LOCO,Augmented,Thickness_5pos,,,,17,17,10,OFAT,10.623999999999999,11.79651355297506
fivepos,Augmented,,GPR,43,LOCO,Augmented,Thickness_5pos,,,,18,18,14,OFAT,24.566000000000003,21.043473509851562
fivepos,Augmented,,GPR,43,LOCO,Augmented,Thickness_5pos,,,,19,19,14,OFAT,28.262,21.043473509851562
fivepos,Augmented,,GPR,43,LOCO,Augmented,Thickness_5pos,,,,20,20,15,OFAT,7.484,5.774699143726091
fivepos,Augmented,,GPR,43,LOCO,Augmented,Thickness_5pos,,,,21,21,16,OFAT,15.064000000000002,10.826525617169663
fivepos,Augmented,,GPR,43,LOCO,Augmented,Thickness_5pos,,,,22,22,14,OFAT,33.33,21.043473509851562
fivepos,Augmented,,GPR,43,LOCO,Augmented,Thickness_5pos,,,,23,23,14,OFAT,23.546,21.043473509851562
fivepos,Augmented,,GPR,43,LOCO,Augmented,Thickness_5pos,,,,24,24,14,OFAT,25.130000000000003,21.043473509851594
fivepos,Augmented,,GPR,43,LOCO,Augmented,Thickness_5pos,,,,25,25,14,OFAT,22.818,21.043473509851594
fivepos,Augmented,,GPR,43,LOCO,Augmented,Thickness_5pos,,,,26,26,17,OFAT,18.386000000000003,21.559613586098987
fivepos,Augmented,,GPR,43,LOCO,Augmented,Thickness_5pos,,,,27,27,17,OFAT,18.174,21.559613586098987
fivepos,Augmented,,GPR,43,LOCO,Augmented,Thickness_5pos,,,,28,28,17,OFAT,24.241999999999997,21.559613586098987
fivepos,Augmented,,GPR,43,LOCO,Augmented,Thickness_5pos,,,,29,29,17,OFAT,18.942,21.559613586098987
fivepos,Augmented,,GPR,43,LOCO,Augmented,Thickness_5pos,,,,30,30,17,OFAT,18.624,21.559613586098994
fivepos,Augmented,,GPR,43,LOCO,Augmented,Thickness_5pos,,,,31,31,18,OFAT,15.928,19.714051650650795
fivepos,Augmented,,GPR,43,LOCO,Augmented,Thickness_5pos,,,,32,32,19,OFAT,10.406,11.880174666618956
fivepos,Augmented,,GPR,43,LOCO,Augmented,Thickness_5pos,,,,33,33,20,OFAT,5.188000000000001,5.975012826143667
fivepos,Augmented,,GPR,43,LOCO,Augmented,Thickness_5pos,,,,34,34,21,OFAT,1.198,3.802082388243873
fivepos,Augmented,,GPR,43,LOCO,Augmented,Thickness_5pos,,,,35,35,22,OFAT,2.078,3.9464886175222436
fivepos,Augmented,,GPR,43,LOCO,Augmented,Thickness_5pos,,,,36,36,23,OFAT,3.6160000000000005,4.92937496471113
fivepos,Augmented,,GPR,43,LOCO,Augmented,Thickness_5pos,,,,37,37,20,OFAT,12.488,5.975012826143667
fivepos,Augmented,,GPR,43,LOCO,Augmented,Thickness_5pos,,,,38,38,19,OFAT,15.386000000000001,11.880174666618956
fivepos,Augmented,,GPR,43,LOCO,Augmented,Thickness_5pos,,,,39,39,18,OFAT,19.972,19.714051650650795
fivepos,Augmented,,GPR,43,LOCO,Augmented,Thickness_5pos,,,,40,40,19,OFAT,17.589999999999996,11.880174666618956
fivepos,Augmented,,GPR,43,LOCO,Augmented,Thickness_5pos,,,,41,41,19,OFAT,9.268,11.880174666618956
fivepos,Augmented,,GPR,43,LOCO,Augmented,Thickness_5pos,,,,42,44,26,DOE,5.29,5.554571730025032
fivepos,Augmented,,GPR,43,LOCO,Augmented,Thickness_5pos,,,,43,45,27,DOE,30.401999999999997,25.272879059375683
fivepos,Augmented,,GPR,43,LOCO,Augmented,Thickness_5pos,,,,44,43,25,DOE,1.052,1.4502490625046587
fivepos,Augmented,,GPR,43,LOCO,Augmented,Thickness_5pos,,,,45,46,28,DOE,32.35600000000001,22.76446459864134
fivepos,Augmented,,GPR,43,LOCO,Augmented,Thickness_5pos,,,,46,42,24,DOE,1.0859999999999999,-0.25335637732219496
fivepos,Augmented,,GPR,43,LOCO,Augmented,Thickness_5pos,,,,47,49,31,DOE,25.630000000000003,27.863630813343228
fivepos,Augmented,,GPR,43,LOCO,Augmented,Thickness_5pos,,,,48,54,36,DOE,4.304,6.8844898627215585
fivepos,Augmented,,GPR,43,LOCO,Augmented,Thickness_5pos,,,,49,52,34,DOE,22.592000000000002,29.82524143315748
fivepos,Augmented,,GPR,43,LOCO,Augmented,Thickness_5pos,,,,50,47,29,DOE,1.0540000000000003,2.6158827025710387
fivepos,Augmented,,GPR,43,LOCO,Augmented,Thickness_5pos,,,,51,51,33,DOE,1.0999999999999999,0.16550918902165535
fivepos,Augmented,,GPR,43,LOCO,Augmented,Thickness_5pos,,,,52,53,35,DOE,1.2719999999999998,1.3450647470107935
fivepos,Augmented,,GPR,43,LOCO,Augmented,Thickness_5pos,,,,53,56,38,DOE,22.052,28.149427878584323
fivepos,Augmented,,GPR,43,LOCO,Augmented,Thickness_5pos,,,,54,50,32,DOE,25.432,27.98882415574311
fivepos,Augmented,,GPR,43,LOCO,Augmented,Thickness_5pos,,,,55,48,30,DOE,26.165999999999997,23.721497652794763
fivepos,Augmented,,GPR,43,LOCO,Augmented,Thickness_5pos,,,,56,55,37,DOE,11.256,15.529478518160776
fivepos,Augmented,,GPR,44,LOCO,Augmented,Thickness_5pos,,,,0,0,0,OFAT,29.372000000000003,18.479922489261327
fivepos,Augmented,,GPR,44,LOCO,Augmented,Thickness_5pos,,,,1,1,1,OFAT,19.088,24.049380247977304
fivepos,Augmented,,GPR,44,LOCO,Augmented,Thickness_5pos,,,,2,2,2,OFAT,24.044,19.079071601618228
fivepos,Augmented,,GPR,44,LOCO,Augmented,Thickness_5pos,,,,3,3,3,OFAT,20.038,16.930091595824276
fivepos,Augmented,,GPR,44,LOCO,Augmented,Thickness_5pos,,,,4,4,4,OFAT,15.540000000000001,19.910436590770274
fivepos,Augmented,,GPR,44,LOCO,Augmented,Thickness_5pos,,,,5,5,5,OFAT,14.366,19.97278837812205
fivepos,Augmented,,GPR,44,LOCO,Augmented,Thickness_5pos,,,,6,6,6,OFAT,12.963999999999999,20.019362407313526
fivepos,Augmented,,GPR,44,LOCO,Augmented,Thickness_5pos,,,,7,7,7,OFAT,13.280000000000001,19.998927478547447
fivepos,Augmented,,GPR,44,LOCO,Augmented,Thickness_5pos,,,,8,8,8,OFAT,15.191999999999998,19.91483201331507
fivepos,Augmented,,GPR,44,LOCO,Augmented,Thickness_5pos,,,,9,9,9,OFAT,7.712000000000001,11.376788739520423
fivepos,Augmented,,GPR,44,LOCO,Augmented,Thickness_5pos,,,,10,10,10,OFAT,2.3760000000000003,11.796515077498293
fivepos,Augmented,,GPR,44,LOCO,Augmented,Thickness_5pos,,,,11,11,11,OFAT,7.786,10.095501119735292
fivepos,Augmented,,GPR,44,LOCO,Augmented,Thickness_5pos,,,,12,12,11,OFAT,9.190000000000001,10.095501119735292
fivepos,Augmented,,GPR,44,LOCO,Augmented,Thickness_5pos,,,,13,13,12,OFAT,7.714,10.126820782338005
fivepos,Augmented,,GPR,44,LOCO,Augmented,Thickness_5pos,,,,14,14,10,OFAT,6.81,11.796515077498293
fivepos,Augmented,,GPR,44,LOCO,Augmented,Thickness_5pos,,,,15,15,10,OFAT,16.612000000000002,11.796515077498293
fivepos,Augmented,,GPR,44,LOCO,Augmented,Thickness_5pos,,,,16,16,13,OFAT,14.952000000000002,10.989286585112977
fivepos,Augmented,,GPR,44,LOCO,Augmented,Thickness_5pos,,,,17,17,10,OFAT,10.623999999999999,11.796515077498293
fivepos,Augmented,,GPR,44,LOCO,Augmented,Thickness_5pos,,,,18,18,14,OFAT,24.566000000000003,21.043476894003987
fivepos,Augmented,,GPR,44,LOCO,Augmented,Thickness_5pos,,,,19,19,14,OFAT,28.262,21.043476894003987
fivepos,Augmented,,GPR,44,LOCO,Augmented,Thickness_5pos,,,,20,20,15,OFAT,7.484,5.774698372233139
fivepos,Augmented,,GPR,44,LOCO,Augmented,Thickness_5pos,,,,21,21,16,OFAT,15.064000000000002,10.826526845314234
fivepos,Augmented,,GPR,44,LOCO,Augmented,Thickness_5pos,,,,22,22,14,OFAT,33.33,21.043476894003987
fivepos,Augmented,,GPR,44,LOCO,Augmented,Thickness_5pos,,,,23,23,14,OFAT,23.546,21.043476894003987
fivepos,Augmented,,GPR,44,LOCO,Augmented,Thickness_5pos,,,,24,24,14,OFAT,25.130000000000003,21.04347689400395
fivepos,Augmented,,GPR,44,LOCO,Augmented,Thickness_5pos,,,,25,25,14,OFAT,22.818,21.04347689400395
fivepos,Augmented,,GPR,44,LOCO,Augmented,Thickness_5pos,,,,26,26,17,OFAT,18.386000000000003,21.559613371674093
fivepos,Augmented,,GPR,44,LOCO,Augmented,Thickness_5pos,,,,27,27,17,OFAT,18.174,21.559613371674093
fivepos,Augmented,,GPR,44,LOCO,Augmented,Thickness_5pos,,,,28,28,17,OFAT,24.241999999999997,21.559613371674093
fivepos,Augmented,,GPR,44,LOCO,Augmented,Thickness_5pos,,,,29,29,17,OFAT,18.942,21.559613371674093
fivepos,Augmented,,GPR,44,LOCO,Augmented,Thickness_5pos,,,,30,30,17,OFAT,18.624,21.559613371674068
fivepos,Augmented,,GPR,44,LOCO,Augmented,Thickness_5pos,,,,31,31,18,OFAT,15.928,19.714052341744132
fivepos,Augmented,,GPR,44,LOCO,Augmented,Thickness_5pos,,,,32,32,19,OFAT,10.406,11.880174224526776
fivepos,Augmented,,GPR,44,LOCO,Augmented,Thickness_5pos,,,,33,33,20,OFAT,5.188000000000001,5.975018044019304
fivepos,Augmented,,GPR,44,LOCO,Augmented,Thickness_5pos,,,,34,34,21,OFAT,1.198,3.802087961432793
fivepos,Augmented,,GPR,44,LOCO,Augmented,Thickness_5pos,,,,35,35,22,OFAT,2.078,3.946484691399718
fivepos,Augmented,,GPR,44,LOCO,Augmented,Thickness_5pos,,,,36,36,23,OFAT,3.6160000000000005,4.929362359383413
fivepos,Augmented,,GPR,44,LOCO,Augmented,Thickness_5pos,,,,37,37,20,OFAT,12.488,5.975018044019304
fivepos,Augmented,,GPR,44,LOCO,Augmented,Thickness_5pos,,,,38,38,19,OFAT,15.386000000000001,11.880174224526776
fivepos,Augmented,,GPR,44,LOCO,Augmented,Thickness_5pos,,,,39,39,18,OFAT,19.972,19.714052341744132
fivepos,Augmented,,GPR,44,LOCO,Augmented,Thickness_5pos,,,,40,40,19,OFAT,17.589999999999996,11.880174224526776
fivepos,Augmented,,GPR,44,LOCO,Augmented,Thickness_5pos,,,,41,41,19,OFAT,9.268,11.880174224526776
fivepos,Augmented,,GPR,44,LOCO,Augmented,Thickness_5pos,,,,42,44,26,DOE,5.29,5.554570866631202
fivepos,Augmented,,GPR,44,LOCO,Augmented,Thickness_5pos,,,,43,45,27,DOE,30.401999999999997,25.27289599902219
fivepos,Augmented,,GPR,44,LOCO,Augmented,Thickness_5pos,,,,44,43,25,DOE,1.052,1.4502652922157626
fivepos,Augmented,,GPR,44,LOCO,Augmented,Thickness_5pos,,,,45,46,28,DOE,32.35600000000001,22.76446881871012
fivepos,Augmented,,GPR,44,LOCO,Augmented,Thickness_5pos,,,,46,42,24,DOE,1.0859999999999999,-0.25334099855584924
fivepos,Augmented,,GPR,44,LOCO,Augmented,Thickness_5pos,,,,47,49,31,DOE,25.630000000000003,27.863637566874473
fivepos,Augmented,,GPR,44,LOCO,Augmented,Thickness_5pos,,,,48,54,36,DOE,4.304,6.884490909222366
fivepos,Augmented,,GPR,44,LOCO,Augmented,Thickness_5pos,,,,49,52,34,DOE,22.592000000000002,29.825237182626
fivepos,Augmented,,GPR,44,LOCO,Augmented,Thickness_5pos,,,,50,47,29,DOE,1.0540000000000003,2.6157758499473562
fivepos,Augmented,,GPR,44,LOCO,Augmented,Thickness_5pos,,,,51,51,33,DOE,1.0999999999999999,0.16550056463272078
fivepos,Augmented,,GPR,44,LOCO,Augmented,Thickness_5pos,,,,52,53,35,DOE,1.2719999999999998,1.345050557577462
fivepos,Augmented,,GPR,44,LOCO,Augmented,Thickness_5pos,,,,53,56,38,DOE,22.052,28.149426825565314
fivepos,Augmented,,GPR,44,LOCO,Augmented,Thickness_5pos,,,,54,50,32,DOE,25.432,27.98883617238711
fivepos,Augmented,,GPR,44,LOCO,Augmented,Thickness_5pos,,,,55,48,30,DOE,26.165999999999997,23.721496648685928
fivepos,Augmented,,GPR,44,LOCO,Augmented,Thickness_5pos,,,,56,55,37,DOE,11.256,15.529478579430046
fivepos,Augmented,,GPR,45,LOCO,Augmented,Thickness_5pos,,,,0,0,0,OFAT,29.372000000000003,18.47992291481266
fivepos,Augmented,,GPR,45,LOCO,Augmented,Thickness_5pos,,,,1,1,1,OFAT,19.088,24.04936755973396
fivepos,Augmented,,GPR,45,LOCO,Augmented,Thickness_5pos,,,,2,2,2,OFAT,24.044,19.07907193961737
fivepos,Augmented,,GPR,45,LOCO,Augmented,Thickness_5pos,,,,3,3,3,OFAT,20.038,16.930096334218256
fivepos,Augmented,,GPR,45,LOCO,Augmented,Thickness_5pos,,,,4,4,4,OFAT,15.540000000000001,19.91043704867157
fivepos,Augmented,,GPR,45,LOCO,Augmented,Thickness_5pos,,,,5,5,5,OFAT,14.366,19.97278841016307
fivepos,Augmented,,GPR,45,LOCO,Augmented,Thickness_5pos,,,,6,6,6,OFAT,12.963999999999999,20.019361609957407
fivepos,Augmented,,GPR,45,LOCO,Augmented,Thickness_5pos,,,,7,7,7,OFAT,13.280000000000001,19.998927485134143
fivepos,Augmented,,GPR,45,LOCO,Augmented,Thickness_5pos,,,,8,8,8,OFAT,15.191999999999998,19.914832480430373
fivepos,Augmented,,GPR,45,LOCO,Augmented,Thickness_5pos,,,,9,9,9,OFAT,7.712000000000001,11.376771518421048
fivepos,Augmented,,GPR,45,LOCO,Augmented,Thickness_5pos,,,,10,10,10,OFAT,2.3760000000000003,11.796514459697292
fivepos,Augmented,,GPR,45,LOCO,Augmented,Thickness_5pos,,,,11,11,11,OFAT,7.786,10.095501813388719
fivepos,Augmented,,GPR,45,LOCO,Augmented,Thickness_5pos,,,,12,12,11,OFAT,9.190000000000001,10.095501813388719
fivepos,Augmented,,GPR,45,LOCO,Augmented,Thickness_5pos,,,,13,13,12,OFAT,7.714,10.126820848302582
fivepos,Augmented,,GPR,45,LOCO,Augmented,Thickness_5pos,,,,14,14,10,OFAT,6.81,11.796514459697292
fivepos,Augmented,,GPR,45,LOCO,Augmented,Thickness_5pos,,,,15,15,10,OFAT,16.612000000000002,11.796514459697292
fivepos,Augmented,,GPR,45,LOCO,Augmented,Thickness_5pos,,,,16,16,13,OFAT,14.952000000000002,10.989285868132377
fivepos,Augmented,,GPR,45,LOCO,Augmented,Thickness_5pos,,,,17,17,10,OFAT,10.623999999999999,11.796514459697292
fivepos,Augmented,,GPR,45,LOCO,Augmented,Thickness_5pos,,,,18,18,14,OFAT,24.566000000000003,21.04347076749374
fivepos,Augmented,,GPR,45,LOCO,Augmented,Thickness_5pos,,,,19,19,14,OFAT,28.262,21.04347076749374
fivepos,Augmented,,GPR,45,LOCO,Augmented,Thickness_5pos,,,,20,20,15,OFAT,7.484,5.774699182672585
fivepos,Augmented,,GPR,45,LOCO,Augmented,Thickness_5pos,,,,21,21,16,OFAT,15.064000000000002,10.826527290812018
fivepos,Augmented,,GPR,45,LOCO,Augmented,Thickness_5pos,,,,22,22,14,OFAT,33.33,21.04347076749374
fivepos,Augmented,,GPR,45,LOCO,Augmented,Thickness_5pos,,,,23,23,14,OFAT,23.546,21.04347076749374
fivepos,Augmented,,GPR,45,LOCO,Augmented,Thickness_5pos,,,,24,24,14,OFAT,25.130000000000003,21.043470767493744
fivepos,Augmented,,GPR,45,LOCO,Augmented,Thickness_5pos,,,,25,25,14,OFAT,22.818,21.043470767493744
fivepos,Augmented,,GPR,45,LOCO,Augmented,Thickness_5pos,,,,26,26,17,OFAT,18.386000000000003,21.55961275186354
fivepos,Augmented,,GPR,45,LOCO,Augmented,Thickness_5pos,,,,27,27,17,OFAT,18.174,21.55961275186354
fivepos,Augmented,,GPR,45,LOCO,Augmented,Thickness_5pos,,,,28,28,17,OFAT,24.241999999999997,21.55961275186354
fivepos,Augmented,,GPR,45,LOCO,Augmented,Thickness_5pos,,,,29,29,17,OFAT,18.942,21.55961275186354
fivepos,Augmented,,GPR,45,LOCO,Augmented,Thickness_5pos,,,,30,30,17,OFAT,18.624,21.55961275186354
fivepos,Augmented,,GPR,45,LOCO,Augmented,Thickness_5pos,,,,31,31,18,OFAT,15.928,19.714055778234812
fivepos,Augmented,,GPR,45,LOCO,Augmented,Thickness_5pos,,,,32,32,19,OFAT,10.406,11.880173840433468
fivepos,Augmented,,GPR,45,LOCO,Augmented,Thickness_5pos,,,,33,33,20,OFAT,5.188000000000001,5.975022654289768
fivepos,Augmented,,GPR,45,LOCO,Augmented,Thickness_5pos,,,,34,34,21,OFAT,1.198,3.802087011581273
fivepos,Augmented,,GPR,45,LOCO,Augmented,Thickness_5pos,,,,35,35,22,OFAT,2.078,3.946486638830777
fivepos,Augmented,,GPR,45,LOCO,Augmented,Thickness_5pos,,,,36,36,23,OFAT,3.6160000000000005,4.929339143190003
fivepos,Augmented,,GPR,45,LOCO,Augmented,Thickness_5pos,,,,37,37,20,OFAT,12.488,5.975022654289768
fivepos,Augmented,,GPR,45,LOCO,Augmented,Thickness_5pos,,,,38,38,19,OFAT,15.386000000000001,11.880173840433468
fivepos,Augmented,,GPR,45,LOCO,Augmented,Thickness_5pos,,,,39,39,18,OFAT,19.972,19.714055778234812
fivepos,Augmented,,GPR,45,LOCO,Augmented,Thickness_5pos,,,,40,40,19,OFAT,17.589999999999996,11.880173840433468
fivepos,Augmented,,GPR,45,LOCO,Augmented,Thickness_5pos,,,,41,41,19,OFAT,9.268,11.880173840433468
fivepos,Augmented,,GPR,45,LOCO,Augmented,Thickness_5pos,,,,42,44,26,DOE,5.29,5.554548932804122
fivepos,Augmented,,GPR,45,LOCO,Augmented,Thickness_5pos,,,,43,45,27,DOE,30.401999999999997,25.27286571559859
fivepos,Augmented,,GPR,45,LOCO,Augmented,Thickness_5pos,,,,44,43,25,DOE,1.052,1.450211762394309
fivepos,Augmented,,GPR,45,LOCO,Augmented,Thickness_5pos,,,,45,46,28,DOE,32.35600000000001,22.764469790256882
fivepos,Augmented,,GPR,45,LOCO,Augmented,Thickness_5pos,,,,46,42,24,DOE,1.0859999999999999,-0.252761848317375
fivepos,Augmented,,GPR,45,LOCO,Augmented,Thickness_5pos,,,,47,49,31,DOE,25.630000000000003,27.863627481301798
fivepos,Augmented,,GPR,45,LOCO,Augmented,Thickness_5pos,,,,48,54,36,DOE,4.304,6.8844926345826245
fivepos,Augmented,,GPR,45,LOCO,Augmented,Thickness_5pos,,,,49,52,34,DOE,22.592000000000002,29.82523820879892
fivepos,Augmented,,GPR,45,LOCO,Augmented,Thickness_5pos,,,,50,47,29,DOE,1.0540000000000003,2.61577698696024
fivepos,Augmented,,GPR,45,LOCO,Augmented,Thickness_5pos,,,,51,51,33,DOE,1.0999999999999999,0.16550851850091597
fivepos,Augmented,,GPR,45,LOCO,Augmented,Thickness_5pos,,,,52,53,35,DOE,1.2719999999999998,1.3451941110149974
fivepos,Augmented,,GPR,45,LOCO,Augmented,Thickness_5pos,,,,53,56,38,DOE,22.052,28.14943085305789
fivepos,Augmented,,GPR,45,LOCO,Augmented,Thickness_5pos,,,,54,50,32,DOE,25.432,27.988828282419124
fivepos,Augmented,,GPR,45,LOCO,Augmented,Thickness_5pos,,,,55,48,30,DOE,26.165999999999997,23.721496481098228
fivepos,Augmented,,GPR,45,LOCO,Augmented,Thickness_5pos,,,,56,55,37,DOE,11.256,15.529478568810653
fivepos,Augmented,,GPR,46,LOCO,Augmented,Thickness_5pos,,,,0,0,0,OFAT,29.372000000000003,18.479922592108895
fivepos,Augmented,,GPR,46,LOCO,Augmented,Thickness_5pos,,,,1,1,1,OFAT,19.088,24.04937971645832
fivepos,Augmented,,GPR,46,LOCO,Augmented,Thickness_5pos,,,,2,2,2,OFAT,24.044,19.079064938435064
fivepos,Augmented,,GPR,46,LOCO,Augmented,Thickness_5pos,,,,3,3,3,OFAT,20.038,16.93009109088961
fivepos,Augmented,,GPR,46,LOCO,Augmented,Thickness_5pos,,,,4,4,4,OFAT,15.540000000000001,19.9104366651313
fivepos,Augmented,,GPR,46,LOCO,Augmented,Thickness_5pos,,,,5,5,5,OFAT,14.366,19.972788404924707
fivepos,Augmented,,GPR,46,LOCO,Augmented,Thickness_5pos,,,,6,6,6,OFAT,12.963999999999999,20.01936213250272
fivepos,Augmented,,GPR,46,LOCO,Augmented,Thickness_5pos,,,,7,7,7,OFAT,13.280000000000001,19.998927452811802
fivepos,Augmented,,GPR,46,LOCO,Augmented,Thickness_5pos,,,,8,8,8,OFAT,15.191999999999998,19.914831980633423
fivepos,Augmented,,GPR,46,LOCO,Augmented,Thickness_5pos,,,,9,9,9,OFAT,7.712000000000001,11.376788738130273
fivepos,Augmented,,GPR,46,LOCO,Augmented,Thickness_5pos,,,,10,10,10,OFAT,2.3760000000000003,11.796514151622409
fivepos,Augmented,,GPR,46,LOCO,Augmented,Thickness_5pos,,,,11,11,11,OFAT,7.786,10.095501951645204
fivepos,Augmented,,GPR,46,LOCO,Augmented,Thickness_5pos,,,,12,12,11,OFAT,9.190000000000001,10.095501951645204
fivepos,Augmented,,GPR,46,LOCO,Augmented,Thickness_5pos,,,,13,13,12,OFAT,7.714,10.126821240786036
fivepos,Augmented,,GPR,46,LOCO,Augmented,Thickness_5pos,,,,14,14,10,OFAT,6.81,11.796514151622409
fivepos,Augmented,,GPR,46,LOCO,Augmented,Thickness_5pos,,,,15,15,10,OFAT,16.612000000000002,11.796514151622409
fivepos,Augmented,,GPR,46,LOCO,Augmented,Thickness_5pos,,,,16,16,13,OFAT,14.952000000000002,10.989288360571189
fivepos,Augmented,,GPR,46,LOCO,Augmented,Thickness_5pos,,,,17,17,10,OFAT,10.623999999999999,11.796514151622409
fivepos,Augmented,,GPR,46,LOCO,Augmented,Thickness_5pos,,,,18,18,14,OFAT,24.566000000000003,21.043471820412
fivepos,Augmented,,GPR,46,LOCO,Augmented,Thickness_5pos,,,,19,19,14,OFAT,28.262,21.043471820412
fivepos,Augmented,,GPR,46,LOCO,Augmented,Thickness_5pos,,,,20,20,15,OFAT,7.484,5.774699363282114
fivepos,Augmented,,GPR,46,LOCO,Augmented,Thickness_5pos,,,,21,21,16,OFAT,15.064000000000002,10.826523982178
fivepos,Augmented,,GPR,46,LOCO,Augmented,Thickness_5pos,,,,22,22,14,OFAT,33.33,21.043471820412
fivepos,Augmented,,GPR,46,LOCO,Augmented,Thickness_5pos,,,,23,23,14,OFAT,23.546,21.043471820412
fivepos,Augmented,,GPR,46,LOCO,Augmented,Thickness_5pos,,,,24,24,14,OFAT,25.130000000000003,21.043471820411977
fivepos,Augmented,,GPR,46,LOCO,Augmented,Thickness_5pos,,,,25,25,14,OFAT,22.818,21.043471820411977
fivepos,Augmented,,GPR,46,LOCO,Augmented,Thickness_5pos,,,,26,26,17,OFAT,18.386000000000003,21.55961300338459
fivepos,Augmented,,GPR,46,LOCO,Augmented,Thickness_5pos,,,,27,27,17,OFAT,18.174,21.55961300338459
fivepos,Augmented,,GPR,46,LOCO,Augmented,Thickness_5pos,,,,28,28,17,OFAT,24.241999999999997,21.55961300338459
fivepos,Augmented,,GPR,46,LOCO,Augmented,Thickness_5pos,,,,29,29,17,OFAT,18.942,21.55961300338459
fivepos,Augmented,,GPR,46,LOCO,Augmented,Thickness_5pos,,,,30,30,17,OFAT,18.624,21.55961300338461
fivepos,Augmented,,GPR,46,LOCO,Augmented,Thickness_5pos,,,,31,31,18,OFAT,15.928,19.71404275037616
fivepos,Augmented,,GPR,46,LOCO,Augmented,Thickness_5pos,,,,32,32,19,OFAT,10.406,11.880174880507413
fivepos,Augmented,,GPR,46,LOCO,Augmented,Thickness_5pos,,,,33,33,20,OFAT,5.188000000000001,5.975020947191171
fivepos,Augmented,,GPR,46,LOCO,Augmented,Thickness_5pos,,,,34,34,21,OFAT,1.198,3.8020780096458147
fivepos,Augmented,,GPR,46,LOCO,Augmented,Thickness_5pos,,,,35,35,22,OFAT,2.078,3.946490370728574
fivepos,Augmented,,GPR,46,LOCO,Augmented,Thickness_5pos,,,,36,36,23,OFAT,3.6160000000000005,4.929387326064592
fivepos,Augmented,,GPR,46,LOCO,Augmented,Thickness_5pos,,,,37,37,20,OFAT,12.488,5.975020947191171
fivepos,Augmented,,GPR,46,LOCO,Augmented,Thickness_5pos,,,,38,38,19,OFAT,15.386000000000001,11.880174880507413
fivepos,Augmented,,GPR,46,LOCO,Augmented,Thickness_5pos,,,,39,39,18,OFAT,19.972,19.71404275037616
fivepos,Augmented,,GPR,46,LOCO,Augmented,Thickness_5pos,,,,40,40,19,OFAT,17.589999999999996,11.880174880507413
fivepos,Augmented,,GPR,46,LOCO,Augmented,Thickness_5pos,,,,41,41,19,OFAT,9.268,11.880174880507413
fivepos,Augmented,,GPR,46,LOCO,Augmented,Thickness_5pos,,,,42,44,26,DOE,5.29,5.554569961633156
fivepos,Augmented,,GPR,46,LOCO,Augmented,Thickness_5pos,,,,43,45,27,DOE,30.401999999999997,25.27288266663092
fivepos,Augmented,,GPR,46,LOCO,Augmented,Thickness_5pos,,,,44,43,25,DOE,1.052,1.4502739854468807
fivepos,Augmented,,GPR,46,LOCO,Augmented,Thickness_5pos,,,,45,46,28,DOE,32.35600000000001,22.764467676448035
fivepos,Augmented,,GPR,46,LOCO,Augmented,Thickness_5pos,,,,46,42,24,DOE,1.0859999999999999,-0.2533180189726352
fivepos,Augmented,,GPR,46,LOCO,Augmented,Thickness_5pos,,,,47,49,31,DOE,25.630000000000003,27.863630210539217
fivepos,Augmented,,GPR,46,LOCO,Augmented,Thickness_5pos,,,,48,54,36,DOE,4.304,6.884494820638462
fivepos,Augmented,,GPR,46,LOCO,Augmented,Thickness_5pos,,,,49,52,34,DOE,22.592000000000002,29.82525247461021
fivepos,Augmented,,GPR,46,LOCO,Augmented,Thickness_5pos,,,,50,47,29,DOE,1.0540000000000003,2.594588911278958
fivepos,Augmented,,GPR,46,LOCO,Augmented,Thickness_5pos,,,,51,51,33,DOE,1.0999999999999999,0.16550649499172643
fivepos,Augmented,,GPR,46,LOCO,Augmented,Thickness_5pos,,,,52,53,35,DOE,1.2719999999999998,1.3588002361640452
fivepos,Augmented,,GPR,46,LOCO,Augmented,Thickness_5pos,,,,53,56,38,DOE,22.052,28.149428287775144
fivepos,Augmented,,GPR,46,LOCO,Augmented,Thickness_5pos,,,,54,50,32,DOE,25.432,27.988822901986126
fivepos,Augmented,,GPR,46,LOCO,Augmented,Thickness_5pos,,,,55,48,30,DOE,26.165999999999997,23.721495420509
fivepos,Augmented,,GPR,46,LOCO,Augmented,Thickness_5pos,,,,56,55,37,DOE,11.256,15.529478586244307
fivepos,Augmented,,GPR,47,LOCO,Augmented,Thickness_5pos,,,,0,0,0,OFAT,29.372000000000003,18.47992286515037
fivepos,Augmented,,GPR,47,LOCO,Augmented,Thickness_5pos,,,,1,1,1,OFAT,19.088,24.049374545115725
fivepos,Augmented,,GPR,47,LOCO,Augmented,Thickness_5pos,,,,2,2,2,OFAT,24.044,19.079071488365376
fivepos,Augmented,,GPR,47,LOCO,Augmented,Thickness_5pos,,,,3,3,3,OFAT,20.038,16.93009593228781
fivepos,Augmented,,GPR,47,LOCO,Augmented,Thickness_5pos,,,,4,4,4,OFAT,15.540000000000001,19.910436606639518
fivepos,Augmented,,GPR,47,LOCO,Augmented,Thickness_5pos,,,,5,5,5,OFAT,14.366,19.972788380333235
fivepos,Augmented,,GPR,47,LOCO,Augmented,Thickness_5pos,,,,6,6,6,OFAT,12.963999999999999,20.0193619792395
fivepos,Augmented,,GPR,47,LOCO,Augmented,Thickness_5pos,,,,7,7,7,OFAT,13.280000000000001,19.99892768827674
fivepos,Augmented,,GPR,47,LOCO,Augmented,Thickness_5pos,,,,8,8,8,OFAT,15.191999999999998,19.91483201314933
fivepos,Augmented,,GPR,47,LOCO,Augmented,Thickness_5pos,,,,9,9,9,OFAT,7.712000000000001,11.37679102372283
fivepos,Augmented,,GPR,47,LOCO,Augmented,Thickness_5pos,,,,10,10,10,OFAT,2.3760000000000003,11.796515049752072
fivepos,Augmented,,GPR,47,LOCO,Augmented,Thickness_5pos,,,,11,11,11,OFAT,7.786,10.095499288230236
fivepos,Augmented,,GPR,47,LOCO,Augmented,Thickness_5pos,,,,12,12,11,OFAT,9.190000000000001,10.095499288230236
fivepos,Augmented,,GPR,47,LOCO,Augmented,Thickness_5pos,,,,13,13,12,OFAT,7.714,10.126841316436435
fivepos,Augmented,,GPR,47,LOCO,Augmented,Thickness_5pos,,,,14,14,10,OFAT,6.81,11.796515049752072
fivepos,Augmented,,GPR,47,LOCO,Augmented,Thickness_5pos,,,,15,15,10,OFAT,16.612000000000002,11.796515049752072
fivepos,Augmented,,GPR,47,LOCO,Augmented,Thickness_5pos,,,,16,16,13,OFAT,14.952000000000002,10.989286057946384
fivepos,Augmented,,GPR,47,LOCO,Augmented,Thickness_5pos,,,,17,17,10,OFAT,10.623999999999999,11.796515049752072
fivepos,Augmented,,GPR,47,LOCO,Augmented,Thickness_5pos,,,,18,18,14,OFAT,24.566000000000003,21.04346779649825
fivepos,Augmented,,GPR,47,LOCO,Augmented,Thickness_5pos,,,,19,19,14,OFAT,28.262,21.04346779649825
fivepos,Augmented,,GPR,47,LOCO,Augmented,Thickness_5pos,,,,20,20,15,OFAT,7.484,5.774698804402425
fivepos,Augmented,,GPR,47,LOCO,Augmented,Thickness_5pos,,,,21,21,16,OFAT,15.064000000000002,10.826527014608153
fivepos,Augmented,,GPR,47,LOCO,Augmented,Thickness_5pos,,,,22,22,14,OFAT,33.33,21.04346779649825
fivepos,Augmented,,GPR,47,LOCO,Augmented,Thickness_5pos,,,,23,23,14,OFAT,23.546,21.04346779649825
fivepos,Augmented,,GPR,47,LOCO,Augmented,Thickness_5pos,,,,24,24,14,OFAT,25.130000000000003,21.043467796498277
fivepos,Augmented,,GPR,47,LOCO,Augmented,Thickness_5pos,,,,25,25,14,OFAT,22.818,21.043467796498277
fivepos,Augmented,,GPR,47,LOCO,Augmented,Thickness_5pos,,,,26,26,17,OFAT,18.386000000000003,21.55961254871896
fivepos,Augmented,,GPR,47,LOCO,Augmented,Thickness_5pos,,,,27,27,17,OFAT,18.174,21.55961254871896
fivepos,Augmented,,GPR,47,LOCO,Augmented,Thickness_5pos,,,,28,28,17,OFAT,24.241999999999997,21.55961254871896
fivepos,Augmented,,GPR,47,LOCO,Augmented,Thickness_5pos,,,,29,29,17,OFAT,18.942,21.55961254871896
fivepos,Augmented,,GPR,47,LOCO,Augmented,Thickness_5pos,,,,30,30,17,OFAT,18.624,21.559612548718977
fivepos,Augmented,,GPR,47,LOCO,Augmented,Thickness_5pos,,,,31,31,18,OFAT,15.928,19.714051583262645
fivepos,Augmented,,GPR,47,LOCO,Augmented,Thickness_5pos,,,,32,32,19,OFAT,10.406,11.880174666618956
fivepos,Augmented,,GPR,47,LOCO,Augmented,Thickness_5pos,,,,33,33,20,OFAT,5.188000000000001,5.975013654058911
fivepos,Augmented,,GPR,47,LOCO,Augmented,Thickness_5pos,,,,34,34,21,OFAT,1.198,3.802094108888971
fivepos,Augmented,,GPR,47,LOCO,Augmented,Thickness_5pos,,,,35,35,22,OFAT,2.078,3.9464870476305265
fivepos,Augmented,,GPR,47,LOCO,Augmented,Thickness_5pos,,,,36,36,23,OFAT,3.6160000000000005,4.929374878764147
fivepos,Augmented,,GPR,47,LOCO,Augmented,Thickness_5pos,,,,37,37,20,OFAT,12.488,5.975013654058911
fivepos,Augmented,,GPR,47,LOCO,Augmented,Thickness_5pos,,,,38,38,19,OFAT,15.386000000000001,11.880174666618956
fivepos,Augmented,,GPR,47,LOCO,Augmented,Thickness_5pos,,,,39,39,18,OFAT,19.972,19.714051583262645
fivepos,Augmented,,GPR,47,LOCO,Augmented,Thickness_5pos,,,,40,40,19,OFAT,17.589999999999996,11.880174666618956
fivepos,Augmented,,GPR,47,LOCO,Augmented,Thickness_5pos,,,,41,41,19,OFAT,9.268,11.880174666618956
fivepos,Augmented,,GPR,47,LOCO,Augmented,Thickness_5pos,,,,42,44,26,DOE,5.29,5.554558529501756
fivepos,Augmented,,GPR,47,LOCO,Augmented,Thickness_5pos,,,,43,45,27,DOE,30.401999999999997,25.272880827816955
fivepos,Augmented,,GPR,47,LOCO,Augmented,Thickness_5pos,,,,44,43,25,DOE,1.052,1.450269441916511
fivepos,Augmented,,GPR,47,LOCO,Augmented,Thickness_5pos,,,,45,46,28,DOE,32.35600000000001,22.764470517212906
fivepos,Augmented,,GPR,47,LOCO,Augmented,Thickness_5pos,,,,46,42,24,DOE,1.0859999999999999,-0.2533258126783533
fivepos,Augmented,,GPR,47,LOCO,Augmented,Thickness_5pos,,,,47,49,31,DOE,25.630000000000003,27.8636286565107
fivepos,Augmented,,GPR,47,LOCO,Augmented,Thickness_5pos,,,,48,54,36,DOE,4.304,6.884491096306757
fivepos,Augmented,,GPR,47,LOCO,Augmented,Thickness_5pos,,,,49,52,34,DOE,22.592000000000002,29.825241357858953
fivepos,Augmented,,GPR,47,LOCO,Augmented,Thickness_5pos,,,,50,47,29,DOE,1.0540000000000003,2.615836030872737
fivepos,Augmented,,GPR,47,LOCO,Augmented,Thickness_5pos,,,,51,51,33,DOE,1.0999999999999999,0.16551199988198562
fivepos,Augmented,,GPR,47,LOCO,Augmented,Thickness_5pos,,,,52,53,35,DOE,1.2719999999999998,1.3450273015480292
fivepos,Augmented,,GPR,47,LOCO,Augmented,Thickness_5pos,,,,53,56,38,DOE,22.052,28.149428052715713
fivepos,Augmented,,GPR,47,LOCO,Augmented,Thickness_5pos,,,,54,50,32,DOE,25.432,27.988828586026127
fivepos,Augmented,,GPR,47,LOCO,Augmented,Thickness_5pos,,,,55,48,30,DOE,26.165999999999997,23.721494437780212
fivepos,Augmented,,GPR,47,LOCO,Augmented,Thickness_5pos,,,,56,55,37,DOE,11.256,15.529478584062144
fivepos,Augmented,,GPR,48,LOCO,Augmented,Thickness_5pos,,,,0,0,0,OFAT,29.372000000000003,18.479920763735908
fivepos,Augmented,,GPR,48,LOCO,Augmented,Thickness_5pos,,,,1,1,1,OFAT,19.088,24.04937876215273
fivepos,Augmented,,GPR,48,LOCO,Augmented,Thickness_5pos,,,,2,2,2,OFAT,24.044,19.07907248127208
fivepos,Augmented,,GPR,48,LOCO,Augmented,Thickness_5pos,,,,3,3,3,OFAT,20.038,16.93008847760404
fivepos,Augmented,,GPR,48,LOCO,Augmented,Thickness_5pos,,,,4,4,4,OFAT,15.540000000000001,19.91043657057508
fivepos,Augmented,,GPR,48,LOCO,Augmented,Thickness_5pos,,,,5,5,5,OFAT,14.366,19.972788427980845
fivepos,Augmented,,GPR,48,LOCO,Augmented,Thickness_5pos,,,,6,6,6,OFAT,12.963999999999999,20.01936175129662
fivepos,Augmented,,GPR,48,LOCO,Augmented,Thickness_5pos,,,,7,7,7,OFAT,13.280000000000001,19.998927467591116
fivepos,Augmented,,GPR,48,LOCO,Augmented,Thickness_5pos,,,,8,8,8,OFAT,15.191999999999998,19.914831036638684
fivepos,Augmented,,GPR,48,LOCO,Augmented,Thickness_5pos,,,,9,9,9,OFAT,7.712000000000001,11.376786572817135
fivepos,Augmented,,GPR,48,LOCO,Augmented,Thickness_5pos,,,,10,10,10,OFAT,2.3760000000000003,11.796514643509477
fivepos,Augmented,,GPR,48,LOCO,Augmented,Thickness_5pos,,,,11,11,11,OFAT,7.786,10.095513020717839
fivepos,Augmented,,GPR,48,LOCO,Augmented,Thickness_5pos,,,,12,12,11,OFAT,9.190000000000001,10.095513020717839
fivepos,Augmented,,GPR,48,LOCO,Augmented,Thickness_5pos,,,,13,13,12,OFAT,7.714,10.126823381815218
fivepos,Augmented,,GPR,48,LOCO,Augmented,Thickness_5pos,,,,14,14,10,OFAT,6.81,11.796514643509477
fivepos,Augmented,,GPR,48,LOCO,Augmented,Thickness_5pos,,,,15,15,10,OFAT,16.612000000000002,11.796514643509477
fivepos,Augmented,,GPR,48,LOCO,Augmented,Thickness_5pos,,,,16,16,13,OFAT,14.952000000000002,10.989286254095182
fivepos,Augmented,,GPR,48,LOCO,Augmented,Thickness_5pos,,,,17,17,10,OFAT,10.623999999999999,11.796514643509477
fivepos,Augmented,,GPR,48,LOCO,Augmented,Thickness_5pos,,,,18,18,14,OFAT,24.566000000000003,21.043468951036996
fivepos,Augmented,,GPR,48,LOCO,Augmented,Thickness_5pos,,,,19,19,14,OFAT,28.262,21.043468951036996
fivepos,Augmented,,GPR,48,LOCO,Augmented,Thickness_5pos,,,,20,20,15,OFAT,7.484,5.774698384976535
fivepos,Augmented,,GPR,48,LOCO,Augmented,Thickness_5pos,,,,21,21,16,OFAT,15.064000000000002,10.826527121460128
fivepos,Augmented,,GPR,48,LOCO,Augmented,Thickness_5pos,,,,22,22,14,OFAT,33.33,21.043468951036996
fivepos,Augmented,,GPR,48,LOCO,Augmented,Thickness_5pos,,,,23,23,14,OFAT,23.546,21.043468951036996
fivepos,Augmented,,GPR,48,LOCO,Augmented,Thickness_5pos,,,,24,24,14,OFAT,25.130000000000003,21.043468951036996
fivepos,Augmented,,GPR,48,LOCO,Augmented,Thickness_5pos,,,,25,25,14,OFAT,22.818,21.043468951036996
fivepos,Augmented,,GPR,48,LOCO,Augmented,Thickness_5pos,,,,26,26,17,OFAT,18.386000000000003,21.559613489764292
fivepos,Augmented,,GPR,48,LOCO,Augmented,Thickness_5pos,,,,27,27,17,OFAT,18.174,21.559613489764292
fivepos,Augmented,,GPR,48,LOCO,Augmented,Thickness_5pos,,,,28,28,17,OFAT,24.241999999999997,21.559613489764292
fivepos,Augmented,,GPR,48,LOCO,Augmented,Thickness_5pos,,,,29,29,17,OFAT,18.942,21.559613489764292
fivepos,Augmented,,GPR,48,LOCO,Augmented,Thickness_5pos,,,,30,30,17,OFAT,18.624,21.559613489764274
fivepos,Augmented,,GPR,48,LOCO,Augmented,Thickness_5pos,,,,31,31,18,OFAT,15.928,19.71405078282771
fivepos,Augmented,,GPR,48,LOCO,Augmented,Thickness_5pos,,,,32,32,19,OFAT,10.406,11.88017443359656
fivepos,Augmented,,GPR,48,LOCO,Augmented,Thickness_5pos,,,,33,33,20,OFAT,5.188000000000001,5.975014975960606
fivepos,Augmented,,GPR,48,LOCO,Augmented,Thickness_5pos,,,,34,34,21,OFAT,1.198,3.8020879068202404
fivepos,Augmented,,GPR,48,LOCO,Augmented,Thickness_5pos,,,,35,35,22,OFAT,2.078,3.9464905536419366
fivepos,Augmented,,GPR,48,LOCO,Augmented,Thickness_5pos,,,,36,36,23,OFAT,3.6160000000000005,4.929375549068341
fivepos,Augmented,,GPR,48,LOCO,Augmented,Thickness_5pos,,,,37,37,20,OFAT,12.488,5.975014975960606
fivepos,Augmented,,GPR,48,LOCO,Augmented,Thickness_5pos,,,,38,38,19,OFAT,15.386000000000001,11.88017443359656
fivepos,Augmented,,GPR,48,LOCO,Augmented,Thickness_5pos,,,,39,39,18,OFAT,19.972,19.71405078282771
fivepos,Augmented,,GPR,48,LOCO,Augmented,Thickness_5pos,,,,40,40,19,OFAT,17.589999999999996,11.88017443359656
fivepos,Augmented,,GPR,48,LOCO,Augmented,Thickness_5pos,,,,41,41,19,OFAT,9.268,11.88017443359656
fivepos,Augmented,,GPR,48,LOCO,Augmented,Thickness_5pos,,,,42,44,26,DOE,5.29,5.554564752533832
fivepos,Augmented,,GPR,48,LOCO,Augmented,Thickness_5pos,,,,43,45,27,DOE,30.401999999999997,25.272881491789235
fivepos,Augmented,,GPR,48,LOCO,Augmented,Thickness_5pos,,,,44,43,25,DOE,1.052,1.450265917003195
fivepos,Augmented,,GPR,48,LOCO,Augmented,Thickness_5pos,,,,45,46,28,DOE,32.35600000000001,22.76446616499083
fivepos,Augmented,,GPR,48,LOCO,Augmented,Thickness_5pos,,,,46,42,24,DOE,1.0859999999999999,-0.25333909594417214
fivepos,Augmented,,GPR,48,LOCO,Augmented,Thickness_5pos,,,,47,49,31,DOE,25.630000000000003,27.863629762335858
fivepos,Augmented,,GPR,48,LOCO,Augmented,Thickness_5pos,,,,48,54,36,DOE,4.304,6.884504949448683
fivepos,Augmented,,GPR,48,LOCO,Augmented,Thickness_5pos,,,,49,52,34,DOE,22.592000000000002,29.825238614758614
fivepos,Augmented,,GPR,48,LOCO,Augmented,Thickness_5pos,,,,50,47,29,DOE,1.0540000000000003,2.615806897695597
fivepos,Augmented,,GPR,48,LOCO,Augmented,Thickness_5pos,,,,51,51,33,DOE,1.0999999999999999,0.16551435471365572
fivepos,Augmented,,GPR,48,LOCO,Augmented,Thickness_5pos,,,,52,53,35,DOE,1.2719999999999998,1.3451887219220033
fivepos,Augmented,,GPR,48,LOCO,Augmented,Thickness_5pos,,,,53,56,38,DOE,22.052,28.14942857329521
fivepos,Augmented,,GPR,48,LOCO,Augmented,Thickness_5pos,,,,54,50,32,DOE,25.432,27.988820001059516
fivepos,Augmented,,GPR,48,LOCO,Augmented,Thickness_5pos,,,,55,48,30,DOE,26.165999999999997,23.721494732065374
fivepos,Augmented,,GPR,48,LOCO,Augmented,Thickness_5pos,,,,56,55,37,DOE,11.256,15.529479227781465
fivepos,Augmented,,GPR,49,LOCO,Augmented,Thickness_5pos,,,,0,0,0,OFAT,29.372000000000003,18.479919225329297
fivepos,Augmented,,GPR,49,LOCO,Augmented,Thickness_5pos,,,,1,1,1,OFAT,19.088,24.04938577377017
fivepos,Augmented,,GPR,49,LOCO,Augmented,Thickness_5pos,,,,2,2,2,OFAT,24.044,19.079071306003634
fivepos,Augmented,,GPR,49,LOCO,Augmented,Thickness_5pos,,,,3,3,3,OFAT,20.038,16.930090455219478
fivepos,Augmented,,GPR,49,LOCO,Augmented,Thickness_5pos,,,,4,4,4,OFAT,15.540000000000001,19.910436349574862
fivepos,Augmented,,GPR,49,LOCO,Augmented,Thickness_5pos,,,,5,5,5,OFAT,14.366,19.972788818439987
fivepos,Augmented,,GPR,49,LOCO,Augmented,Thickness_5pos,,,,6,6,6,OFAT,12.963999999999999,20.0193622188292
fivepos,Augmented,,GPR,49,LOCO,Augmented,Thickness_5pos,,,,7,7,7,OFAT,13.280000000000001,19.99892788128325
fivepos,Augmented,,GPR,49,LOCO,Augmented,Thickness_5pos,,,,8,8,8,OFAT,15.191999999999998,19.914832371240067
fivepos,Augmented,,GPR,49,LOCO,Augmented,Thickness_5pos,,,,9,9,9,OFAT,7.712000000000001,11.376814388112575
fivepos,Augmented,,GPR,49,LOCO,Augmented,Thickness_5pos,,,,10,10,10,OFAT,2.3760000000000003,11.796515145110863
fivepos,Augmented,,GPR,49,LOCO,Augmented,Thickness_5pos,,,,11,11,11,OFAT,7.786,10.095503472560786
fivepos,Augmented,,GPR,49,LOCO,Augmented,Thickness_5pos,,,,12,12,11,OFAT,9.190000000000001,10.095503472560786
fivepos,Augmented,,GPR,49,LOCO,Augmented,Thickness_5pos,,,,13,13,12,OFAT,7.714,10.126820940361526
fivepos,Augmented,,GPR,49,LOCO,Augmented,Thickness_5pos,,,,14,14,10,OFAT,6.81,11.796515145110863
fivepos,Augmented,,GPR,49,LOCO,Augmented,Thickness_5pos,,,,15,15,10,OFAT,16.612000000000002,11.796515145110863
fivepos,Augmented,,GPR,49,LOCO,Augmented,Thickness_5pos,,,,16,16,13,OFAT,14.952000000000002,10.989285769916512
fivepos,Augmented,,GPR,49,LOCO,Augmented,Thickness_5pos,,,,17,17,10,OFAT,10.623999999999999,11.796515145110863
fivepos,Augmented,,GPR,49,LOCO,Augmented,Thickness_5pos,,,,18,18,14,OFAT,24.566000000000003,21.043469548273716
fivepos,Augmented,,GPR,49,LOCO,Augmented,Thickness_5pos,,,,19,19,14,OFAT,28.262,21.043469548273716
fivepos,Augmented,,GPR,49,LOCO,Augmented,Thickness_5pos,,,,20,20,15,OFAT,7.484,5.774699003967401
fivepos,Augmented,,GPR,49,LOCO,Augmented,Thickness_5pos,,,,21,21,16,OFAT,15.064000000000002,10.826529365902253
fivepos,Augmented,,GPR,49,LOCO,Augmented,Thickness_5pos,,,,22,22,14,OFAT,33.33,21.043469548273716
fivepos,Augmented,,GPR,49,LOCO,Augmented,Thickness_5pos,,,,23,23,14,OFAT,23.546,21.043469548273716
fivepos,Augmented,,GPR,49,LOCO,Augmented,Thickness_5pos,,,,24,24,14,OFAT,25.130000000000003,21.04346954827375
fivepos,Augmented,,GPR,49,LOCO,Augmented,Thickness_5pos,,,,25,25,14,OFAT,22.818,21.04346954827375
fivepos,Augmented,,GPR,49,LOCO,Augmented,Thickness_5pos,,,,26,26,17,OFAT,18.386000000000003,21.559613431053663
fivepos,Augmented,,GPR,49,LOCO,Augmented,Thickness_5pos,,,,27,27,17,OFAT,18.174,21.559613431053663
fivepos,Augmented,,GPR,49,LOCO,Augmented,Thickness_5pos,,,,28,28,17,OFAT,24.241999999999997,21.559613431053663
fivepos,Augmented,,GPR,49,LOCO,Augmented,Thickness_5pos,,,,29,29,17,OFAT,18.942,21.559613431053663
fivepos,Augmented,,GPR,49,LOCO,Augmented,Thickness_5pos,,,,30,30,17,OFAT,18.624,21.55961343105364
fivepos,Augmented,,GPR,49,LOCO,Augmented,Thickness_5pos,,,,31,31,18,OFAT,15.928,19.71405169174509
fivepos,Augmented,,GPR,49,LOCO,Augmented,Thickness_5pos,,,,32,32,19,OFAT,10.406,11.88017328880903
fivepos,Augmented,,GPR,49,LOCO,Augmented,Thickness_5pos,,,,33,33,20,OFAT,5.188000000000001,5.975014586876522
fivepos,Augmented,,GPR,49,LOCO,Augmented,Thickness_5pos,,,,34,34,21,OFAT,1.198,3.802087296775289
fivepos,Augmented,,GPR,49,LOCO,Augmented,Thickness_5pos,,,,35,35,22,OFAT,2.078,3.946493148071033
fivepos,Augmented,,GPR,49,LOCO,Augmented,Thickness_5pos,,,,36,36,23,OFAT,3.6160000000000005,4.9293745893449845
fivepos,Augmented,,GPR,49,LOCO,Augmented,Thickness_5pos,,,,37,37,20,OFAT,12.488,5.975014586876522
fivepos,Augmented,,GPR,49,LOCO,Augmented,Thickness_5pos,,,,38,38,19,OFAT,15.386000000000001,11.88017328880903
fivepos,Augmented,,GPR,49,LOCO,Augmented,Thickness_5pos,,,,39,39,18,OFAT,19.972,19.71405169174509
fivepos,Augmented,,GPR,49,LOCO,Augmented,Thickness_5pos,,,,40,40,19,OFAT,17.589999999999996,11.88017328880903
fivepos,Augmented,,GPR,49,LOCO,Augmented,Thickness_5pos,,,,41,41,19,OFAT,9.268,11.88017328880903
fivepos,Augmented,,GPR,49,LOCO,Augmented,Thickness_5pos,,,,42,44,26,DOE,5.29,5.554553543985168
fivepos,Augmented,,GPR,49,LOCO,Augmented,Thickness_5pos,,,,43,45,27,DOE,30.401999999999997,25.27288162813968
fivepos,Augmented,,GPR,49,LOCO,Augmented,Thickness_5pos,,,,44,43,25,DOE,1.052,1.4502388173741636
fivepos,Augmented,,GPR,49,LOCO,Augmented,Thickness_5pos,,,,45,46,28,DOE,32.35600000000001,22.764471313608457
fivepos,Augmented,,GPR,49,LOCO,Augmented,Thickness_5pos,,,,46,42,24,DOE,1.0859999999999999,-0.25331561726502727
fivepos,Augmented,,GPR,49,LOCO,Augmented,Thickness_5pos,,,,47,49,31,DOE,25.630000000000003,27.863632999696556
fivepos,Augmented,,GPR,49,LOCO,Augmented,Thickness_5pos,,,,48,54,36,DOE,4.304,6.884491915024219
fivepos,Augmented,,GPR,49,LOCO,Augmented,Thickness_5pos,,,,49,52,34,DOE,22.592000000000002,29.82523580654854
fivepos,Augmented,,GPR,49,LOCO,Augmented,Thickness_5pos,,,,50,47,29,DOE,1.0540000000000003,2.615822618118342
fivepos,Augmented,,GPR,49,LOCO,Augmented,Thickness_5pos,,,,51,51,33,DOE,1.0999999999999999,0.1655074689046696
fivepos,Augmented,,GPR,49,LOCO,Augmented,Thickness_5pos,,,,52,53,35,DOE,1.2719999999999998,1.3450577956883745
fivepos,Augmented,,GPR,49,LOCO,Augmented,Thickness_5pos,,,,53,56,38,DOE,22.052,28.149441652462873
fivepos,Augmented,,GPR,49,LOCO,Augmented,Thickness_5pos,,,,54,50,32,DOE,25.432,27.988831661961957
fivepos,Augmented,,GPR,49,LOCO,Augmented,Thickness_5pos,,,,55,48,30,DOE,26.165999999999997,23.721494870384895
fivepos,Augmented,,GPR,49,LOCO,Augmented,Thickness_5pos,,,,56,55,37,DOE,11.256,15.52947857906983
fivepos,Augmented,,GPR,50,LOCO,Augmented,Thickness_5pos,,,,0,0,0,OFAT,29.372000000000003,18.479923623617346
fivepos,Augmented,,GPR,50,LOCO,Augmented,Thickness_5pos,,,,1,1,1,OFAT,19.088,24.04938987172249
fivepos,Augmented,,GPR,50,LOCO,Augmented,Thickness_5pos,,,,2,2,2,OFAT,24.044,19.079070273784232
fivepos,Augmented,,GPR,50,LOCO,Augmented,Thickness_5pos,,,,3,3,3,OFAT,20.038,16.93007154381897
fivepos,Augmented,,GPR,50,LOCO,Augmented,Thickness_5pos,,,,4,4,4,OFAT,15.540000000000001,19.910436583014178
fivepos,Augmented,,GPR,50,LOCO,Augmented,Thickness_5pos,,,,5,5,5,OFAT,14.366,19.97278848303248
fivepos,Augmented,,GPR,50,LOCO,Augmented,Thickness_5pos,,,,6,6,6,OFAT,12.963999999999999,20.019362164642445
fivepos,Augmented,,GPR,50,LOCO,Augmented,Thickness_5pos,,,,7,7,7,OFAT,13.280000000000001,19.998927495976524
fivepos,Augmented,,GPR,50,LOCO,Augmented,Thickness_5pos,,,,8,8,8,OFAT,15.191999999999998,19.914830854399224
fivepos,Augmented,,GPR,50,LOCO,Augmented,Thickness_5pos,,,,9,9,9,OFAT,7.712000000000001,11.376789024750309
fivepos,Augmented,,GPR,50,LOCO,Augmented,Thickness_5pos,,,,10,10,10,OFAT,2.3760000000000003,11.79651528699248
fivepos,Augmented,,GPR,50,LOCO,Augmented,Thickness_5pos,,,,11,11,11,OFAT,7.786,10.095494239735697
fivepos,Augmented,,GPR,50,LOCO,Augmented,Thickness_5pos,,,,12,12,11,OFAT,9.190000000000001,10.095494239735697
fivepos,Augmented,,GPR,50,LOCO,Augmented,Thickness_5pos,,,,13,13,12,OFAT,7.714,10.126833134856403
fivepos,Augmented,,GPR,50,LOCO,Augmented,Thickness_5pos,,,,14,14,10,OFAT,6.81,11.79651528699248
fivepos,Augmented,,GPR,50,LOCO,Augmented,Thickness_5pos,,,,15,15,10,OFAT,16.612000000000002,11.79651528699248
fivepos,Augmented,,GPR,50,LOCO,Augmented,Thickness_5pos,,,,16,16,13,OFAT,14.952000000000002,10.989285293178254
fivepos,Augmented,,GPR,50,LOCO,Augmented,Thickness_5pos,,,,17,17,10,OFAT,10.623999999999999,11.79651528699248
fivepos,Augmented,,GPR,50,LOCO,Augmented,Thickness_5pos,,,,18,18,14,OFAT,24.566000000000003,21.043470038290277
fivepos,Augmented,,GPR,50,LOCO,Augmented,Thickness_5pos,,,,19,19,14,OFAT,28.262,21.043470038290277
fivepos,Augmented,,GPR,50,LOCO,Augmented,Thickness_5pos,,,,20,20,15,OFAT,7.484,5.774699113533009
fivepos,Augmented,,GPR,50,LOCO,Augmented,Thickness_5pos,,,,21,21,16,OFAT,15.064000000000002,10.826529148751828
fivepos,Augmented,,GPR,50,LOCO,Augmented,Thickness_5pos,,,,22,22,14,OFAT,33.33,21.043470038290277
fivepos,Augmented,,GPR,50,LOCO,Augmented,Thickness_5pos,,,,23,23,14,OFAT,23.546,21.043470038290277
fivepos,Augmented,,GPR,50,LOCO,Augmented,Thickness_5pos,,,,24,24,14,OFAT,25.130000000000003,21.043470038290245
fivepos,Augmented,,GPR,50,LOCO,Augmented,Thickness_5pos,,,,25,25,14,OFAT,22.818,21.043470038290245
fivepos,Augmented,,GPR,50,LOCO,Augmented,Thickness_5pos,,,,26,26,17,OFAT,18.386000000000003,21.559612546491536
fivepos,Augmented,,GPR,50,LOCO,Augmented,Thickness_5pos,,,,27,27,17,OFAT,18.174,21.559612546491536
fivepos,Augmented,,GPR,50,LOCO,Augmented,Thickness_5pos,,,,28,28,17,OFAT,24.241999999999997,21.559612546491536
fivepos,Augmented,,GPR,50,LOCO,Augmented,Thickness_5pos,,,,29,29,17,OFAT,18.942,21.559612546491536
fivepos,Augmented,,GPR,50,LOCO,Augmented,Thickness_5pos,,,,30,30,17,OFAT,18.624,21.559612546491543
fivepos,Augmented,,GPR,50,LOCO,Augmented,Thickness_5pos,,,,31,31,18,OFAT,15.928,19.714051688028427
fivepos,Augmented,,GPR,50,LOCO,Augmented,Thickness_5pos,,,,32,32,19,OFAT,10.406,11.880174210419735
fivepos,Augmented,,GPR,50,LOCO,Augmented,Thickness_5pos,,,,33,33,20,OFAT,5.188000000000001,5.9750154174796215
fivepos,Augmented,,GPR,50,LOCO,Augmented,Thickness_5pos,,,,34,34,21,OFAT,1.198,3.8020917765013778
fivepos,Augmented,,GPR,50,LOCO,Augmented,Thickness_5pos,,,,35,35,22,OFAT,2.078,3.946486908046113
fivepos,Augmented,,GPR,50,LOCO,Augmented,Thickness_5pos,,,,36,36,23,OFAT,3.6160000000000005,4.929377192663393
fivepos,Augmented,,GPR,50,LOCO,Augmented,Thickness_5pos,,,,37,37,20,OFAT,12.488,5.9750154174796215
fivepos,Augmented,,GPR,50,LOCO,Augmented,Thickness_5pos,,,,38,38,19,OFAT,15.386000000000001,11.880174210419735
fivepos,Augmented,,GPR,50,LOCO,Augmented,Thickness_5pos,,,,39,39,18,OFAT,19.972,19.714051688028427
fivepos,Augmented,,GPR,50,LOCO,Augmented,Thickness_5pos,,,,40,40,19,OFAT,17.589999999999996,11.880174210419735
fivepos,Augmented,,GPR,50,LOCO,Augmented,Thickness_5pos,,,,41,41,19,OFAT,9.268,11.880174210419735
fivepos,Augmented,,GPR,50,LOCO,Augmented,Thickness_5pos,,,,42,44,26,DOE,5.29,5.554558504078509
fivepos,Augmented,,GPR,50,LOCO,Augmented,Thickness_5pos,,,,43,45,27,DOE,30.401999999999997,25.272880830837646
fivepos,Augmented,,GPR,50,LOCO,Augmented,Thickness_5pos,,,,44,43,25,DOE,1.052,1.4502968481707619
fivepos,Augmented,,GPR,50,LOCO,Augmented,Thickness_5pos,,,,45,46,28,DOE,32.35600000000001,22.764470138834906
fivepos,Augmented,,GPR,50,LOCO,Augmented,Thickness_5pos,,,,46,42,24,DOE,1.0859999999999999,-0.25336237021930863
fivepos,Augmented,,GPR,50,LOCO,Augmented,Thickness_5pos,,,,47,49,31,DOE,25.630000000000003,27.863625151501253
fivepos,Augmented,,GPR,50,LOCO,Augmented,Thickness_5pos,,,,48,54,36,DOE,4.304,6.884484097563622
fivepos,Augmented,,GPR,50,LOCO,Augmented,Thickness_5pos,,,,49,52,34,DOE,22.592000000000002,29.82524399293335
fivepos,Augmented,,GPR,50,LOCO,Augmented,Thickness_5pos,,,,50,47,29,DOE,1.0540000000000003,2.615848046645624
fivepos,Augmented,,GPR,50,LOCO,Augmented,Thickness_5pos,,,,51,51,33,DOE,1.0999999999999999,0.1655111489193022
fivepos,Augmented,,GPR,50,LOCO,Augmented,Thickness_5pos,,,,52,53,35,DOE,1.2719999999999998,1.3450923516666897
fivepos,Augmented,,GPR,50,LOCO,Augmented,Thickness_5pos,,,,53,56,38,DOE,22.052,28.14942830620405
fivepos,Augmented,,GPR,50,LOCO,Augmented,Thickness_5pos,,,,54,50,32,DOE,25.432,27.988822851864402
fivepos,Augmented,,GPR,50,LOCO,Augmented,Thickness_5pos,,,,55,48,30,DOE,26.165999999999997,23.721492947623624
fivepos,Augmented,,GPR,50,LOCO,Augmented,Thickness_5pos,,,,56,55,37,DOE,11.256,15.529478567347654
fivepos,Augmented,,GPR,51,LOCO,Augmented,Thickness_5pos,,,,0,0,0,OFAT,29.372000000000003,18.479922712221104
fivepos,Augmented,,GPR,51,LOCO,Augmented,Thickness_5pos,,,,1,1,1,OFAT,19.088,24.049379042110644
fivepos,Augmented,,GPR,51,LOCO,Augmented,Thickness_5pos,,,,2,2,2,OFAT,24.044,19.07907415685719
fivepos,Augmented,,GPR,51,LOCO,Augmented,Thickness_5pos,,,,3,3,3,OFAT,20.038,16.930097981295596
fivepos,Augmented,,GPR,51,LOCO,Augmented,Thickness_5pos,,,,4,4,4,OFAT,15.540000000000001,19.91043665226479
fivepos,Augmented,,GPR,51,LOCO,Augmented,Thickness_5pos,,,,5,5,5,OFAT,14.366,19.9727878564781
fivepos,Augmented,,GPR,51,LOCO,Augmented,Thickness_5pos,,,,6,6,6,OFAT,12.963999999999999,20.0193620940909
fivepos,Augmented,,GPR,51,LOCO,Augmented,Thickness_5pos,,,,7,7,7,OFAT,13.280000000000001,19.998927457852844
fivepos,Augmented,,GPR,51,LOCO,Augmented,Thickness_5pos,,,,8,8,8,OFAT,15.191999999999998,19.914832074997268
fivepos,Augmented,,GPR,51,LOCO,Augmented,Thickness_5pos,,,,9,9,9,OFAT,7.712000000000001,11.376804462515468
fivepos,Augmented,,GPR,51,LOCO,Augmented,Thickness_5pos,,,,10,10,10,OFAT,2.3760000000000003,11.796516160004536
fivepos,Augmented,,GPR,51,LOCO,Augmented,Thickness_5pos,,,,11,11,11,OFAT,7.786,10.095502890471549
fivepos,Augmented,,GPR,51,LOCO,Augmented,Thickness_5pos,,,,12,12,11,OFAT,9.190000000000001,10.095502890471549
fivepos,Augmented,,GPR,51,LOCO,Augmented,Thickness_5pos,,,,13,13,12,OFAT,7.714,10.126820559390598
fivepos,Augmented,,GPR,51,LOCO,Augmented,Thickness_5pos,,,,14,14,10,OFAT,6.81,11.796516160004536
fivepos,Augmented,,GPR,51,LOCO,Augmented,Thickness_5pos,,,,15,15,10,OFAT,16.612000000000002,11.796516160004536
fivepos,Augmented,,GPR,51,LOCO,Augmented,Thickness_5pos,,,,16,16,13,OFAT,14.952000000000002,10.989285642650128
fivepos,Augmented,,GPR,51,LOCO,Augmented,Thickness_5pos,,,,17,17,10,OFAT,10.623999999999999,11.796516160004536
fivepos,Augmented,,GPR,51,LOCO,Augmented,Thickness_5pos,,,,18,18,14,OFAT,24.566000000000003,21.043470304490196
fivepos,Augmented,,GPR,51,LOCO,Augmented,Thickness_5pos,,,,19,19,14,OFAT,28.262,21.043470304490196
fivepos,Augmented,,GPR,51,LOCO,Augmented,Thickness_5pos,,,,20,20,15,OFAT,7.484,5.774698903793022
fivepos,Augmented,,GPR,51,LOCO,Augmented,Thickness_5pos,,,,21,21,16,OFAT,15.064000000000002,10.826526368253104
fivepos,Augmented,,GPR,51,LOCO,Augmented,Thickness_5pos,,,,22,22,14,OFAT,33.33,21.043470304490196
fivepos,Augmented,,GPR,51,LOCO,Augmented,Thickness_5pos,,,,23,23,14,OFAT,23.546,21.043470304490196
fivepos,Augmented,,GPR,51,LOCO,Augmented,Thickness_5pos,,,,24,24,14,OFAT,25.130000000000003,21.043470304490207
fivepos,Augmented,,GPR,51,LOCO,Augmented,Thickness_5pos,,,,25,25,14,OFAT,22.818,21.043470304490207
fivepos,Augmented,,GPR,51,LOCO,Augmented,Thickness_5pos,,,,26,26,17,OFAT,18.386000000000003,21.559613238973764
fivepos,Augmented,,GPR,51,LOCO,Augmented,Thickness_5pos,,,,27,27,17,OFAT,18.174,21.559613238973764
fivepos,Augmented,,GPR,51,LOCO,Augmented,Thickness_5pos,,,,28,28,17,OFAT,24.241999999999997,21.559613238973764
fivepos,Augmented,,GPR,51,LOCO,Augmented,Thickness_5pos,,,,29,29,17,OFAT,18.942,21.559613238973764
fivepos,Augmented,,GPR,51,LOCO,Augmented,Thickness_5pos,,,,30,30,17,OFAT,18.624,21.559613238973785
fivepos,Augmented,,GPR,51,LOCO,Augmented,Thickness_5pos,,,,31,31,18,OFAT,15.928,19.714050512693458
fivepos,Augmented,,GPR,51,LOCO,Augmented,Thickness_5pos,,,,32,32,19,OFAT,10.406,11.880174666618956
fivepos,Augmented,,GPR,51,LOCO,Augmented,Thickness_5pos,,,,33,33,20,OFAT,5.188000000000001,5.975011391275286
fivepos,Augmented,,GPR,51,LOCO,Augmented,Thickness_5pos,,,,34,34,21,OFAT,1.198,3.8020790140950815
fivepos,Augmented,,GPR,51,LOCO,Augmented,Thickness_5pos,,,,35,35,22,OFAT,2.078,3.9465172996333564
fivepos,Augmented,,GPR,51,LOCO,Augmented,Thickness_5pos,,,,36,36,23,OFAT,3.6160000000000005,4.929373377715846
fivepos,Augmented,,GPR,51,LOCO,Augmented,Thickness_5pos,,,,37,37,20,OFAT,12.488,5.975011391275286
fivepos,Augmented,,GPR,51,LOCO,Augmented,Thickness_5pos,,,,38,38,19,OFAT,15.386000000000001,11.880174666618956
fivepos,Augmented,,GPR,51,LOCO,Augmented,Thickness_5pos,,,,39,39,18,OFAT,19.972,19.714050512693458
fivepos,Augmented,,GPR,51,LOCO,Augmented,Thickness_5pos,,,,40,40,19,OFAT,17.589999999999996,11.880174666618956
fivepos,Augmented,,GPR,51,LOCO,Augmented,Thickness_5pos,,,,41,41,19,OFAT,9.268,11.880174666618956
fivepos,Augmented,,GPR,51,LOCO,Augmented,Thickness_5pos,,,,42,44,26,DOE,5.29,5.554532815725768
fivepos,Augmented,,GPR,51,LOCO,Augmented,Thickness_5pos,,,,43,45,27,DOE,30.401999999999997,25.27288158431235
fivepos,Augmented,,GPR,51,LOCO,Augmented,Thickness_5pos,,,,44,43,25,DOE,1.052,1.4502557058187335
fivepos,Augmented,,GPR,51,LOCO,Augmented,Thickness_5pos,,,,45,46,28,DOE,32.35600000000001,22.76447134972628
fivepos,Augmented,,GPR,51,LOCO,Augmented,Thickness_5pos,,,,46,42,24,DOE,1.0859999999999999,-0.2533451803690223
fivepos,Augmented,,GPR,51,LOCO,Augmented,Thickness_5pos,,,,47,49,31,DOE,25.630000000000003,27.863629093584635
fivepos,Augmented,,GPR,51,LOCO,Augmented,Thickness_5pos,,,,48,54,36,DOE,4.304,6.88449072863553
fivepos,Augmented,,GPR,51,LOCO,Augmented,Thickness_5pos,,,,49,52,34,DOE,22.592000000000002,29.82523648314812
fivepos,Augmented,,GPR,51,LOCO,Augmented,Thickness_5pos,,,,50,47,29,DOE,1.0540000000000003,2.6158640992753064
fivepos,Augmented,,GPR,51,LOCO,Augmented,Thickness_5pos,,,,51,51,33,DOE,1.0999999999999999,0.16550897631953276
fivepos,Augmented,,GPR,51,LOCO,Augmented,Thickness_5pos,,,,52,53,35,DOE,1.2719999999999998,1.3450928209688513
fivepos,Augmented,,GPR,51,LOCO,Augmented,Thickness_5pos,,,,53,56,38,DOE,22.052,28.149436113293998
fivepos,Augmented,,GPR,51,LOCO,Augmented,Thickness_5pos,,,,54,50,32,DOE,25.432,27.988823019021595
fivepos,Augmented,,GPR,51,LOCO,Augmented,Thickness_5pos,,,,55,48,30,DOE,26.165999999999997,23.72149641349912
fivepos,Augmented,,GPR,51,LOCO,Augmented,Thickness_5pos,,,,56,55,37,DOE,11.256,15.529478551342555
